-1.798146372323641051e+00,9.813764857149670506e-01,8.850328774410957111e-01
-1.798930856177711091e+00,1.000440115771802807e+00,8.877715606802388804e-01
-1.774303408970518081e+00,1.017703901377989828e+00,8.902827488775373332e-01
-1.752761044932200418e+00,1.070619431972339219e+00,8.923565597051850151e-01
-1.724692679389774552e+00,1.058782980676568286e+00,8.939084466048161648e-01
-1.736137571893058951e+00,1.088582071917629124e+00,8.942098872844261859e-01
-1.732265176571172516e+00,1.100172398506381377e+00,8.935054496004716240e-01
-1.736451333137174258e+00,1.101411367997211288e+00,8.920629604912269084e-01
-1.746986573596688075e+00,1.085420255801926359e+00,8.894975990453898307e-01
-1.760579838662424290e+00,1.070499761999434085e+00,8.855008652896878552e-01
-1.787146816817645867e+00,1.075942717548743710e+00,8.804559640994396030e-01
-1.762313348057936935e+00,1.088706889124602339e+00,8.706133712812195169e-01
-1.762313348057936935e+00,1.088706889124602339e+00,8.706133712812195169e-01
-1.737199564673977736e+00,1.094214190958186395e+00,8.619260705553887236e-01
-1.751429267654007749e+00,1.065193010950826302e+00,8.535356515216082629e-01
-1.757908194574143490e+00,1.093869104799027214e+00,8.451907901502488940e-01
-1.744172040627139042e+00,1.118069961521247491e+00,8.370243760120025245e-01
-1.750512134978770451e+00,1.104307950827755347e+00,8.291981968650452561e-01
-1.746210996433504636e+00,1.103379712286107539e+00,8.215134284560808853e-01
-1.759587944084920919e+00,1.078404458929307363e+00,8.145502825073989150e-01
-1.795383731718598774e+00,1.050899677669552945e+00,8.079783100573122434e-01
-1.788750590224811976e+00,1.056021276671341047e+00,8.020698379947936996e-01
-1.771257938781808372e+00,1.035803313448974361e+00,7.970104741423749140e-01
-1.747017231834390838e+00,1.035770309953203849e+00,7.924698088041320920e-01
-1.737267632915804549e+00,1.027281466226804607e+00,7.885721312800780813e-01
-1.734554908927602668e+00,1.007744170739859557e+00,7.854890756629255844e-01
-1.748414385819297534e+00,1.000985636499546860e+00,7.830537940083067694e-01
-1.743686390098255323e+00,1.032413648227468839e+00,7.812074521604237543e-01
-1.782956025273265466e+00,1.030679096893638791e+00,7.798406278103870992e-01
-1.807559521417755555e+00,1.054484741647839785e+00,7.785558834633525827e-01
-1.798007699165407702e+00,1.036419017104557083e+00,7.774549338908801621e-01
-1.791259348285505926e+00,9.963998553962701843e-01,7.766297289465261544e-01
-1.815305618374214669e+00,9.741636352221789696e-01,7.746392219223150466e-01
-1.811380777002426390e+00,9.658310707490079805e-01,7.728121413798836326e-01
-1.811380777002426390e+00,9.658310707490079805e-01,7.728121413798836326e-01
-1.807914559495251483e+00,9.701939149541864982e-01,7.710547912877593335e-01
-1.803379271509094606e+00,1.002624211791443232e+00,7.694591100627357072e-01
-1.809016698239375165e+00,9.807457983856242567e-01,7.683415756584808243e-01
-1.800884645883375601e+00,9.870047590094727097e-01,7.665827672976514018e-01
-1.812532529080884913e+00,1.013945964954805934e+00,7.648628182278991439e-01
-1.812532529080884913e+00,1.013945964954805934e+00,7.648628182278991439e-01
-1.805953820379038399e+00,1.010396672557475561e+00,7.627461717263023244e-01
-1.793775516418884219e+00,1.027953502459433732e+00,7.609391545929560241e-01
-1.803291818850472739e+00,1.074705184280077885e+00,7.572181850390681257e-01
-1.803291818850472739e+00,1.074705184280077885e+00,7.572181850390681257e-01
-1.823657527607114304e+00,1.076936014853633106e+00,7.553772974947385865e-01
-1.840938419916276603e+00,1.121797717132866579e+00,7.521810910718239596e-01
-1.824868444768187992e+00,1.121617463028073303e+00,7.499126781556808563e-01
-1.837654650784305010e+00,1.141459606386922010e+00,7.479603102209875232e-01
-1.848913422741917945e+00,1.133149531580808222e+00,7.460834191970698859e-01
-1.848913422741917945e+00,1.133149531580808222e+00,7.460834191970698859e-01
-1.890292502694296051e+00,1.190412670919491545e+00,7.432017346876972352e-01
-1.944613171838937005e+00,1.234873385925637113e+00,7.395634371886130598e-01
-1.948270440664170211e+00,1.241317591273040088e+00,7.373889123625224640e-01
-1.898074313934359214e+00,1.205843091087005936e+00,7.355211812297104412e-01
-1.898074313934359214e+00,1.205843091087005936e+00,7.355211812297104412e-01
-1.884123179572045448e+00,1.185404317436844712e+00,7.338592374559800291e-01
-1.892709780130414909e+00,1.224091063772562160e+00,7.323714921255091159e-01
-1.876297975806600515e+00,1.208687424933919674e+00,7.311656666411127103e-01
-1.889593441597526624e+00,1.225689735927423696e+00,7.300717233528651873e-01
-1.838963856209060665e+00,1.209605848524241800e+00,7.285522757167568475e-01
-1.838963856209060665e+00,1.209605848524241800e+00,7.285522757167568475e-01
-1.870414734150392722e+00,1.199487007412609829e+00,7.280387374004076984e-01
-1.819247379693293976e+00,1.206390419623399657e+00,7.278587924549287935e-01
-1.819247379693293976e+00,1.206390419623399657e+00,7.278587924549287935e-01
-1.804851557383878369e+00,1.189846628402676076e+00,7.279319628892295668e-01
-1.819878689197621302e+00,1.177094687027016029e+00,7.280025194202524030e-01
-1.822071367075318138e+00,1.144727077047986263e+00,7.281614517060407410e-01
-1.865952371485700478e+00,1.130441311157717621e+00,7.286326070420974244e-01
-1.887546768586253476e+00,1.156015413643364020e+00,7.292917953190715119e-01
-1.933117543927942439e+00,1.170387761525369053e+00,7.300245811467959145e-01
-1.970226415470004655e+00,1.150268173278273354e+00,7.306263585200191146e-01
-1.929482275679773817e+00,1.173850553126857266e+00,7.310078034712469419e-01
-1.876839073606791919e+00,1.151729372766638226e+00,7.307276823492150353e-01
-1.876839073606791919e+00,1.151729372766638226e+00,7.307276823492150353e-01
-1.834338589972284383e+00,1.164405872591786073e+00,7.301709625216493693e-01
-1.834338589972284383e+00,1.164405872591786073e+00,7.301709625216493693e-01
-1.810181595590522496e+00,1.161836298686380609e+00,7.296091242023104995e-01
-1.823413229321554585e+00,1.164759877601422522e+00,7.289638609914718126e-01
-1.897535712757490334e+00,1.152599100059898296e+00,7.278494290919128584e-01
-1.897535712757490334e+00,1.152599100059898296e+00,7.278494290919128584e-01
-1.882796574562872305e+00,1.139968615447831457e+00,7.271334335975050411e-01
-1.900225451699797397e+00,1.152021643457841860e+00,7.262503527183711283e-01
-1.909467759378361329e+00,1.197949144831254475e+00,7.250986626477854413e-01
-1.908127731333780552e+00,1.191289453289616995e+00,7.229906891027793048e-01
-1.908127731333780552e+00,1.191289453289616995e+00,7.229906891027793048e-01
-1.881084789435123028e+00,1.216293559842141381e+00,7.222158661273376801e-01
-1.861203885882436015e+00,1.229947393391086941e+00,7.216834560949945132e-01
-1.889400002572192427e+00,1.225597888844563998e+00,7.212691789112151142e-01
-1.866105850256424281e+00,1.254455046241902183e+00,7.211580615657852134e-01
-1.863603763521480383e+00,1.288498751340515280e+00,7.215973416085811332e-01
-1.892000635346104076e+00,1.267939278614336418e+00,7.228631789741952751e-01
-1.873745233931175758e+00,1.266445355813506257e+00,7.235930034058092319e-01
-1.873745233931175758e+00,1.266445355813506257e+00,7.235930034058092319e-01
-1.854371358030725947e+00,1.289581970930494759e+00,7.245154992449063247e-01
-1.903551345404728590e+00,1.292074528725994265e+00,7.252116803145283175e-01
-1.948498053416618525e+00,1.322338110051525462e+00,7.258994359139476771e-01
-1.958668600031835627e+00,1.317403793496207065e+00,7.263892648518972539e-01
-1.975676152884086045e+00,1.304962904659560330e+00,7.269387369232388485e-01
-1.984821751507566789e+00,1.292394875027818468e+00,7.271207327044619806e-01
-1.958769571895820238e+00,1.244407272855295510e+00,7.270727883128900171e-01
-1.954794811844659419e+00,1.241990811166113762e+00,7.268376959820925798e-01
-1.955600139086940636e+00,1.214387831758749314e+00,7.264367167475389575e-01
-1.957875927127090243e+00,1.222554428928541714e+00,7.259775609618414061e-01
-1.951923004081908219e+00,1.188460738214861312e+00,7.255716435209673687e-01
-1.913975988240038895e+00,1.177321257833239709e+00,7.250088272858153937e-01
-1.947156477927129092e+00,1.189065321600263125e+00,7.243078552154869065e-01
-1.924719160810833607e+00,1.190715860697040274e+00,7.231087080005966783e-01
-1.924719160810833607e+00,1.190715860697040274e+00,7.231087080005966783e-01
-1.900828872069862951e+00,1.219926109486819676e+00,7.224905035965762945e-01
-1.945266655576272763e+00,1.243277677202843545e+00,7.215112848653637556e-01
-1.945724199858297476e+00,1.275703840766394759e+00,7.214932977235407607e-01
-1.945724199858297476e+00,1.275703840766394759e+00,7.214932977235407607e-01
-1.942487910224010905e+00,1.269293924579404820e+00,7.215642639568847772e-01
-1.914302604570728761e+00,1.246696358112430625e+00,7.215905077901985099e-01
-1.914302604570728761e+00,1.246696358112430625e+00,7.215905077901985099e-01
-1.924252856011069657e+00,1.247446197927038369e+00,7.216449482056909170e-01
-1.943053424744481283e+00,1.281324856629732833e+00,7.217076672311195651e-01
-1.945233463439381749e+00,1.273274876047694404e+00,7.218806263455243011e-01
-1.938906509172991566e+00,1.224970193829626908e+00,7.224061914492783121e-01
-1.938906509172991566e+00,1.224970193829626908e+00,7.224061914492783121e-01
-1.930875565882433031e+00,1.219174336577112605e+00,7.225514004406669022e-01
-1.947582081513682395e+00,1.188769017291114061e+00,7.227752517782889408e-01
-1.946677167061302560e+00,1.229076301875593247e+00,7.229667184616636044e-01
-1.949896859309503627e+00,1.238995205861801896e+00,7.232090495978188427e-01
-1.940048365510152584e+00,1.238785532427206793e+00,7.233905399620639276e-01
-1.931158892832308904e+00,1.235740945212658870e+00,7.235102348312766329e-01
-1.919282428826635023e+00,1.244187028278806562e+00,7.235773274072856420e-01
-1.929847398316788087e+00,1.235387581944188629e+00,7.236033154249300603e-01
-1.896370522054652730e+00,1.249206139722065956e+00,7.236175176774662932e-01
-1.903426267311174369e+00,1.237403169225446353e+00,7.235922052278747074e-01
-1.930605818505666704e+00,1.211197279897208157e+00,7.234783321938401679e-01
-1.994485780718861623e+00,1.217534266853714353e+00,7.235400175860571270e-01
-1.990558565234452626e+00,1.176595049868693454e+00,7.234371738774560967e-01
-2.005199713844842968e+00,1.171912841986106679e+00,7.233983576277809302e-01
-1.980661198649211752e+00,1.202819741589324032e+00,7.233249523543829884e-01
-1.990321640360479760e+00,1.217054210328821551e+00,7.231404897350929284e-01
-1.979172413685064802e+00,1.186625137693995358e+00,7.227775735411242630e-01
-1.997430195366867167e+00,1.206392422143764076e+00,7.225246316614956088e-01
-2.013200112478189308e+00,1.182503899406317283e+00,7.224221331951443670e-01
-1.971961846041778044e+00,1.131503000369260103e+00,7.221183663881195480e-01
-1.971961846041778044e+00,1.131503000369260103e+00,7.221183663881195480e-01
-2.003847727402385370e+00,1.140121707287023334e+00,7.220710808297676753e-01
-2.004408643513690969e+00,1.194912150583570254e+00,7.221497369438714120e-01
-2.007785196642982495e+00,1.219012557298554400e+00,7.225186813956200327e-01
-1.997365534075830285e+00,1.256306910552142275e+00,7.229088259561944341e-01
-1.969854988894903736e+00,1.264454325325564676e+00,7.231808822827292538e-01
-1.945707953583982741e+00,1.248187055720759275e+00,7.233761933761357898e-01
-1.925477332104009509e+00,1.245821413387482091e+00,7.245972528656065004e-01
-1.925477332104009509e+00,1.245821413387482091e+00,7.245972528656065004e-01
-1.915451542022366338e+00,1.266146222917026165e+00,7.252963840430999287e-01
-1.991309582682272650e+00,1.219578644449855087e+00,7.265031205859431296e-01
-1.991309582682272650e+00,1.219578644449855087e+00,7.265031205859431296e-01
-1.988646417896389185e+00,1.239234784548399304e+00,7.272083044044196365e-01
-1.945509204954538607e+00,1.246859494517785771e+00,7.277507007394604654e-01
-1.930258817830252438e+00,1.289329530125488121e+00,7.288122915080847974e-01
-1.932451863068862519e+00,1.275907426101698938e+00,7.312260815691861149e-01
-1.910341951136819816e+00,1.248388945895770208e+00,7.406196802085851516e-01
-1.910341951136819816e+00,1.248388945895770208e+00,7.406196802085851516e-01
-1.909118681472103063e+00,1.232165328005960347e+00,7.476852915256144705e-01
-1.898473565600798940e+00,1.219648095827827294e+00,7.558464171631930073e-01
-1.867243500564337522e+00,1.212056286405386318e+00,7.657549017575909778e-01
-1.846366755681424277e+00,1.204204789957218802e+00,7.769464930455034501e-01
-1.764986249970969867e+00,1.198540817256335433e+00,7.889976723506120226e-01
-1.663674440735870119e+00,1.160528039504651998e+00,8.171661475741414105e-01
-1.663674440735870119e+00,1.160528039504651998e+00,8.171661475741414105e-01
-1.619268761060424389e+00,1.148987799231077078e+00,8.335753473693471305e-01
-1.551020101287803321e+00,1.087952962436508075e+00,8.511491954821240880e-01
-1.460711538251408426e+00,1.048867175326517742e+00,8.694756153570725177e-01
-1.358366030220791387e+00,1.038424372925879968e+00,8.887462006013066018e-01
-1.278411436638627219e+00,1.007192402103006534e+00,9.087870902933870010e-01
-1.224463433083428976e+00,9.721347682374591459e-01,9.297529808847163624e-01
-1.146438398792857472e+00,1.031259253235856432e+00,9.510498564296347990e-01
-1.046965418956871341e+00,1.003689028412009909e+00,9.730242978604889403e-01
-9.947779521263878655e-01,9.605928990077635676e-01,9.954144558019062394e-01
-9.085977698286700210e-01,9.001236245964909788e-01,1.018200021166194569e+00
-8.146510024644160186e-01,8.453489675167025208e-01,1.041340194104696026e+00
-7.195027646111946673e-01,8.277318542473319773e-01,1.064820414766274759e+00
-6.179539655443131441e-01,7.661463887646459137e-01,1.088675927707803748e+00
-5.014746705078613198e-01,7.142373175169853816e-01,1.112932656490583261e+00
-3.822514012679733009e-01,6.919326275454613651e-01,1.137594267692196404e+00
-2.851042870035887522e-01,6.547529442186295068e-01,1.162547589287414418e+00
-1.797080461270805507e-01,6.127421204722415249e-01,1.187642672653256071e+00
-6.142339467075451365e-02,5.977119311157761405e-01,1.212996032483652842e+00
5.315535700946608100e-02,5.559919595417979199e-01,1.238380534012456957e+00
1.622891200743961371e-01,4.915243060075183412e-01,1.263616853770453741e+00
3.457576349341586752e-01,3.842337136772835948e-01,1.312819865202537573e+00
3.457576349341586752e-01,3.842337136772835948e-01,1.312819865202537573e+00
4.102917281213346867e-01,3.263247641854028491e-01,1.336676464037677370e+00
4.785692588513758006e-01,2.599159025388201316e-01,1.359596772559641176e+00
5.299632883756119073e-01,2.023512951350153743e-01,1.374441076247560733e+00
6.237371110548789455e-01,1.659545222257816921e-01,1.398405175233122577e+00
7.073354623412524411e-01,4.226843082769821819e-02,1.436269688543375223e+00
7.073354623412524411e-01,4.226843082769821819e-02,1.436269688543375223e+00
7.631039395130212455e-01,2.172815934021178619e-02,1.452157732915344557e+00
8.014678662081837768e-01,-4.155442565157636825e-02,1.466237471676475446e+00
8.416544040870437282e-01,-9.733575350435437479e-02,1.478869872305792477e+00
8.956371754567525878e-01,-1.580232014384173600e-01,1.489935944152235070e+00
9.513265658752049214e-01,-1.961579448521013347e-01,1.499639894609184676e+00
9.917013989018401698e-01,-2.394339658424068373e-01,1.507706368982587808e+00
1.120637534451922823e+00,-2.928035575750368436e-01,1.520732395483050725e+00
1.169461204115447073e+00,-3.493116435677117160e-01,1.525533141049342900e+00
1.201484901485627033e+00,-3.619221148975247937e-01,1.528887761019832814e+00
1.201484901485627033e+00,-3.619221148975247937e-01,1.528887761019832814e+00
1.269503974745631147e+00,-3.750157719591397099e-01,1.531705022680814876e+00
1.285044218318125653e+00,-3.813883626282512651e-01,1.533609215262584646e+00
1.293964787121474780e+00,-4.005480105554909964e-01,1.534471846529100292e+00
1.313024048544913613e+00,-5.019191675218652726e-01,1.534988727309515300e+00
1.360231905987322687e+00,-5.526688289921624087e-01,1.535572249153577262e+00
1.372225780139465501e+00,-5.322151638196004342e-01,1.535810178244751079e+00
1.385429629495902093e+00,-5.327084215258675037e-01,1.535845290141458319e+00
1.411692617682938966e+00,-5.830469875990411666e-01,1.536355537247334091e+00
1.389150201481559765e+00,-6.383266508518180560e-01,1.537316097649876090e+00
1.378439826452264150e+00,-6.254231644896500741e-01,1.538715185577034461e+00
1.383945272353036993e+00,-6.613322536074117686e-01,1.540854268569977092e+00
1.379091865290897001e+00,-6.478242087824140905e-01,1.544015071007087903e+00
1.390832636649378840e+00,-6.653941837505179535e-01,1.548155204570645038e+00
1.382944840175397427e+00,-6.453077897648707983e-01,1.561118542328780334e+00
1.382944840175397427e+00,-6.453077897648707983e-01,1.561118542328780334e+00
1.377722110073099859e+00,-6.824654364992055466e-01,1.575446044456636496e+00
1.403671692000278748e+00,-6.816571997824981688e-01,1.583599415858331749e+00
1.403671692000278748e+00,-6.816571997824981688e-01,1.583599415858331749e+00
1.367698836226239889e+00,-7.042866720846715500e-01,1.593225966456992770e+00
1.376151249679216537e+00,-7.173385421584888011e-01,1.604976089892880875e+00
1.357298389275391592e+00,-7.967215240120421038e-01,1.615483144676275851e+00
1.389189745788126373e+00,-8.040883642775614737e-01,1.623121120892500269e+00
1.409957830276905799e+00,-8.240363058269212226e-01,1.630303035264002887e+00
1.424866984200910291e+00,-8.227895110939854595e-01,1.639842799014461061e+00
1.421030078270507424e+00,-8.156336756993907144e-01,1.647360968733058373e+00
1.420456585698894214e+00,-8.356549016331094037e-01,1.652008520493460253e+00
1.485325817831605111e+00,-8.505509879491778280e-01,1.657737645536576210e+00
1.497487487162241004e+00,-8.524342124275122723e-01,1.661023455834683249e+00
1.538783206501449063e+00,-8.560632204703072512e-01,1.664511013252560234e+00
1.566539574719744587e+00,-8.652040353973312614e-01,1.668033433724334325e+00
1.577013309761539084e+00,-8.781995287317341248e-01,1.671418733969966430e+00
1.588537227058472112e+00,-8.480835487076517909e-01,1.674060848870537077e+00
1.646978297041138184e+00,-8.308493675577627302e-01,1.677560568864877366e+00
1.644427980529256539e+00,-8.056467786950929355e-01,1.680570800120477548e+00
1.635915552201342438e+00,-8.269121954817141296e-01,1.683488536831221571e+00
1.658876009658965867e+00,-8.366802471529107832e-01,1.686253363037640840e+00
1.686955392051979974e+00,-8.286007290134483894e-01,1.689076344874680613e+00
1.706350141994815939e+00,-8.597177015474845030e-01,1.691869936656998030e+00
1.754907543503715361e+00,-8.646258835131865883e-01,1.697079582074411563e+00
1.770645126839416328e+00,-8.548412620015005681e-01,1.699143619075180744e+00
1.803122280374719333e+00,-8.532648014522600244e-01,1.702166490366912477e+00
1.812942652836159851e+00,-8.563263480863885224e-01,1.704621257419728364e+00
1.812942652836159851e+00,-8.563263480863885224e-01,1.704621257419728364e+00
1.796843602642138160e+00,-8.798756818237085664e-01,1.706808038501732572e+00
1.840516698751862412e+00,-8.698288963507982974e-01,1.708753381681720418e+00
1.873645396711447475e+00,-8.920813887040894841e-01,1.710098779600129903e+00
1.886370571667144169e+00,-8.652177952303621300e-01,1.711963936614173898e+00
1.870278646978068116e+00,-8.827229302984882509e-01,1.713087206099301207e+00
1.887341165855559888e+00,-8.854524538379376919e-01,1.714477807013874200e+00
1.897029915004827316e+00,-9.147576959270060648e-01,1.715282212556744179e+00
1.883598513471155034e+00,-8.965839994190217821e-01,1.716279022776969754e+00
1.886924712895691414e+00,-8.893036830082908795e-01,1.717559621342844345e+00
1.891302498264054943e+00,-9.259915797957835037e-01,1.718227632824365969e+00
1.918766461350898789e+00,-9.116655229338437305e-01,1.719030627697343272e+00
1.939071379194576616e+00,-9.380325008147314403e-01,1.719931872986967258e+00
1.956116806104399419e+00,-9.901926659146941256e-01,1.720979766578608849e+00
1.956234441183118955e+00,-1.004594403725616925e+00,1.722151648845885230e+00
1.951782547408705160e+00,-9.787757636496665636e-01,1.723146775511561257e+00
1.940015975987356533e+00,-9.708107437846197341e-01,1.724878851288907722e+00
1.946170567841452037e+00,-9.615083101636808793e-01,1.726251892612925998e+00
1.959835525173426518e+00,-9.637522584128480618e-01,1.727938190426621334e+00
1.948767686111937625e+00,-9.941415032389763207e-01,1.729085316502384062e+00
1.955060230928713727e+00,-1.029949667293096338e+00,1.731467570991615634e+00
1.965041009742247713e+00,-1.060875562218193568e+00,1.733181416593179369e+00
1.984568882341628093e+00,-1.058150008296318223e+00,1.734824781376959280e+00
1.956656942825365064e+00,-1.081441064302047561e+00,1.735818209693302139e+00
1.950692519265098790e+00,-1.083539398350410243e+00,1.737139731012025345e+00
1.950927034918690683e+00,-1.118607354815035038e+00,1.737682835915965951e+00
2.010331188057676410e+00,-1.127772958172135187e+00,1.738576615303204065e+00
2.011358878843872766e+00,-1.133092390683313910e+00,1.739407303987564157e+00
2.011648994515481625e+00,-1.142388111319498023e+00,1.740262549353091437e+00
2.028602488817622174e+00,-1.169803856023107436e+00,1.741403755764796779e+00
2.040326916973893123e+00,-1.200852500173609672e+00,1.742379403755368816e+00
2.042350780213283201e+00,-1.187899517083326639e+00,1.743718547214655246e+00
2.076306766176697849e+00,-1.195648593401615889e+00,1.744891372931650864e+00
2.131546124066834302e+00,-1.220918723086565683e+00,1.746365316025185965e+00
2.148496560829732172e+00,-1.208472645549082181e+00,1.747638416544956108e+00
2.146417974110696569e+00,-1.217111882969021064e+00,1.748850192451162577e+00
2.140807085484413452e+00,-1.205126651955158668e+00,1.750292390104061457e+00
2.142873982107520003e+00,-1.181284415348289984e+00,1.751611285463845036e+00
2.103531275691865154e+00,-1.178246107704739032e+00,1.752499263142414110e+00
2.119078148319277322e+00,-1.183437074275930367e+00,1.753390647399890145e+00
2.142365174326680943e+00,-1.184195777374781544e+00,1.754332418239556768e+00
2.142816953828609705e+00,-1.179363378324967515e+00,1.754729898532979560e+00
2.140739675149777366e+00,-1.179637736308497997e+00,1.755207909868400806e+00
2.133709775133630693e+00,-1.205459669978271808e+00,1.755649543058330764e+00
2.141422455640569211e+00,-1.227245179579916634e+00,1.755835133235304379e+00
2.143133192613179361e+00,-1.222744388102122715e+00,1.755796839019593714e+00
2.173740038240374872e+00,-1.243070172093375447e+00,1.756007345871837044e+00
2.157888821624471820e+00,-1.288065590152606799e+00,1.756444876297157842e+00
2.180301209949250474e+00,-1.277919436123655883e+00,1.756806400165435988e+00
2.184700028030161612e+00,-1.292044196883992191e+00,1.757140662329059522e+00
2.187258440709912932e+00,-1.315526113498810323e+00,1.757681500654073581e+00
2.219500513723998480e+00,-1.321596319087277704e+00,1.758047874357558049e+00
2.211205304317997555e+00,-1.327404034645589537e+00,1.758473721111914356e+00
2.224514248222030144e+00,-1.316445741442386907e+00,1.759522091535947963e+00
2.216282784832944497e+00,-1.312891655782195466e+00,1.760432644486019216e+00
2.220585243037953571e+00,-1.299564523210238853e+00,1.761198688065173101e+00
2.170400221942723640e+00,-1.267782533129001132e+00,1.762083768645598569e+00
2.183744769513142003e+00,-1.288116088517385682e+00,1.762508538567583161e+00
2.205045723928953372e+00,-1.293994353544026144e+00,1.760734121533160224e+00
2.200310441653681615e+00,-1.260722367938364785e+00,1.755621873322538606e+00
2.224817197394678203e+00,-1.282248169041203978e+00,1.746301221411573401e+00
2.213151115802200586e+00,-1.280073752755210625e+00,1.732402053618452120e+00
2.190301733211330593e+00,-1.264216542742605309e+00,1.714159223674513122e+00
2.190831489624466499e+00,-1.278636619063761914e+00,1.691660212106911088e+00
2.190946426368689526e+00,-1.280108012307447307e+00,1.665569269191587098e+00
2.198096914090418075e+00,-1.295229184424117719e+00,1.636183656562947508e+00
2.211388362930906126e+00,-1.288854635487272082e+00,1.603779830822626096e+00
2.203886810092638537e+00,-1.249180926075043496e+00,1.569639010864291251e+00
2.222027708320034378e+00,-1.266354890145185319e+00,1.533408658020804172e+00
2.195797486163572287e+00,-1.260906752856517210e+00,1.503408648304675799e+00
2.183297988752707752e+00,-1.245859203887741629e+00,1.461087266275614693e+00
2.217284903504093574e+00,-1.271269828541441438e+00,1.421858421000468331e+00
2.209014878506688095e+00,-1.254329049498124515e+00,1.384925682368405742e+00
2.224788562218076748e+00,-1.272740749232171176e+00,1.349273490237759443e+00
2.223440457215996258e+00,-1.276540535285348277e+00,1.322202832767971348e+00
2.181324437738804800e+00,-1.271205739673919144e+00,1.286666882408838974e+00
2.177641055196826603e+00,-1.279536441349024445e+00,1.255304956424911245e+00
2.159627998922362124e+00,-1.240161353089227925e+00,1.227772136395484104e+00
2.154470608828848111e+00,-1.204214106660941308e+00,1.202981549512588622e+00
2.115341722964652504e+00,-1.217565799441358010e+00,1.180374134731112745e+00
2.087034308623020973e+00,-1.202898484097740361e+00,1.159493880614348882e+00
2.033144105764647769e+00,-1.240767841919036218e+00,1.140448614845507080e+00
1.958391634643978030e+00,-1.234938803324199474e+00,1.122756114812878181e+00
1.923186148080770153e+00,-1.229997557427199517e+00,1.106240071503177935e+00
1.909598051153512221e+00,-1.271350106570450667e+00,1.090919345443707833e+00
1.904361886879101684e+00,-1.309569161047895669e+00,1.076355961584948506e+00
1.898858969450542444e+00,-1.297589511535935269e+00,1.062551158650518746e+00
1.879225106640957321e+00,-1.310351960109805480e+00,1.049413865989432981e+00
1.874996915894932892e+00,-1.321630345032629661e+00,1.039362485335490360e+00
1.851461734589181951e+00,-1.327147519513526275e+00,1.029347336561313275e+00
1.870093477094302958e+00,-1.342547030971760424e+00,1.014778539389678658e+00
1.835880182063866384e+00,-1.382275464528492703e+00,1.002443142746372695e+00
1.819921753765270100e+00,-1.409990184533952862e+00,9.915459872774825545e-01
1.768890647133350313e+00,-1.402146463159571921e+00,9.815434258308876059e-01
1.714888235959778351e+00,-1.436400277564403805e+00,9.719307205634358793e-01
1.672641360924618015e+00,-1.425806312175815993e+00,9.627469187155882624e-01
1.655210345063973687e+00,-1.427419104798594462e+00,9.543033631410979822e-01
1.615693778422807592e+00,-1.432388165728969431e+00,9.464826395758204614e-01
1.581505743709137324e+00,-1.423386487314573401e+00,9.412330595009380518e-01
1.561765592650640855e+00,-1.412033289900599176e+00,9.326008104092853301e-01
1.497559053444822652e+00,-1.432124900834107484e+00,9.253936121772696755e-01
1.428097427246453499e+00,-1.421253675644788439e+00,9.189461816135184868e-01
1.402829221766180412e+00,-1.435630599035369048e+00,9.124443872537210121e-01
1.369396656077634278e+00,-1.431158310162552683e+00,9.061986771436167931e-01
1.315713419530687878e+00,-1.456636818554172041e+00,9.001499217805520869e-01
1.259854894871054620e+00,-1.470048818842675242e+00,8.942291601566886294e-01
1.195327949453855565e+00,-1.439100276628785924e+00,8.884932785756665119e-01
1.175042604957433845e+00,-1.417109014535647304e+00,8.828967478651668088e-01
1.107583366750090725e+00,-1.426409431476135525e+00,8.771348002989625137e-01
1.035092566836870009e+00,-1.412147614087659875e+00,8.716929804820811034e-01
9.641096890842657530e-01,-1.335830450118353552e+00,8.631936244558543470e-01
9.641096890842657530e-01,-1.335830450118353552e+00,8.631936244558543470e-01
9.034879591732418724e-01,-1.329177391977734546e+00,8.583668124239980379e-01
8.516814466522772964e-01,-1.273604426116922816e+00,8.548588444610114578e-01
7.957018103407126342e-01,-1.254526479719818788e+00,8.517369271813634013e-01
7.405167972635634532e-01,-1.218868851686235821e+00,8.495179019346318361e-01
6.964559817936301078e-01,-1.148015231772212097e+00,8.476094942037544211e-01
6.813813680395409689e-01,-1.125674820906177764e+00,8.461307704654766892e-01
6.326557650951992740e-01,-1.136622387117034005e+00,8.444374171907514937e-01
6.002417640942895316e-01,-1.127920473995110306e+00,8.425989772310227277e-01
5.238803385018175884e-01,-1.133022121716755759e+00,8.404967011473665206e-01
4.555986441521027164e-01,-1.178918327873972105e+00,8.382962649827426782e-01
3.576143140924771258e-01,-1.201994911208871475e+00,8.361337909458441686e-01
2.909312910046429335e-01,-1.217771797865707661e+00,8.331264874024641998e-01
2.112292433355175136e-01,-1.206205630061963463e+00,8.297973390500585911e-01
9.090465653949555969e-02,-1.227068278220775133e+00,8.231415727774352709e-01
9.090465653949555969e-02,-1.227068278220775133e+00,8.231415727774352709e-01
-4.373002891560352073e-02,-1.228947706638456872e+00,8.157146385279344658e-01
-1.283655143276599964e-01,-1.261521484384363845e+00,8.121925907071472217e-01
-1.283655143276599964e-01,-1.261521484384363845e+00,8.121925907071472217e-01
-1.808913390120193421e-01,-1.254016061412709382e+00,8.097428788274422251e-01
-2.433246609867729671e-01,-1.250712980559131493e+00,8.069707983718216182e-01
-3.074207349082769269e-01,-1.269738474024613817e+00,8.055859432224109495e-01
-3.818600708944654420e-01,-1.259612048084963520e+00,8.044798574236073918e-01
-4.557056269732794873e-01,-1.312727842298338166e+00,8.042511383386083956e-01
-5.243533515080471830e-01,-1.291133995981802896e+00,8.045495085595539830e-01
-5.659674788144958280e-01,-1.294038898364008761e+00,8.051752155860197879e-01
-6.111765457016049563e-01,-1.302196397361107705e+00,8.060642120580319148e-01
-6.532365578211249968e-01,-1.276489076859063099e+00,8.067392517271538832e-01
-7.039893632894326236e-01,-1.316658109682458777e+00,8.076698778154963732e-01
-7.657056606546158717e-01,-1.313057230160412647e+00,8.082683580532749046e-01
-8.049136556151095245e-01,-1.298199281117460746e+00,8.087238866046229102e-01
-8.309546354950234637e-01,-1.303052991605335276e+00,8.085674034215523109e-01
-8.731387583917400441e-01,-1.259527698940505980e+00,8.080451839294167105e-01
-9.162157921482670941e-01,-1.280797823476607311e+00,8.072638166730596865e-01
-9.085840015091937172e-01,-1.234298979951321540e+00,8.065852800208797024e-01
-9.618301447419841388e-01,-1.215463465909532470e+00,8.060820279804463695e-01
-1.012712073098027465e+00,-1.174935283697757793e+00,8.055829027368518469e-01
-1.026557304601741771e+00,-1.171553826451967817e+00,8.051131354753806590e-01
-1.071441326781301218e+00,-1.175879155561010192e+00,8.048259856294317505e-01
-1.133512547720596508e+00,-1.169365487523197578e+00,8.047764998209464560e-01
-1.196927940839187743e+00,-1.166642498893572411e+00,8.049474656477050294e-01
-1.185352696446034138e+00,-1.161857515305408262e+00,8.052717222680387810e-01
-1.200257276075776813e+00,-1.177633890429475194e+00,8.056039684748912411e-01
-1.184538527625099702e+00,-1.166874337083412261e+00,8.058755119370053510e-01
-1.176078235200774813e+00,-1.141126069813340305e+00,8.061384006679490621e-01
-1.202136797445904293e+00,-1.160221171204687263e+00,8.063089109944263644e-01
-1.174040259797171748e+00,-1.159618676748354726e+00,8.064519707970501106e-01
-1.185118186220107006e+00,-1.156626602026871398e+00,8.065462026988167166e-01
-1.176792878771893758e+00,-1.165527376615628441e+00,8.066190348810861055e-01
-1.226943856499112862e+00,-1.154433701466260676e+00,8.066138097879618218e-01
-1.264550545296369455e+00,-1.168774972801865486e+00,8.067779882793988389e-01
-1.284964259842201750e+00,-1.152124692087636015e+00,8.068858639229323781e-01
-1.323419552153041412e+00,-1.139649832379973748e+00,8.069507853893843619e-01
-1.360113893082135705e+00,-1.103550204617347541e+00,8.067984350716058684e-01
-1.369501110346522443e+00,-1.091582636731201594e+00,8.065759261936961133e-01
-1.390418231919440029e+00,-1.092705871199928680e+00,8.060036600977573684e-01
-1.420235743357406211e+00,-1.112759887229579636e+00,8.053769995186176311e-01
-1.470175119341867065e+00,-1.106805701044002666e+00,8.046342880891226290e-01
-1.490664225456306280e+00,-1.147971425086790065e+00,8.037742789578489200e-01
-1.497303900422200185e+00,-1.102030220916725423e+00,8.026383794441541708e-01
-1.575881820037503322e+00,-1.110205862433582213e+00,8.014303319631097544e-01
-1.563069228957288059e+00,-1.138370107348481319e+00,8.000832538276317907e-01
-1.608528698228505416e+00,-1.142827663081271705e+00,7.985038304953913091e-01
-1.634063774059973051e+00,-1.186414403691846919e+00,7.965650290939428890e-01
-1.653195731517837830e+00,-1.196650562301469600e+00,7.946865432272515184e-01
-1.633773093786537789e+00,-1.207287876934984627e+00,7.926893452560338504e-01
-1.668735366875590431e+00,-1.232891956868136241e+00,7.906231474071885312e-01
-1.657893407438336242e+00,-1.210228931647928219e+00,7.884423743679772612e-01
-1.683420113629420234e+00,-1.208964638364552924e+00,7.863346723763684487e-01
-1.687801193468099203e+00,-1.208805412550306713e+00,7.841561573059012691e-01
-1.677840560929515501e+00,-1.199879024487981560e+00,7.821128683978526563e-01
-1.670894157561940041e+00,-1.198360402947460157e+00,7.800275076485113646e-01
-1.689442419011315977e+00,-1.202572420632779249e+00,7.780737790308881463e-01
-1.685017297826225890e+00,-1.192891143649187136e+00,7.760565258359247709e-01
-1.691055408966308349e+00,-1.166321765011386402e+00,7.742075922753706152e-01
-1.684481575919627883e+00,-1.180992600473633525e+00,7.726298824999640047e-01
-1.682608098309929190e+00,-1.140559820302716076e+00,7.711227924179687720e-01
-1.671892216089728267e+00,-1.136393060670025656e+00,7.697210774792017096e-01
-1.700804239021319830e+00,-1.142297777877585796e+00,7.686208893469215209e-01
-1.732216244599551480e+00,-1.130447088643925291e+00,7.674709464668709735e-01
-1.738816372847117764e+00,-1.105262365687216031e+00,7.663965720688932226e-01
-1.736936594565711811e+00,-1.112530770234671396e+00,7.651087735534226608e-01
-1.776992572658903757e+00,-1.106296214392732624e+00,7.637563134123007691e-01
-1.782739977908657014e+00,-1.090345493494311757e+00,7.622734672040574200e-01
-1.817397964123971033e+00,-1.090872225824852659e+00,7.610144775877787371e-01
-1.841318259245068312e+00,-1.088164051696757451e+00,7.597248584424202145e-01
-1.850703477786615370e+00,-1.067430932518431241e+00,7.583338186962989003e-01
-1.894075436918531086e+00,-1.059426218221994009e+00,7.569859167569902292e-01
-1.903531574011988248e+00,-1.086804975180924560e+00,7.557968746284712269e-01
-1.903623692024119629e+00,-1.093607569945819424e+00,7.544657846593407768e-01
-1.874081605085121227e+00,-1.148883481674962237e+00,7.530579924879916565e-01
-1.886449600640891733e+00,-1.151333560615734664e+00,7.518674021291705811e-01
-1.908808774697181132e+00,-1.185559354984833558e+00,7.508318400207043553e-01
-1.949985386695986200e+00,-1.160328944701518816e+00,7.501284109384416254e-01
-1.972556305610412064e+00,-1.173474928122310024e+00,7.495291597256504845e-01
-1.924341368052427725e+00,-1.149100568066558026e+00,7.490643563505881009e-01
-1.924231025847533472e+00,-1.134252808080342456e+00,7.488002772170647692e-01
-1.922865598918424679e+00,-1.149225895858794422e+00,7.496664596200304231e-01
-1.929153512594464770e+00,-1.200589404186348519e+00,7.522906286696661171e-01
-1.931799267585796454e+00,-1.220742574989738483e+00,7.562835440242653418e-01
-1.920947103060168804e+00,-1.253365713242715618e+00,7.608936246059854192e-01
-1.920886962127706488e+00,-1.239806360802591323e+00,7.653650943001745199e-01
-1.918849729323316433e+00,-1.227979434503475797e+00,7.691091781415982931e-01
-1.891071030772162986e+00,-1.178581817636858098e+00,7.719520571950443388e-01
-1.842582194222003755e+00,-1.134759735053095353e+00,7.734136122129018354e-01
-1.836537707970015365e+00,-1.140097055917099755e+00,7.728300593103134553e-01
-1.793398780294026995e+00,-1.116854806451085480e+00,7.709318669440352600e-01
-1.724208203935987171e+00,-1.102039532832872260e+00,7.672910793714852185e-01
-1.667471147630724015e+00,-1.071361655967525195e+00,7.625447617593273941e-01
-1.597590970384654696e+00,-1.059941272020176628e+00,7.573701626739566262e-01
-1.529961098339997605e+00,-1.037288597559928194e+00,7.518143960846820351e-01
-1.458433424415647384e+00,-1.018223660131658992e+00,7.471448293507063632e-01
-1.367557764959359545e+00,-1.005998043685177867e+00,7.441550974116225570e-01
-1.295779450949134715e+00,-9.962884515096237514e-01,7.432601455113273525e-01
-1.069955534965749688e+00,-9.500525772620939113e-01,7.464418077553839348e-01
-1.069955534965749688e+00,-9.500525772620939113e-01,7.464418077553839348e-01
-1.010779900596622927e+00,-9.235001171651916474e-01,7.555408268147808526e-01
-9.257139209286010528e-01,-8.664762596239778958e-01,7.680449791564657458e-01
-8.425253226290558839e-01,-8.170221319529546999e-01,7.831117298746926858e-01
-7.269632566060968415e-01,-7.763542153847619032e-01,8.014599259475400084e-01
-6.157896738298881401e-01,-7.262228719355890982e-01,8.225662813764319514e-01
-5.606350225865465164e-01,-6.968326928214151339e-01,8.460402999461298368e-01
-4.601315271620689540e-01,-6.458628470556098122e-01,8.718598443959830746e-01
-3.390877017907037994e-01,-5.865995584932348628e-01,8.989640095881551440e-01
-2.348628563527531965e-01,-5.347011286801600649e-01,9.275582409532190376e-01
-1.964853599125775951e-01,-4.374557225430996121e-01,9.573377842461244791e-01
4.886458204311352332e-03,-3.056114607844804820e-01,1.017964540606220769e+00
1.789589195770492358e-01,-2.881688073714746001e-01,1.076796227429752228e+00
2.737249898205952325e-01,-2.343099878255379409e-01,1.104840431796479505e+00
3.490440704337861022e-01,-2.239032787225411769e-01,1.131078077356794775e+00
4.258073159275532760e-01,-1.863468932409857448e-01,1.156195422828084407e+00
5.199958022449181483e-01,-1.245541799004233618e-01,1.180800121208901654e+00
5.758958838914900458e-01,-3.062939025163492063e-02,1.225461049552009074e+00
5.758958838914900458e-01,-3.062939025163492063e-02,1.225461049552009074e+00
6.043924723641384000e-01,5.300554561268978893e-02,1.246364748720996340e+00
6.312659798027486779e-01,7.854015288733427747e-02,1.266351036254847573e+00
6.593897882443148228e-01,1.317150413630660544e-01,1.285424148545567080e+00
6.756198365637982040e-01,1.553040459181681820e-01,1.303378651297814717e+00
6.828352142045601703e-01,1.884410989891214805e-01,1.320345422463868212e+00
7.213212708290790420e-01,2.008902767784522814e-01,1.336433847259235419e+00
7.240512076276054421e-01,2.394491741897280535e-01,1.351328175360331008e+00
7.629164674575156235e-01,2.574732020737716676e-01,1.365025340666060627e+00
7.920629285070928116e-01,2.995532387095486970e-01,1.377934355425897595e+00
8.120577136842412891e-01,3.437686977449742054e-01,1.390019141789098134e+00
8.264550408936089942e-01,3.801755837056268184e-01,1.401964508154997180e+00
9.174984082664329188e-01,4.774215694883439109e-01,1.424212914330198254e+00
9.174984082664329188e-01,4.774215694883439109e-01,1.424212914330198254e+00
9.465345382088581339e-01,4.923287769629082211e-01,1.434720960550060376e+00
9.671886355779597544e-01,5.195002588626308482e-01,1.445233842117091161e+00
9.853379150852225044e-01,5.401440883693930939e-01,1.455812553902333439e+00
1.037784021537900614e+00,5.568440333861094382e-01,1.466552285960000868e+00
1.029667765211001340e+00,5.452177920575503878e-01,1.477115022213571383e+00
1.084571853515051698e+00,5.277004642350091590e-01,1.498907476341576173e+00
1.084571853515051698e+00,5.277004642350091590e-01,1.498907476341576173e+00
1.117297416633887153e+00,5.547440599842818898e-01,1.510070550323752148e+00
1.112258443246189943e+00,5.743878866300630159e-01,1.521288218317898844e+00
1.150408796593578975e+00,5.929483587018002932e-01,1.532466812005002010e+00
1.177912282430069846e+00,6.098206053253967251e-01,1.543441249935679771e+00
1.151199018679683439e+00,6.309686128451843512e-01,1.554341782961466967e+00
1.215171356158566418e+00,6.104475121541858007e-01,1.564839399981159618e+00
1.263662998785932023e+00,6.317217290714789435e-01,1.575458648176539578e+00
1.249595831073262664e+00,6.926481517676786881e-01,1.594475911407915003e+00
1.294992582925742042e+00,6.756978791390000350e-01,1.601524977700193197e+00
1.301115179522856824e+00,7.118620461891753681e-01,1.612612591400626849e+00
1.325569777420833262e+00,6.789547206094860288e-01,1.621873170150525789e+00
1.325569777420833262e+00,6.789547206094860288e-01,1.621873170150525789e+00
1.341031699328503857e+00,6.453660803680880687e-01,1.629969735389178220e+00
1.341563952376266577e+00,6.473795730696264572e-01,1.637049556582072629e+00
1.325585528307318794e+00,6.533959827078114069e-01,1.643493599150982254e+00
1.387415803359619337e+00,7.251156455807424850e-01,1.651553583134655501e+00
1.387415803359619337e+00,7.251156455807424850e-01,1.651553583134655501e+00
1.396458579723184101e+00,7.359101776603812484e-01,1.657473970613805303e+00
1.411886351096119041e+00,7.752672814681756952e-01,1.661394431679805495e+00
1.427703600947308749e+00,7.879090905201074913e-01,1.664691407352044461e+00
1.450581593453003970e+00,7.802305466716837890e-01,1.667421199888600380e+00
1.488474578726055153e+00,8.181922894678137492e-01,1.670253535328062977e+00
1.494964881105120158e+00,8.323195569719930020e-01,1.672987840910821644e+00
1.494748080280805969e+00,8.551593014987752817e-01,1.675430153432935443e+00
1.504640703042295691e+00,9.064599897096484726e-01,1.677984686048241247e+00
1.531440547429603338e+00,9.228353867510763475e-01,1.680763274385715711e+00
1.544011270807053915e+00,9.338925978096549452e-01,1.683879372566912558e+00
1.579621132933335836e+00,9.172489489170617682e-01,1.687201339778588327e+00
1.632147152620306629e+00,9.518834450195848840e-01,1.690645468016268360e+00
1.626466315317981692e+00,9.442274057112683971e-01,1.694079466919480526e+00
1.626810553760940525e+00,9.468343202198539199e-01,1.697694611764144934e+00
1.645689222487753067e+00,9.921144519586916344e-01,1.701449173886824262e+00
1.670181109328128466e+00,9.726744877764538222e-01,1.705310451640950076e+00
1.670181109328128466e+00,9.726744877764538222e-01,1.705310451640950076e+00
1.749229256808756405e+00,1.012453332952409024e+00,1.712317920995078513e+00
1.747000457711544774e+00,1.011963381410179386e+00,1.715648280426940397e+00
1.748099031923365132e+00,1.023957681849984036e+00,1.718973927359196630e+00
1.730219097027392294e+00,1.013154041594227950e+00,1.722039513394758803e+00
1.741974182818418537e+00,1.039491265244379736e+00,1.725127138449868314e+00
1.755513553191600407e+00,1.078544062098092171e+00,1.727340823139449810e+00
1.735150529563945332e+00,1.090044308815265817e+00,1.729097801282681646e+00
1.735150529563945332e+00,1.090044308815265817e+00,1.729097801282681646e+00
1.760546339908351854e+00,1.132507111584494242e+00,1.732134924283604160e+00
1.764859098641028856e+00,1.136722430026295028e+00,1.732934004971032893e+00
1.769442427557123665e+00,1.134262761373297179e+00,1.733521611626241965e+00
1.769442427557123665e+00,1.134262761373297179e+00,1.733521611626241965e+00
1.804971292382042458e+00,1.167194838248023059e+00,1.734149242378554501e+00
1.796162219485124334e+00,1.164604113004237051e+00,1.734995120356942921e+00
1.802902163633821164e+00,1.178478588875220501e+00,1.735036891196241049e+00
1.807038769198040074e+00,1.179733316257502329e+00,1.735190769288902590e+00
1.822788253429647343e+00,1.190857341711438533e+00,1.735786646144471757e+00
1.822788253429647343e+00,1.190857341711438533e+00,1.735786646144471757e+00
1.823827822484731520e+00,1.178900122177182652e+00,1.736764366301621454e+00
1.862668548183270545e+00,1.194437848092473997e+00,1.737499725076886881e+00
1.882923588481741239e+00,1.214741991826269185e+00,1.738575579141611316e+00
1.905985805202229821e+00,1.265381388495065318e+00,1.739672009724668289e+00
1.933248581167470892e+00,1.232975026144614850e+00,1.741341397707699912e+00
1.927864641232241771e+00,1.239828520213957175e+00,1.743430038595216613e+00
1.952047858509327050e+00,1.249476772187233742e+00,1.745723819440873292e+00
1.952047858509327050e+00,1.249476772187233742e+00,1.745723819440873292e+00
1.975955041940352652e+00,1.244500372283351197e+00,1.747942470182002994e+00
2.009063639295563863e+00,1.289829738715095875e+00,1.751295474556157084e+00
2.018883302529526969e+00,1.283559198101469123e+00,1.753398281058911268e+00
2.018883302529526969e+00,1.283559198101469123e+00,1.753398281058911268e+00
2.071174622548208166e+00,1.288812433816387992e+00,1.756426175071240880e+00
2.072546496826732643e+00,1.294785757578878815e+00,1.758584277604272161e+00
2.079022031737091769e+00,1.280401333203506242e+00,1.759624958382661308e+00
2.101466507261278149e+00,1.259199917927162016e+00,1.760952844034794351e+00
2.101466507261278149e+00,1.259199917927162016e+00,1.760952844034794351e+00
2.116783594528825585e+00,1.274963829250196801e+00,1.763005256037407431e+00
2.132326075110771324e+00,1.294424458945287792e+00,1.763656338652589861e+00
2.132326075110771324e+00,1.294424458945287792e+00,1.763656338652589861e+00
2.130519043543309898e+00,1.334752567693016312e+00,1.763696757751049393e+00
2.107712846386142314e+00,1.381476234598594033e+00,1.763161597107071543e+00
2.163949816008404081e+00,1.329211897217016158e+00,1.762803907558527561e+00
2.163949816008404081e+00,1.329211897217016158e+00,1.762803907558527561e+00
2.174477909323869529e+00,1.350958360076529363e+00,1.760329702163976995e+00
2.174477909323869529e+00,1.350958360076529363e+00,1.760329702163976995e+00
2.171274447040681288e+00,1.371037891929555608e+00,1.757519718733099312e+00
2.154798045797064798e+00,1.377174485120609582e+00,1.756311021483028867e+00
2.116751467546270415e+00,1.402306164663749355e+00,1.754580800833338783e+00
2.116751467546270415e+00,1.402306164663749355e+00,1.754580800833338783e+00
2.114715054962466478e+00,1.415461846325261730e+00,1.751101114844739515e+00
2.093783681554338028e+00,1.413124020372338085e+00,1.749605557996514626e+00
2.093783681554338028e+00,1.413124020372338085e+00,1.749605557996514626e+00
2.100838844884542755e+00,1.464403811928285393e+00,1.746868417948358898e+00
2.146656178510747193e+00,1.454975670697690626e+00,1.746122915675329068e+00
2.146656178510747193e+00,1.454975670697690626e+00,1.746122915675329068e+00
2.169920478803069042e+00,1.448967951117831943e+00,1.745536883443237874e+00
2.151448807004668673e+00,1.445220705346922596e+00,1.745491005672734408e+00
2.151448807004668673e+00,1.445220705346922596e+00,1.745491005672734408e+00
2.187573274140039992e+00,1.471008091628585035e+00,1.744064680743952156e+00
2.224832679749693121e+00,1.410782710928403683e+00,1.736607826812090360e+00
2.260176513373618246e+00,1.431510305165470509e+00,1.725799668499827799e+00
2.260176513373618246e+00,1.431510305165470509e+00,1.725799668499827799e+00
2.272199411399005609e+00,1.453785222909870445e+00,1.710222986869954331e+00
2.255472082051457772e+00,1.411015755244272807e+00,1.671595495521724706e+00
2.260830451359219673e+00,1.450696415989640720e+00,1.648163603337076566e+00
2.260830451359219673e+00,1.450696415989640720e+00,1.648163603337076566e+00
2.269868311068569344e+00,1.477186570010516453e+00,1.578312816787969863e+00
2.236700730746932209e+00,1.473852290203345738e+00,1.515967591639155065e+00
2.204384392684431759e+00,1.421373188891323913e+00,1.470261934434349493e+00
2.230773023472940597e+00,1.422570289084231776e+00,1.428313539067421534e+00
2.230773023472940597e+00,1.422570289084231776e+00,1.428313539067421534e+00
2.230773023472940597e+00,1.422570289084231776e+00,1.428313539067421534e+00
2.216270012454402139e+00,1.470638585953330857e+00,1.350887255411619137e+00
2.194432978178467053e+00,1.493166029178843335e+00,1.315324741138352849e+00
2.159754419914556411e+00,1.451646018279417527e+00,1.291584870473008406e+00
2.156202896448328854e+00,1.410805220992983111e+00,1.252159488873835436e+00
2.134807576772841387e+00,1.399748445678245634e+00,1.218339229756412845e+00
2.113872248702580947e+00,1.426795361339836088e+00,1.193470311309501541e+00
2.091929189864712768e+00,1.396573800167270285e+00,1.159499676811861058e+00
2.068865927280584938e+00,1.416022674220508426e+00,1.129546649997739349e+00
2.094376180450320923e+00,1.425029450582510071e+00,1.101401771915478278e+00
2.048174497045964326e+00,1.441040285324561854e+00,1.079984576364945159e+00
2.038698787079893826e+00,1.452715808133354214e+00,1.049849887871513676e+00
2.038698787079893826e+00,1.452715808133354214e+00,1.049849887871513676e+00
2.024471214865283475e+00,1.485829606287264237e+00,9.939654328694315089e-01
1.971412847812861635e+00,1.458763205236902838e+00,9.679456409440247988e-01
1.971412847812861635e+00,1.458763205236902838e+00,9.679456409440247988e-01
1.990738703465925630e+00,1.415253425360585737e+00,9.421410084419886699e-01
1.934188945950111593e+00,1.425213251943718618e+00,8.912488994715742630e-01
1.895217199504874772e+00,1.441650447952694591e+00,8.671995745368968889e-01
1.895217199504874772e+00,1.441650447952694591e+00,8.671995745368968889e-01
1.886449491672246959e+00,1.466845705805826849e+00,8.446695731648270478e-01
1.887325153943983480e+00,1.536576610815980626e+00,8.092069933960173156e-01
1.878470643287630804e+00,1.528515452530166741e+00,7.931551735527140323e-01
1.878470643287630804e+00,1.528515452530166741e+00,7.931551735527140323e-01
1.852788181331954442e+00,1.543923159724358563e+00,7.748752601702743048e-01
1.824660854584573055e+00,1.545193730362704354e+00,7.613407415198648609e-01
1.801554607788918183e+00,1.565130137307618075e+00,7.502026829501821092e-01
1.757616063991362276e+00,1.569879591531174956e+00,7.340703174970253375e-01
1.767186562682259376e+00,1.579287728165989835e+00,7.292040414489541211e-01
1.767186562682259376e+00,1.579287728165989835e+00,7.292040414489541211e-01
1.679267613921695101e+00,1.626323488041049536e+00,7.217019421012731417e-01
1.693457899293237201e+00,1.652204076078939377e+00,7.199154943722126943e-01
1.693457899293237201e+00,1.652204076078939377e+00,7.199154943722126943e-01
1.647214317733452393e+00,1.718265110745486490e+00,7.196852433328579934e-01
1.659983054725221230e+00,1.707459869301242161e+00,7.204627495203120846e-01
1.630261243813430294e+00,1.742960566257447663e+00,7.216174449729486629e-01
1.630261243813430294e+00,1.742960566257447663e+00,7.216174449729486629e-01
1.541999087825806081e+00,1.732924194960497655e+00,7.246362227603758699e-01
1.508562890370430898e+00,1.686996521343211874e+00,7.258719268075907172e-01
1.432978911728713944e+00,1.683016093820428827e+00,7.273566614379681772e-01
1.368619028818030214e+00,1.709180718185871140e+00,7.280906555975326100e-01
1.368619028818030214e+00,1.709180718185871140e+00,7.280906555975326100e-01
1.250061901972890244e+00,1.669425877612023434e+00,7.283520181330700449e-01
1.216212543509655797e+00,1.669350024438720492e+00,7.278869297339674027e-01
1.216212543509655797e+00,1.669350024438720492e+00,7.278869297339674027e-01
1.145281002914423363e+00,1.611470288332529588e+00,7.262593089949281877e-01
1.145281002914423363e+00,1.611470288332529588e+00,7.262593089949281877e-01
1.120596762086661258e+00,1.600208492173664343e+00,7.248656480658993706e-01
1.010936435518569043e+00,1.561985205443550129e+00,7.234487845906287795e-01
1.010936435518569043e+00,1.561985205443550129e+00,7.234487845906287795e-01
9.525794664163398373e-01,1.553833052497040512e+00,7.230464984423973229e-01
8.927100318934202416e-01,1.499902032929729900e+00,7.228834981304956830e-01
8.927100318934202416e-01,1.499902032929729900e+00,7.228834981304956830e-01
7.468288194852331641e-01,1.459867109408472974e+00,7.245027353340219856e-01
6.902270742282921034e-01,1.458294316263323953e+00,7.261556638830096722e-01
5.961353602453477452e-01,1.407527055414520056e+00,7.282790133383261200e-01
5.615305552260333455e-01,1.427287536653788047e+00,7.297362194289602755e-01
5.044897059831462416e-01,1.430456940875271643e+00,7.323318937200204992e-01
4.339132114916521843e-01,1.426988044058294491e+00,7.359325704894931208e-01
4.339132114916521843e-01,1.426988044058294491e+00,7.359325704894931208e-01
3.523122168205746751e-01,1.403464711716795321e+00,7.396668157816251865e-01
3.134589462318656539e-01,1.407500433302459220e+00,7.430651631899110043e-01
2.656334464621196156e-01,1.432006641093233501e+00,7.460855768868149829e-01
1.719452322325621396e-01,1.471025733233430222e+00,7.486919229162393163e-01
1.264052270412267254e-01,1.469573329650996518e+00,7.502894863670777070e-01
5.681918685514543432e-02,1.518206468262448539e+00,7.516059152024432422e-01
6.558974463061067323e-03,1.511242705074891335e+00,7.524179034472733285e-01
-8.940269276035210655e-02,1.466673630279024865e+00,7.520760460829910565e-01
-1.782128316888235975e-01,1.447243342801753263e+00,7.518554379055361059e-01
-2.690674460935081891e-01,1.443471956573512127e+00,7.520182799570749310e-01
-3.220698835511445202e-01,1.416606814968762507e+00,7.521746280813301766e-01
-3.220698835511445202e-01,1.416606814968762507e+00,7.521746280813301766e-01
-3.857968285083160920e-01,1.416093369752125852e+00,7.526585601776013545e-01
-4.348972610295416819e-01,1.426561131209037603e+00,7.534422673505007939e-01
-5.134877072327926895e-01,1.427044931982509590e+00,7.546226112818587017e-01
-5.933164547997826777e-01,1.438546851364930879e+00,7.563191048205596401e-01
-6.145941248993067596e-01,1.456503800098510659e+00,7.584831443143410512e-01
-6.539233449084563832e-01,1.470456334691120359e+00,7.610086982452586302e-01
-7.348226242619789739e-01,1.484539292508510133e+00,7.636431482501450096e-01
-7.746474092390170929e-01,1.487580313511094099e+00,7.664897562225042593e-01
-9.168651255541612199e-01,1.420411789913873291e+00,7.709902051057867522e-01
-9.605620697380872208e-01,1.412687272551901962e+00,7.733322594124375504e-01
-9.605620697380872208e-01,1.412687272551901962e+00,7.733322594124375504e-01
-1.024793977301511561e+00,1.433084131697127006e+00,7.756294061214793478e-01
-1.027254332813222648e+00,1.417993545254462751e+00,7.774135186546650145e-01
-1.072291779900226505e+00,1.441822794218644344e+00,7.797966246847505278e-01
-1.072291779900226505e+00,1.441822794218644344e+00,7.797966246847505278e-01
-1.089351276033567295e+00,1.480962605484546168e+00,7.810548115579489803e-01
-1.114957654893541816e+00,1.440486759019026453e+00,7.824544718456500902e-01
-1.114957654893541816e+00,1.440486759019026453e+00,7.824544718456500902e-01
-1.160146025209544351e+00,1.430438512709219179e+00,7.831267318975450031e-01
-1.172728423976265644e+00,1.415171162064693844e+00,7.837139244054419640e-01
-1.171613820122924032e+00,1.394536407267504607e+00,7.842282330811429780e-01
-1.178962409200951189e+00,1.385075347524897804e+00,7.847011337582290302e-01
-1.212777695528157729e+00,1.384166141064906208e+00,7.852452935946050427e-01
-1.222306027276721885e+00,1.380920194926833267e+00,7.859739074204222797e-01
-1.259531037039457235e+00,1.370669447057531576e+00,7.872838268454349642e-01
-1.259531037039457235e+00,1.370669447057531576e+00,7.872838268454349642e-01
-1.248877271343445727e+00,1.353487290619926453e+00,7.879951944370067185e-01
-1.333955033776420551e+00,1.398566222780710522e+00,7.896830623005262062e-01
-1.333955033776420551e+00,1.398566222780710522e+00,7.896830623005262062e-01
-1.371752269576647087e+00,1.378355987550872408e+00,7.903767541046018419e-01
-1.407529394422097013e+00,1.322047501764421984e+00,7.913097862512977754e-01
-1.407529394422097013e+00,1.322047501764421984e+00,7.913097862512977754e-01
-1.456318748665562879e+00,1.342000604156356136e+00,7.915302146441818287e-01
-1.485272906176387631e+00,1.313733547746521291e+00,7.915631401997358374e-01
-1.485033002385492518e+00,1.319220136822784051e+00,7.916664772797732397e-01
-1.491393220822785137e+00,1.332587945176467947e+00,7.916649628275223005e-01
-1.511597075248160227e+00,1.370179415370115006e+00,7.914393773261589882e-01
-1.547636632197623374e+00,1.378373457165060989e+00,7.906637008996710847e-01
-1.547636632197623374e+00,1.378373457165060989e+00,7.906637008996710847e-01
-1.566069314120871470e+00,1.347060825954302876e+00,7.898142919400887862e-01
-1.566069314120871470e+00,1.347060825954302876e+00,7.898142919400887862e-01
-1.593237467428503917e+00,1.355401405737875153e+00,7.890649203118533794e-01
-1.565216130545932005e+00,1.319537823401006005e+00,7.882919728383125380e-01
-1.603077732052647697e+00,1.342157034377415403e+00,7.872621238467564231e-01
-1.603077732052647697e+00,1.342157034377415403e+00,7.872621238467564231e-01
-1.601491369398304609e+00,1.344281474037626101e+00,7.871741953710781337e-01
-1.627669360066808624e+00,1.351880658899641041e+00,7.870860671399645403e-01
-1.636906124589510680e+00,1.314321978279258341e+00,7.873559856813738822e-01
-1.636906124589510680e+00,1.314321978279258341e+00,7.873559856813738822e-01
-1.687851108289617708e+00,1.322552128916349767e+00,7.876380104684973515e-01
-1.706873462832676047e+00,1.308014058049974615e+00,7.878873858130333030e-01
-1.737930917466978586e+00,1.282606322321028891e+00,7.881335789108960821e-01
-1.747667937927860127e+00,1.264390518252788143e+00,7.881082764826041753e-01
-1.781777083895035307e+00,1.273873127122976845e+00,7.871641818481616149e-01
-1.781777083895035307e+00,1.273873127122976845e+00,7.871641818481616149e-01
-1.797092447618437339e+00,1.258372777504496387e+00,7.862356046843743673e-01
-1.781367801403448192e+00,1.276201367985801305e+00,7.840115243280683099e-01
-1.794897640038858988e+00,1.302211900331279759e+00,7.829721350467078178e-01
-1.818481369731454356e+00,1.268770273041703200e+00,7.820438287867187421e-01
-1.818481369731454356e+00,1.268770273041703200e+00,7.820438287867187421e-01
-1.803733607902731073e+00,1.279573841352781072e+00,7.811031897255259482e-01
-1.822080330861566955e+00,1.230974208037117101e+00,7.802509206996482982e-01
-1.839190716133475290e+00,1.216944002531898494e+00,7.793305095740404864e-01
-1.936362520189277570e+00,1.183392163539747965e+00,7.780934666241319242e-01
-1.936362520189277570e+00,1.183392163539747965e+00,7.780934666241319242e-01
-1.915265400221199288e+00,1.185845324927121025e+00,7.778412411346610211e-01
-1.902404027366607409e+00,1.242215178181648172e+00,7.778612210134903115e-01
-1.902319932923127732e+00,1.234050893685398664e+00,7.778428044801588559e-01
-1.923032204802845646e+00,1.255355312872517448e+00,7.779857752706851315e-01
-1.934328846162952420e+00,1.258237430406778712e+00,7.785801905329673422e-01
-1.942939073145256268e+00,1.270465768827178987e+00,7.799921832972392943e-01
-1.942939073145256268e+00,1.270465768827178987e+00,7.799921832972392943e-01
-2.009601721149122611e+00,1.270379813259883583e+00,7.805224644483461649e-01
-2.011180777121603036e+00,1.253302684034109715e+00,7.811111016239475902e-01
-2.001206402813801688e+00,1.230443269026154418e+00,7.814154945032156796e-01
-1.991904729882553182e+00,1.252544546705392392e+00,7.815570923117748370e-01
-1.966771167196072367e+00,1.259699898882666869e+00,7.813960287489263301e-01
-1.955219566463125558e+00,1.267686530122367206e+00,7.810689278861506768e-01
-1.933208056812115272e+00,1.252350097505129156e+00,7.807147966356170476e-01
-1.924855813305957897e+00,1.263892769600839072e+00,7.802422774835454655e-01
-1.932889718619486441e+00,1.229535668614837984e+00,7.797982227096336150e-01
-1.934261014911446086e+00,1.214994835849252608e+00,7.793827330995296565e-01
-1.940975984329782689e+00,1.205310113209496103e+00,7.787956992115372401e-01
-1.937102028312862601e+00,1.216776610056348407e+00,7.780040845708917630e-01
-1.924165310318456390e+00,1.206123869421485528e+00,7.773220631386880131e-01
-1.927215216083315585e+00,1.204746266760537310e+00,7.766285618750219388e-01
-1.938870590791446302e+00,1.179831272065957393e+00,7.756656729608252254e-01
-1.970780959911729635e+00,1.169848557157740387e+00,7.745572785169356766e-01
-1.976507120698459241e+00,1.192949524730438693e+00,7.728590134540739287e-01
-1.976507120698459241e+00,1.192949524730438693e+00,7.728590134540739287e-01
-1.998365478809685625e+00,1.172376709459071131e+00,7.717737258748300633e-01
-2.001400190526830158e+00,1.204884412797939008e+00,7.705897919257145290e-01
-2.009759560820627566e+00,1.197690110404721064e+00,7.692955476362187683e-01
-2.007884159462617113e+00,1.162307928166347093e+00,7.679838314808103972e-01
-2.043589940860681686e+00,1.125830749670657882e+00,7.665322344779248454e-01
-2.064432227123730978e+00,1.146338870412631605e+00,7.651026708268726662e-01
-2.086726147359941663e+00,1.147922495396960452e+00,7.639059781721649900e-01
-2.085754306674575176e+00,1.168759786456138761e+00,7.626034473838202432e-01
-2.075681831134273736e+00,1.162391632160825639e+00,7.613795082352844412e-01
-2.099097707501331289e+00,1.153484549973995854e+00,7.603200328377797135e-01
-2.084858540714566999e+00,1.158948352590846609e+00,7.596221219655930890e-01
-2.112577146470976608e+00,1.142719681819113653e+00,7.593244613743167504e-01
-2.164208431193007875e+00,1.162272276440234009e+00,7.597129116442360441e-01
-2.164208431193007875e+00,1.162272276440234009e+00,7.597129116442360441e-01
-2.123542858318054449e+00,1.205420535918804825e+00,7.603875998647463552e-01
-2.097597572573288272e+00,1.192889473978374415e+00,7.612276334458415450e-01
-2.104524217770008310e+00,1.191017084461413189e+00,7.621690193826506921e-01
-2.104015759938731911e+00,1.175738206603863079e+00,7.631815227734120022e-01
-2.094331292493332164e+00,1.166505711192844519e+00,7.642326075701620924e-01
-2.100667833247626959e+00,1.175000719957145945e+00,7.652909395981625229e-01
-2.080165535833218726e+00,1.185877201178342277e+00,7.665317762644435762e-01
-2.061167449648770411e+00,1.213079664365747545e+00,7.676674896742700094e-01
-2.072804309030558567e+00,1.209696113990610167e+00,7.686131462510343848e-01
-2.046488139034242870e+00,1.211521667306664440e+00,7.693215745051947829e-01
-2.053645788645124703e+00,1.222197491894009724e+00,7.702109802665463301e-01
-2.089887112087454923e+00,1.232077413191658088e+00,7.707612743918004217e-01
-2.048807812786521687e+00,1.235097851913602218e+00,7.710868037703102473e-01
-2.085791839660958491e+00,1.185247359735147832e+00,7.706139910901004253e-01
-2.106060659982077254e+00,1.170367447721754051e+00,7.695560079415798560e-01
-2.106060659982077254e+00,1.170367447721754051e+00,7.695560079415798560e-01
-2.070464035611437215e+00,1.156558921236367832e+00,7.682588428495347177e-01
-2.075821522054836610e+00,1.171176274360007374e+00,7.667966687193575881e-01
-2.081655755882325209e+00,1.145627227538740023e+00,7.650282556151651869e-01
-2.082779371817592651e+00,1.147313680809900260e+00,7.630635678714019488e-01
-2.092848083884357724e+00,1.160037055967545028e+00,7.609442489394100395e-01
-2.096969901524026625e+00,1.181398265790581048e+00,7.589306781168974059e-01
-2.084082097077042395e+00,1.166147491420879589e+00,7.564469131435405114e-01
-2.066571169974480426e+00,1.156247247509165410e+00,7.542697640080021637e-01
-2.060176200225264598e+00,1.136120427846021963e+00,7.522394200215338778e-01
-2.096922270487763473e+00,1.088428554129257542e+00,7.502599925865134356e-01
-2.100392597937310146e+00,1.079824643109979831e+00,7.481474433816638347e-01
-2.089741226610098757e+00,1.070197116572805252e+00,7.463378433495146957e-01
-2.142285150096022939e+00,1.076198539143745414e+00,7.445078998167559137e-01
-2.164126341387618169e+00,1.069637250282956087e+00,7.429339298131260039e-01
-2.171411720631512665e+00,1.057968436045791938e+00,7.411323161523246661e-01
-2.188156123936254804e+00,1.047572089395023776e+00,7.391287135214685833e-01
-2.230076933293063224e+00,1.068781967881169859e+00,7.372117056523189715e-01
-2.189856486994419260e+00,1.108406467362879733e+00,7.353815007060472420e-01
-2.217028701992671103e+00,1.123479355638870691e+00,7.337391409877841442e-01
-2.194409800412588929e+00,1.117853135204948556e+00,7.319712844887593661e-01
-2.183001088844747528e+00,1.102738896245251121e+00,7.300122193847793373e-01
-2.194805321056534808e+00,1.122397504174479810e+00,7.273244526703721569e-01
-2.219143728169980179e+00,1.107798156494381514e+00,7.238888523871876979e-01
-2.197789200106467611e+00,1.107969701219517100e+00,7.196975580611482126e-01
-2.170184041822322385e+00,1.109977427966401198e+00,7.142555164895931785e-01
-2.128438205204211453e+00,1.149901366130274383e+00,7.078162469997663075e-01
-2.059524149889849554e+00,1.169248879574725786e+00,7.002209766661472434e-01
-2.066670367103958128e+00,1.166255579090348382e+00,6.915343224963378388e-01
-2.000724404000009837e+00,1.130111826022644816e+00,6.820320810157234348e-01
-1.992500991421717771e+00,1.106791507422020038e+00,6.719082952811727960e-01
-1.993592254900486305e+00,1.098993597609778661e+00,6.606713566357627077e-01
-2.017098564351306411e+00,1.075154846637727424e+00,6.484363376288031500e-01
-2.022755609068803473e+00,1.097298069356570371e+00,6.351801483215910871e-01
-2.031075015300919606e+00,1.117450735306144471e+00,6.203953693886525844e-01
-1.997499713454997661e+00,1.111927712563601567e+00,6.044489451345940179e-01
-1.994085957977481893e+00,1.105097462069409175e+00,5.871189145400791398e-01
-1.972960716208028709e+00,1.116198548907220145e+00,5.685717441253264059e-01
-1.994244798690320675e+00,1.114162831894169425e+00,5.488079682017689143e-01
-1.976863056517226269e+00,1.109450243604252151e+00,5.280535373663555188e-01
-1.949307079434084766e+00,1.102581623309472958e+00,5.054803853512650491e-01
-1.941057657441827899e+00,1.111986118103139409e+00,4.819714450548688300e-01
-1.933484926089243938e+00,1.086696003741705274e+00,4.570495574790106041e-01
-1.941885874155601766e+00,1.081351389878010716e+00,4.316661454486048211e-01
-1.922111016718315968e+00,1.062370345685102579e+00,4.070665995126486192e-01
-1.955513441509078243e+00,1.074717549444419884e+00,3.839979697336090569e-01
-1.913263269692783153e+00,1.084987394950734485e+00,3.636112115317500781e-01
-1.865701385233726528e+00,1.077787544208603565e+00,3.335997338935398626e-01
-1.865701385233726528e+00,1.077787544208603565e+00,3.335997338935398626e-01
-1.876900059084622319e+00,1.079752232650327937e+00,3.206905534095230714e-01
-1.913200035809300648e+00,1.066370543097174606e+00,3.117288609241549713e-01
-1.910042330336309435e+00,1.089146292970571528e+00,3.058467697360354176e-01
-1.966728901413657749e+00,1.091567382962691291e+00,3.007503964323248735e-01
-1.980835076015738938e+00,1.096652747507989467e+00,2.956364153740688172e-01
-1.995276850729478024e+00,1.111838381490012129e+00,2.900902618733878224e-01
-1.984121668791598347e+00,1.128769531627503042e+00,2.837703912958046137e-01
-1.982827017311650897e+00,1.138830014428996673e+00,2.767659147279221687e-01
-2.003460424273725948e+00,1.116257732943144232e+00,2.691401676229571160e-01
-2.025216330876502990e+00,1.069478800247642081e+00,2.505415485788658470e-01
-2.025216330876502990e+00,1.069478800247642081e+00,2.505415485788658470e-01
-1.993091465510483662e+00,1.078010266892150959e+00,2.399154497914008921e-01
-1.955922885657158661e+00,1.058160591252742089e+00,2.279812191771607988e-01
-1.941121742684283058e+00,1.070821798271552217e+00,2.151638962226107843e-01
-1.932659120585825008e+00,1.110364390211452168e+00,2.014734233634167815e-01
-1.929228247670894625e+00,1.070758863597458754e+00,1.868735790494883975e-01
-1.924293270666706634e+00,1.075540240322361507e+00,1.711403071012129185e-01
-1.925320534439888709e+00,1.122919162933459614e+00,1.526179359355953336e-01
-1.921632641795179008e+00,1.147226895316256323e+00,1.301108122374342591e-01
-1.939255213886900364e+00,1.137691257016292035e+00,1.152830893651470984e-01
-1.953614578821152747e+00,1.146281986162193123e+00,9.712467025366959550e-02
-1.925584007191709190e+00,1.139538353932711745e+00,7.461493319540081492e-02
-1.917150871118746824e+00,1.155949947101311936e+00,5.220178309145025175e-02
