-5.265006050467491150e-02,3.283518552780151367e-02,8.040104061365127563e-02
-5.716498568654060364e-02,3.421242162585258484e-02,7.437637448310852051e-02
-5.938011035323143005e-02,4.171251133084297180e-02,5.903352424502372742e-02
-6.179814040660858154e-02,5.186814069747924805e-02,2.578360587358474731e-02
-7.061681896448135376e-02,6.843560189008712769e-02,-1.250487053766846657e-03
-7.664269208908081055e-02,8.021661639213562012e-02,-1.023154426366090775e-02
-8.683927357196807861e-02,9.991969168186187744e-02,-3.745410218834877014e-02
-9.835509210824966431e-02,1.185731738805770874e-01,-7.443943619728088379e-02
-1.077326759696006775e-01,1.378135979175567627e-01,-1.041276082396507263e-01
-1.279181838035583496e-01,1.545556634664535522e-01,-1.225165575742721558e-01
-1.621906459331512451e-01,1.718742102384567261e-01,-1.743503659963607788e-01
-1.707275509834289551e-01,1.767984181642532349e-01,-1.881683170795440674e-01
-1.849563568830490112e-01,1.831401288509368896e-01,-2.150173932313919067e-01
-1.810601055622100830e-01,1.835093796253204346e-01,-2.178845107555389404e-01
-1.946820616722106934e-01,1.823666244745254517e-01,-2.334594279527664185e-01
-1.905536055564880371e-01,1.756435781717300415e-01,-2.468546926975250244e-01
-1.951597183942794800e-01,1.782243698835372925e-01,-2.475828379392623901e-01
-1.939879953861236572e-01,1.678506582975387573e-01,-2.357660531997680664e-01
-2.017867565155029297e-01,1.618565022945404053e-01,-2.294575721025466919e-01
-1.979754865169525146e-01,1.426942795515060425e-01,-2.171363234519958496e-01
-1.952979117631912231e-01,1.213739812374114990e-01,-1.829886138439178467e-01
-1.947522908449172974e-01,1.175628826022148132e-01,-1.753605306148529053e-01
-1.885792464017868042e-01,1.057603061199188232e-01,-1.465359777212142944e-01
-1.706072092056274414e-01,8.755277097225189209e-02,-1.094841435551643372e-01
-1.647920459508895874e-01,8.293500542640686035e-02,-1.061146408319473267e-01
-1.590628921985626221e-01,8.235159516334533691e-02,-8.880167454481124878e-02
-1.482903063297271729e-01,7.342427968978881836e-02,-7.509592920541763306e-02
-1.352885067462921143e-01,8.099135756492614746e-02,-5.837691202759742737e-02
-1.345559507608413696e-01,8.568541705608367920e-02,-5.584832653403282166e-02
-1.290160566568374634e-01,1.022170335054397583e-01,-3.741495311260223389e-02
-1.314177066087722778e-01,1.121089830994606018e-01,-3.103272616863250732e-02
-1.211084350943565369e-01,1.400240212678909302e-01,-3.474389761686325073e-02
-1.156618818640708923e-01,1.772859543561935425e-01,-4.081951826810836792e-02
-1.138742268085479736e-01,1.744004189968109131e-01,-4.098509997129440308e-02
-1.127622723579406738e-01,1.967903077602386475e-01,-3.260532766580581665e-02
-1.082310751080513000e-01,2.035815715789794922e-01,-3.664916008710861206e-02
-1.020890325307846069e-01,2.234664708375930786e-01,-3.880080953240394592e-02
-9.253697097301483154e-02,2.384918332099914551e-01,-3.724219277501106262e-02
-8.831372857093811035e-02,2.526560723781585693e-01,-4.253900051116943359e-02
-8.688198029994964600e-02,2.622188627719879150e-01,-4.113399237394332886e-02
-8.339498192071914673e-02,2.612825036048889160e-01,-4.312347248196601868e-02
-7.905495911836624146e-02,2.696986496448516846e-01,-5.184676870703697205e-02
-7.588537782430648804e-02,2.812965512275695801e-01,-5.017852038145065308e-02
-6.955755501985549927e-02,2.776680886745452881e-01,-5.489959940314292908e-02
-6.637024879455566406e-02,2.824664413928985596e-01,-5.416072905063629150e-02
-6.666792184114456177e-02,2.805596292018890381e-01,-5.697726458311080933e-02
-6.438261270523071289e-02,2.546842694282531738e-01,-5.333217233419418335e-02
-6.602159887552261353e-02,2.324848026037216187e-01,-4.768063500523567200e-02
-6.949909031391143799e-02,2.198594063520431519e-01,-4.906454682350158691e-02
-6.682741641998291016e-02,1.954359412193298340e-01,-4.065581411123275757e-02
-6.728475540876388550e-02,1.838008463382720947e-01,-4.143438860774040222e-02
-6.695421785116195679e-02,1.399523317813873291e-01,-4.823013395071029663e-02
-6.469663232564926147e-02,1.070009022951126099e-01,-5.028283223509788513e-02
-6.035212799906730652e-02,6.743547320365905762e-02,-4.292961210012435913e-02
-5.381853878498077393e-02,4.143720120191574097e-02,-3.955197706818580627e-02
-4.803771898150444031e-02,2.397138252854347229e-02,-3.916941210627555847e-02
-4.613090306520462036e-02,1.766554079949855804e-02,-3.566342592239379883e-02
-2.769866958260536194e-02,-1.889923959970474243e-02,-4.144525900483131409e-02
-1.664989255368709564e-02,-4.835079237818717957e-02,-3.942121192812919617e-02
-3.743993351235985756e-03,-6.318656355142593384e-02,-3.367783874273300171e-02
3.733366262167692184e-03,-7.513073086738586426e-02,-3.125591576099395752e-02
2.344574313610792160e-03,-8.351711928844451904e-02,-3.066050820052623749e-02
8.932209573686122894e-03,-8.533055335283279419e-02,-2.711091190576553345e-02
4.392754286527633667e-03,-8.942411839962005615e-02,-2.145841158926486969e-02
8.278515189886093140e-03,-9.370765835046768188e-02,-1.951553672552108765e-02
5.819937679916620255e-03,-8.802135288715362549e-02,-1.273231487721204758e-02
-1.005289796739816666e-02,-7.345356047153472900e-02,-3.079921007156372070e-03
-9.819501079618930817e-03,-7.549647986888885498e-02,5.942658986896276474e-03
-3.501870855689048767e-02,-4.462609067559242249e-02,2.027895860373973846e-02
-3.879768773913383484e-02,-4.058104753494262695e-02,2.060617692768573761e-02
-5.134415253996849060e-02,-1.633978262543678284e-02,2.924387902021408081e-02
-6.540828943252563477e-02,1.472740806639194489e-02,3.334876894950866699e-02
-6.911998242139816284e-02,2.253232337534427643e-02,3.162424266338348389e-02
-6.770198047161102295e-02,5.637650191783905029e-02,1.882203295826911926e-02
-6.664607673883438110e-02,6.654766201972961426e-02,1.237224880605936050e-02
-5.664560198783874512e-02,8.852870017290115356e-02,-1.788927800953388214e-02
-4.612012952566146851e-02,1.030143797397613525e-01,-2.009409107267856598e-02
-4.339702799916267395e-02,1.120277643203735352e-01,-1.749588176608085632e-02
-3.898710012435913086e-02,1.200769022107124329e-01,-2.356507256627082825e-02
-3.889030590653419495e-02,1.242213547229766846e-01,-2.807177789509296417e-02
-3.625794872641563416e-02,1.285439878702163696e-01,-2.870026603341102600e-02
-3.765570372343063354e-02,1.255443841218948364e-01,-2.858507260680198669e-02
-3.755870461463928223e-02,1.230773478746414185e-01,-2.591760456562042236e-02
-3.677477315068244934e-02,1.192768514156341553e-01,-3.645899519324302673e-02
-3.200257942080497742e-02,1.092614084482192993e-01,-2.694987505674362183e-02
-3.132430836558341980e-02,1.045193150639533997e-01,-2.197727747261524200e-02
-2.474077604711055756e-02,8.978681266307830811e-02,-1.692678593099117279e-02
-2.219661325216293335e-02,8.590991050004959106e-02,-1.639775559306144714e-02
-1.958843506872653961e-02,6.494808197021484375e-02,7.303266902454197407e-04
-1.574859954416751862e-02,4.321937263011932373e-02,6.236490327864885330e-03
-1.821341179311275482e-02,3.069769963622093201e-02,1.446497533470392227e-02
-2.001325041055679321e-02,1.359400711953639984e-02,2.067887224256992340e-02
-2.084986306726932526e-02,-8.592933416366577148e-03,3.093754500150680542e-02
-2.228426933288574219e-02,-2.368658035993576050e-02,2.428022399544715881e-02
-2.589191310107707977e-02,-3.259216621518135071e-02,2.415132708847522736e-02
-3.562903031706809998e-02,-4.993854835629463196e-02,2.438437752425670624e-02
-4.226818308234214783e-02,-7.279278337955474854e-02,8.497213944792747498e-03
-4.510483890771865845e-02,-7.991842925548553467e-02,9.366148151457309723e-03
-4.410365968942642212e-02,-8.929657191038131714e-02,9.858958423137664795e-03
-4.055196791887283325e-02,-9.564178436994552612e-02,5.582596175372600555e-03
-4.011623188853263855e-02,-1.072840914130210876e-01,-5.468931514769792557e-03
-3.018445894122123718e-02,-1.164490878582000732e-01,-1.274284813553094864e-02
-1.859943382441997528e-02,-1.183356791734695435e-01,-1.177809108048677444e-02
-6.310353637672960758e-04,-1.192082539200782776e-01,-1.985416188836097717e-02
6.270773243159055710e-03,-1.142375767230987549e-01,-1.647182740271091461e-02
2.251989953219890594e-02,-9.983781725168228149e-02,-2.415672875940799713e-02
2.805656380951404572e-02,-9.040395170450210571e-02,-2.373245544731616974e-02
4.367440938949584961e-02,-6.618127971887588501e-02,-1.072515081614255905e-02
4.654240980744361877e-02,-6.011362001299858093e-02,-1.104923617094755173e-02
5.879885330796241760e-02,-3.157048672437667847e-02,-2.819446614012122154e-03
6.105715036392211914e-02,1.019621547311544418e-02,2.265810733661055565e-03
5.795829743146896362e-02,2.314364910125732422e-02,6.310205906629562378e-03
5.438396334648132324e-02,2.443280071020126343e-02,1.152748707681894302e-02
4.958469420671463013e-02,3.551189228892326355e-02,9.594494476914405823e-03
4.858920723199844360e-02,4.065705463290214539e-02,1.180891785770654678e-02
3.814266622066497803e-02,4.012376442551612854e-02,6.310787983238697052e-03
3.345966339111328125e-02,3.749617561697959900e-02,3.746636211872100830e-03
2.355178631842136383e-02,3.543738275766372681e-02,1.163158565759658813e-03
1.750065572559833527e-02,2.534937858581542969e-02,3.901691175997257233e-03
1.272634696215391159e-02,1.532889250665903091e-02,1.364921312779188156e-02
8.994872681796550751e-03,4.136323928833007812e-03,1.485973130911588669e-02
2.002190332859754562e-03,-1.376547385007143021e-02,8.670782670378684998e-03
7.447046809829771519e-04,-2.918508090078830719e-02,8.052117191255092621e-03
-1.506382483057677746e-03,-4.537045583128929138e-02,8.115894743241369724e-04
-2.333892276510596275e-03,-5.815679207444190979e-02,2.891394775360822678e-03
1.264672144316136837e-03,-6.691836565732955933e-02,2.460945863276720047e-03
2.742532640695571899e-03,-7.085521519184112549e-02,-1.004898338578641415e-03
6.710318382829427719e-03,-8.446094393730163574e-02,-7.342051831074059010e-04
9.523819200694561005e-03,-8.266253769397735596e-02,-3.347455523908138275e-03
1.361095532774925232e-02,-9.527624398469924927e-02,-4.724298603832721710e-03
2.148474194109439850e-02,-9.576845169067382812e-02,-5.374139174818992615e-03
2.284130640327930450e-02,-9.674484282732009888e-02,-1.316807884722948074e-02
2.765702642500400543e-02,-9.358903765678405762e-02,-1.380281522870063782e-02
3.106714040040969849e-02,-8.816511183977127075e-02,8.375658653676509857e-04
3.403399512171745300e-02,-7.609195262193679810e-02,5.871063913218677044e-04
3.745709359645843506e-02,-6.654559075832366943e-02,-7.173292338848114014e-03
4.044954478740692139e-02,-5.328726395964622498e-02,-4.163264296948909760e-03
4.679169133305549622e-02,-3.859692439436912537e-02,-3.396440763026475906e-03
5.578438565135002136e-02,-2.283401787281036377e-02,-1.748917740769684315e-03
6.689064204692840576e-02,-1.474483287893235683e-03,-3.585956583265215158e-04
8.101502060890197754e-02,2.063590660691261292e-02,9.806252084672451019e-03
8.643996715545654297e-02,3.136405348777770996e-02,1.332767587155103683e-02
8.963531255722045898e-02,4.046364128589630127e-02,1.606654748320579529e-02
9.162067621946334839e-02,5.252095311880111694e-02,1.930122077465057373e-02
9.916979819536209106e-02,6.318000704050064087e-02,1.991355977952480316e-02
1.062507703900337219e-01,8.114242553710937500e-02,1.736181974411010742e-02
1.064242422580718994e-01,8.868447691202163696e-02,2.151495777070522308e-02
1.073502600193023682e-01,8.864437043666839600e-02,1.829779334366321564e-02
1.038119271397590637e-01,8.486481010913848877e-02,1.914515532553195953e-02
9.849521517753601074e-02,6.920101493597030640e-02,1.467813085764646530e-02
9.024947881698608398e-02,5.511556565761566162e-02,1.517185103148221970e-02
8.635552227497100830e-02,4.126825183629989624e-02,2.485363371670246124e-02
8.780194818973541260e-02,7.327024359256029129e-03,7.232314348220825195e-02
1.045654788613319397e-01,-4.182862117886543274e-03,8.473241329193115234e-02
1.667602509260177612e-01,-6.239924952387809753e-02,1.397252529859542847e-01
3.157541155815124512e-01,-1.507203578948974609e-01,2.038417309522628784e-01
5.505912899971008301e-01,-2.493771016597747803e-01,2.825154662132263184e-01
6.009575128555297852e-01,-2.737287580966949463e-01,2.829356491565704346e-01
8.088096976280212402e-01,-3.546310067176818848e-01,3.285905122756958008e-01
8.546649217605590820e-01,-3.751257956027984619e-01,3.366262614727020264e-01
1.109399199485778809e+00,-4.757115840911865234e-01,4.060812890529632568e-01
1.293573617935180664e+00,-5.628256797790527344e-01,4.399085640907287598e-01
1.424014687538146973e+00,-6.268450021743774414e-01,4.482319951057434082e-01
1.554805755615234375e+00,-6.864569187164306641e-01,4.544454216957092285e-01
1.744926333427429199e+00,-7.742952108383178711e-01,4.996693730354309082e-01
1.822245478630065918e+00,-8.157519102096557617e-01,5.161325931549072266e-01
1.925525426864624023e+00,-8.701593279838562012e-01,5.222328305244445801e-01
2.073763370513916016e+00,-9.530044198036193848e-01,5.454684495925903320e-01
2.164386749267578125e+00,-9.996240735054016113e-01,5.650715827941894531e-01
2.239125251770019531e+00,-1.037613034248352051e+00,5.725669860839843750e-01
2.407265901565551758e+00,-1.125197768211364746e+00,6.054678559303283691e-01
2.503803491592407227e+00,-1.180327653884887695e+00,6.101308465003967285e-01
2.559343099594116211e+00,-1.212385535240173340e+00,6.004725098609924316e-01
2.708222627639770508e+00,-1.298014998435974121e+00,6.114559769630432129e-01
2.771662473678588867e+00,-1.341437339782714844e+00,6.263986825942993164e-01
2.883826494216918945e+00,-1.408963918685913086e+00,6.469773650169372559e-01
2.956485271453857422e+00,-1.456367850303649902e+00,6.411629319190979004e-01
2.987614393234252930e+00,-1.477810382843017578e+00,6.551229357719421387e-01
3.054579734802246094e+00,-1.524198532104492188e+00,6.527273654937744141e-01
3.105503320693969727e+00,-1.572748899459838867e+00,6.449404954910278320e-01
3.130601882934570312e+00,-1.657133460044860840e+00,6.467850208282470703e-01
3.132678031921386719e+00,-1.713539242744445801e+00,6.505717039108276367e-01
3.132678031921386719e+00,-1.713539242744445801e+00,6.505717039108276367e-01
3.091264247894287109e+00,-1.798460483551025391e+00,6.814408898353576660e-01
3.036554098129272461e+00,-1.850083112716674805e+00,6.788035631179809570e-01
2.943844318389892578e+00,-1.872109413146972656e+00,7.224271297454833984e-01
2.882223844528198242e+00,-1.893173575401306152e+00,7.116373777389526367e-01
2.853899717330932617e+00,-1.900135517120361328e+00,7.218207120895385742e-01
2.773939371109008789e+00,-1.938864231109619141e+00,6.891978979110717773e-01
2.630519151687622070e+00,-1.961428642272949219e+00,6.419889330863952637e-01
2.531913042068481445e+00,-1.981522202491760254e+00,5.932038426399230957e-01
2.422916173934936523e+00,-1.967560887336730957e+00,5.513554215431213379e-01
2.367947340011596680e+00,-1.941664576530456543e+00,5.295356512069702148e-01
2.320700883865356445e+00,-1.929420471191406250e+00,4.974157512187957764e-01
2.243776321411132812e+00,-1.895761847496032715e+00,4.633416831493377686e-01
2.170625209808349609e+00,-1.841415405273437500e+00,4.046404361724853516e-01
2.027694463729858398e+00,-1.752964854240417480e+00,3.592092990875244141e-01
1.931468486785888672e+00,-1.658529639244079590e+00,2.986776232719421387e-01
1.874454021453857422e+00,-1.609595775604248047e+00,2.822905182838439941e-01
1.732786536216735840e+00,-1.506605625152587891e+00,2.596069574356079102e-01
1.603498816490173340e+00,-1.350048422813415527e+00,1.983415484428405762e-01
1.477929830551147461e+00,-1.208801746368408203e+00,1.567270159721374512e-01
1.447939157485961914e+00,-1.176656961441040039e+00,1.436523199081420898e-01
1.405107498168945312e+00,-1.124633193016052246e+00,1.323136240243911743e-01
1.358390450477600098e+00,-1.060251355171203613e+00,9.992725402116775513e-02
1.235062479972839355e+00,-9.328716397285461426e-01,7.972878217697143555e-02
1.211305618286132812e+00,-9.049950838088989258e-01,7.752344012260437012e-02
1.075219035148620605e+00,-7.855635881423950195e-01,4.997964203357696533e-02
1.011584997177124023e+00,-7.334117889404296875e-01,2.121190726757049561e-02
9.401860237121582031e-01,-6.831182837486267090e-01,1.915887556970119476e-02
8.611393570899963379e-01,-6.311029195785522461e-01,6.476242560893297195e-03
7.677513360977172852e-01,-5.701322555541992188e-01,-1.566731370985507965e-04
6.966494917869567871e-01,-5.311037302017211914e-01,-2.473188331350684166e-03
6.278713345527648926e-01,-4.955358803272247314e-01,1.487726252526044846e-02
5.783741474151611328e-01,-4.774295091629028320e-01,3.282323852181434631e-02
5.482323765754699707e-01,-4.619407653808593750e-01,5.313176289200782776e-02
5.402529835700988770e-01,-4.582920670509338379e-01,1.045975610613822937e-01
5.374683141708374023e-01,-4.600234031677246094e-01,1.496682614088058472e-01
5.518375039100646973e-01,-4.623323678970336914e-01,1.633647382259368896e-01
5.852525830268859863e-01,-4.879588782787322998e-01,2.212110906839370728e-01
6.177753210067749023e-01,-5.001006722450256348e-01,2.550377547740936279e-01
6.380864381790161133e-01,-5.086987614631652832e-01,2.981581389904022217e-01
6.532377600669860840e-01,-5.181798338890075684e-01,2.951869666576385498e-01
6.817597746849060059e-01,-5.311005115509033203e-01,2.983750104904174805e-01
7.022958993911743164e-01,-5.484987497329711914e-01,3.088839948177337646e-01
7.275941371917724609e-01,-5.565356016159057617e-01,2.777383923530578613e-01
7.541697621345520020e-01,-5.592061877250671387e-01,2.132745385169982910e-01
7.599881291389465332e-01,-5.684399604797363281e-01,2.054585963487625122e-01
7.860850095748901367e-01,-5.655816793441772461e-01,1.735408306121826172e-01
8.025774955749511719e-01,-5.524432063102722168e-01,1.266582459211349487e-01
8.086264133453369141e-01,-5.386481881141662598e-01,1.067092195153236389e-01
8.125583529472351074e-01,-5.175274610519409180e-01,5.891625210642814636e-02
8.208340406417846680e-01,-4.909574091434478760e-01,4.947576299309730530e-02
7.926254272460937500e-01,-4.476830065250396729e-01,5.679036676883697510e-02
7.803171277046203613e-01,-4.242441654205322266e-01,6.802534312009811401e-02
7.594221234321594238e-01,-3.969253599643707275e-01,7.152885943651199341e-02
7.486659288406372070e-01,-3.807110488414764404e-01,6.936138123273849487e-02
7.002514004707336426e-01,-3.504883348941802979e-01,6.211952865123748779e-02
6.768894791603088379e-01,-3.329481184482574463e-01,6.408882886171340942e-02
6.412915587425231934e-01,-3.216117918491363525e-01,7.484550774097442627e-02
5.805046558380126953e-01,-3.032985627651214600e-01,8.914582431316375732e-02
5.328696966171264648e-01,-2.972757518291473389e-01,8.977467566728591919e-02
4.857839941978454590e-01,-2.950406968593597412e-01,8.461481332778930664e-02
4.526772499084472656e-01,-3.002800643444061279e-01,8.285406976938247681e-02
4.200395643711090088e-01,-3.021430373191833496e-01,7.727124541997909546e-02
3.993024826049804688e-01,-3.065219521522521973e-01,7.276795804500579834e-02
3.512668311595916748e-01,-3.240547180175781250e-01,6.349910050630569458e-02
3.512668311595916748e-01,-3.240547180175781250e-01,6.349910050630569458e-02
3.259227275848388672e-01,-3.367329239845275879e-01,6.631325185298919678e-02
2.967353463172912598e-01,-3.523042500019073486e-01,5.159768462181091309e-02
2.557395994663238525e-01,-3.698096573352813721e-01,4.164643585681915283e-02
2.467169463634490967e-01,-3.790455758571624756e-01,3.683499619364738464e-02
2.382923364639282227e-01,-3.870416581630706787e-01,3.415859490633010864e-02
2.233484983444213867e-01,-3.932910859584808350e-01,2.899284288287162781e-02
2.017882466316223145e-01,-3.947591483592987061e-01,7.644365075975656509e-03
1.957289427518844604e-01,-3.919734954833984375e-01,7.343415636569261551e-03
1.907672733068466187e-01,-3.924023509025573730e-01,1.238532178103923798e-02
1.921155303716659546e-01,-3.898126482963562012e-01,1.199156232178211212e-02
1.836352944374084473e-01,-3.897917568683624268e-01,7.153478916734457016e-03
1.820797473192214966e-01,-3.759271502494812012e-01,5.382061004638671875e-03
1.809983402490615845e-01,-3.550505042076110840e-01,8.728954941034317017e-03
1.778676062822341919e-01,-3.453343808650970459e-01,9.911427274346351624e-03
1.813172549009323120e-01,-3.261869251728057861e-01,7.788207381963729858e-03
1.719726622104644775e-01,-2.991640567779541016e-01,6.160577014088630676e-02
1.764605790376663208e-01,-2.811553776264190674e-01,6.387489289045333862e-02
1.757255494594573975e-01,-2.535715997219085693e-01,6.429134309291839600e-02
1.774693280458450317e-01,-2.472577840089797974e-01,4.508450254797935486e-02
1.781959235668182373e-01,-2.173922508955001831e-01,3.513213247060775757e-02
1.795936673879623413e-01,-1.949730068445205688e-01,2.270472422242164612e-02
1.842337548732757568e-01,-1.790049672126770020e-01,1.591691561043262482e-02
1.834758371114730835e-01,-1.672625094652175903e-01,2.078827004879713058e-03
1.795769184827804565e-01,-1.537673324346542358e-01,1.214368548244237900e-02
1.870775073766708374e-01,-1.389289945363998413e-01,8.468161337077617645e-03
1.884181052446365356e-01,-1.377954483032226562e-01,1.731580682098865509e-02
1.877660602331161499e-01,-1.171906143426895142e-01,1.706033945083618164e-02
1.763756722211837769e-01,-9.103249013423919678e-02,2.991956099867820740e-02
1.910858303308486938e-01,-8.243776857852935791e-02,3.002616204321384430e-02
1.714983433485031128e-01,-6.064612790942192078e-02,3.913065791130065918e-02
1.614485532045364380e-01,-4.408859461545944214e-02,3.213107958436012268e-02
1.606752574443817139e-01,-4.475562646985054016e-02,3.313752636313438416e-02
1.296387016773223877e-01,-1.723206788301467896e-02,3.082664869725704193e-02
1.060768663883209229e-01,-5.798452999442815781e-03,2.610921114683151245e-02
8.762995898723602295e-02,6.284188013523817062e-03,1.969624124467372894e-02
5.747228488326072693e-02,2.172828651964664459e-02,3.645869344472885132e-02
4.890860244631767273e-02,1.804777048528194427e-02,3.570252284407615662e-02
1.905502402223646641e-03,4.096459969878196716e-02,2.899167314171791077e-02
-1.581974141299724579e-02,4.803905636072158813e-02,2.855908125638961792e-02
-1.686897687613964081e-02,5.293875187635421753e-02,1.929412223398685455e-02
-4.110186174511909485e-02,5.216840282082557678e-02,1.237856131047010422e-02
-7.151433080434799194e-02,5.430897325277328491e-02,-2.995463786646723747e-03
-7.296029478311538696e-02,4.886415600776672363e-02,-1.179873012006282806e-03
-8.478239923715591431e-02,4.846144095063209534e-02,3.566108178347349167e-03
-8.839095383882522583e-02,4.867083951830863953e-02,7.555662654340267181e-03
-8.865758031606674194e-02,3.891180455684661865e-02,4.347572103142738342e-03
-8.917111158370971680e-02,3.495563566684722900e-02,-8.629284799098968506e-03
-8.843015134334564209e-02,2.721144817769527435e-02,-1.065833773463964462e-02
-8.770502358675003052e-02,2.326293103396892548e-02,-1.206280756741762161e-02
-8.613646030426025391e-02,2.834605053067207336e-02,-4.155079368501901627e-03
-8.304601907730102539e-02,3.370851278305053711e-02,1.022517308592796326e-02
-7.998288422822952271e-02,3.566025570034980774e-02,1.211802382022142410e-02
-8.577593415975570679e-02,4.577681049704551697e-02,-9.252761374227702618e-04
-8.613394200801849365e-02,5.902630090713500977e-02,1.331995055079460144e-02
-9.002131968736648560e-02,7.555393129587173462e-02,-3.080134838819503784e-02
-1.041311845183372498e-01,8.557571470737457275e-02,-8.881495147943496704e-02
-1.357978284358978271e-01,1.035885885357856750e-01,-1.864195764064788818e-01
-1.655615121126174927e-01,1.112985089421272278e-01,-2.704717516899108887e-01
-1.817764639854431152e-01,1.165644004940986633e-01,-3.431157171726226807e-01
-2.096092402935028076e-01,1.213433742523193359e-01,-4.475791156291961670e-01
-2.425539940595626831e-01,1.263747066259384155e-01,-5.595741868019104004e-01
-2.812207937240600586e-01,1.304448843002319336e-01,-7.094172239303588867e-01
-3.083144724369049072e-01,1.244715675711631775e-01,-7.979461550712585449e-01
-3.376191556453704834e-01,1.231279298663139343e-01,-8.610808849334716797e-01
-3.887549936771392822e-01,1.355701237916946411e-01,-9.450286030769348145e-01
-4.713522791862487793e-01,1.295249462127685547e-01,-1.031415581703186035e+00
-4.886227846145629883e-01,1.324350982904434204e-01,-1.038698554039001465e+00
-5.432072281837463379e-01,1.370744407176971436e-01,-1.094613790512084961e+00
-5.945591926574707031e-01,1.238212808966636658e-01,-1.091266036033630371e+00
-6.696963906288146973e-01,1.278804242610931396e-01,-1.070499897003173828e+00
-7.018859386444091797e-01,1.179197132587432861e-01,-1.069027423858642578e+00
-7.440908551216125488e-01,1.242543533444404602e-01,-1.032098412513732910e+00
-7.842329144477844238e-01,1.181054338812828064e-01,-1.002472400665283203e+00
-8.118348121643066406e-01,1.135169863700866699e-01,-9.658126831054687500e-01
-8.769537806510925293e-01,9.511688351631164551e-02,-8.837714195251464844e-01
-9.021116495132446289e-01,8.836836367845535278e-02,-8.070497512817382812e-01
-9.587205648422241211e-01,5.736866220831871033e-02,-7.064490914344787598e-01
-9.826010465621948242e-01,4.308811202645301819e-02,-6.733782887458801270e-01
-1.015774965286254883e+00,4.239125922322273254e-02,-6.282085776329040527e-01
-1.042281270027160645e+00,-9.757214225828647614e-03,-5.694353580474853516e-01
-1.061182856559753418e+00,-4.706912860274314880e-02,-5.325413942337036133e-01
-1.086199045181274414e+00,-8.460827916860580444e-02,-5.096359848976135254e-01
-1.130015611648559570e+00,-1.388139575719833374e-01,-4.644480049610137939e-01
-1.157062530517578125e+00,-1.785216033458709717e-01,-4.442185461521148682e-01
-1.189590454101562500e+00,-2.259508073329925537e-01,-4.245752692222595215e-01
-1.225709438323974609e+00,-2.653480768203735352e-01,-4.102185964584350586e-01
-1.256247043609619141e+00,-3.136382997035980225e-01,-3.909146785736083984e-01
-1.274440050125122070e+00,-3.311115205287933350e-01,-3.867249190807342529e-01
-1.306652188301086426e+00,-3.533583283424377441e-01,-3.725814223289489746e-01
-1.340999841690063477e+00,-3.614762127399444580e-01,-3.415353000164031982e-01
-1.358741283416748047e+00,-3.540313839912414551e-01,-3.385145664215087891e-01
-1.378172993659973145e+00,-3.472338914871215820e-01,-3.351728618144989014e-01
-1.403082609176635742e+00,-3.224184811115264893e-01,-3.237997889518737793e-01
-1.418885111808776855e+00,-2.492725849151611328e-01,-2.864413857460021973e-01
-1.440514802932739258e+00,-2.279539853334426880e-01,-2.788362205028533936e-01
-1.465500831604003906e+00,-1.723636686801910400e-01,-2.599665224552154541e-01
-1.496456265449523926e+00,-8.453115075826644897e-02,-2.300051897764205933e-01
-1.530460476875305176e+00,-4.518258851021528244e-03,-2.048263847827911377e-01
-1.553477168083190918e+00,4.971058294177055359e-02,-1.994337141513824463e-01
-1.586000680923461914e+00,1.430363208055496216e-01,-1.891397237777709961e-01
-1.615279316902160645e+00,2.066904455423355103e-01,-1.698658615350723267e-01
-1.658782958984375000e+00,3.007910847663879395e-01,-1.610184758901596069e-01
-1.677268743515014648e+00,3.325494527816772461e-01,-1.616282612085342407e-01
-1.715122580528259277e+00,4.016145169734954834e-01,-1.689195930957794189e-01
-1.745931029319763184e+00,4.397041499614715576e-01,-1.669631898403167725e-01
-1.776619553565979004e+00,4.768129289150238037e-01,-1.797204315662384033e-01
-1.804790973663330078e+00,4.998115003108978271e-01,-1.871749162673950195e-01
-1.836050987243652344e+00,5.162277817726135254e-01,-1.995870321989059448e-01
-1.896138072013854980e+00,5.053515434265136719e-01,-1.702606678009033203e-01
-1.904040455818176270e+00,4.837572276592254639e-01,-1.524416208267211914e-01
-1.904040455818176270e+00,4.837572276592254639e-01,-1.524416208267211914e-01
-1.962204694747924805e+00,4.540522098541259766e-01,-1.254220753908157349e-01
-1.993432879447937012e+00,3.876132369041442871e-01,-9.172570705413818359e-02
-2.029333114624023438e+00,3.204436302185058594e-01,-6.338199973106384277e-02
-2.030817985534667969e+00,2.835932970046997070e-01,-5.099548771977424622e-02
-2.053655147552490234e+00,2.518630623817443848e-01,-5.328385904431343079e-02
-2.080502271652221680e+00,2.006543129682540894e-01,-5.206066742539405823e-02
-2.107098102569580078e+00,1.445014923810958862e-01,-5.608024448156356812e-02
-2.141689300537109375e+00,3.836245462298393250e-02,-6.462676823139190674e-02
-2.203700065612792969e+00,-4.678679630160331726e-02,-8.868061006069183350e-02
-2.208938598632812500e+00,-5.849358066916465759e-02,-9.104228764772415161e-02
-2.234335660934448242e+00,-1.010989695787429810e-01,-1.125421077013015747e-01
-2.274296522140502930e+00,-1.364774256944656372e-01,-1.360755115747451782e-01
-2.289791345596313477e+00,-1.439940184354782104e-01,-1.366227567195892334e-01
-2.297597646713256836e+00,-1.340095698833465576e-01,-1.495315432548522949e-01
-2.267223834991455078e+00,-1.109939664602279663e-01,-1.598757505416870117e-01
-2.277271509170532227e+00,-8.819980174303054810e-02,-1.488945782184600830e-01
-2.247368812561035156e+00,-7.299415022134780884e-02,-1.393695920705795288e-01
-2.216384649276733398e+00,-2.608896233141422272e-02,-1.021874696016311646e-01
-2.165897369384765625e+00,5.054445937275886536e-03,-8.583331108093261719e-02
-2.117968320846557617e+00,2.068191021680831909e-02,-6.145770475268363953e-02
-2.060623645782470703e+00,5.156166106462478638e-02,-4.794389754533767700e-02
-2.034677743911743164e+00,6.407511979341506958e-02,-2.337569743394851685e-02
-1.955847501754760742e+00,9.131289273500442505e-02,-1.387692638672888279e-03
-1.860435366630554199e+00,1.177043765783309937e-01,2.247251803055405617e-03
-1.772430062294006348e+00,1.537382155656814575e-01,6.556932814419269562e-03
-1.631355166435241699e+00,1.804589480161666870e-01,1.586456783115863800e-02
-1.557403326034545898e+00,1.940666437149047852e-01,9.333901107311248779e-03
-1.477948307991027832e+00,2.074787765741348267e-01,-7.234181277453899384e-03
-1.408888220787048340e+00,2.233449667692184448e-01,-1.807905919849872589e-02
-1.353010296821594238e+00,2.255119532346725464e-01,-2.185091935098171234e-02
-1.296431064605712891e+00,2.247251123189926147e-01,-4.182873293757438660e-02
-1.216760158538818359e+00,2.274628132581710815e-01,-4.497398808598518372e-02
-1.125366091728210449e+00,2.134848982095718384e-01,-5.339417606592178345e-02
-1.073404192924499512e+00,1.996215134859085083e-01,-5.668238550424575806e-02
-1.049174904823303223e+00,1.906673610210418701e-01,-5.745482444763183594e-02
-9.998196363449096680e-01,1.723100394010543823e-01,-5.435563251376152039e-02
-9.569083452224731445e-01,1.518746465444564819e-01,-3.606108576059341431e-02
-9.209367632865905762e-01,1.208669319748878479e-01,-2.508961781859397888e-02
-8.758401870727539062e-01,8.113141357898712158e-02,-1.463109161704778671e-02
-8.464393019676208496e-01,4.558360576629638672e-02,-3.390079597011208534e-03
-8.464393019676208496e-01,4.558360576629638672e-02,-3.390079597011208534e-03
-8.186556100845336914e-01,1.514392718672752380e-02,-6.299837026745080948e-03
-7.958803176879882812e-01,-1.526532601565122604e-02,-1.337218284606933594e-02
-7.629544734954833984e-01,-4.742730781435966492e-02,-1.974504813551902771e-02
-7.564953565597534180e-01,-4.915317147970199585e-02,-2.083724364638328552e-02
-7.472466826438903809e-01,-7.423660904169082642e-02,-1.851910911500453949e-02
-7.348893880844116211e-01,-8.724532276391983032e-02,-1.985308714210987091e-02
-7.238191366195678711e-01,-9.204027056694030762e-02,-1.264443993568420410e-02
-7.268762588500976562e-01,-1.009099483489990234e-01,-1.045530568808317184e-02
-7.191208004951477051e-01,-9.503054618835449219e-02,-7.696642540395259857e-03
-7.169382572174072266e-01,-9.240948408842086792e-02,-8.063655346632003784e-03
-7.253351211547851562e-01,-8.960545808076858521e-02,-4.948479589074850082e-03
-7.149738669395446777e-01,-7.840259373188018799e-02,-6.301026791334152222e-03
-7.119411826133728027e-01,-7.778581976890563965e-02,-3.175094956532120705e-03
-7.035859823226928711e-01,-7.309938967227935791e-02,-1.256033312529325485e-02
-6.898277997970581055e-01,-6.985579431056976318e-02,-1.769412122666835785e-02
-6.717620491981506348e-01,-6.943825632333755493e-02,-2.145291678607463837e-02
-6.441187858581542969e-01,-6.881031394004821777e-02,-2.724017947912216187e-02
-6.178628802299499512e-01,-6.927461922168731689e-02,-4.255539923906326294e-02
-5.931553244590759277e-01,-7.178819179534912109e-02,-5.252375453710556030e-02
-5.757773518562316895e-01,-7.427623122930526733e-02,-6.016665697097778320e-02
-5.198722481727600098e-01,-7.263836264610290527e-02,-6.753344088792800903e-02
-4.343678653240203857e-01,-6.457875669002532959e-02,-8.107344061136245728e-02
-4.315901994705200195e-01,-6.387257575988769531e-02,-8.289509266614913940e-02
-3.900946676731109619e-01,-5.938597768545150757e-02,-7.974309474229812622e-02
-3.763165175914764404e-01,-5.632907524704933167e-02,-8.106327801942825317e-02
-3.244072496891021729e-01,-3.472464159131050110e-02,-8.102516084909439087e-02
-3.057010769844055176e-01,-2.495373226702213287e-02,-7.183622568845748901e-02
-2.782704830169677734e-01,-1.272083632647991180e-02,-7.234277576208114624e-02
-2.451430708169937134e-01,1.114847138524055481e-02,-7.800700515508651733e-02
-2.295838892459869385e-01,1.983483135700225830e-02,-7.726792246103286743e-02
-2.140132486820220947e-01,3.586230427026748657e-02,-6.852153688669204712e-02
-1.962952762842178345e-01,5.384237691760063171e-02,-6.492559611797332764e-02
-1.900457590818405151e-01,6.352911144495010376e-02,-5.945095419883728027e-02
-1.859219074249267578e-01,7.140986621379852295e-02,-4.199865460395812988e-02
-1.873573362827301025e-01,7.488539814949035645e-02,-4.211801663041114807e-02
-1.886925548315048218e-01,7.874670624732971191e-02,-4.559813812375068665e-02
-1.994531303644180298e-01,6.556248664855957031e-02,-4.272321611642837524e-02
-2.103985399007797241e-01,5.252457410097122192e-02,-4.523017629981040955e-02
-2.278147935867309570e-01,3.740392997860908508e-02,-3.442014753818511963e-02
-2.287924140691757202e-01,2.481177262961864471e-02,-3.226664289832115173e-02
-2.373672127723693848e-01,1.684793084859848022e-02,-2.766127698123455048e-02
-2.476611733436584473e-01,5.891522159799933434e-04,-1.641277968883514404e-02
-2.514093816280364990e-01,-1.805723458528518677e-02,-1.382900401949882507e-02
-2.632981538772583008e-01,-4.743678867816925049e-02,-3.535941010341048241e-03
-2.482425719499588013e-01,-5.526863783597946167e-02,-8.400261402130126953e-03
-2.406540215015411377e-01,-7.350452244281768799e-02,-9.596867486834526062e-03
-2.203204482793807983e-01,-9.931092709302902222e-02,-2.099702507257461548e-02
-1.900012791156768799e-01,-1.104319021105766296e-01,-2.366332896053791046e-02
-1.798306703567504883e-01,-1.167833209037780762e-01,-2.057258971035480499e-02
-1.453601270914077759e-01,-1.234389692544937134e-01,-1.745703071355819702e-02
-1.203828752040863037e-01,-1.268287301063537598e-01,-1.357816066592931747e-02
-1.022045910358428955e-01,-1.198330000042915344e-01,-1.570898666977882385e-02
-5.489505454897880554e-02,-1.007954925298690796e-01,1.742363907396793365e-02
3.379273414611816406e-02,-4.761903733015060425e-02,9.617832303047180176e-02
2.120075970888137817e-01,6.149914860725402832e-02,1.985120475292205811e-01
3.468498885631561279e-01,1.355146169662475586e-01,2.065656930208206177e-01
4.397178590297698975e-01,1.898728907108306885e-01,2.200459986925125122e-01
6.142372488975524902e-01,2.592061161994934082e-01,2.017643302679061890e-01
7.903348803520202637e-01,3.288101851940155029e-01,1.803981810808181763e-01
9.140632748603820801e-01,3.747283816337585449e-01,1.609943211078643799e-01
1.103775024414062500e+00,4.330879449844360352e-01,1.108027175068855286e-01
1.432610034942626953e+00,5.160989165306091309e-01,4.064609855413436890e-02
1.713182210922241211e+00,5.753366947174072266e-01,-2.542321756482124329e-02
1.780771851539611816e+00,5.839404463768005371e-01,-4.576214030385017395e-02
2.059894800186157227e+00,6.219602227210998535e-01,-1.201490089297294617e-01
2.266717195510864258e+00,6.531324982643127441e-01,-1.702982038259506226e-01
2.583359956741333008e+00,6.885065436363220215e-01,-2.030063122510910034e-01
2.720163106918334961e+00,7.091256380081176758e-01,-1.976034343242645264e-01
2.894161701202392578e+00,7.274081707000732422e-01,-1.871196329593658447e-01
3.040791988372802734e+00,7.385367751121520996e-01,-1.644763797521591187e-01
3.216814756393432617e+00,7.602378726005554199e-01,-9.826230257749557495e-02
3.358919143676757812e+00,7.922497987747192383e-01,-1.104654930531978607e-02
3.364012002944946289e+00,8.140611052513122559e-01,4.617904871702194214e-02
3.420669794082641602e+00,8.472824692726135254e-01,9.809348732233047485e-02
3.457582712173461914e+00,9.264058470726013184e-01,2.506990730762481689e-01
3.439613819122314453e+00,9.147212505340576172e-01,3.111496865749359131e-01
3.339614629745483398e+00,9.670547842979431152e-01,5.019000172615051270e-01
3.244993925094604492e+00,1.026509523391723633e+00,6.434417963027954102e-01
3.163429498672485352e+00,1.099902868270874023e+00,7.132163047790527344e-01
3.086421251296997070e+00,1.148527264595031738e+00,8.060278296470642090e-01
2.974401235580444336e+00,1.257422804832458496e+00,9.180848002433776855e-01
2.876126050949096680e+00,1.338397979736328125e+00,9.718950986862182617e-01
2.821977615356445312e+00,1.400270581245422363e+00,9.959785938262939453e-01
2.678063631057739258e+00,1.546896338462829590e+00,9.641809463500976562e-01
2.600028991699218750e+00,1.582139849662780762e+00,8.898033499717712402e-01
2.543085336685180664e+00,1.606672644615173340e+00,8.591890335083007812e-01
2.439795255661010742e+00,1.593878984451293945e+00,7.782645225524902344e-01
2.335097074508666992e+00,1.576941251754760742e+00,6.817662119865417480e-01
2.264690399169921875e+00,1.568608283996582031e+00,6.521629691123962402e-01
2.173445224761962891e+00,1.531084179878234863e+00,6.079084873199462891e-01
2.173445224761962891e+00,1.531084179878234863e+00,6.079084873199462891e-01
2.102482080459594727e+00,1.512486100196838379e+00,5.950092077255249023e-01
2.027287483215332031e+00,1.489858627319335938e+00,5.920976400375366211e-01
1.929527759552001953e+00,1.428363323211669922e+00,5.729824900627136230e-01
1.861815214157104492e+00,1.384220004081726074e+00,5.586527585983276367e-01
1.777912020683288574e+00,1.312321901321411133e+00,5.227916240692138672e-01
1.682234883308410645e+00,1.205875873565673828e+00,4.750005900859832764e-01
1.634732842445373535e+00,1.146077871322631836e+00,4.458721578121185303e-01
1.589455604553222656e+00,1.079953074455261230e+00,4.095955789089202881e-01
1.564031481742858887e+00,1.037200331687927246e+00,4.011646211147308350e-01
1.530608415603637695e+00,9.829025864601135254e-01,3.878902494907379150e-01
1.468561530113220215e+00,8.396005034446716309e-01,3.377981483936309814e-01
1.445217132568359375e+00,8.027163147926330566e-01,3.158588409423828125e-01
1.437219738960266113e+00,7.718906998634338379e-01,3.102121949195861816e-01
1.423613429069519043e+00,7.396400570869445801e-01,2.902565300464630127e-01
1.412062764167785645e+00,6.939920186996459961e-01,2.879158854484558105e-01
1.395465135574340820e+00,6.519992351531982422e-01,2.956472635269165039e-01
1.357059001922607422e+00,5.884506106376647949e-01,2.795858383178710938e-01
1.342449545860290527e+00,5.693093538284301758e-01,2.778743505477905273e-01
1.293799996376037598e+00,5.120430588722229004e-01,2.851096391677856445e-01
1.285946130752563477e+00,5.038015842437744141e-01,2.835333645343780518e-01
1.267494916915893555e+00,4.771702587604522705e-01,2.840165793895721436e-01
1.247107863426208496e+00,4.738589525222778320e-01,2.935240864753723145e-01
1.230259299278259277e+00,4.717091619968414307e-01,2.936261594295501709e-01
1.191441416740417480e+00,4.648685157299041748e-01,2.776024043560028076e-01
1.176485180854797363e+00,4.667494595050811768e-01,2.889394462108612061e-01
1.151872158050537109e+00,4.704428315162658691e-01,2.812811732292175293e-01
1.113939642906188965e+00,4.860459864139556885e-01,2.948964238166809082e-01
1.071667551994323730e+00,5.013198256492614746e-01,2.941944301128387451e-01
1.045484185218811035e+00,4.993472993373870850e-01,2.829622924327850342e-01
1.032875776290893555e+00,5.029729604721069336e-01,2.749955654144287109e-01
1.001369595527648926e+00,5.117900967597961426e-01,2.464774996042251587e-01
9.940012693405151367e-01,5.100405216217041016e-01,2.410630732774734497e-01
9.759758114814758301e-01,5.066559910774230957e-01,2.271130234003067017e-01
9.678965210914611816e-01,5.042131543159484863e-01,2.170016765594482422e-01
9.376915693283081055e-01,5.068845748901367188e-01,1.749104857444763184e-01
8.936223983764648438e-01,5.041953325271606445e-01,1.238082423806190491e-01
8.824168443679809570e-01,5.019092559814453125e-01,1.182370483875274658e-01
8.701372742652893066e-01,5.078099370002746582e-01,1.092477589845657349e-01
8.538026809692382812e-01,5.051738619804382324e-01,8.848322927951812744e-02
8.225303292274475098e-01,4.996938109397888184e-01,7.922313362360000610e-02
8.170139789581298828e-01,5.072020292282104492e-01,8.134704083204269409e-02
7.933561205863952637e-01,4.913210570812225342e-01,5.774724483489990234e-02
7.848917245864868164e-01,4.849589765071868896e-01,5.481669679284095764e-02
7.610660195350646973e-01,4.614613950252532959e-01,4.804033413529396057e-02
7.583592534065246582e-01,4.603243768215179443e-01,6.056522205471992493e-02
7.430514097213745117e-01,4.377242326736450195e-01,6.092058867216110229e-02
7.218349575996398926e-01,4.198422133922576904e-01,8.542848378419876099e-02
7.106962800025939941e-01,3.890303075313568115e-01,9.755886346101760864e-02
6.883127093315124512e-01,3.609449863433837891e-01,1.037671789526939392e-01
6.715652346611022949e-01,3.352010548114776611e-01,1.070310696959495544e-01
6.529097557067871094e-01,3.121497929096221924e-01,1.161254346370697021e-01
6.310309171676635742e-01,2.664591670036315918e-01,1.093483194708824158e-01
6.136239171028137207e-01,2.507395446300506592e-01,1.082212775945663452e-01
5.997561216354370117e-01,2.256744503974914551e-01,1.108350157737731934e-01
5.727838873863220215e-01,1.763191372156143188e-01,1.163885667920112610e-01
5.584573745727539062e-01,1.695545166730880737e-01,1.103522256016731262e-01
5.488590002059936523e-01,1.674298793077468872e-01,1.079510375857353210e-01
5.232366919517517090e-01,1.341992765665054321e-01,9.476379305124282837e-02
5.074579715728759766e-01,1.313761323690414429e-01,8.973111957311630249e-02
4.858842790126800537e-01,1.218983307480812073e-01,6.883178651332855225e-02
4.503648579120635986e-01,1.032139286398887634e-01,5.485027283430099487e-02
4.235930144786834717e-01,9.879153966903686523e-02,4.860278591513633728e-02
4.072287082672119141e-01,1.041722446680068970e-01,3.590313717722892761e-02
3.882129192352294922e-01,1.010593324899673462e-01,2.676384337246417999e-02
3.799989223480224609e-01,1.034858673810958862e-01,2.648655325174331665e-02
3.557445406913757324e-01,1.114535033702850342e-01,1.528142113238573074e-02
3.441334068775177002e-01,1.058008596301078796e-01,-3.752638353034853935e-03
3.291595578193664551e-01,1.034363731741905212e-01,-1.417282037436962128e-02
3.263360857963562012e-01,1.081518232822418213e-01,4.031490068882703781e-03
3.233613967895507812e-01,1.043135374784469604e-01,4.462744574993848801e-03
3.107115924358367920e-01,9.625043720006942749e-02,1.733647193759679794e-03
3.081710934638977051e-01,9.141700714826583862e-02,3.771948162466287613e-03
3.030259311199188232e-01,8.087050169706344604e-02,8.728297427296638489e-03
2.986829280853271484e-01,7.217772305011749268e-02,7.380868308246135712e-03
3.026072978973388672e-01,5.348686501383781433e-02,2.569355815649032593e-02
3.052712082862854004e-01,4.240557551383972168e-02,2.848948352038860321e-02
2.968143224716186523e-01,3.733206912875175476e-02,5.480166152119636536e-02
3.063410222530364990e-01,2.283015474677085876e-02,5.845424905419349670e-02
2.906537055969238281e-01,7.058357005007565022e-04,4.908984899520874023e-02
2.904393374919891357e-01,9.147769887931644917e-04,3.578619658946990967e-02
2.863167524337768555e-01,-1.253198366612195969e-02,5.195706710219383240e-02
2.719117999076843262e-01,-3.886791318655014038e-02,3.513628989458084106e-02
2.646998167037963867e-01,-4.744826629757881165e-02,4.514582827687263489e-02
2.340282201766967773e-01,-5.409982055425643921e-02,5.659633502364158630e-02
2.098144888877868652e-01,-6.159703060984611511e-02,4.904881864786148071e-02
1.966672539710998535e-01,-6.242457032203674316e-02,5.702272802591323853e-02
1.578712165355682373e-01,-6.882479786872863770e-02,4.580888152122497559e-02
1.324722766876220703e-01,-7.893255352973937988e-02,5.295576900243759155e-02
1.117954552173614502e-01,-7.864331454038619995e-02,5.012726038694381714e-02
6.753376126289367676e-02,-8.355870842933654785e-02,3.302338346838951111e-02
5.239164456725120544e-02,-8.517395704984664917e-02,3.061293624341487885e-02
1.234069373458623886e-02,-8.595201373100280762e-02,1.504222769290208817e-02
3.034101100638508797e-03,-8.606530725955963135e-02,2.575496956706047058e-02
-3.771088272333145142e-02,-7.109432667493820190e-02,1.696239458397030830e-03
-6.267520040273666382e-02,-6.314626336097717285e-02,-2.164103835821151733e-02
-6.224114820361137390e-02,-6.343714147806167603e-02,-2.372024022042751312e-02
-8.971861004829406738e-02,-6.130530685186386108e-02,-7.765931542962789536e-03
-9.751684963703155518e-02,-5.385445430874824524e-02,-2.428195811808109283e-02
-1.202334240078926086e-01,-6.556306034326553345e-02,-3.273420780897140503e-02
-1.221122518181800842e-01,-6.186469644308090210e-02,-5.544931069016456604e-02
-1.201943531632423401e-01,-5.942217633128166199e-02,-5.352808907628059387e-02
-1.173488274216651917e-01,-5.314019694924354553e-02,-5.437092110514640808e-02
-1.247570812702178955e-01,-6.014188379049301147e-02,-6.564901769161224365e-02
-1.167776286602020264e-01,-6.864485889673233032e-02,-5.954980850219726562e-02
-1.161752343177795410e-01,-6.921229511499404907e-02,-6.255620718002319336e-02
-9.368873387575149536e-02,-7.440990209579467773e-02,-4.886456951498985291e-02
-8.132660388946533203e-02,-9.991508722305297852e-02,-2.417112141847610474e-02
-7.106609642505645752e-02,-1.101926788687705994e-01,-7.988296449184417725e-03
-6.671713292598724365e-02,-1.255745589733123779e-01,1.157149579375982285e-02
-6.569093465805053711e-02,-1.413383334875106812e-01,-1.457309070974588394e-02
-6.347237527370452881e-02,-1.532556265592575073e-01,-1.015729084610939026e-01
-8.485136926174163818e-02,-1.653296351432800293e-01,-1.582449227571487427e-01
-1.154006943106651306e-01,-1.873803585767745972e-01,-3.013632595539093018e-01
-1.410017609596252441e-01,-2.035284489393234253e-01,-4.038425981998443604e-01
-1.643944084644317627e-01,-2.090526521205902100e-01,-4.761603176593780518e-01
-1.917764246463775635e-01,-2.089970111846923828e-01,-5.788244009017944336e-01
-2.428093552589416504e-01,-2.150015383958816528e-01,-7.362926006317138672e-01
-2.501491904258728027e-01,-2.252311259508132935e-01,-7.875677943229675293e-01
-2.731034159660339355e-01,-2.316063344478607178e-01,-8.613405227661132812e-01
-3.724190890789031982e-01,-2.438679635524749756e-01,-1.070894598960876465e+00
-4.389631748199462891e-01,-2.469836920499801636e-01,-1.141500711441040039e+00
-4.915877282619476318e-01,-2.703873217105865479e-01,-1.152806878089904785e+00
-4.915877282619476318e-01,-2.703873217105865479e-01,-1.152806878089904785e+00
-5.033587813377380371e-01,-2.568438649177551270e-01,-1.149820804595947266e+00
-5.447302460670471191e-01,-2.685116827487945557e-01,-1.103256225585937500e+00
-6.231343746185302734e-01,-2.666363418102264404e-01,-1.056533813476562500e+00
-6.942560672760009766e-01,-2.715416252613067627e-01,-9.936780929565429688e-01
-7.278032302856445312e-01,-2.593986093997955322e-01,-9.810644388198852539e-01
-7.323520183563232422e-01,-2.620126008987426758e-01,-9.622161388397216797e-01
-7.731010317802429199e-01,-2.435065507888793945e-01,-9.257019758224487305e-01
-7.742891907691955566e-01,-2.272771745920181274e-01,-9.281665682792663574e-01
-7.920386195182800293e-01,-2.131117880344390869e-01,-9.112704396247863770e-01
-7.961284518241882324e-01,-2.002510428428649902e-01,-9.039503335952758789e-01
-7.950223088264465332e-01,-1.797075420618057251e-01,-8.558499217033386230e-01
-8.204560875892639160e-01,-1.619912087917327881e-01,-8.404951691627502441e-01
-8.335005640983581543e-01,-1.464218795299530029e-01,-8.389307856559753418e-01
-8.026906251907348633e-01,-1.011080145835876465e-01,-7.991729378700256348e-01
-7.943296432495117188e-01,-7.367022335529327393e-02,-7.975962162017822266e-01
-7.837575078010559082e-01,-5.096499994397163391e-02,-7.951353788375854492e-01
-7.856516838073730469e-01,-3.970851004123687744e-02,-8.041501641273498535e-01
-7.927493453025817871e-01,-9.415286593139171600e-03,-7.960167527198791504e-01
-8.202772736549377441e-01,4.173872992396354675e-02,-7.587022781372070312e-01
-8.295930624008178711e-01,9.648498892784118652e-02,-7.007890343666076660e-01
-8.588481545448303223e-01,1.132057309150695801e-01,-6.517113447189331055e-01
-8.699063062667846680e-01,1.681136190891265869e-01,-5.987156629562377930e-01
-8.910269141197204590e-01,2.321844100952148438e-01,-5.411713719367980957e-01
-9.117878079414367676e-01,2.719496786594390869e-01,-5.012263655662536621e-01
-9.516702294349670410e-01,3.645018935203552246e-01,-4.097326099872589111e-01
-9.747657179832458496e-01,4.416064620018005371e-01,-3.245889544486999512e-01
-9.888817667961120605e-01,4.811320006847381592e-01,-2.968035936355590820e-01
-1.019065260887145996e+00,5.186373591423034668e-01,-2.295482903718948364e-01
-1.044474363327026367e+00,5.164507031440734863e-01,-1.911951303482055664e-01
-1.070715069770812988e+00,5.016695857048034668e-01,-1.517152339220046997e-01
-1.093017339706420898e+00,4.764876663684844971e-01,-1.348684430122375488e-01
-1.118739962577819824e+00,4.191218614578247070e-01,-9.536833316087722778e-02
-1.155125856399536133e+00,3.783105015754699707e-01,-5.398834496736526489e-02
-1.182877898216247559e+00,3.509690165519714355e-01,-3.907184675335884094e-02
-1.253596663475036621e+00,2.422839552164077759e-01,7.818613201379776001e-03
-1.269110798835754395e+00,2.069956809282302856e-01,1.055186521261930466e-02
-1.280142784118652344e+00,1.912968009710311890e-01,1.703970693051815033e-02
-1.337619066238403320e+00,1.233821660280227661e-01,1.776857860386371613e-02
-1.369126915931701660e+00,7.147977501153945923e-02,2.349226549267768860e-02
-1.459061384201049805e+00,-4.013307020068168640e-02,1.540754828602075577e-02
-1.495218992233276367e+00,-8.859252184629440308e-02,1.051665190607309341e-02
-1.512343049049377441e+00,-1.174380853772163391e-01,-1.550135202705860138e-03
-1.543304085731506348e+00,-1.496599018573760986e-01,-3.485562512651085854e-03
-1.626039505004882812e+00,-2.517409920692443848e-01,-2.588842064142227173e-02
-1.646759271621704102e+00,-2.768645882606506348e-01,-4.006343707442283630e-02
-1.686477899551391602e+00,-3.274579048156738281e-01,-5.185930803418159485e-02
-1.733001351356506348e+00,-3.865383863449096680e-01,-6.147883087396621704e-02
-1.740832448005676270e+00,-3.974388837814331055e-01,-5.727420747280120850e-02
-1.809623599052429199e+00,-4.643280804157257080e-01,-6.420386582612991333e-02
-1.857700467109680176e+00,-5.025140047073364258e-01,-5.965274572372436523e-02
-1.895462155342102051e+00,-5.273734331130981445e-01,-5.130435526371002197e-02
-1.959734559059143066e+00,-5.337516665458679199e-01,-5.354159697890281677e-02
-1.954579830169677734e+00,-5.072872042655944824e-01,-4.647830501198768616e-02
-1.975103139877319336e+00,-4.866172373294830322e-01,-2.918010205030441284e-02
-2.023939609527587891e+00,-4.292236566543579102e-01,4.008295014500617981e-03
-2.021046400070190430e+00,-3.780518174171447754e-01,3.943337500095367432e-02
-2.058370590209960938e+00,-3.064219057559967041e-01,7.160197198390960693e-02
-2.057719469070434570e+00,-2.837608456611633301e-01,7.569275051355361938e-02
-2.070955753326416016e+00,-2.254616916179656982e-01,1.009910479187965393e-01
-2.095510244369506836e+00,-1.544571220874786377e-01,1.040847301483154297e-01
-2.116928100585937500e+00,-8.811970800161361694e-02,1.226227954030036926e-01
-2.111052274703979492e+00,-4.510305076837539673e-02,1.249459758400917053e-01
-2.133225440979003906e+00,2.121385373175144196e-02,1.200761944055557251e-01
-2.172039985656738281e+00,1.130300536751747131e-01,9.221045672893524170e-02
-2.177449941635131836e+00,1.531667113304138184e-01,8.219434320926666260e-02
-2.199995279312133789e+00,1.942183822393417358e-01,5.270607396960258484e-02
-2.239695787429809570e+00,2.448950707912445068e-01,2.264707162976264954e-02
-2.255508184432983398e+00,2.511669397354125977e-01,-2.087479457259178162e-03
-2.260791063308715820e+00,2.453797310590744019e-01,-2.362908236682415009e-02
-2.244668960571289062e+00,2.011062651872634888e-01,-4.493543133139610291e-02
-2.255131006240844727e+00,1.858570426702499390e-01,-4.379726946353912354e-02
-2.239399671554565430e+00,1.498662531375885010e-01,-3.877671435475349426e-02
-2.196344852447509766e+00,1.250154078006744385e-01,-2.523343078792095184e-02
-2.157557010650634766e+00,7.453588396310806274e-02,-9.705323725938796997e-03
-2.127233982086181641e+00,6.072863563895225525e-02,-7.729075383394956589e-03
-1.976854205131530762e+00,-5.782260559499263763e-03,2.798045612871646881e-02
-1.899735331535339355e+00,-2.931426838040351868e-02,4.622302949428558350e-02
-1.834570050239562988e+00,-4.300657287240028381e-02,4.687934368848800659e-02
-1.763545274734497070e+00,-5.467442795634269714e-02,6.074662879109382629e-02
-1.629483222961425781e+00,-8.564535528421401978e-02,6.471627950668334961e-02
-1.543102741241455078e+00,-1.038094386458396912e-01,6.806983798742294312e-02
-1.453781485557556152e+00,-1.184580251574516296e-01,6.604000926017761230e-02
-1.349237561225891113e+00,-1.273866891860961914e-01,5.954934656620025635e-02
-1.313598513603210449e+00,-1.318749487400054932e-01,5.244312807917594910e-02
-1.187931776046752930e+00,-1.501106619834899902e-01,4.271102696657180786e-02
-1.133678317070007324e+00,-1.498277932405471802e-01,3.568925708532333374e-02
-1.017609834671020508e+00,-1.484489738941192627e-01,1.356790494173765182e-02
-9.716496467590332031e-01,-1.534900665283203125e-01,6.808613892644643784e-03
-9.111529588699340820e-01,-1.483094990253448486e-01,-1.569470763206481934e-02
-8.273106217384338379e-01,-1.425908207893371582e-01,-2.981523424386978149e-02
-7.933332324028015137e-01,-1.441924273967742920e-01,-3.263650089502334595e-02
-7.719283103942871094e-01,-1.418557316064834595e-01,-3.323388099670410156e-02
-7.491679787635803223e-01,-1.456491351127624512e-01,-3.826303035020828247e-02
-7.190108299255371094e-01,-1.432626992464065552e-01,-2.717042528092861176e-02
-7.103164792060852051e-01,-1.417789906263351440e-01,-1.430236175656318665e-02
-7.139188051223754883e-01,-1.447594016790390015e-01,-1.040939986705780029e-02
-7.000918388366699219e-01,-1.335762143135070801e-01,-1.237630727700889111e-03
-7.032000422477722168e-01,-1.273368597030639648e-01,5.895445588976144791e-03
-7.049625515937805176e-01,-1.183819323778152466e-01,2.970008179545402527e-02
-7.154141068458557129e-01,-9.202886372804641724e-02,3.101807646453380585e-02
-7.229617834091186523e-01,-8.530497550964355469e-02,2.943225391209125519e-02
-7.173204421997070312e-01,-7.833096385002136230e-02,3.251866251230239868e-02
-7.201048731803894043e-01,-5.583699792623519897e-02,3.418448939919471741e-02
-7.238662242889404297e-01,-4.426728561520576477e-02,3.749036043882369995e-02
-7.232400178909301758e-01,-3.803128004074096680e-02,2.196056023240089417e-02
-7.060429453849792480e-01,-3.580411523580551147e-02,1.983677223324775696e-02
-6.980603337287902832e-01,-3.127646073698997498e-02,1.492668129503726959e-02
-6.785864233970642090e-01,-2.465056814253330231e-02,1.759864273481070995e-03
-6.585352420806884766e-01,-2.529547177255153656e-02,-3.404846880584955215e-03
-6.380280256271362305e-01,-2.013615146279335022e-02,-7.481641601771116257e-03
-6.002762317657470703e-01,-1.784872449934482574e-02,-1.285350415855646133e-02
-5.743420124053955078e-01,-2.012841030955314636e-02,-1.389654539525508881e-02
-5.290843844413757324e-01,-1.931058056652545929e-02,-1.942263357341289520e-02
-5.090971589088439941e-01,-2.433344163000583649e-02,-2.554873004555702209e-02
-4.646307528018951416e-01,-3.278819844126701355e-02,-3.485482558608055115e-02
-4.384706914424896240e-01,-4.142334312200546265e-02,-2.075369469821453094e-02
-4.133482277393341064e-01,-5.252093449234962463e-02,-2.444866113364696503e-02
-4.133482277393341064e-01,-5.252093449234962463e-02,-2.444866113364696503e-02
-3.656574785709381104e-01,-7.454013079404830933e-02,-2.523691859096288681e-03
-3.584919869899749756e-01,-7.922634482383728027e-02,1.417988969478756189e-04
-3.416095972061157227e-01,-8.792559057474136353e-02,5.648505408316850662e-03
-3.295628428459167480e-01,-9.558013081550598145e-02,5.708629731088876724e-03
-3.141077458858489990e-01,-1.073322668671607971e-01,1.113923359662294388e-02
-3.124039769172668457e-01,-1.175674870610237122e-01,4.453497938811779022e-03
-3.124722838401794434e-01,-1.215238645672798157e-01,1.937603228725492954e-03
-3.040441274642944336e-01,-1.285268664360046387e-01,-1.238060742616653442e-02
-3.019537031650543213e-01,-1.299875527620315552e-01,-1.644382253289222717e-02
-2.899622917175292969e-01,-1.307566612958908081e-01,-2.265645936131477356e-02
-2.712260186672210693e-01,-1.310446113348007202e-01,-2.768827416002750397e-02
-2.593763768672943115e-01,-1.247574016451835632e-01,-2.085868641734123230e-02
-2.465091645717620850e-01,-1.153879538178443909e-01,-2.159902080893516541e-02
-2.424452155828475952e-01,-1.048201620578765869e-01,-2.710845693945884705e-02
-2.265920490026473999e-01,-9.378778934478759766e-02,-2.552583627402782440e-02
-2.138335257768630981e-01,-8.441350609064102173e-02,-2.908508107066154480e-02
-1.919089555740356445e-01,-6.768402457237243652e-02,-2.450105734169483185e-02
-1.668430715799331665e-01,-5.514476448297500610e-02,-1.330837234854698181e-02
-1.575046032667160034e-01,-5.117926001548767090e-02,-1.035130769014358521e-02
-1.489933431148529053e-01,-4.728446900844573975e-02,-2.837433246895670891e-03
-1.210175827145576477e-01,-3.784388303756713867e-02,4.256663378328084946e-03
-1.183696091175079346e-01,-3.869035094976425171e-02,6.686929147690534592e-03
-9.286507964134216309e-02,-2.635746449232101440e-02,1.302062440663576126e-02
-6.959401816129684448e-02,-1.534622069448232651e-02,9.604671038687229156e-03
-5.093028396368026733e-02,-9.856922551989555359e-03,9.541569277644157410e-03
-2.116673067212104797e-02,-7.194337435066699982e-03,2.076403610408306122e-02
-1.160681061446666718e-02,-7.493628188967704773e-03,1.934770680963993073e-02
-1.964648487046360970e-03,-1.149757858365774155e-02,2.262081578373908997e-02
1.862798631191253662e-02,-1.648517139256000519e-02,9.628555737435817719e-03
4.201970621943473816e-02,-3.056050091981887817e-02,-1.675507519394159317e-03
4.616421461105346680e-02,-4.009243100881576538e-02,-1.192263886332511902e-02
4.897254705429077148e-02,-6.388976424932479858e-02,-2.371515892446041107e-02
5.493723601102828979e-02,-7.093402743339538574e-02,-2.401602827012538910e-02
5.611155927181243896e-02,-8.823067694902420044e-02,-2.407610043883323669e-02
5.491692572832107544e-02,-9.039140492677688599e-02,-2.619966492056846619e-02
5.224452540278434753e-02,-1.044516116380691528e-01,-2.946858294308185577e-02
4.122035950422286987e-02,-1.165164932608604431e-01,-2.812174707651138306e-02
3.005495108664035797e-02,-1.273473054170608521e-01,-3.061114624142646790e-02
2.325896359980106354e-02,-1.319970637559890747e-01,-3.024743311107158661e-02
8.669830858707427979e-03,-1.325108408927917480e-01,-2.971467934548854828e-02
-3.749168477952480316e-03,-1.257350295782089233e-01,-2.901556156575679779e-02
-1.332288328558206558e-02,-1.238814070820808411e-01,-2.758041024208068848e-02
-2.396126464009284973e-02,-1.169792637228965759e-01,-2.206683717668056488e-02
-3.418669104576110840e-02,-9.113753587007522583e-02,-2.255670540034770966e-02
-4.173748567700386047e-02,-8.752675354480743408e-02,-2.450471743941307068e-02
-4.216892644762992859e-02,-6.955982744693756104e-02,-2.338517084717750549e-02
-4.678198695182800293e-02,-5.163698270916938782e-02,-2.654169313609600067e-02
-4.288125038146972656e-02,-3.670036792755126953e-02,-3.184281289577484131e-02
-3.159639239311218262e-02,-1.597484387457370758e-02,-2.968947775661945343e-02
-3.100072592496871948e-02,-5.709117278456687927e-03,-3.193801268935203552e-02
-1.204575318843126297e-02,1.592671312391757965e-02,-4.042880609631538391e-02
-7.418470457196235657e-03,2.270907722413539886e-02,-3.989871591329574585e-02
1.223338674753904343e-02,2.859965339303016663e-02,-3.325275331735610962e-02
4.172508046030998230e-02,4.204442352056503296e-02,-1.512195263057947159e-02
6.444196403026580811e-02,4.763826355338096619e-02,-9.456052444875240326e-03
1.019429415464401245e-01,5.456555634737014771e-02,-2.234179119113832712e-04
1.296495795249938965e-01,5.176156759262084961e-02,1.588679291307926178e-02
1.435361802577972412e-01,5.450667068362236023e-02,1.930095627903938293e-02
1.615530252456665039e-01,5.343522503972053528e-02,2.466491051018238068e-02
2.010903507471084595e-01,4.909181222319602966e-02,3.047145530581474304e-02
2.093812823295593262e-01,4.805132746696472168e-02,3.069436363875865936e-02
2.298389971256256104e-01,3.878470882773399353e-02,2.109709382057189941e-02
2.314363121986389160e-01,2.183079719543457031e-02,1.841207779943943024e-02
2.400696575641632080e-01,1.248035579919815063e-02,2.435173653066158295e-02
2.479257136583328247e-01,-7.750042248517274857e-03,2.332595363259315491e-02
2.410130202770233154e-01,-1.973316445946693420e-02,2.364718914031982422e-02
2.301712185144424438e-01,-3.566832095384597778e-02,2.139839529991149902e-02
2.223452031612396240e-01,-5.887646228075027466e-02,1.689266040921211243e-02
1.979830712080001831e-01,-7.917205244302749634e-02,1.391919422894716263e-02
1.860835850238800049e-01,-9.459061920642852783e-02,6.948973052203655243e-03
1.700077801942825317e-01,-1.016919538378715515e-01,1.078198431059718132e-03
1.567092835903167725e-01,-1.073568984866142273e-01,-2.312857424840331078e-03
1.172958388924598694e-01,-1.309063732624053955e-01,-2.001338824629783630e-02
1.133604571223258972e-01,-1.343412548303604126e-01,-2.449670433998107910e-02
1.053246408700942993e-01,-1.332520693540573120e-01,-3.093351610004901886e-02
8.930741250514984131e-02,-1.368016749620437622e-01,-4.253306984901428223e-02
7.597196102142333984e-02,-1.357476115226745605e-01,-5.837836116552352905e-02
6.100546196103096008e-02,-1.287410110235214233e-01,-5.409731343388557434e-02
6.457243114709854126e-02,-1.258283257484436035e-01,-5.677613988518714905e-02
6.765473634004592896e-02,-1.073148474097251892e-01,-5.859664827585220337e-02
6.290494650602340698e-02,-9.548448026180267334e-02,-6.026986986398696899e-02
6.892034411430358887e-02,-8.321728557348251343e-02,-4.774280637502670288e-02
8.210851252079010010e-02,-5.932693555951118469e-02,-3.676450252532958984e-02
9.024341404438018799e-02,-4.418595507740974426e-02,-3.115421161055564880e-02
1.006600633263587952e-01,-2.659796550869941711e-02,-3.806334361433982849e-02
1.206718385219573975e-01,-5.093822721391916275e-03,-3.883251547813415527e-02
1.333376765251159668e-01,7.148869801312685013e-03,-3.193366900086402893e-02
1.460518091917037964e-01,2.635964751243591309e-02,-2.995330840349197388e-02
1.704725027084350586e-01,5.435997992753982544e-02,-3.853336349129676819e-02
1.801646947860717773e-01,7.519537210464477539e-02,-4.232627153396606445e-02
2.079213708639144897e-01,1.069957539439201355e-01,-3.415974602103233337e-02
2.131568789482116699e-01,1.140393167734146118e-01,-3.162467107176780701e-02
2.307335734367370605e-01,1.290821880102157593e-01,-3.432733938097953796e-02
2.658396959304809570e-01,1.568033099174499512e-01,-4.696977138519287109e-02
2.783593535423278809e-01,1.635725349187850952e-01,-7.198164612054824829e-02
2.887326180934906006e-01,1.614990830421447754e-01,-8.037860691547393799e-02
3.126561641693115234e-01,1.605685502290725708e-01,-1.149860396981239319e-01
3.142395913600921631e-01,1.502570658922195435e-01,-1.427915394306182861e-01
3.253452479839324951e-01,1.340206265449523926e-01,-2.004812210798263550e-01
3.285639882087707520e-01,1.295939981937408447e-01,-2.097731977701187134e-01
3.468563854694366455e-01,1.132795885205268860e-01,-2.707431912422180176e-01
3.466705679893493652e-01,9.656077623367309570e-02,-3.145408332347869873e-01
3.426365852355957031e-01,8.603673428297042847e-02,-3.140083849430084229e-01
3.158652782440185547e-01,6.386853009462356567e-02,-3.448081612586975098e-01
2.896423637866973877e-01,3.905832767486572266e-02,-3.740994036197662354e-01
2.633231282234191895e-01,2.112569101154804230e-02,-4.049441218376159668e-01
2.378837317228317261e-01,1.480402238667011261e-02,-4.242641925811767578e-01
1.966661512851715088e-01,-4.082125145941972733e-03,-4.601911306381225586e-01
1.666063666343688965e-01,-9.579980745911598206e-03,-4.840970933437347412e-01
1.502532958984375000e-01,-5.645853932946920395e-03,-5.057589411735534668e-01
1.222646459937095642e-01,-4.781876690685749054e-03,-5.384844541549682617e-01
6.775289028882980347e-02,-5.960425827652215958e-03,-5.925408005714416504e-01
4.673247411847114563e-02,4.211275372654199600e-03,-6.372707486152648926e-01
7.438152562826871872e-03,1.814169995486736298e-02,-6.936333775520324707e-01
7.105616386979818344e-03,1.673026941716670990e-02,-7.041448354721069336e-01
-6.973329931497573853e-03,2.715295180678367615e-02,-7.275401949882507324e-01
-1.792399026453495026e-02,3.793363645672798157e-02,-7.213485836982727051e-01
-1.864328607916831970e-02,5.039945989847183228e-02,-6.892036795616149902e-01
1.027962192893028259e-02,6.379245966672897339e-02,-5.676288604736328125e-01
1.950787566602230072e-02,6.578544527292251587e-02,-5.435551404953002930e-01
4.939056932926177979e-02,8.042310923337936401e-02,-4.482744634151458740e-01
6.976434588432312012e-02,8.313155174255371094e-02,-3.685729205608367920e-01
9.336803853511810303e-02,9.243914484977722168e-02,-3.115015625953674316e-01
1.198570951819419861e-01,9.341129660606384277e-02,-2.208162844181060791e-01
1.319698989391326904e-01,9.524099528789520264e-02,-1.859469711780548096e-01
1.396538168191909790e-01,1.008762195706367493e-01,-1.689495891332626343e-01
1.330319046974182129e-01,1.020985618233680725e-01,-1.681228876113891602e-01
1.219934672117233276e-01,1.050687134265899658e-01,-1.759557723999023438e-01
1.116951182484626770e-01,1.133756190538406372e-01,-1.938170492649078369e-01
1.006454899907112122e-01,1.221161261200904846e-01,-2.088142037391662598e-01
9.301035851240158081e-02,1.247499808669090271e-01,-2.230240851640701294e-01
7.305258512496948242e-02,1.309240758419036865e-01,-2.889062464237213135e-01
6.305189430713653564e-02,1.333458423614501953e-01,-3.249110579490661621e-01
5.780693888664245605e-02,1.335464566946029663e-01,-3.474940657615661621e-01
5.313708633184432983e-02,1.390818804502487183e-01,-3.587346673011779785e-01
4.945417866110801697e-02,1.387219280004501343e-01,-4.020206928253173828e-01
5.929606035351753235e-02,1.444809138774871826e-01,-4.180326461791992188e-01
6.287714838981628418e-02,1.476360112428665161e-01,-4.519374370574951172e-01
5.892661586403846741e-02,1.511979997158050537e-01,-5.100677609443664551e-01
6.281290203332901001e-02,1.552718281745910645e-01,-5.280534029006958008e-01
6.409704685211181641e-02,1.577296555042266846e-01,-5.669262409210205078e-01
7.647904008626937866e-02,1.505016386508941650e-01,-5.863654613494873047e-01
8.366091549396514893e-02,1.472141891717910767e-01,-6.225532889366149902e-01
8.591423928737640381e-02,1.241795644164085388e-01,-6.275299191474914551e-01
6.123789027333259583e-02,1.357678025960922241e-01,-6.438091397285461426e-01
5.022562667727470398e-02,8.216232806444168091e-02,-6.392195820808410645e-01
