-5.342504445283230430e-02,3.071744386835980126e-02,8.723333503476916884e-02
-5.442427889431653704e-02,2.944377162603458581e-02,8.097549989555731520e-02
-5.888314840943355277e-02,3.041733817164677875e-02,7.339200644967171228e-02
-6.170616672476934156e-02,3.732538309064518944e-02,5.841806914592670430e-02
-6.470517990251409279e-02,4.700857581348347192e-02,2.601715483849958641e-02
-7.403507721660898544e-02,6.271071101388300817e-02,-1.191943326762685048e-03
-8.076529328108431049e-02,7.442766400623537781e-02,-1.079523693681371140e-02
-9.180229269612706633e-02,9.345941403172693118e-02,-3.702773957949946626e-02
-1.041823264402411409e-01,1.118266924816702229e-01,-7.345324649050159749e-02
-1.143817103291086545e-01,1.308656113912885777e-01,-1.032538158068325856e-01
-1.539304874012343005e-01,1.583845825305401356e-01,-1.553549202957268671e-01
-1.638347283738591509e-01,1.629847615116052362e-01,-1.639649798340756526e-01
-1.795343448361932936e-01,1.701461666872804979e-01,-1.889570255092686835e-01
-1.795343448361932936e-01,1.701461666872804979e-01,-1.889570255092686835e-01
-1.877048998253882106e-01,1.757737895851934629e-01,-2.160330852472003016e-01
-1.951404833256367710e-01,1.707952232249012325e-01,-2.299039872342390767e-01
-1.959651811327002557e-01,1.693501968252947576e-01,-2.450656734142040438e-01
-2.001746278535881385e-01,1.721276966524738494e-01,-2.462999090745711939e-01
-1.982048817430218102e-01,1.650506330539723843e-01,-2.375849775134870612e-01
-2.054177635541915292e-01,1.569317864773700222e-01,-2.284396621638849212e-01
-2.015553547049483973e-01,1.384839763268370105e-01,-2.162735296185222533e-01
-1.993761739811109046e-01,1.273968263016894142e-01,-1.956786487793148455e-01
-1.977614704448041605e-01,1.129650168660526338e-01,-1.749618811283717712e-01
-1.799930481479833089e-01,8.844582424620257843e-02,-1.192789927613875506e-01
-1.799930481479833089e-01,8.844582424620257843e-02,-1.192789927613875506e-01
-1.674215961708030442e-01,7.755203682918529462e-02,-1.057601375924898945e-01
-1.616552453917822485e-01,7.616027080535460458e-02,-8.877901639355222085e-02
-1.512485235870738021e-01,6.738635242643617462e-02,-7.499221659211122160e-02
-1.428455532623869040e-01,7.352359895226223685e-02,-6.555859115204083765e-02
-1.383391005408731167e-01,7.851219713804435951e-02,-5.575436640058548804e-02
-1.338632691782838113e-01,9.406789018986688733e-02,-3.777832909582316823e-02
-1.328898888015992430e-01,1.184871361739343321e-01,-3.046233822670598931e-02
-1.289954732870607079e-01,1.313089224594366222e-01,-3.428673364849364052e-02
-1.283113410304771995e-01,1.548609934206808536e-01,-3.952429633659811786e-02
-1.243279432169810128e-01,1.759704858198403166e-01,-3.374581286247310685e-02
-1.243279432169810128e-01,1.759704858198403166e-01,-3.374581286247310685e-02
-1.199041883876236642e-01,1.946607818082992936e-01,-3.618905932334919029e-02
-1.170403684669174826e-01,2.050386705225092365e-01,-3.619997150395251606e-02
-1.052691201219381062e-01,2.309205700024756225e-01,-3.685489960680744803e-02
-1.004925028609283261e-01,2.462787561113383150e-01,-4.192764716122500401e-02
-1.004925028609283261e-01,2.462787561113383150e-01,-4.192764716122500401e-02
-9.503084421898115586e-02,2.558704292823527626e-01,-4.269516988549714592e-02
-8.951571969436876441e-02,2.651342715809332784e-01,-5.100510159784130831e-02
-7.645254841981780070e-02,2.787562985161300966e-01,-5.387832911952386561e-02
-7.645254841981780070e-02,2.787562985161300966e-01,-5.387832911952386561e-02
-7.416575106872566603e-02,2.802178106190203466e-01,-5.362247567800911691e-02
-7.342690474613666751e-02,2.740415614047816417e-01,-5.767035034647872982e-02
-6.904403598426257782e-02,2.547638393048980987e-01,-5.293711204974074769e-02
-7.020532187878381070e-02,2.454862164573094752e-01,-5.242210757064531823e-02
-7.254581414392935468e-02,2.207119087176673544e-01,-4.863855241325006074e-02
-7.254581414392935468e-02,2.207119087176673544e-01,-4.863855241325006074e-02
-6.949603712709674641e-02,1.844637180632090201e-01,-4.082458878021352766e-02
-6.590345147078062460e-02,1.224371242663944426e-01,-4.652593495672172064e-02
-6.561336663881535414e-02,1.021051380609327014e-01,-4.736702817756771600e-02
-6.064740344927081750e-02,6.981844192569014451e-02,-4.255473565073074338e-02
-5.374007978063841118e-02,4.386495063377009174e-02,-3.910363305622471808e-02
-5.374007978063841118e-02,4.386495063377009174e-02,-3.910363305622471808e-02
-4.583518386614052892e-02,2.011804165794052468e-02,-3.525601791754848918e-02
-2.212141815102008913e-02,-3.608107016041744997e-02,-3.740665030137901165e-02
-1.071135830779364369e-02,-5.269239919730908661e-02,-3.646049070864017250e-02
-1.699168283852649317e-03,-7.153218664812674432e-02,-3.276624886331334224e-02
-1.699168283852649317e-03,-7.153218664812674432e-02,-3.276624886331334224e-02
2.753433041867955726e-03,-8.243062666063456778e-02,-3.012567761398775995e-02
9.125593014262899441e-03,-8.481036502719947745e-02,-2.663078033012199197e-02
9.125593014262899441e-03,-8.481036502719947745e-02,-2.663078033012199197e-02
8.563975327603827459e-03,-9.312108433336548086e-02,-1.923532200427503433e-02
5.953053356501773231e-03,-8.829369573934645055e-02,-1.245086852853656209e-02
-1.331554699783119456e-04,-8.074333486001866733e-02,-8.440838039417348712e-03
-9.627123440073399180e-03,-7.613261262856974021e-02,5.757123522821381949e-03
-2.572821104398719319e-02,-5.553641587598508178e-02,1.735017733067038825e-02
-3.882016694167585158e-02,-4.209217393411676666e-02,2.077233829916606475e-02
-5.132741086300694755e-02,-1.863279736503242051e-02,2.908528905755770194e-02
-6.287713000195914448e-02,1.761632555143007040e-03,3.375866311302446604e-02
-6.872035932272017866e-02,4.556651058282198963e-02,2.091424290016931364e-02
-6.872035932272017866e-02,4.556651058282198963e-02,2.091424290016931364e-02
-5.977872212624738002e-02,7.924981203670983243e-02,-1.312155816374775685e-03
-5.977872212624738002e-02,7.924981203670983243e-02,-1.312155816374775685e-03
-5.158650998489659745e-02,9.740278454723466650e-02,-1.862946315953036697e-02
-4.639075293477908785e-02,1.097328613185624691e-01,-1.716076716533334809e-02
-4.214188428318255825e-02,1.215630578125402733e-01,-2.249922351161634873e-02
-4.105375084301257638e-02,1.267764364792069720e-01,-2.787369579008195514e-02
-4.105375084301257638e-02,1.267764364792069720e-01,-2.787369579008195514e-02
-4.250636076205383668e-02,1.241243800462865088e-01,-2.800100466021465673e-02
-4.244806740013391810e-02,1.216489515043145814e-01,-2.541948391797810985e-02
-3.893362464147560875e-02,1.152059694982834753e-01,-3.271517397649148506e-02
-3.893362464147560875e-02,1.152059694982834753e-01,-3.271517397649148506e-02
-3.598570362307417642e-02,1.038363710881223950e-01,-2.180522402931553416e-02
-3.040837351805170813e-02,9.479080637890069383e-02,-1.558056724391565159e-02
-2.631514273502810058e-02,8.580889146704770432e-02,-1.579399012114058795e-02
-1.978905506806595202e-02,5.446244586113532793e-02,5.388768307898935891e-03
-1.912126874353735698e-02,3.902613804588186963e-02,6.903954964802961822e-03
-2.037763848639022671e-02,1.995544112186257296e-02,1.792389509843550499e-02
-1.850808444978350661e-02,6.874723702066015685e-03,3.067941227110774702e-02
-2.013900531205346442e-02,-1.165738864891982529e-02,2.318807403874253992e-02
-2.013900531205346442e-02,-1.165738864891982529e-02,2.318807403874253992e-02
-2.372975840720616819e-02,-3.227948675036029086e-02,2.429807255277442388e-02
-3.191925904912462642e-02,-5.051984853670771214e-02,2.462357934912548507e-02
-3.570394529139982176e-02,-5.918106572962571199e-02,1.627942661122851187e-02
-3.937446574309419467e-02,-8.110511026507619126e-02,9.911921600289133258e-03
-3.782741356125944587e-02,-9.090925371651159548e-02,1.014499993820386185e-02
-3.369536048972176373e-02,-9.718869836584936861e-02,6.113710968459029615e-03
-3.199945958543119751e-02,-1.086382873090047246e-01,-4.621991934453624495e-03
-2.138389395978664356e-02,-1.174679341777169345e-01,-1.202596563279655258e-02
5.541457126608263437e-03,-1.185361047148287689e-01,-1.692072541591632326e-02
5.541457126608263437e-03,-1.185361047148287689e-01,-1.692072541591632326e-02
1.555935680751028248e-02,-1.137501069996153802e-01,-1.601637022586930789e-02
2.473928314496101274e-02,-1.004311442504778190e-01,-2.005361127072610022e-02
4.160549880719906224e-02,-8.429025684915898708e-02,-1.690135333734375800e-02
4.160549880719906224e-02,-8.429025684915898708e-02,-1.690135333734375800e-02
5.749295188302612492e-02,-3.447599332203352823e-02,-4.897816324311373912e-03
6.132812017985712905e-02,-1.527614271281668712e-02,4.301322326899618270e-03
5.902246661190946320e-02,2.575831585891472097e-02,7.132314315318258324e-03
5.902246661190946320e-02,2.575831585891472097e-02,7.132314315318258324e-03
5.206964366805019034e-02,2.823574087360041993e-02,1.171057882752301813e-02
4.638541016081066531e-02,3.872840900464446373e-02,1.007924136785722825e-02
3.875439194137586529e-02,4.734189535857789149e-02,7.903560017562139689e-03
3.875439194137586529e-02,4.734189535857789149e-02,7.903560017562139689e-03
3.047904605919966176e-02,4.068450911707517659e-02,4.302035952287846729e-03
2.084065460998937164e-02,3.774120877739237101e-02,1.683532706910455257e-03
1.493476299180912861e-02,2.573219346339156860e-02,4.352940673304652938e-03
1.493476299180912861e-02,2.573219346339156860e-02,4.352940673304652938e-03
8.848621072589622771e-03,6.443968950332154555e-03,1.477010501730444299e-02
3.126330960949323667e-03,-1.183938158402822113e-02,9.330122489161143604e-03
2.467796412298134401e-03,-2.749992526468839071e-02,8.423833778174877329e-03
9.703707760776057387e-04,-4.391183747689142436e-02,1.515307595053225903e-03
4.307089356533023647e-04,-5.707581939384451242e-02,3.197278532331727756e-03
4.036049895691782782e-03,-6.596332500145306310e-02,2.909854311269929883e-03
5.604106190540184516e-03,-7.010100674569810786e-02,-4.245090736360000727e-04
8.131076324123258717e-03,-8.141306030890245460e-02,-3.629059494407818956e-03
1.240648771247713708e-02,-8.190127128520884037e-02,-2.932687564776610689e-03
1.691994987393664537e-02,-9.391889508597346670e-02,-4.191573848287777349e-03
2.485390257239881995e-02,-9.477051951189052748e-02,-4.873436577461946403e-03
2.667299912232781733e-02,-9.573050120203546731e-02,-1.233441605748503492e-02
3.303979198283401447e-02,-8.655341090629734002e-02,-9.892694531661758509e-03
3.303979198283401447e-02,-8.655341090629734002e-02,-9.892694531661758509e-03
3.733978366033315760e-02,-7.534357034002878151e-02,6.230435625111238260e-04
4.065851838859604189e-02,-6.567367300135114327e-02,-6.335213729279386141e-03
4.329131350930715688e-02,-5.259882753942377032e-02,-3.863115450066352541e-03
4.879400767909504444e-02,-3.770936862597101119e-02,-2.971075689772732092e-03
5.678852822733387179e-02,-2.153310717608101013e-02,-1.365255296456882594e-03
7.522429744194276957e-02,1.594695986540342614e-02,6.824480350036202236e-03
7.522429744194276957e-02,1.594695986540342614e-02,6.824480350036202236e-03
7.977238709022266283e-02,2.659057567056673926e-02,1.018399465963608537e-02
8.782591246283652509e-02,4.266461325547529077e-02,1.617404097486225753e-02
8.955682601541598009e-02,5.482054580408805833e-02,1.951379494441969967e-02
9.645938353226711504e-02,6.566878428830395797e-02,2.021025645607003179e-02
1.022656401630246542e-01,7.722190049814314783e-02,1.593282189888917816e-02
1.036552937824342796e-01,8.656541990205375570e-02,1.943075669280524762e-02
1.022419819697708288e-01,8.905424526252024575e-02,2.024326524204539401e-02
1.022419819697708288e-01,8.905424526252024575e-02,2.024326524204539401e-02
9.248959550118159012e-02,6.847557754591457324e-02,1.513409694840058516e-02
8.804578537439100572e-02,5.946699112872278620e-02,2.068572271346068303e-02
8.804578537439100572e-02,5.946699112872278620e-02,2.068572271346068303e-02
9.071567495367177658e-02,2.297348448442657065e-02,5.428003091355639020e-02
1.052365600045798294e-01,-2.415096284077572486e-04,8.874385648362652368e-02
2.389047479408523689e-01,-1.141565033486161562e-01,1.923787916084206961e-01
2.389047479408523689e-01,-1.141565033486161562e-01,1.923787916084206961e-01
5.132593495945165785e-01,-3.101139266030177311e-01,2.831468194266728577e-01
5.132593495945165785e-01,-3.101139266030177311e-01,2.831468194266728577e-01
6.511531176259115483e-01,-4.016389894624128321e-01,2.895391400285567407e-01
7.933657309201508356e-01,-4.838627073581782678e-01,3.375196919869247192e-01
9.793896290115208236e-01,-5.802618201224843952e-01,3.922817096885739541e-01
1.120952176269262912e+00,-6.600443532818296433e-01,4.126651640701443635e-01
1.251970317844608438e+00,-7.403649390406457087e-01,4.273187844220360243e-01
1.530206662219727010e+00,-8.928271139627065311e-01,4.745570777074990532e-01
1.530206662219727010e+00,-8.928271139627065311e-01,4.745570777074990532e-01
1.650272662808437651e+00,-9.491650366285819818e-01,5.007693347793762406e-01
1.791778780140160121e+00,-1.031220724282773560e+00,5.168491272034961836e-01
1.899824030405153907e+00,-1.098718844641891845e+00,5.342697773501865477e-01
1.999464174487020518e+00,-1.158815867989569703e+00,5.525256325884450037e-01
2.237118623912494275e+00,-1.273621184296509057e+00,5.865246078352539527e-01
2.339006999710410373e+00,-1.319844581989070953e+00,6.079858504780248918e-01
2.339006999710410373e+00,-1.319844581989070953e+00,6.079858504780248918e-01
2.466243551491770880e+00,-1.376811217455301550e+00,6.016158212914958225e-01
2.552476782815609635e+00,-1.426002464960145044e+00,6.120368614624904779e-01
2.640671744920990438e+00,-1.475652630651893782e+00,6.137178731578120106e-01
2.734075020122925803e+00,-1.540506914686475382e+00,6.295450855226246700e-01
2.808927089958031420e+00,-1.588719477047507267e+00,6.452788535719569118e-01
2.889063071924484305e+00,-1.648318597274271546e+00,6.545992460686684833e-01
2.965321377717449636e+00,-1.677571440813888204e+00,6.526436794812775499e-01
3.036874713144049664e+00,-1.686965154377645382e+00,6.450791425240112176e-01
3.151531855585113284e+00,-1.670075641057937821e+00,6.486172603490324429e-01
3.151531855585113284e+00,-1.670075641057937821e+00,6.486172603490324429e-01
3.177903531406748083e+00,-1.654399486230973215e+00,6.542670373830846708e-01
3.162601136150925196e+00,-1.654822628389773120e+00,6.794809862189039595e-01
3.132435796445533605e+00,-1.667268117692183971e+00,6.778151470581740279e-01
3.072474417618774378e+00,-1.638238086440723773e+00,7.197294474690303367e-01
3.072474417618774378e+00,-1.638238086440723773e+00,7.197294474690303367e-01
2.994398540794021901e+00,-1.658121452020121733e+00,7.198250671511816634e-01
2.947168939598148629e+00,-1.651023675499599053e+00,6.884205480725316129e-01
2.880800823896350060e+00,-1.673365769884729737e+00,6.609103861061076390e-01
2.682421529304778840e+00,-1.715565049063770608e+00,5.821771771406786256e-01
2.587883058200596054e+00,-1.737792925620256002e+00,5.507572693964597477e-01
2.587883058200596054e+00,-1.737792925620256002e+00,5.507572693964597477e-01
2.467641673126486523e+00,-1.734223991503693885e+00,4.979538430823015616e-01
2.357109764231572147e+00,-1.749042108682354435e+00,4.630644125808113243e-01
2.246166306710538851e+00,-1.746305966890176586e+00,4.056379170637671727e-01
2.113804595235416972e+00,-1.713324679379008675e+00,3.701561809734798536e-01
2.006358006448066611e+00,-1.676755442202604529e+00,3.223810806191725886e-01
1.881541663961439292e+00,-1.605400688206020776e+00,2.828293177551258752e-01
1.700898510761515769e+00,-1.482166959665332184e+00,2.511947056798199407e-01
1.587923746336918240e+00,-1.374877801293222124e+00,1.997834402759641748e-01
1.508117383798392552e+00,-1.297201002657938584e+00,1.690379207439516862e-01
1.428101293071807110e+00,-1.205161407295591403e+00,1.442830536390517504e-01
1.428101293071807110e+00,-1.205161407295591403e+00,1.442830536390517504e-01
1.344026711529065610e+00,-1.084550140335012181e+00,1.016422522735040412e-01
1.271445821684178856e+00,-1.002198897908522346e+00,8.510555188773109847e-02
1.205994463127136873e+00,-9.152974047028717974e-01,7.815276084081379526e-02
1.097969001447747672e+00,-8.129794949128636983e-01,5.253283510693491920e-02
1.015500568317622143e+00,-7.314350825532354161e-01,2.327586099820513205e-02
9.466272880456859662e-01,-6.755895620045149208e-01,2.021570116587050742e-02
8.713273719257726979e-01,-6.192027883113691011e-01,8.236246613636276359e-03
7.856864577287809848e-01,-5.491882324628687417e-01,1.513055547103597798e-03
7.183473556478355837e-01,-5.032611462574576588e-01,-8.277794160527138234e-04
6.511221816692863706e-01,-4.663139986679236126e-01,1.573224618373702047e-02
6.013068881796127529e-01,-4.484809732614170041e-01,3.367201111346683484e-02
5.711639655382306779e-01,-4.333275156854376475e-01,5.380508176707650414e-02
5.495640415736707807e-01,-4.298249579748251170e-01,1.146541485622016160e-01
5.495640415736707807e-01,-4.298249579748251170e-01,1.146541485622016160e-01
5.845788128691316032e-01,-4.545782844759913011e-01,2.067259147440606293e-01
5.998823925503669052e-01,-4.679250950628312533e-01,2.209251164179767135e-01
5.998823925503669052e-01,-4.679250950628312533e-01,2.209251164179767135e-01
6.298037911741357631e-01,-4.819938975849587526e-01,2.533861680964346053e-01
6.634752956207817798e-01,-5.015757278372052763e-01,2.930303108779065413e-01
6.908210832981301897e-01,-5.163066245206747729e-01,2.976114569800043519e-01
7.112245318512989689e-01,-5.340923340129174468e-01,3.075118634903184489e-01
7.356758757579111574e-01,-5.431506652771068699e-01,2.781422443451027626e-01
7.573825956785698033e-01,-5.569537660863734807e-01,2.604125698336843819e-01
7.683216373037066171e-01,-5.559608603850942909e-01,2.070770495336295702e-01
7.940241578958171509e-01,-5.522548959381232692e-01,1.742496834603479705e-01
8.114724647431901250e-01,-5.378260389074051018e-01,1.283335418743943301e-01
8.182222747174034971e-01,-5.229866856212426196e-01,1.073956217346672265e-01
8.213381049894163954e-01,-5.029113029081651032e-01,6.109670764326780024e-02
8.287206319234676766e-01,-4.765089094649024304e-01,5.008443537180644334e-02
8.168855518055810894e-01,-4.549448700825093339e-01,6.135552130741857985e-02
7.971002020063262528e-01,-4.190581960088479163e-01,6.913248393055222707e-02
7.783021546484043540e-01,-3.916011983104668026e-01,7.118489550017766121e-02
7.553133765475369410e-01,-3.661877410288429946e-01,6.963787236031392103e-02
7.149603127353643117e-01,-3.413435405031573500e-01,6.618698260499306096e-02
6.844995890337755018e-01,-3.157016148654284149e-01,6.432036940590296625e-02
6.493894274511290421e-01,-3.029753722310766229e-01,7.449588267861462221e-02
6.037343788236188002e-01,-2.895492684743904421e-01,8.586503940902735776e-02
5.327104575947086973e-01,-2.750359432456404574e-01,8.780312183128922976e-02
4.961180521708447033e-01,-2.754817024022834793e-01,8.468344197526067596e-02
4.634141112859140321e-01,-2.811117085250272596e-01,8.285421792156857923e-02
4.309937491296647605e-01,-2.842106972434321199e-01,7.745046460652851850e-02
4.309937491296647605e-01,-2.842106972434321199e-01,7.745046460652851850e-02
3.907187112553398567e-01,-2.946329519303977906e-01,7.042508562799554284e-02
3.635985636405247301e-01,-3.078468314499295810e-01,6.377360367025386445e-02
3.387596637664105348e-01,-3.215554912597722859e-01,6.619632720505386203e-02
3.104604625033727250e-01,-3.382093052473239547e-01,5.230198802126376223e-02
2.924304144149567075e-01,-3.562390075762212893e-01,4.378376776577216217e-02
2.700027606855949780e-01,-3.584323501993020300e-01,4.186381645681497982e-02
2.531707646359946384e-01,-3.756300192314052655e-01,3.468196259227541989e-02
2.384812554107694216e-01,-3.830103364870742211e-01,2.943437312741595258e-02
2.280411121611312097e-01,-3.809481025046738134e-01,1.066540496851377598e-02
2.111223659457692192e-01,-3.834015080463616942e-01,7.761247603778314436e-03
2.058189044909503329e-01,-3.843026725985409509e-01,1.256016364156086439e-02
2.072178566936977440e-01,-3.816895021449671632e-01,1.241981256467451257e-02
1.996214205357595139e-01,-3.817399608205478967e-01,7.758832480924014383e-03
1.976948032711182413e-01,-3.685225985993720865e-01,5.846608169805830521e-03
1.958568861299989083e-01,-3.481059611598847359e-01,8.971295168665589098e-03
1.924928932776403534e-01,-3.380914036852886162e-01,1.023844749257907770e-02
1.949174129814868761e-01,-3.193502549994678974e-01,8.227494758244332032e-03
1.860482923803385980e-01,-3.042567420512125587e-01,4.652787828416406896e-02
1.852957893360240860e-01,-2.920683901069715538e-01,6.122972106533319803e-02
1.842425754571946073e-01,-2.587792622550549315e-01,6.202850979497023798e-02
1.884160338975430782e-01,-2.398190555689615477e-01,4.580092117169826116e-02
1.909638270131316373e-01,-2.153074382487898120e-01,3.643641460879070565e-02
1.879664298993953542e-01,-1.991847051353610454e-01,3.467176573702569070e-02
1.863088326967986263e-01,-1.833404150669104282e-01,1.966476560914312555e-02
1.896603305739540113e-01,-1.610290246521666191e-01,2.955636987424310053e-03
1.851678744467687987e-01,-1.475876454885352018e-01,1.189671989960931417e-02
1.913044632512304055e-01,-1.328376421111295280e-01,8.909465367117340093e-03
1.926426902137912678e-01,-1.313869833534164200e-01,1.715277541300537500e-02
1.950770150685055271e-01,-1.037944173786940621e-01,1.664300737463551144e-02
1.923623167878905638e-01,-9.805685257720388182e-02,1.774341541471920539e-02
1.920624916927773929e-01,-7.893300708533756982e-02,2.960472690507787857e-02
1.726259065159794492e-01,-5.828119708636417956e-02,3.874143752311495770e-02
1.615863620997979311e-01,-4.247922550805872943e-02,3.239462159167294519e-02
1.511317906713180448e-01,-3.469728726142296688e-02,3.087586845191013507e-02
1.293846249422853090e-01,-1.710570534112089425e-02,3.081146971764867071e-02
1.235993774568544257e-01,-1.324762017969716849e-02,2.726891191608129747e-02
8.752202998108671306e-02,5.568282855362871597e-03,2.000606320520262674e-02
5.695403247780008588e-02,2.078076641097761218e-02,3.570890768165180251e-02
3.054380130923955994e-02,2.742449823096070743e-02,3.373644905206715089e-02
1.453496834258832110e-02,3.186587268553092711e-02,3.097019600307339415e-02
8.608367790836103650e-04,4.026484608749202054e-02,2.901273948411229459e-02
-1.758378193759721486e-02,5.206024362924661225e-02,1.969651724705784313e-02
-4.749093942618462516e-02,5.221982154671044041e-02,7.626577818715844087e-03
-7.381432617899104376e-02,4.851097364509847354e-02,-1.059067468964966594e-03
-7.381432617899104376e-02,4.851097364509847354e-02,-1.059067468964966594e-03
-8.525741179172925677e-02,4.778219121904132838e-02,3.556282207837831600e-03
-8.909927863294406225e-02,4.785703473584784762e-02,7.579448540686472939e-03
-9.212308449573244906e-02,3.889719458492789383e-02,-1.264855664720038186e-03
-9.602176679449631047e-02,3.861212339044783198e-02,-2.106122198262663000e-03
-8.927200915334959630e-02,2.641563252972232989e-02,-1.005924670237021319e-02
-8.935426307181308647e-02,2.699041511010365907e-02,-1.396531765413455695e-02
-8.756890709519517257e-02,2.317771266313059172e-02,-5.307259137020023734e-03
-8.379752499492895690e-02,3.154446532472776621e-02,9.727503447252237173e-03
-8.220866383413291678e-02,3.303711016721792848e-02,-5.598519856031755615e-04
-8.625893988388977363e-02,4.366193010023461385e-02,-7.605401602308686781e-03
-8.699237534438650221e-02,5.673514250685662841e-02,5.710575025444586394e-03
-9.104140517518345688e-02,7.322946592978483993e-02,-3.590832314658377877e-02
-1.048875565661313569e-01,8.377910310623809531e-02,-9.293361464339672251e-02
-1.359200041727706143e-01,1.017725705225958621e-01,-1.883456949187670426e-01
-1.656730008826333145e-01,1.105426085975496908e-01,-2.722744235183713890e-01
-1.919202395540773598e-01,1.157962194126513078e-01,-3.802000590461608320e-01
-2.313240684918085321e-01,1.262623390693895231e-01,-5.207813529564901955e-01
-2.610153153054654562e-01,1.281076313603365380e-01,-6.375507145045523627e-01
-2.937799554055764428e-01,1.275204610300941788e-01,-7.335340299336799985e-01
-3.277154867381459336e-01,1.281270118308818762e-01,-8.319759316808162941e-01
-3.395072589375214278e-01,1.229803220084981080e-01,-8.610472183338879759e-01
-3.890223288259529455e-01,1.344038790887692736e-01,-9.416191744061834790e-01
-4.704976390863043201e-01,1.275271191568898566e-01,-1.026535304909753865e+00
-5.145753577850719074e-01,1.284924065438333152e-01,-1.065957787518949207e+00
-5.455830188097106070e-01,1.315560573150543200e-01,-1.091218674607863370e+00
-6.215308650650881450e-01,1.172738672410144622e-01,-1.086853973198678602e+00
-6.718926249298801112e-01,1.156915846605829079e-01,-1.068420809460561616e+00
-7.136743770987814539e-01,1.018272556876100993e-01,-1.055178287052239261e+00
-7.656593782161028594e-01,9.167669555750612709e-02,-1.016633084467747583e+00
-7.888041227057673854e-01,8.964900159580342642e-02,-9.999620585466207912e-01
-8.461071954478386337e-01,5.993162917798722927e-02,-9.133733554917370379e-01
-8.985886717263191770e-01,2.519432930934338566e-02,-8.453964980205260771e-01
-9.317565742740259171e-01,8.313168549635506499e-03,-7.709119057157175492e-01
-9.598044064260423669e-01,-2.877034426580472870e-02,-7.071310671663142422e-01
-1.012483879803656395e+00,-6.840253405193329195e-02,-6.298173949996745957e-01
-1.014021332051018964e+00,-1.233998475835790254e-01,-5.931199441744637868e-01
-1.036676605570610255e+00,-1.600478327406851531e-01,-5.592682049658400656e-01
-1.055847995040179121e+00,-2.205385126856656552e-01,-5.180829179077967028e-01
-1.078856729540204951e+00,-2.683910559988230693e-01,-4.798902945588946478e-01
-1.097997029356041709e+00,-3.188654038693152226e-01,-4.553888953272001161e-01
-1.137654364084413228e+00,-3.819053571634807298e-01,-4.270433644133900808e-01
-1.150187220497439711e+00,-4.139811996098176072e-01,-4.190685662828597668e-01
-1.174742207872162769e+00,-4.464117993725649769e-01,-4.061304222351379001e-01
-1.202112750632011506e+00,-4.763811157126733309e-01,-3.908089684092184157e-01
-1.231645353565467893e+00,-4.873930059995196240e-01,-3.778711840343333406e-01
-1.267598847271063534e+00,-4.968074391398668022e-01,-3.675374198680497750e-01
-1.298770333610821837e+00,-4.896520440025920462e-01,-3.418708283769623102e-01
-1.326059107201717602e+00,-4.611709976423291613e-01,-3.379210958916020191e-01
-1.350375739133375053e+00,-4.428679352225366461e-01,-3.345635520303479882e-01
-1.385461505425852780e+00,-3.571872306631054816e-01,-3.142322646023524846e-01
-1.411118610707360999e+00,-2.913962199691474964e-01,-2.871172806087934348e-01
-1.439540982464091901e+00,-2.245196854487490623e-01,-2.765310616988068126e-01
-1.464184402167406196e+00,-1.809429171154131599e-01,-2.603686831419251835e-01
-1.496122951768854792e+00,-7.353647984798125647e-02,-2.311145802845065711e-01
-1.528454416340448541e+00,3.514653779275722645e-02,-2.058842288037122936e-01
-1.554216504800082443e+00,1.481131878861978446e-01,-1.920994838395453930e-01
-1.576323891024494106e+00,2.300172513038293287e-01,-1.878458137264436834e-01
-1.609924594527573749e+00,3.012795692854198237e-01,-1.688441381906596039e-01
-1.631512468514435099e+00,3.521364516403512335e-01,-1.634495307685302767e-01
-1.666979760129452481e+00,4.422358046830625611e-01,-1.698700038144688729e-01
-1.699386593045910443e+00,4.848267522918366934e-01,-1.683063821849304087e-01
-1.729767657688197513e+00,5.261959680300754005e-01,-1.807900940366505005e-01
-1.763036025039978583e+00,5.443238867905894063e-01,-1.785314425623553969e-01
-1.797716169223493088e+00,5.510806018408387352e-01,-1.840129278978769323e-01
-1.852372939673355923e+00,5.523825227530864135e-01,-1.904040583730672587e-01
-1.852372939673355923e+00,5.523825227530864135e-01,-1.904040583730672587e-01
-1.900850727400038132e+00,4.898639719366981171e-01,-1.535880914805773101e-01
-1.940945174832153342e+00,4.266573562167728650e-01,-1.413759956446609400e-01
-1.979173128892758537e+00,3.699664696450554180e-01,-1.181977433166481878e-01
-2.006465155532594302e+00,3.060752692500886551e-01,-9.273947544097693729e-02
-2.029744509515926332e+00,2.152052871098170950e-01,-6.586188771083943683e-02
-2.044551785497708885e+00,1.422791432287752733e-01,-5.200585290815339101e-02
-2.071808134167731019e+00,6.178505245591800477e-02,-4.987388118407964921e-02
-2.094716521637317808e+00,-1.597796081726150785e-02,-5.404211330729196544e-02
-2.116337109883358103e+00,-7.826638777824310167e-02,-4.932512018696001699e-02
-2.134113475585534214e+00,-1.573463056130460780e-01,-6.435908746929097646e-02
-2.159216269740539929e+00,-1.821732100664520959e-01,-6.980696924348531174e-02
-2.193536451818920430e+00,-2.415931278847430197e-01,-9.023312857209234150e-02
-2.218108089221578094e+00,-2.689756395828865054e-01,-1.114674489744800490e-01
-2.261801072046222494e+00,-2.588683763570291951e-01,-1.350949955187717710e-01
-2.268203229140896671e+00,-2.403555166349149452e-01,-1.502337297001499483e-01
-2.267486270849548458e+00,-2.166422842232698098e-01,-1.616303034357172430e-01
-2.273210829515353915e+00,-1.970502531162951487e-01,-1.537376368049202524e-01
-2.273210829515353915e+00,-1.970502531162951487e-01,-1.537376368049202524e-01
-2.269264663014548322e+00,-1.817672666384813340e-01,-1.482649902595716551e-01
-2.223242718532344675e+00,-1.368194252316675130e-01,-1.153582690334360311e-01
-2.184491605620561661e+00,-1.099288092252372895e-01,-9.557558657203055197e-02
-2.115045576604482225e+00,-8.387606313029481730e-02,-6.269839123489144572e-02
-2.057892214847356627e+00,-5.845536092424470642e-02,-4.861075341461919275e-02
-1.998391739893077501e+00,-3.193049019402970090e-02,-2.096852976568330806e-02
-1.893491626651153226e+00,5.424321443471519233e-03,9.743518176608054193e-04
-1.819648530394163854e+00,3.432257953880292478e-02,4.754753356701559366e-03
-1.745649763365091811e+00,5.957379612475870168e-02,2.419034826390295198e-02
-1.637716441189381200e+00,9.366607632777904091e-02,1.564207382352163916e-02
-1.562921011409056371e+00,1.163669658610689550e-01,8.980924147954372216e-03
-1.484224567453619636e+00,1.384925863290518422e-01,-7.047286128364957380e-03
-1.415275806490578159e+00,1.619912336722680313e-01,-1.797630623817168122e-02
-1.327685810164142888e+00,1.775015533040248394e-01,-3.980724394902759866e-02
-1.260163724850551725e+00,1.824760055963894623e-01,-4.294042743792295114e-02
-1.182040183972361547e+00,1.863193852687132779e-01,-4.693204276214375803e-02
-1.128846866808608018e+00,1.869891349533207570e-01,-5.310370524767711597e-02
-1.076114647952155723e+00,1.794773314315731561e-01,-5.641949316978550621e-02
-1.019957817554044022e+00,1.641165998917351876e-01,-5.456128181739889477e-02
-9.813963384397923484e-01,1.463950945742631682e-01,-4.345804469657155167e-02
-9.447316223963905246e-01,1.273105397646864811e-01,-3.465049196425346034e-02
-9.041337718050480587e-01,1.000976476040444652e-01,-2.072574175429205481e-02
-8.756228996208557103e-01,7.711475359882144498e-02,-1.497668452402902903e-02
-8.689018034635658250e-01,6.013838724984642975e-02,-1.262089319536100623e-02
-8.310919093712966221e-01,2.258547115861208460e-02,-4.581916947965003484e-03
-8.054192146383613027e-01,1.492559150191613559e-03,-1.152068649407507819e-02
-7.870868097510341777e-01,-1.885231207780893592e-02,-1.577624268626445780e-02
-7.623207669194462799e-01,-4.539573428605253591e-02,-1.963339540475558462e-02
-7.542259407098834689e-01,-6.369369690743437173e-02,-1.791282739559355366e-02
-7.431651940833228220e-01,-8.180319850833978057e-02,-2.010820343820548389e-02
-7.271906014091740200e-01,-1.006015137309237278e-01,-1.775591472673036103e-02
-7.195401505018609312e-01,-1.070855222700840964e-01,-1.188971565909880540e-02
-7.233744022878462188e-01,-1.056646228219879774e-01,-9.667508116255907683e-03
-7.171840786033011339e-01,-1.048945016612329306e-01,-7.848679064392696803e-03
-7.201044657335228250e-01,-1.043839795995316899e-01,-5.536067584344836826e-03
-7.211728813559473705e-01,-1.006518240456326929e-01,-5.898883647897736060e-03
-7.121207035892649362e-01,-9.544583422373459358e-02,-6.392363400218568220e-03
-7.081227793996980324e-01,-9.614659227232864869e-02,-8.274650153566574101e-03
-6.996656870522539595e-01,-9.509729673289377128e-02,-1.245880874153221934e-02
-6.785621438218460977e-01,-9.245544237665319354e-02,-2.030189040489015911e-02
-6.598735469548591137e-01,-9.411678442688684032e-02,-2.421276389202201701e-02
-6.389085150504462129e-01,-9.623635763428595169e-02,-2.936321259054515062e-02
-6.009681004928369985e-01,-9.569020955320202415e-02,-4.869663299578445848e-02
-5.707985131671823309e-01,-9.953482822582537803e-02,-5.949896743231541940e-02
-5.368923021683846830e-01,-9.952678085487814963e-02,-6.155957183037617797e-02
-4.955868955146765509e-01,-9.737992991107938257e-02,-7.155314588910653695e-02
-4.777943171956320345e-01,-9.556955613267949234e-02,-7.457020310292709897e-02
-4.273330090552008853e-01,-8.692340497660627774e-02,-8.219868654851383849e-02
-3.856754783283639076e-01,-8.075907315131046482e-02,-7.947347480744411385e-02
-3.548468012867255217e-01,-6.992070359475932584e-02,-8.176125484806980037e-02
-3.212226195849139931e-01,-5.459945598569201919e-02,-8.061702825734073929e-02
-2.932492925960114016e-01,-4.183004061973577548e-02,-7.147749231272255976e-02
-2.614007882001693761e-01,-2.165960353326178839e-02,-7.154897535348897497e-02
-2.445705483243258982e-01,-4.182579513710482644e-03,-7.726109989366013175e-02
-2.242824068697543971e-01,1.350034999620114765e-02,-7.129643242579149220e-02
-2.064373923893557672e-01,3.343707681968448309e-02,-6.778469573693679529e-02
-1.953538944375761699e-01,4.715770147233562526e-02,-6.079449640407659505e-02
-1.898415691320727294e-01,5.804071604129597273e-02,-5.612465684150298728e-02
-1.886675980185356094e-01,6.207024461870113557e-02,-4.215681960806289680e-02
-1.918159772020625875e-01,6.904437125689869004e-02,-4.504100840083007096e-02
-2.000974532428752284e-01,6.054896687551768186e-02,-4.080428528031361524e-02
-2.073596819228055443e-01,5.168007713415677384e-02,-4.734542895975714372e-02
-2.125554584729210106e-01,4.199192378995657976e-02,-4.487760314838463993e-02
-2.243506566010779191e-01,2.834463287629884753e-02,-3.682420724978279630e-02
-2.292700281230508896e-01,1.313818317202998867e-02,-3.204237880554067219e-02
-2.383452866189314789e-01,-1.960296074193269844e-03,-2.211229852970527862e-02
-2.475261570849121573e-01,-2.434756053429694422e-02,-1.557671967255513587e-02
-2.553552372271523652e-01,-4.060105946223534212e-02,-1.054458214487969010e-02
-2.587416990634944236e-01,-6.122669279282644261e-02,-3.606465220728433899e-03
-2.410627402794044416e-01,-8.097067172951707970e-02,-8.313913405512022431e-03
-2.323891547572391469e-01,-9.426893886302183112e-02,-2.188512129091353328e-02
-2.137972368127471212e-01,-1.093507524236709688e-01,-2.075274406309596253e-02
-1.835464073474920854e-01,-1.188894612566160358e-01,-2.325658155075164754e-02
-1.606351279452584990e-01,-1.303542980134883289e-01,-1.945306301049840383e-02
-1.332482621357158337e-01,-1.359226319214795753e-01,-1.657137068885804893e-02
-1.002960565195690351e-01,-1.287467810662439038e-01,-1.096554528775076087e-02
-7.690530380376606190e-02,-1.260938145127284971e-01,5.508211728601081214e-04
-2.396253898845907004e-02,-9.209414765601021957e-02,3.600077697174869362e-02
3.936465572015053482e-02,-4.959051449878382201e-02,9.830595484668441797e-02
1.266262352976520456e-01,1.564964969017645924e-02,1.579753048744994282e-01
2.443960372076600107e-01,1.240048051786739325e-01,2.036963718719967675e-01
3.843975304074995214e-01,2.736672947881724216e-01,2.219674453434716532e-01
5.090761753534212009e-01,4.193605140086597571e-01,2.045214593606683451e-01
6.360128574898357146e-01,5.613615445772255352e-01,1.829878899129167846e-01
7.165045194344630275e-01,6.718437053276713478e-01,1.632017386645479851e-01
8.928630191917101833e-01,9.502536974055784125e-01,9.121944538427276261e-02
9.999621347908599356e-01,1.133496025320041678e+00,4.313957781761774968e-02
1.143548444950682974e+00,1.379427072751250538e+00,-2.220159547120833382e-02
1.272052211339510297e+00,1.537394789797680517e+00,-8.279122891521709104e-02
1.389755477325691713e+00,1.704875666563109737e+00,-1.325887952146403426e-01
1.595734302086836864e+00,1.904951370124410515e+00,-1.836302623918901755e-01
1.745261742923307491e+00,2.010262963341398201e+00,-2.000039411952431734e-01
1.904777014052767559e+00,2.108560203335581029e+00,-1.872294720920641975e-01
2.129199174817258289e+00,2.231899090681960018e+00,-1.683860248155590045e-01
2.236403522911414754e+00,2.254015427177054498e+00,-1.376967066443561261e-01
2.388649965915636830e+00,2.278857545122276562e+00,-9.400562150836860864e-02
2.388649965915636830e+00,2.278857545122276562e+00,-9.400562150836860864e-02
2.638770921253197788e+00,2.219610832019472291e+00,4.472596303317609434e-02
2.741677241903682560e+00,2.178036659383493667e+00,1.283135899143438008e-01
2.875191815880441037e+00,2.113718345871368420e+00,2.503297645732960874e-01
2.868790104677254149e+00,2.008855903249231023e+00,3.676808083123992987e-01
2.888144325767661780e+00,1.921796813355147959e+00,4.995066798599513969e-01
2.885576769670322950e+00,1.793108962934588879e+00,6.394704377949286256e-01
2.862616535119913319e+00,1.725599861765494625e+00,7.113020546351893625e-01
2.802648005461448655e+00,1.597544763633342191e+00,9.005117391205224031e-01
2.802648005461448655e+00,1.597544763633342191e+00,9.005117391205224031e-01
2.782116162243219115e+00,1.545664874033943814e+00,9.517401074926883364e-01
2.702694883120062563e+00,1.551530864922578079e+00,9.933566945992957642e-01
2.604958581666696915e+00,1.614960853780360139e+00,9.633498776525759588e-01
2.501823130090460534e+00,1.657590184210597783e+00,8.715943302347058941e-01
2.420955269643273677e+00,1.683764615328675163e+00,8.002520450986843059e-01
2.354033914605530686e+00,1.710687807290758977e+00,7.780760258408087049e-01
2.246249114151596782e+00,1.718253694187443781e+00,7.043278804654314884e-01
2.060980155266013636e+00,1.737778563560575806e+00,6.282216683003192248e-01
2.060980155266013636e+00,1.737778563560575806e+00,6.282216683003192248e-01
1.938331490876718632e+00,1.734068459228918613e+00,6.041229503217878660e-01
1.853564404126739174e+00,1.727083725580250917e+00,5.995028478734191202e-01
1.764043839240109213e+00,1.702719239835242648e+00,5.772285185581480516e-01
1.670712083441305618e+00,1.643514829040363834e+00,5.567813131907546342e-01
1.601925502578706917e+00,1.596391758860330912e+00,5.410823797438244487e-01
1.543344603886322108e+00,1.541029871907166449e+00,5.151426707721128428e-01
1.477991292838608750e+00,1.453888340267571078e+00,4.759414764929462693e-01
1.441455179158695143e+00,1.384441075251303221e+00,4.465589115329609560e-01
1.407336651030349550e+00,1.311933121813846359e+00,4.107443722287035248e-01
1.379805436883075886e+00,1.219084854470252832e+00,3.929196470181791079e-01
1.357012928652175709e+00,1.137549333438651056e+00,3.708201206237016767e-01
1.324358650178242724e+00,9.985768954656550900e-01,3.173847630909841233e-01
1.324358650178242724e+00,9.985768954656550900e-01,3.173847630909841233e-01
1.322925163940847471e+00,9.550697440103277369e-01,3.106974252375147572e-01
1.309519495961790403e+00,9.015286575957449644e-01,2.902183833733893437e-01
1.305305863707886704e+00,8.376463657775492511e-01,2.963401675485081710e-01
1.291027002646083943e+00,7.900710565528946683e-01,2.818565565158803188e-01
1.277043198203183794e+00,7.463359638001016982e-01,2.798538363138917684e-01
1.236799907541887622e+00,6.716422230067670140e-01,2.805985159657509720e-01
1.236799907541887622e+00,6.716422230067670140e-01,2.805985159657509720e-01
1.221412378964835677e+00,6.430376284758377858e-01,2.834185683217543827e-01
1.207622565003975801e+00,6.109457676267698867e-01,2.839228085370349985e-01
1.188852743946429369e+00,6.022560473225678779e-01,2.930228140139937709e-01
1.165183127425272636e+00,5.910315939751051850e-01,2.925466471645255528e-01
1.135866592596620261e+00,5.850065486287280292e-01,2.779182089887906049e-01
1.108960114098440863e+00,5.895006521671094513e-01,2.862384921593245091e-01
1.087700479792280905e+00,5.927013757566234053e-01,2.974399942809217712e-01
1.035411824169865103e+00,6.071832641409492526e-01,2.868441151538262956e-01
1.023700593793439806e+00,6.142598454832833843e-01,2.906183326765093833e-01
9.881939485062014583e-01,6.145466289393213266e-01,2.857782764803364350e-01
9.660179437675300296e-01,6.190415310959297424e-01,2.746940606405101071e-01
9.660179437675300296e-01,6.190415310959297424e-01,2.746940606405101071e-01
9.337180826884651230e-01,6.250109940769048578e-01,2.469694475275689693e-01
9.082082934906289262e-01,6.184573502959703761e-01,2.272341716709866677e-01
8.827302360390484326e-01,6.148580843304493060e-01,2.044063898212163666e-01
8.547776780067900537e-01,6.110816339038385170e-01,1.625659899800792063e-01
8.547776780067900537e-01,6.110816339038385170e-01,1.625659899800792063e-01
8.175548474617776451e-01,6.015037720991192050e-01,1.200526618413835511e-01
7.988343564752743431e-01,6.018293188333727617e-01,1.060781368191655860e-01
7.759020676750340018e-01,5.944986861939496325e-01,8.058574481856538296e-02
7.580667215904104417e-01,5.919147492903262808e-01,7.940386681393417356e-02
7.436443452189220871e-01,5.870262257731206912e-01,7.677619065345567262e-02
7.300230135369686346e-01,5.806317118174091352e-01,5.886056846428814465e-02
7.187948287702815575e-01,5.646234561724203793e-01,5.414837798273146319e-02
7.018557981266587698e-01,5.477142274859132520e-01,4.866105498095867760e-02
6.847649683659752240e-01,5.292824937758973114e-01,6.123757568082223435e-02
6.748927095000989418e-01,5.031801013841202819e-01,8.241240621311363146e-02
6.656593993027618561e-01,4.924030547890280163e-01,9.290297522522944496e-02
6.479654292317015285e-01,4.602949364155692336e-01,1.000131948593746961e-01
6.335414957344955855e-01,4.304238773656515749e-01,1.034095507900511524e-01
6.259428005405153206e-01,4.085997149114442006e-01,1.052665209249069728e-01
5.982270441187049759e-01,3.786953449305531794e-01,1.151135346462221071e-01
5.915385888975630557e-01,3.458302435884078041e-01,1.094076162873125896e-01
5.915385888975630557e-01,3.458302435884078041e-01,1.094076162873125896e-01
5.596751028592574784e-01,2.862337667404818431e-01,1.083692249645368116e-01
5.527185136496963747e-01,2.628101197400745104e-01,1.143853545038304026e-01
5.310008814197703098e-01,2.426946097179731032e-01,1.102354963163283408e-01
5.084832812027197946e-01,2.269810498556591727e-01,9.989091920920462053e-02
4.989190248393697291e-01,2.051523661356183803e-01,9.463683680177245594e-02
4.683988063238379573e-01,1.907651451249674501e-01,7.437909534579580095e-02
4.516854981497857024e-01,1.795497269038502097e-01,6.377441467636416061e-02
4.307797667636410477e-01,1.659500900323789274e-01,5.510053182628704693e-02
4.049549617488309439e-01,1.581800000598861944e-01,4.881298696613230875e-02
3.873621243911035683e-01,1.614998231278304830e-01,3.645387018090141817e-02
3.688693770878358480e-01,1.568346367572756306e-01,2.720818430849584330e-02
3.456426543818673647e-01,1.641235108550201660e-01,2.350227538881823411e-02
3.456426543818673647e-01,1.641235108550201660e-01,2.350227538881823411e-02
3.253572127176203588e-01,1.539574117576715251e-01,-4.045338162873224341e-03
3.101220080521301936e-01,1.513634886690410353e-01,-1.348288084166705467e-02
3.062096651117077184e-01,1.553533885929316016e-01,3.593191729416094285e-03
3.013770381266488441e-01,1.482755949061585754e-01,3.449722107945437863e-03
2.929966616714447247e-01,1.414919641186875576e-01,2.112512630762222385e-03
2.897620817035895247e-01,1.347921436685503016e-01,6.061160084018405413e-03
2.857521306230381697e-01,1.235152037108982609e-01,1.025605719559310666e-02
2.851830857823654530e-01,1.144696601968182709e-01,7.784389807291503677e-03
2.918139735840794002e-01,1.024571244015009264e-01,1.286562451162030080e-02
2.961530775740727206e-01,8.465106856155610315e-02,2.802572889955437865e-02
2.949026528713891704e-01,6.923510983518635364e-02,5.530130802396274192e-02
2.929873437942539516e-01,5.817638503918096116e-02,4.937605067277405640e-02
2.997062595171686161e-01,4.432967256609404716e-02,3.554447926796031054e-02
2.997062595171686161e-01,4.432967256609404716e-02,3.554447926796031054e-02
2.786280090359808392e-01,1.900848286408833576e-02,5.011052049619762333e-02
2.735868012845927288e-01,-3.389387341108801577e-04,3.566617490937022683e-02
2.735868012845927288e-01,-3.389387341108801577e-04,3.566617490937022683e-02
2.384649748544783732e-01,-2.063866015393189118e-02,5.580484171760451834e-02
2.155460369763690653e-01,-3.121725113233342341e-02,4.924806313001108687e-02
1.934210679775971720e-01,-3.868604752879688247e-02,5.401735826636026860e-02
1.651235659644359477e-01,-4.606926739037395940e-02,4.593767402546454492e-02
1.651235659644359477e-01,-4.606926739037395940e-02,4.593767402546454492e-02
1.099645227873681380e-01,-6.146909807350725563e-02,4.973044140984064082e-02
7.763936592373572865e-02,-7.274260508659566304e-02,3.348762714713443556e-02
5.715098730306379660e-02,-7.885477211480666770e-02,2.731242447544680874e-02
5.715098730306379660e-02,-7.885477211480666770e-02,2.731242447544680874e-02
-5.366725370421879943e-03,-8.408427262698703331e-02,1.993637392860244870e-02
-2.855475183840246872e-02,-7.542802455507278958e-02,2.510530147323369182e-03
-2.855475183840246872e-02,-7.542802455507278958e-02,2.510530147323369182e-03
-6.159209510576225954e-02,-7.968762484458867534e-02,-2.487704155775630199e-02
-6.159209510576225954e-02,-7.968762484458867534e-02,-2.487704155775630199e-02
-9.831296668340519518e-02,-7.166248380483015989e-02,-2.492763667020476623e-02
-1.088398637989694828e-01,-7.567548245257350870e-02,-3.026952899945517528e-02
-1.132050450825539401e-01,-7.653492208738882363e-02,-5.395453818947833907e-02
-1.079521474709347478e-01,-7.050733125573850624e-02,-5.462709063020361466e-02
-1.127005016499412760e-01,-7.129425751517748377e-02,-5.272442639207926274e-02
-1.157015755406147761e-01,-7.925896164222240303e-02,-6.305066229048876536e-02
-1.157015755406147761e-01,-7.925896164222240303e-02,-6.305066229048876536e-02
-9.668401982551388940e-02,-7.926912487238445271e-02,-5.487386059480708206e-02
-8.322245558082866368e-02,-8.448326506269540626e-02,-4.849629405258416848e-02
-6.776133022556357632e-02,-1.072147872391244622e-01,-2.468431158361829997e-02
-5.629291951613506206e-02,-1.171532474115238587e-01,-1.503329053923957437e-02
-5.106939198673907804e-02,-1.414012600223673033e-01,-1.552301157634133899e-03
-3.806840362408722700e-02,-1.521123944010748241e-01,-3.911221095346392729e-02
-6.065269119829104494e-02,-1.734137779853693606e-01,-1.594987360675120258e-01
-7.651526448868478658e-02,-1.740675556649765587e-01,-1.928419166737730395e-01
-8.818735099529004251e-02,-1.996075799295625453e-01,-3.021172123606142290e-01
-8.818735099529004251e-02,-1.996075799295625453e-01,-3.021172123606142290e-01
-1.317197907634694298e-01,-2.280720654860143026e-01,-4.736183406191421530e-01
-1.860905140535965840e-01,-2.444040574870788851e-01,-6.345330054966169531e-01
-2.079384699479270571e-01,-2.483210830022382076e-01,-7.341765519551542996e-01
-2.079384699479270571e-01,-2.483210830022382076e-01,-7.341765519551542996e-01
-2.687185896045137801e-01,-2.836125929414600177e-01,-9.303742166457282803e-01
-3.276331157993611076e-01,-2.997576270947336363e-01,-1.068698501738242879e+00
-3.927652181061616066e-01,-3.125741707910043576e-01,-1.136830983345189061e+00
-4.427636546909628490e-01,-3.417946593517501297e-01,-1.150118439641659940e+00
-4.427636546909628490e-01,-3.417946593517501297e-01,-1.150118439641659940e+00
-4.427636546909628490e-01,-3.417946593517501297e-01,-1.150118439641659940e+00
-5.223268811166091874e-01,-3.484901791887911604e-01,-1.094760706077808399e+00
-5.843145805034697382e-01,-3.412464755063406852e-01,-1.054768083300250181e+00
-7.018908545799872334e-01,-3.163197822870660314e-01,-9.804053582797638278e-01
-7.018908545799872334e-01,-3.163197822870660314e-01,-9.804053582797638278e-01
-7.422023750809642051e-01,-2.851991646194562691e-01,-9.359962531955324794e-01
-7.408264490989030504e-01,-2.651423315469026432e-01,-9.391337025632676694e-01
-7.933115693720687034e-01,-2.128013712781000044e-01,-9.180564879135716394e-01
-8.026329601525028501e-01,-1.713099540402042431e-01,-9.080054859197634887e-01
-8.023823061171052595e-01,-1.301798261321655548e-01,-8.618050980286356966e-01
-8.086643016554639907e-01,-1.040128827898327002e-01,-8.523370984461928757e-01
-8.432817274134640773e-01,-5.335495952278196397e-02,-8.358787067519282132e-01
-8.432817274134640773e-01,-5.335495952278196397e-02,-8.358787067519282132e-01
-8.098302650836606276e-01,7.450703748033374318e-03,-7.956552063027160226e-01
-7.967529795892945854e-01,3.708952730111797491e-02,-7.936275471842422213e-01
-7.967529795892945854e-01,3.708952730111797491e-02,-7.936275471842422213e-01
-7.833007543002307171e-01,6.989872387893612815e-02,-7.997165955310996388e-01
-8.083099303038896455e-01,1.381580249781210190e-01,-7.654514326728037998e-01
-8.191131635144720535e-01,1.584285333711417942e-01,-7.231718086433966963e-01
-8.244652428329078964e-01,1.724488945372059101e-01,-6.767090655602707727e-01
-8.418232799008205092e-01,2.172744198362899226e-01,-6.134993154011222360e-01
-8.577918020306694036e-01,2.573190945506047544e-01,-5.644601257388635052e-01
-8.770858738432144586e-01,2.756349208606681533e-01,-5.384428028045780135e-01
-8.770858738432144586e-01,2.756349208606681533e-01,-5.384428028045780135e-01
-9.728493827360040758e-01,4.203464250868474972e-01,-3.444442753170267602e-01
-1.004266834905557904e+00,4.439497792702642998e-01,-2.963013056373041132e-01
-1.004266834905557904e+00,4.439497792702642998e-01,-2.963013056373041132e-01
-1.057815294225417757e+00,4.361880007271896620e-01,-2.273508243491289826e-01
-1.093892143258909710e+00,4.008970783232753132e-01,-1.911439664837328023e-01
-1.093892143258909710e+00,4.008970783232753132e-01,-1.911439664837328023e-01
-1.158776150686541273e+00,2.850866634793623455e-01,-1.338540208476117210e-01
-1.201617684760103222e+00,1.804624621092613124e-01,-8.778432545890210714e-02
-1.201617684760103222e+00,1.804624621092613124e-01,-8.778432545890210714e-02
-1.233383562218983043e+00,4.839370836433816436e-02,-1.808369700495439034e-02
-1.258157102701593422e+00,-1.874836282653456754e-02,-4.895385902410071509e-03
-1.279679709384446529e+00,-1.108883042356943877e-01,9.991843117876399866e-03
-1.279679709384446529e+00,-1.108883042356943877e-01,9.991843117876399866e-03
-1.338931652663489125e+00,-2.856120417979397530e-01,2.313344731734794102e-02
-1.347967064370532375e+00,-3.284327572333068934e-01,3.040924163980782136e-02
-1.392178582172729717e+00,-4.246432746105195388e-01,1.588248249663564218e-02
-1.414668794964983878e+00,-4.833034654614983827e-01,1.049050639123436449e-02
-1.414668794964983878e+00,-4.833034654614983827e-01,1.049050639123436449e-02
-1.450304055369483258e+00,-5.722063982425353856e-01,-5.895939977104597968e-03
-1.500349883829859232e+00,-6.625720868591603585e-01,-2.505613508114721416e-02
-1.500349883829859232e+00,-6.625720868591603585e-01,-2.505613508114721416e-02
-1.572946971583034648e+00,-7.744848582946560756e-01,-5.679073535263103045e-02
-1.572946971583034648e+00,-7.744848582946560756e-01,-5.679073535263103045e-02
-1.586601223857402321e+00,-8.123249470460280897e-01,-5.702174827501586829e-02
-1.688804885251935950e+00,-9.138723573930818134e-01,-5.938297081286001561e-02
-1.720028655885718072e+00,-9.038858469139451346e-01,-5.362867614238820552e-02
-1.720028655885718072e+00,-9.038858469139451346e-01,-5.362867614238820552e-02
-1.825608103906918744e+00,-8.855268674337481993e-01,-5.295709179339817829e-02
-1.840452068301035915e+00,-8.255582713417146667e-01,-4.218145254894521690e-02
-1.897364114636908683e+00,-7.697012640049135657e-01,-1.852846783582849655e-02
-1.944023369898291831e+00,-7.051203011262050513e-01,3.415457361245464313e-03
-1.961997844430719118e+00,-6.163831320358313937e-01,3.801689533809159138e-02
-1.982184216355749706e+00,-5.580065422811398834e-01,4.571869335798642991e-02
-2.020565654719866266e+00,-4.769817885564575088e-01,7.406476684262189303e-02
-2.052399795602266597e+00,-3.308487971256623972e-01,1.012702306502833161e-01
-2.052399795602266597e+00,-3.308487971256623972e-01,1.012702306502833161e-01
-2.105592042461658320e+00,-2.124870486003675729e-01,1.210637824614890362e-01
-2.105573606499522299e+00,-1.529077322151903284e-01,1.239866600030540139e-01
-2.129835871435492134e+00,-8.694902501968604369e-02,1.193552530542851542e-01
-2.172210967688987360e+00,-9.338136631566906765e-03,9.258447848306744499e-02
-2.181469596482849216e+00,2.318382133325562477e-02,8.186652911418840217e-02
-2.223687661914564906e+00,4.871061628206328764e-02,2.542687600184204491e-02
-2.223687661914564906e+00,4.871061628206328764e-02,2.542687600184204491e-02
-2.258323989363041573e+00,2.485948433694591675e-02,-2.126513271224092505e-02
-2.271266014490133767e+00,1.567477867780830286e-02,-2.336522910780329879e-02
-2.251296099473228729e+00,-3.412495076067886823e-02,-4.365844940141570124e-02
-2.239485972033647077e+00,-6.902184273432300510e-02,-4.258024119813788588e-02
-2.239485972033647077e+00,-6.902184273432300510e-02,-4.258024119813788588e-02
-2.194708070811255407e+00,-1.108784395299232117e-01,-2.564332734488550258e-02
-2.162324268335722444e+00,-1.323050049587651267e-01,-1.629347624272765166e-02
-2.119072941376726860e+00,-1.501342302084253677e-01,-8.017682567004059957e-03
-1.926856934488512252e+00,-2.024275024727982542e-01,2.879840344739665811e-02
-1.845490541446571653e+00,-2.135652903035540340e-01,4.582117163413190752e-02
-1.845490541446571653e+00,-2.135652903035540340e-01,4.582117163413190752e-02
-1.748843689703600823e+00,-2.168345443808853135e-01,5.951203707363995898e-02
-1.664314602728103054e+00,-2.234881469855995728e-01,5.491206981586173319e-02
-1.525285626880549916e+00,-2.335960688930641127e-01,6.706430933367144021e-02
-1.437384318290492402e+00,-2.369921114531023387e-01,6.538546638990715143e-02
-1.437384318290492402e+00,-2.369921114531023387e-01,6.538546638990715143e-02
-1.299690628455555608e+00,-2.364978496063048219e-01,5.224988618487296649e-02
-1.193259290460069177e+00,-2.383810034026505320e-01,4.549274634657411720e-02
-1.042566226782969396e+00,-2.436566093948219491e-01,2.518507598353425872e-02
-1.042566226782969396e+00,-2.436566093948219491e-01,2.518507598353425872e-02
-9.541600974220030285e-01,-2.383580470606048718e-01,7.162907988390644111e-03
-8.530444845770978057e-01,-2.274667239799106622e-01,-1.985758632109987931e-02
-8.530444845770978057e-01,-2.274667239799106622e-01,-1.985758632109987931e-02
-7.862041767017556859e-01,-2.243232339494947991e-01,-2.969175565697824981e-02
-7.517573430712659599e-01,-2.230008696554302283e-01,-3.295599284707523974e-02
-7.276771872696510268e-01,-2.272120669406975935e-01,-3.781780967883859035e-02
-6.975293465292544681e-01,-2.252699985109060943e-01,-2.741978297264139816e-02
-6.870766303610923442e-01,-2.269001607680629640e-01,-1.462848319702948416e-02
-6.887355623249943326e-01,-2.336418033090276181e-01,-1.040350170099853255e-02
-6.787265808463482930e-01,-2.215158977642588678e-01,5.623941913595820880e-03
-6.787265808463482930e-01,-2.215158977642588678e-01,5.623941913595820880e-03
-6.806767682701210243e-01,-2.164282364377210222e-01,2.860430228146691733e-02
-6.933568285205388149e-01,-1.955400490321614893e-01,3.094412064211344779e-02
-6.964895483415600719e-01,-1.864750591572043037e-01,3.220000800863957041e-02
-6.984799468044394777e-01,-1.761688779128039728e-01,3.279550289998671431e-02
-7.011516230286156670e-01,-1.697024923985360201e-01,3.386676750498535809e-02
-6.980641141708829878e-01,-1.563897510883618669e-01,2.363552545055551748e-02
-6.980641141708829878e-01,-1.563897510883618669e-01,2.363552545055551748e-02
-6.897494730417614850e-01,-1.503903407199337905e-01,1.973178690264577179e-02
-6.823908258544607586e-01,-1.445741582997658869e-01,1.492780278044325733e-02
-6.645770715044135857e-01,-1.350934890442959113e-01,2.159409242461843292e-03
-6.445943621951566449e-01,-1.317202032259241762e-01,-3.337450108718068454e-03
-5.921692520382255687e-01,-1.181905701060615432e-01,-1.155944762819945126e-02
-5.921692520382255687e-01,-1.181905701060615432e-01,-1.155944762819945126e-02
-5.499881497961687238e-01,-1.125823637535906391e-01,-1.514900452571963686e-02
-5.499881497961687238e-01,-1.125823637535906391e-01,-1.514900452571963686e-02
-4.982102140100669874e-01,-1.071885764403984059e-01,-2.510575171295165164e-02
-4.697259963798136040e-01,-1.047459534006160986e-01,-3.775083923081368198e-02
-4.154117925062182914e-01,-1.114541205473824070e-01,-1.976745316847462394e-02
-4.154117925062182914e-01,-1.114541205473824070e-01,-1.976745316847462394e-02
-3.863489477800202687e-01,-1.173373418863092599e-01,-2.166845460759655312e-02
-3.630212081155850812e-01,-1.222320724449453139e-01,-5.943941085531513624e-03
-3.354680967914235312e-01,-1.309449126472725100e-01,1.506157026656789128e-03
-3.354680967914235312e-01,-1.309449126472725100e-01,1.506157026656789128e-03
-3.129166949091968242e-01,-1.393703349048097118e-01,5.482531902774401798e-03
-3.005500893293988063e-01,-1.448333348467139847e-01,1.355861537205010903e-02
-2.915063810491763108e-01,-1.522007955691417336e-01,1.001660920001019688e-02
-2.927867127925283253e-01,-1.606068519407444772e-01,2.187026520859850810e-03
-2.842345515062371653e-01,-1.658454713937584646e-01,-1.202680640542953469e-02
-2.842345515062371653e-01,-1.658454713937584646e-01,-1.202680640542953469e-02
-2.782106418369712508e-01,-1.731936699515199130e-01,-1.643587031999166337e-02
-2.503641107524933740e-01,-1.668482142754157960e-01,-2.744656360326838337e-02
-2.389709611408806222e-01,-1.600459047214206343e-01,-2.103064010916392765e-02
-2.247844124852723668e-01,-1.390955485445100892e-01,-2.668039880990065449e-02
-2.247844124852723668e-01,-1.390955485445100892e-01,-2.668039880990065449e-02
-2.107670876762402501e-01,-1.254358977263930752e-01,-2.546772573003010590e-02
-1.997808710498909512e-01,-1.135068652902251202e-01,-2.875888965194055291e-02
-1.720307878788553957e-01,-8.521256411406291642e-02,-1.645835648373594057e-02
-1.584993811393749508e-01,-7.517445910807268872e-02,-1.327613003613770104e-02
-1.584993811393749508e-01,-7.517445910807268872e-02,-1.327613003613770104e-02
-1.421510464013188424e-01,-6.478379899828763666e-02,-3.190040719903037246e-03
-1.269324836773437493e-01,-5.571732101793466785e-02,2.956717765461335575e-03
-1.128287451727845586e-01,-5.173217556375425685e-02,6.532474813428351505e-03
-8.915672238541039185e-02,-3.714900913917280195e-02,1.268186661747068913e-02
-6.720579369501697431e-02,-2.354649247037272561e-02,9.688667039025019093e-03
-2.416546996669956260e-02,-7.403370411489078318e-03,1.590818655079877589e-02
-2.416546996669956260e-02,-7.403370411489078318e-03,1.590818655079877589e-02
-1.031717708471585095e-02,-8.556404131258330686e-03,1.913586456479943188e-02
-1.046518831845557468e-04,-1.134783261737395445e-02,2.235650326024681001e-02
2.034430278729289221e-02,-1.391152932049982346e-02,1.008080597278191576e-02
3.734134680808841311e-02,-2.085331523210875310e-02,1.595363276211313186e-03
4.587817849405187443e-02,-2.620422914390339170e-02,-4.151628333411638665e-03
5.291366841125939857e-02,-4.466868388951020230e-02,-1.569983178809917362e-02
6.648332729274293584e-02,-6.523616622874314763e-02,-2.306665840037896292e-02
6.648332729274293584e-02,-6.523616622874314763e-02,-2.306665840037896292e-02
6.581862812296220000e-02,-8.181127477511576651e-02,-2.587094646159567024e-02
6.489268152963141578e-02,-9.604969660282812460e-02,-2.911207282844054459e-02
5.963308944981271509e-02,-1.056906626372494107e-01,-3.160291288245593161e-02
4.872439323536013195e-02,-1.218452396380112907e-01,-2.860419276678647163e-02
3.957808002895181476e-02,-1.277168063603724979e-01,-2.990636956525173640e-02
2.529155433575081338e-02,-1.303612390147420030e-01,-2.947424244230924598e-02
1.458189051812236112e-02,-1.289047966413496837e-01,-2.807473927398292796e-02
2.446972109348549695e-03,-1.251639389931927804e-01,-2.734735782080943006e-02
-8.253710198364771697e-03,-1.096501020063568171e-01,-1.916722122092625463e-02
-8.253710198364771697e-03,-1.096501020063568171e-01,-1.916722122092625463e-02
-2.926310431690702651e-02,-9.372077993052713163e-02,-2.405663399031494898e-02
-3.252091466219927951e-02,-7.610102379632864567e-02,-2.322752741784188391e-02
-3.906808354543046813e-02,-5.887618144320037883e-02,-2.616331598393930452e-02
-3.741099553268361494e-02,-4.346413607127500023e-02,-3.135988956867691996e-02
-3.231961654294743247e-02,-2.801097800524978559e-02,-2.877545790265826145e-02
-2.928067225673147006e-02,-1.109845561204831493e-02,-3.150362911360746893e-02
-2.315148768374911126e-02,4.977038987064311831e-03,-4.379991163972185575e-02
-9.550011671247653558e-03,2.016219234895575210e-02,-3.976821293240761362e-02
9.303930112572888697e-03,2.845426873019803182e-02,-3.316278671651839982e-02
2.368101791347101970e-02,4.513534201607014712e-02,-2.027275952666507744e-02
4.403395181064544139e-02,5.061545185125074231e-02,-1.394597141151903558e-02
9.618971207217322239e-02,6.339624671458286842e-02,-3.341610730334854291e-04
1.243328720325732328e-01,6.318905694270929296e-02,1.532147228758248304e-02
1.243328720325732328e-01,6.318905694270929296e-02,1.532147228758248304e-02
1.561027393132454755e-01,6.681585758793689989e-02,2.436419476901722017e-02
1.811674544396622011e-01,6.877280310122507734e-02,2.715398839248172116e-02
2.205466693347518381e-01,5.733904881493832179e-02,3.048596969456260353e-02
2.205466693347518381e-01,5.733904881493832179e-02,3.048596969456260353e-02
2.296998337006076751e-01,3.862984213023765157e-02,1.887719115358112848e-02
2.386868950691867219e-01,2.888231243914343715e-02,2.402353672513621308e-02
2.474802990417925008e-01,8.699741069741570576e-03,2.336043239947020733e-02
2.418163721787847664e-01,-5.041735158759063501e-03,2.359830382217668887e-02
2.318983385154993193e-01,-2.241349951109795902e-02,2.146216058762394352e-02
2.249176358264078357e-01,-4.626497627803397711e-02,1.705678969186467941e-02
2.107033946260759849e-01,-5.628466882253958803e-02,1.375003695421504399e-02
1.990688613270555074e-01,-7.138390072056241542e-02,1.248747376665237420e-02
1.815092469870059066e-01,-8.789367036126606580e-02,4.702288269828335671e-03
1.498095643474388339e-01,-1.099883514500731990e-01,-6.376582941245127409e-03
1.244752839471607170e-01,-1.236908558015554355e-01,-1.928337477095901087e-02
1.244752839471607170e-01,-1.236908558015554355e-01,-1.928337477095901087e-02
1.128170214483045219e-01,-1.265516755641082625e-01,-3.025876205108546033e-02
9.792062420110637933e-02,-1.307202936358420886e-01,-4.173193677465950047e-02
8.544998183239409240e-02,-1.305213658033997637e-01,-5.729832551928495943e-02
8.160680931685171391e-02,-1.250065833224657530e-01,-6.054230959727815997e-02
7.620790662853996200e-02,-1.203421229331610304e-01,-5.643657581874545609e-02
7.873389130817710913e-02,-1.013695069211879157e-01,-5.796068190107649815e-02
7.404722706403735200e-02,-8.930086621976023042e-02,-5.965522884225487460e-02
7.894977784560132383e-02,-7.597734125015105644e-02,-4.776752761799451380e-02
8.940992681576229173e-02,-5.033290205740718198e-02,-3.672061643330855329e-02
9.590660764561251272e-02,-3.318336758518175555e-02,-3.092288639893454177e-02
1.038036128773905248e-01,-1.404539246387203483e-02,-3.731267980691141406e-02
1.200870474885348677e-01,9.779265763521442778e-03,-3.836647019515927737e-02
1.310826704127701359e-01,2.387925725944812019e-02,-3.177705836759596447e-02
1.411501222373879316e-01,4.403157529995908870e-02,-2.957173275052939546e-02
1.613599122641768135e-01,7.400642565892037728e-02,-3.769499310057235902e-02
1.690646698871656473e-01,9.578853055865413357e-02,-4.169001660931789810e-02
1.833144072974929595e-01,1.172181529158479729e-01,-3.709351954863710638e-02
1.968912547530561330e-01,1.382942165283981284e-01,-3.134315707365115111e-02
2.120790055640358329e-01,1.560102116878831768e-01,-3.554841478990808379e-02
2.326858972577039164e-01,1.745809497692290546e-01,-3.613962229575500007e-02
2.458934141251253036e-01,1.910527756771716323e-01,-5.161210326551728123e-02
2.656610240585994820e-01,1.959782099457105242e-01,-8.040804027892808903e-02
2.782257513970948226e-01,1.976670367815618612e-01,-1.016780247961310696e-01
2.942792518181133188e-01,1.863038906291099583e-01,-1.422365352051605247e-01
3.041483182530239637e-01,1.748895562500839829e-01,-1.743882430718992071e-01
3.147544360052649259e-01,1.605971466535197900e-01,-2.094776647514424717e-01
3.281818701391752136e-01,1.447863885722615596e-01,-2.590714804672189508e-01
3.330731941696761789e-01,1.300493194929483731e-01,-2.932556637032022739e-01
3.340454182248837056e-01,1.146316939369203952e-01,-3.143704855891921168e-01
3.116586846213995066e-01,9.235482178134067632e-02,-3.363355711129659142e-01
2.992071044668440094e-01,7.683067559796136203e-02,-3.637007054875299739e-01
2.763824867362750792e-01,6.018115233327193947e-02,-3.852918231233197766e-01
2.363199300990476148e-01,3.505833099234366423e-02,-4.238505576497596516e-01
2.133791148280378136e-01,2.255241559443729379e-02,-4.426703811887899853e-01
1.879022529349997361e-01,9.982357836045549493e-03,-4.703817030625339624e-01
1.506554962373602979e-01,5.399061295655521904e-03,-5.054877867937459524e-01
1.224091339204869816e-01,4.034831358375529781e-03,-5.383141011139257470e-01
5.614136268852384926e-02,4.892069384200384806e-03,-6.240988920446023380e-01
5.614136268852384926e-02,4.892069384200384806e-03,-6.240988920446023380e-01
2.561761787670579354e-02,1.289181550729471062e-02,-6.592408503485425175e-01
5.936767222485355572e-03,1.659427853155115776e-02,-7.034194675566920463e-01
-9.161877851571286271e-03,2.534623327490402936e-02,-7.209076107458171068e-01
-2.081101185439895168e-02,3.503906081164905734e-02,-7.157874998553696022e-01
-2.263887199910434578e-02,4.725060215052812734e-02,-6.848744806230788740e-01
5.177833507769619495e-03,6.362022760186483716e-02,-5.645719964795050672e-01
5.177833507769619495e-03,6.362022760186483716e-02,-5.645719964795050672e-01
5.562989153793324038e-02,8.810709981332864871e-02,-3.956253715482707656e-01
5.562989153793324038e-02,8.810709981332864871e-02,-3.956253715482707656e-01
8.551663219266457394e-02,9.853015601154481440e-02,-3.166613470613033887e-01
1.119631218902365222e-01,1.017171294733714704e-01,-2.264999764585647335e-01
1.276572585805553772e-01,1.044920950634549706e-01,-1.961573612110221743e-01
1.284341244082052302e-01,1.046341503366101516e-01,-1.767927523793477729e-01
1.247586070104876321e-01,1.108401429071011329e-01,-1.698239516102724722e-01
1.139379441954429945e-01,1.131072506268792632e-01,-1.769835721110497584e-01
1.030657153826604056e-01,1.204443033421934289e-01,-1.943560653017484541e-01
9.112267532745223220e-02,1.285780909214387091e-01,-2.094608082471107469e-01
7.841675575122042385e-02,1.346426564632625944e-01,-2.453438458811652012e-01
5.851902245152270504e-02,1.439938150274017170e-01,-2.967820910196795614e-01
5.851902245152270504e-02,1.439938150274017170e-01,-2.967820910196795614e-01
4.840438269438369218e-02,1.422599470744490557e-01,-3.384567620093987261e-01
4.054153081772540745e-02,1.431867182374397529e-01,-3.591079378271193612e-01
3.616061564036472664e-02,1.434833559563728766e-01,-3.853467548767568474e-01
4.460130032199084021e-02,1.491170205984943542e-01,-4.178405866528969170e-01
4.756005342230402305e-02,1.528338039993882291e-01,-4.516805316094779088e-01
4.265029593511889677e-02,1.585543519550386693e-01,-4.884231689278323296e-01
4.567722932358975890e-02,1.608022006760990441e-01,-5.275459491872735995e-01
4.843804510769204874e-02,1.681578738386453331e-01,-5.491432583246106391e-01
5.128058556712217914e-02,1.669755941414544642e-01,-5.774975120960285091e-01
6.857629529289060999e-02,1.763272005959109490e-01,-6.070419153779559318e-01
6.993718419691191679e-02,1.357158344975418762e-01,-6.278978226404556828e-01
6.935914764033558610e-02,1.471719295434630870e-01,-6.421214201891307649e-01
