7.749479852727121365e-01,-6.816460418386512121e-02,-1.325035095214843750e-02
7.634293455077032498e-01,-7.384087418553818283e-02,-9.809374809265136719e-03
7.638630695300236972e-01,-7.572174571103512664e-02,-7.109999656677246094e-03
7.695935521983705563e-01,-6.772803958267917257e-02,-5.777716636657714844e-03
7.676260628656319529e-01,-7.093520914524568954e-02,-3.353118896484375000e-03
7.639823584712481797e-01,-6.698472151505108219e-02,-1.416683197021484375e-03
7.601353321567843047e-01,-6.480647459781764541e-02,1.841187477111816406e-04
7.629351268455714097e-01,-6.491032405047574005e-02,1.243948936462402344e-04
7.601137487589196828e-01,-6.320408260030284386e-02,-5.965232849121093750e-04
7.617062057494884408e-01,-6.343372248280645942e-02,-1.429438591003417969e-03
7.547423266423421984e-01,-6.327037615508510071e-02,-4.441857337951660156e-03
7.498355142252998151e-01,-6.766703202033493014e-02,-6.681084632873535156e-03
7.511122243144524591e-01,-6.557991619230671421e-02,-7.883906364440917969e-03
7.500196534106726709e-01,-6.903254012983169041e-02,-1.131570339202880859e-02
7.442094890845052380e-01,-6.919033113146332015e-02,-1.280546188354492188e-02
7.485227906755413940e-01,-6.804774101505604855e-02,-1.363706588745117188e-02
7.382264490224005327e-01,-7.497320215869837656e-02,-1.338326930999755859e-02
7.558050387015430305e-01,-5.926764945860608924e-02,-1.290225982666015625e-02
7.367299935879910722e-01,-6.834757771776377167e-02,-1.046693325042724609e-02
7.323807194089415606e-01,-6.742045720284141341e-02,-8.141636848449707031e-03
7.325056026592614566e-01,-6.539996795893388004e-02,-5.577087402343750000e-03
7.325640542874736205e-01,-6.996248055518791698e-02,-4.540801048278808594e-03
7.238102516918255569e-01,-6.709264360474667677e-02,-1.332640647888183594e-03
7.417014236342303057e-01,-6.423983853846237935e-02,-3.556013107299804688e-04
7.266562388633561742e-01,-6.284084973456646739e-02,3.850460052490234375e-04
7.207131590628332862e-01,-6.087100587727320433e-02,-1.566290855407714844e-03
7.210094386480174755e-01,-5.580239049321173567e-02,-3.666043281555175781e-03
7.158885049712442328e-01,-5.931579462584892631e-02,-4.989981651306152344e-03
7.187127363451845108e-01,-5.782671888891412898e-02,-4.989981651306152344e-03
7.178639578719927528e-01,-5.608423278557886360e-02,-8.113026618957519531e-03
7.118168520147680756e-01,-5.527860859549358491e-02,-1.258623600006103516e-02
7.191568845801845633e-01,-4.617286906130097651e-02,-1.417922973632812500e-02
7.067531730907303800e-01,-4.483347597320442440e-02,-1.710057258605957031e-02
7.099117148550478928e-01,-4.091109021760232223e-02,-1.801300048828125000e-02
7.034355966749543665e-01,-3.464588709662926730e-02,-1.759433746337890625e-02
7.091095819301825864e-01,-2.931631043835968356e-02,-1.637017726898193359e-02
7.114897190407870609e-01,-2.800847432724271058e-02,-1.637017726898193359e-02
7.055809692876036099e-01,-2.717612097179860839e-02,-1.446056365966796875e-02
7.031630675352730231e-01,-2.300481120363272527e-02,-1.167297363281250000e-02
7.017308400057669093e-01,-1.633189331363956234e-02,-9.060502052307128906e-03
6.930601871116993662e-01,-1.665708469105382436e-02,-5.461215972900390625e-03
6.981743331646880213e-01,-1.024572267377931063e-02,-4.560828208923339844e-03
7.018206824524469978e-01,-5.945944075604657833e-04,-3.273844718933105469e-03
7.025878161519666376e-01,-7.235439868296687782e-03,-2.803325653076171875e-03
6.951738749622580205e-01,8.126065752625154931e-03,-5.111336708068847656e-03
6.970848295862174249e-01,1.352999189415130324e-02,-6.314277648925781250e-03
6.933519700511129313e-01,6.440996877352509267e-03,-7.571578025817871094e-03
6.923438364168267301e-01,6.505102288132872182e-03,-1.074659824371337891e-02
6.906746653258709623e-01,7.100514196171044297e-03,-1.432240009307861328e-02
6.940991078277846116e-01,9.352239713990261050e-03,-1.773655414581298828e-02
6.925212652160830373e-01,8.953282917729600554e-03,-2.081501483917236328e-02
6.865099857262775274e-01,1.841301628565427881e-02,-2.462029457092285156e-02
7.007261395555917094e-01,2.177010997771084214e-02,-2.539467811584472656e-02
6.882889693347082893e-01,2.836732205421425498e-02,-2.563726902008056641e-02
6.981487996671021934e-01,3.067409297626116221e-02,-2.494728565216064453e-02
6.918561299559238265e-01,3.244462183141332695e-02,-2.432429790496826172e-02
6.982785129973810845e-01,3.786227024347966347e-02,-2.163922786712646484e-02
6.996487834229460079e-01,4.110726452260338171e-02,-1.868247985839843750e-02
7.006949453304628372e-01,4.261850068849093454e-02,-1.332986354827880859e-02
6.983931933158051830e-01,4.748733374527373124e-02,-1.047480106353759766e-02
7.039926723844612821e-01,5.415201067187362660e-02,-7.905364036560058594e-03
7.031428197314306683e-01,5.770318626036163856e-02,-6.289839744567871094e-03
7.064411030137148773e-01,6.392733541103569339e-02,-5.868554115295410156e-03
7.237366615614282406e-01,7.489642551328187792e-02,-6.417393684387207031e-03
7.088695082543292614e-01,6.696945456370667626e-02,-8.225321769714355469e-03
7.173899155435977670e-01,7.379626642047555640e-02,-9.340882301330566406e-03
7.193951734681015564e-01,7.848709729914664368e-02,-1.197409629821777344e-02
7.312793232007198663e-01,7.907025532532839518e-02,-1.551568508148193359e-02
7.365260808591722608e-01,7.472095291093965030e-02,-1.850044727325439453e-02
7.312559169873957821e-01,7.565812467751133197e-02,-2.139651775360107422e-02
7.247884636080750287e-01,6.920658377139285444e-02,-2.459812164306640625e-02
7.267365808437310504e-01,6.615994080433845737e-02,-2.555143833160400391e-02
7.387638591793689313e-01,7.515459008580417655e-02,-2.553224563598632812e-02
7.313846416065793443e-01,6.890519453614941947e-02,-2.470219135284423828e-02
7.435848895401950820e-01,7.459962357615815276e-02,-2.271950244903564453e-02
7.371541041674222194e-01,7.753678993209869863e-02,-1.833844184875488281e-02
7.458585571524479763e-01,7.713516655929676669e-02,-1.685190200805664062e-02
7.499000992915324515e-01,8.451232695089344604e-02,-1.533460617065429688e-02
7.471246827648690969e-01,8.109075127109283132e-02,-1.186645030975341797e-02
7.535217848186178680e-01,8.456461169701937064e-02,-8.088707923889160156e-03
7.598045082872264544e-01,8.229813448496078876e-02,-6.559848785400390625e-03
7.595224549737416009e-01,8.316942537468118013e-02,-6.011843681335449219e-03
7.597544464685118681e-01,7.890396594217986836e-02,-6.138801574707031250e-03
7.613507651869726445e-01,8.506337143171729953e-02,-7.189273834228515625e-03
7.765405975641720415e-01,8.396076550264282290e-02,-9.562492370605468750e-03
7.716425606854021568e-01,7.629638842942967902e-02,-1.208746433258056641e-02
7.690150597389052711e-01,7.455064537117284118e-02,-1.730227470397949219e-02
7.816264238903689598e-01,7.839230644807919368e-02,-2.140569686889648438e-02
7.840177565357211442e-01,8.070996233015355348e-02,-2.422201633453369141e-02
7.810106058672809937e-01,6.956773265203375356e-02,-2.584838867187500000e-02
7.770337235222494199e-01,6.162367655528033783e-02,-2.742803096771240234e-02
7.803829870456915341e-01,6.037731698276860987e-02,-2.770519256591796875e-02
7.953983624532690033e-01,6.794965659684563952e-02,-2.718734741210937500e-02
7.915370162860890790e-01,6.069872434191681682e-02,-2.600741386413574219e-02
7.929751414089356576e-01,6.366954625210172192e-02,-2.477705478668212891e-02
7.937757798147593302e-01,5.574717166165998883e-02,-2.253305912017822266e-02
7.961889068845213746e-01,5.352051607818342216e-02,-2.035224437713623047e-02
8.004237046473471340e-01,5.507523213826591435e-02,-1.667165756225585938e-02
7.980134233885232131e-01,4.924345612780723497e-02,-1.606988906860351562e-02
8.007488558270078327e-01,5.265609391276337981e-02,-1.565659046173095703e-02
7.995375436515543832e-01,4.628843833867142543e-02,-1.612424850463867188e-02
8.080599166119412091e-01,4.796124150398067137e-02,-1.666581630706787109e-02
8.127478421353516724e-01,4.713325679612025837e-02,-1.817154884338378906e-02
8.181992664262845993e-01,4.275262505052785517e-02,-2.052962779998779297e-02
8.160667891807589225e-01,3.543761372297894729e-02,-2.271997928619384766e-02
8.180406243614348760e-01,4.014255759228189252e-02,-2.528822422027587891e-02
8.156542403799600383e-01,3.483988870579218800e-02,-2.765321731567382812e-02
8.187136990483157017e-01,4.787044867821133032e-02,-2.929270267486572266e-02
8.192548642273945747e-01,4.124756878609176641e-02,-3.017938137054443359e-02
8.196416798427074157e-01,3.841287309817065232e-02,-3.029119968414306641e-02
8.213940917250401874e-01,3.830574009156409443e-02,-2.871906757354736328e-02
8.176843640161089999e-01,3.698061811288613082e-02,-2.798366546630859375e-02
8.216766824879823128e-01,3.921754718281446339e-02,-2.582478523254394531e-02
8.197419221215361818e-01,3.894183213372510999e-02,-2.332317829132080078e-02
8.199595020561525338e-01,3.930242796302012287e-02,-1.935923099517822266e-02
8.178036137623181379e-01,3.374169897359628051e-02,-1.710832118988037109e-02
8.239982051699300536e-01,2.950788375326456048e-02,-1.623189449310302734e-02
8.215888777016212563e-01,2.779982790130413120e-02,-1.455819606781005859e-02
8.295021156306987553e-01,3.108480910335149894e-02,-1.380538940429687500e-02
8.181007951452987648e-01,2.565467071561901638e-02,-1.438856124877929688e-02
8.262933885572968373e-01,2.677054898137205471e-02,-1.578974723815917969e-02
8.279623428738851487e-01,2.575956524099452458e-02,-1.668417453765869141e-02
8.273776057126431827e-01,2.199035548511901750e-02,-1.904022693634033203e-02
8.266922107961420796e-01,1.659315725332995151e-02,-2.271842956542968750e-02
8.259030540312204405e-01,1.451036676261540509e-02,-2.492344379425048828e-02
8.294096401670598695e-01,1.444493457900791755e-02,-2.681028842926025391e-02
8.215070821512653332e-01,1.091714657960524137e-02,-2.787613868713378906e-02
8.276880128325755370e-01,5.195234192841635852e-03,-2.817332744598388672e-02
8.402888146789504464e-01,1.201312980010900248e-02,-2.722537517547607422e-02
8.195396643648447110e-01,-2.379583610564370549e-03,-2.451050281524658203e-02
8.241972068711604926e-01,4.110770130989197299e-05,-2.451050281524658203e-02
8.263054485671645910e-01,1.145189562087442362e-03,-2.451050281524658203e-02
8.251103025924225731e-01,2.845691295628698624e-03,-2.253019809722900391e-02
8.279242534941544385e-01,1.010055977496693335e-03,-2.091848850250244141e-02
8.281144473105332970e-01,5.911792274462508191e-03,-1.836967468261718750e-02
8.207679369635861866e-01,-2.819147079316474541e-03,-1.779925823211669922e-02
8.282216205945437393e-01,-3.006142582116849357e-03,-1.841735839843750000e-02
8.194092376126804744e-01,1.491580130339312639e-03,-1.985919475555419922e-02
8.260050891894989977e-01,5.023314806027526051e-03,-1.985919475555419922e-02
8.236455327082882194e-01,2.547414438601353602e-03,-2.305364608764648438e-02
8.213659253646325986e-01,8.108486511517878220e-03,-2.528476715087890625e-02
8.242612908671551608e-01,1.031270124120579022e-02,-2.639341354370117188e-02
8.225239941765264406e-01,-4.766590318486675637e-03,-2.914416790008544922e-02
8.250520730096400079e-01,-4.513490981655434884e-04,-3.095781803131103516e-02
8.248111025276203545e-01,-5.616389401314483658e-03,-3.267836570739746094e-02
8.222248192449312931e-01,-8.066807818266831520e-03,-3.250730037689208984e-02
8.354482625374283211e-01,1.694539997836312824e-04,-3.233623504638671875e-02
8.229168930181367525e-01,-9.153652574531337405e-03,-3.041660785675048828e-02
8.320790780722132629e-01,-2.711216829361316402e-03,-2.951657772064208984e-02
8.238951990088203559e-01,-6.278312761551902571e-03,-2.680504322052001953e-02
8.274271800311447933e-01,-9.723770076810965210e-03,-2.435052394866943359e-02
8.220850616640552611e-01,-1.186469119898634489e-02,-2.117240428924560547e-02
8.222253990046052285e-01,-1.347904287443048993e-02,-1.840126514434814453e-02
8.299606770849912163e-01,-1.143760492230525352e-02,-1.557600498199462891e-02
8.223272919082685872e-01,-1.134453317506663346e-02,-1.459991931915283203e-02
8.204670469283811274e-01,-7.885868181655628778e-03,-1.454102993011474609e-02
8.249197693430033729e-01,-5.688929195847104714e-03,-1.499879360198974609e-02
8.130832558482472550e-01,-1.066791842448021332e-02,-1.861405372619628906e-02
8.151191197241721698e-01,-6.655048301458060117e-03,-2.001631259918212891e-02
8.202955362027132269e-01,-3.851324492908346237e-03,-2.138531208038330078e-02
8.182333745180522255e-01,-4.917684582156729364e-03,-2.426028251647949219e-02
8.174990669385904241e-01,-2.058792882768368214e-03,-2.709949016571044922e-02
8.143388002157129213e-01,-6.214868527413637198e-03,-2.954280376434326172e-02
8.123484234999699405e-01,-2.856783803622905960e-03,-3.129255771636962891e-02
8.178999739534139612e-01,-1.153975550449327404e-03,-3.240358829498291016e-02
8.125613509860771799e-01,-5.375722589358261291e-03,-3.249800205230712891e-02
8.095346327941754794e-01,-7.212589210936834125e-03,-3.116929531097412109e-02
8.106865224572489259e-01,-4.715751664387651462e-03,-3.037226200103759766e-02
8.233681446092210310e-01,-1.582393586460671339e-03,-2.847909927368164062e-02
8.096851173714192385e-01,-7.730113795054643910e-03,-2.467322349548339844e-02
7.961408590217439185e-01,-1.706494858696606248e-02,-2.163374423980712891e-02
8.001551313962813605e-01,-1.518170243467606255e-02,-2.063214778900146484e-02
8.022991053389034732e-01,-1.081960474345053727e-02,-1.963913440704345703e-02
8.039159060242385690e-01,-6.753610468510067716e-03,-1.857912540435791016e-02
8.013563195436530506e-01,-7.474552752145692709e-03,-1.801681518554687500e-02
8.026179607568059149e-01,-6.798511683620581288e-03,-1.828861236572265625e-02
8.024443225523724132e-01,-6.762915091078208762e-03,-1.891195774078369141e-02
7.938392448287142633e-01,-5.948925661087823245e-03,-2.101039886474609375e-02
7.907762884073700205e-01,-1.098768541633545620e-02,-2.139616012573242188e-02
7.979425054349825741e-01,-3.799243302239903135e-04,-2.218782901763916016e-02
7.941375202720061255e-01,-6.592579709257110829e-03,-2.333962917327880859e-02
7.913712825526153516e-01,-3.364479191789056071e-03,-2.451336383819580078e-02
7.884659146243825356e-01,-6.064957468209141757e-03,-2.588319778442382812e-02
7.889607554552802160e-01,1.460012421597773951e-03,-2.667248249053955078e-02
7.910445877330132269e-01,8.852794397092453305e-03,-2.723801136016845703e-02
7.947000186284174372e-01,1.111450860751885504e-02,-2.685904502868652344e-02
7.980138454600484987e-01,1.156258574253032044e-02,-2.677345275878906250e-02
7.906574369058388951e-01,3.620877120051367061e-03,-2.522134780883789062e-02
7.857193478417647814e-01,6.769662519844940607e-03,-2.474164962768554688e-02
7.938234036373201796e-01,9.571943951161633254e-03,-2.420091629028320312e-02
7.891811559158201650e-01,1.205471202276397168e-02,-2.392017841339111328e-02
7.838817481083777405e-01,9.664407167950986310e-03,-2.293837070465087891e-02
7.772786441591658102e-01,1.380598867428079433e-02,-2.175700664520263672e-02
7.743383709697229111e-01,1.115604426822738859e-02,-2.151048183441162109e-02
7.801080226282615104e-01,1.462682686192187838e-02,-2.116978168487548828e-02
7.775827642911532500e-01,1.491646548238864840e-02,-2.076852321624755859e-02
7.801133664323082195e-01,1.817338581330248462e-02,-2.019822597503662109e-02
7.773125947274697189e-01,2.100691140342686100e-02,-1.968777179718017578e-02
7.790810034853394850e-01,2.820173114139511508e-02,-1.915025711059570312e-02
7.751967476801747692e-01,2.740967750102541248e-02,-1.894104480743408203e-02
7.749262027528176500e-01,2.982817873412433110e-02,-1.886880397796630859e-02
7.763426636757361221e-01,3.084260338824341974e-02,-1.859390735626220703e-02
7.801983727145435088e-01,4.076285309678225749e-02,-1.847040653228759766e-02
7.801115635198420106e-01,4.080397069670151089e-02,-1.811683177947998047e-02
7.761647691930732007e-01,4.168572209857201311e-02,-1.787030696868896484e-02
7.768837322965547187e-01,4.322327576274029998e-02,-1.707231998443603516e-02
7.807316328726374710e-01,4.375295033046282256e-02,-1.697790622711181641e-02
7.745164597380133076e-01,4.219268259933420251e-02,-1.581943035125732422e-02
7.888583861981464107e-01,4.990473640668181138e-02,-1.541614532470703125e-02
7.704977655173875783e-01,4.402408955054887968e-02,-1.469409465789794922e-02
7.672496085854788594e-01,4.957314504056016535e-02,-1.434266567230224609e-02
7.746637401290351610e-01,5.303655198726583281e-02,-1.427888870239257812e-02
7.733379981864235697e-01,4.874631967460001797e-02,-1.443040370941162109e-02
7.762491536099824785e-01,6.057444908433680386e-02,-1.475477218627929688e-02
7.789247939184911207e-01,6.636661451029911285e-02,-1.557528972625732422e-02
7.793075513978743318e-01,6.617198567765424089e-02,-1.588511466979980469e-02
7.824577663363142532e-01,6.580348104139566168e-02,-1.654469966888427734e-02
7.789349433744261475e-01,6.352188592374737042e-02,-1.647531986236572266e-02
7.778374557734586414e-01,5.907836462542396389e-02,-1.590788364410400391e-02
7.778374557734586414e-01,5.907836462542396389e-02,-1.590788364410400391e-02
7.802390274492524425e-01,6.037229815712197994e-02,-1.590788364410400391e-02
7.783634848622809077e-01,5.831192550751176928e-02,-1.480710506439208984e-02
7.883902935345139529e-01,6.670421940555040785e-02,-1.432859897613525391e-02
7.877190201738886177e-01,6.732750988621574728e-02,-1.366269588470458984e-02
8.009549488251002103e-01,7.488021368778909059e-02,-1.340210437774658203e-02
7.994550203544468214e-01,7.982754758095596259e-02,-1.326048374176025391e-02
7.915017681381820713e-01,7.183451011632861760e-02,-1.313495635986328125e-02
8.028649885433856159e-01,7.809799740931062939e-02,-1.313495635986328125e-02
7.930933596713872769e-01,7.241302787616205050e-02,-1.318252086639404297e-02
7.966376180854241040e-01,7.435317632054849746e-02,-1.318252086639404297e-02
8.168625557747639654e-01,8.571854841766304856e-02,-1.318252086639404297e-02
7.956613993614857216e-01,7.403641605006250348e-02,-1.262211799621582031e-02
8.054813900183253050e-01,7.902319826016088178e-02,-1.249969005584716797e-02
8.013491115211821558e-01,7.829276265225261489e-02,-1.157999038696289062e-02
8.039125095292899426e-01,8.290477782565205955e-02,-1.120150089263916016e-02
8.136260395127122846e-01,8.640551793712139550e-02,-1.103103160858154297e-02
8.124585036387674819e-01,8.444232641449940513e-02,-1.049816608428955078e-02
8.133911147370940231e-01,8.249426267813153579e-02,-1.025426387786865234e-02
8.051534817787391329e-01,7.817560064017507748e-02,-1.009321212768554688e-02
8.155073248246422768e-01,8.180529112637416334e-02,-1.001274585723876953e-02
8.122579466240501533e-01,7.383464884691236241e-02,-9.948253631591796875e-03
8.136154896634785194e-01,7.378522032080694903e-02,-9.956955909729003906e-03
8.143105640320367211e-01,6.833396442321601483e-02,-1.059734821319580078e-02
8.302093422454928096e-01,7.792440518401905214e-02,-1.084291934967041016e-02
8.170145678131350842e-01,6.867795465193134163e-02,-1.148819923400878906e-02
8.231611897342625550e-01,6.733400790730152685e-02,-1.204478740692138672e-02
8.164655700141900674e-01,6.124586588399111992e-02,-1.280009746551513672e-02
8.189720180208283073e-01,6.188874406809814765e-02,-1.319682598114013672e-02
8.260048773478108064e-01,6.660109564167399077e-02,-1.328289508819580078e-02
8.293902219722031344e-01,6.998540694046334609e-02,-1.308989524841308594e-02
8.256515822781183012e-01,6.800343415316351114e-02,-1.283347606658935547e-02
8.240631796269295428e-01,5.831304675034334334e-02,-1.241648197174072266e-02
8.240735021940083227e-01,5.798426178989628949e-02,-1.147592067718505859e-02
8.421083349897293679e-01,6.734938969607595638e-02,-9.563326835632324219e-03
8.240834135648119618e-01,4.793819444800199309e-02,-6.988048553466796875e-03
8.324747998490180656e-01,5.655936677043151700e-02,-5.841732025146484375e-03
8.277974437869217716e-01,4.645950140579777066e-02,-3.846049308776855469e-03
8.311216462596043852e-01,4.499227861750045715e-02,-1.349925994873046875e-03
8.313853423173935830e-01,4.424547298458258310e-02,6.157159805297851562e-05
8.322161223353748971e-01,4.824018028824818977e-02,2.577960491180419922e-03
8.354231302542924897e-01,4.981108360388120798e-02,4.959881305694580078e-03
8.352954311769653639e-01,4.970751713516048664e-02,7.121741771697998047e-03
8.345953413650845087e-01,4.776846340002903479e-02,8.624732494354248047e-03
8.359024157549048706e-01,4.843262392510785247e-02,9.217560291290283203e-03
8.359390400523825093e-01,4.516162663189878662e-02,9.182929992675781250e-03
8.349622864936649957e-01,4.347671834455869161e-02,7.964789867401123047e-03
8.353037638041607149e-01,4.291397173384780411e-02,4.510819911956787109e-03
8.489246740615059572e-01,4.628496798802148038e-02,2.371072769165039062e-03
8.455345316347835372e-01,4.566414660917851587e-02,-1.188158988952636719e-03
8.430797702180885533e-01,3.905732171753426019e-02,-2.992987632751464844e-03
8.333076636074318033e-01,3.470704093900574272e-02,-8.765816688537597656e-03
8.374463907203409940e-01,4.042526868172020144e-02,-9.879946708679199219e-03
8.313412477480638385e-01,3.505058849366955720e-02,-1.152622699737548828e-02
8.292838721680938496e-01,3.197322463447087315e-02,-1.150619983673095703e-02
8.365453215958555955e-01,3.673178902093014037e-02,-1.116907596588134766e-02
8.317910793613979559e-01,3.137826363882417063e-02,-9.590029716491699219e-03
8.271637384927399417e-01,2.957545140918389423e-02,-6.920814514160156250e-03
8.242109840366875773e-01,2.253139953443269311e-02,-2.632498741149902344e-03
8.240431006979479500e-01,2.763655751199582677e-02,2.089142799377441406e-04
8.311086452441265315e-01,2.794206161537244118e-02,2.480924129486083984e-03
8.363624738188455421e-01,2.778309706861803799e-02,5.301475524902343750e-03
8.519849534261972890e-01,3.689822604809509660e-02,5.721628665924072266e-03
8.183572865159234322e-01,1.581585216389699150e-02,6.371736526489257812e-03
8.233167211271190666e-01,1.852307481029191738e-02,6.371736526489257812e-03
8.140041374204957103e-01,1.291535490787572814e-02,4.542648792266845703e-03
8.147878228473250939e-01,1.788672538367722456e-02,3.775835037231445312e-03
8.183781585390906832e-01,1.039209202800301692e-02,1.038372516632080078e-03
8.072809109856415866e-01,1.588499162857672994e-02,-1.630902290344238281e-03
8.048498414035204496e-01,1.712649901627911683e-02,-3.486633300781250000e-03
8.028642164452526320e-01,1.650139115597075781e-02,-4.130721092224121094e-03
8.049129196212653214e-01,1.356095729027734405e-02,-5.039811134338378906e-03
8.062266946318853433e-01,1.382350181621598041e-02,-6.038784980773925781e-03
8.051157656314995581e-01,1.625280026896297123e-02,-6.704688072204589844e-03
7.990943866475391788e-01,8.392528246161814684e-03,-6.926655769348144531e-03
7.943957925902324080e-01,4.492469770708572285e-03,-6.692051887512207031e-03
7.973672368991745474e-01,1.307475679599164574e-02,-5.869030952453613281e-03
7.931841966105297459e-01,1.341951646205576630e-02,-5.297541618347167969e-03
7.909490323100738518e-01,1.140239017664206739e-02,-4.951238632202148438e-03
7.879889311934026308e-01,9.980970576673494146e-03,-4.480242729187011719e-03
7.876555138671187395e-01,6.444299053308409457e-03,-4.392743110656738281e-03
7.881381085838823353e-01,1.190351781560775035e-02,-4.301428794860839844e-03
7.879199977881522488e-01,7.315007192375704015e-03,-4.628300666809082031e-03
7.883964741419975386e-01,9.666851716084050306e-03,-5.039572715759277344e-03
7.830827414982030055e-01,1.305606316053722904e-02,-5.236148834228515625e-03
7.834707786358061643e-01,7.784673905822831440e-03,-5.573630332946777344e-03
7.819651345261992015e-01,1.516904831319577929e-02,-5.340218544006347656e-03
7.789791035546365094e-01,1.188895981145018238e-02,-4.378437995910644531e-03
7.845584631040735113e-01,1.494465132112466135e-02,-4.378437995910644531e-03
7.854007031679014483e-01,2.001351690212661849e-02,-4.007935523986816406e-03
7.859419039695214604e-01,8.156478698320576703e-03,-3.251671791076660156e-03
7.837378675631950786e-01,1.981674447521908355e-02,-2.674698829650878906e-03
7.845333346195682012e-01,2.067182342264503592e-02,-1.757502555847167969e-03
7.775780907974688683e-01,1.898267521962675522e-02,-1.410841941833496094e-03
7.838910397223425308e-01,1.734708905105503823e-02,-1.361250877380371094e-03
7.765730426261353569e-01,1.420962807358871517e-02,-1.419067382812500000e-03
7.820151462823711208e-01,1.827867914144724881e-02,-1.515030860900878906e-03
7.793441286886920727e-01,2.562420422350644711e-02,-2.228140830993652344e-03
7.790671906012262005e-01,2.064399168535667461e-02,-2.819895744323730469e-03
7.801967524693989020e-01,2.429930954521414277e-02,-3.890395164489746094e-03
7.796195915311894264e-01,2.482091848633992404e-02,-4.384040832519531250e-03
7.724119515289270543e-01,2.068252530712149859e-02,-5.177021026611328125e-03
7.743296995635581270e-01,2.515923176907058564e-02,-5.416274070739746094e-03
7.714909001925371879e-01,2.948901077329498660e-02,-5.656242370605468750e-03
7.755452026169115110e-01,3.167674545320465357e-02,-5.656242370605468750e-03
7.735545772959138144e-01,3.084067703493921508e-02,-5.692839622497558594e-03
7.769177275676225625e-01,3.320593841237901023e-02,-5.685806274414062500e-03
7.729263089998008596e-01,3.320240374110414172e-02,-6.054520606994628906e-03
7.661489729829764617e-01,3.901210023928736864e-02,-6.537914276123046875e-03
7.716357893911972576e-01,3.815173088468129525e-02,-7.522225379943847656e-03
7.784830491100520611e-01,4.247394497639381955e-02,-8.671879768371582031e-03
7.753495002868038277e-01,4.719039167667961332e-02,-9.624361991882324219e-03
7.729718293187689548e-01,4.667654468340026730e-02,-1.033771038055419922e-02
7.740207268280153707e-01,4.575302483087863997e-02,-1.152515411376953125e-02
7.773102413516377318e-01,4.322556516691106188e-02,-1.296865940093994141e-02
7.764764366339037549e-01,5.152891168014441664e-02,-1.358020305633544922e-02
7.778540562460358743e-01,5.354590901192703145e-02,-1.432979106903076172e-02
7.787910083194918842e-01,5.580220884247793361e-02,-1.483690738677978516e-02
7.798730562006291889e-01,5.757073063453686107e-02,-1.471257209777832031e-02
7.825632383920674284e-01,4.895132143859435431e-02,-1.468026638031005859e-02
7.836527669351035508e-01,5.977110244390648058e-02,-1.404380798339843750e-02
7.946135545756960461e-01,5.583727187786518414e-02,-1.345527172088623047e-02
7.917148781787318734e-01,5.820362704481146093e-02,-1.317107677459716797e-02
7.927181299920106339e-01,5.917065698897778364e-02,-1.227951049804687500e-02
7.908823997667152605e-01,5.758947405874809133e-02,-1.223170757293701172e-02
7.924717217180357043e-01,6.154404411350625215e-02,-1.205265522003173828e-02
8.020392551126480640e-01,6.549642803549569903e-02,-1.248729228973388672e-02
7.912370754936423056e-01,5.868749328839141521e-02,-1.313304901123046875e-02
7.964031089788882189e-01,6.526102653994632352e-02,-1.352226734161376953e-02
7.990745546127284715e-01,6.434825525657529577e-02,-1.500356197357177734e-02
8.015385477019950633e-01,6.273459736491790451e-02,-1.638996601104736328e-02
8.032350214836960767e-01,5.748556701618034309e-02,-1.810455322265625000e-02
8.086724406935538179e-01,6.237044897186077436e-02,-1.951587200164794922e-02
8.154246642740573536e-01,7.205361352251202223e-02,-2.055025100708007812e-02
8.087612364907085238e-01,6.289636632108570879e-02,-2.208256721496582031e-02
8.102603274231778840e-01,6.312388610302037406e-02,-2.220189571380615234e-02
8.172910334529756016e-01,5.945608197029179920e-02,-2.176403999328613281e-02
8.149829936798361762e-01,5.923484193218392369e-02,-2.155053615570068359e-02
8.232160361197807807e-01,5.767393310735455247e-02,-2.114784717559814453e-02
8.285992374220705337e-01,6.134390061456816007e-02,-1.964378356933593750e-02
8.265431766777933120e-01,5.768330469218770074e-02,-1.871824264526367188e-02
8.245873523082575263e-01,5.807555110695626632e-02,-1.826381683349609375e-02
8.219145443561539643e-01,5.493858762501017956e-02,-1.753938198089599609e-02
8.293349733278704283e-01,5.360566250351611606e-02,-1.706826686859130859e-02
8.292349510970400406e-01,4.912199847650232376e-02,-1.702404022216796875e-02
8.272087170336112072e-01,4.562705077099241113e-02,-1.778995990753173828e-02
8.297141162049525009e-01,4.660821641863135273e-02,-1.912486553192138672e-02
8.231315889335246716e-01,3.938487983546381382e-02,-2.088809013366699219e-02
8.241640440184330174e-01,3.274176781980686624e-02,-2.248036861419677734e-02
8.279389798260284872e-01,3.777913555507135535e-02,-2.323281764984130859e-02
8.338737513417494585e-01,3.697238795364410358e-02,-2.522158622741699219e-02
8.314961498273022444e-01,3.736827464386206776e-02,-2.662324905395507812e-02
8.319597904202868932e-01,3.361871983105025469e-02,-2.830612659454345703e-02
8.311446550287947543e-01,3.452617280667812094e-02,-2.856934070587158203e-02
8.197556285750005056e-01,2.963003289941654184e-02,-2.834022045135498047e-02
8.206703862699952223e-01,2.171371678386127546e-02,-2.759742736816406250e-02
8.303063700120723034e-01,2.785886370632394832e-02,-2.703607082366943359e-02
8.294925100993562062e-01,2.650498634967775324e-02,-2.579402923583984375e-02
8.368658661728681780e-01,2.854626881177532022e-02,-2.373719215393066406e-02
8.187459770831336803e-01,1.858498560103919242e-02,-2.178108692169189453e-02
8.261268708177501585e-01,2.218108078181528844e-02,-2.136647701263427734e-02
8.233802149777829094e-01,2.102349194658280351e-02,-2.090978622436523438e-02
8.215795345691103702e-01,1.744636986416746305e-02,-2.064275741577148438e-02
8.169341291497794755e-01,1.008320005680880121e-02,-2.091228961944580078e-02
8.261387771984892714e-01,1.159383698104268258e-02,-2.206051349639892578e-02
8.232662595389176330e-01,1.427476454154114754e-02,-2.290034294128417969e-02
8.255601973816459882e-01,9.657986527635064461e-03,-2.324712276458740234e-02
8.410958971207889157e-01,2.195463518984741222e-02,-2.373826503753662109e-02
8.199603945024663831e-01,1.224226654283920926e-02,-2.416038513183593750e-02
8.239996618114170390e-01,1.653048994308262826e-02,-2.309238910675048828e-02
8.150118855875856383e-01,2.576875755727540181e-03,-2.083456516265869141e-02
8.129167844791418407e-01,1.224441866737812105e-03,-2.005004882812500000e-02
8.121667888068099250e-01,-3.729300645578737992e-04,-1.857519149780273438e-02
8.054854990388298219e-01,-4.150606951858726648e-03,-1.779079437255859375e-02
8.107859386858831119e-01,1.738940643842624468e-04,-1.687014102935791016e-02
8.160295997978226357e-01,-1.070510063271596941e-03,-1.495635509490966797e-02
8.014773317862396995e-01,-9.626410516349718366e-03,-1.325607299804687500e-02
8.137900423192763188e-01,-4.561263856916577056e-03,-1.307952404022216797e-02
8.117568651793886092e-01,-7.765191655210671590e-03,-1.386833190917968750e-02
8.011608927794262591e-01,-1.298465444598635547e-02,-1.532948017120361328e-02
8.078647831523770861e-01,-3.566594701872307423e-03,-1.640069484710693359e-02
8.033953024951030475e-01,-8.225203527047019250e-03,-1.918256282806396484e-02
8.075041309794938060e-01,-5.521857934258777786e-03,-2.209854125976562500e-02
8.058101287383852007e-01,-4.266748680389226625e-03,-2.575767040252685547e-02
8.060120178570459037e-01,4.322065495140287213e-03,-2.881181240081787109e-02
8.026511198982217987e-01,1.123255364292990608e-03,-3.154480457305908203e-02
8.066138602916711475e-01,7.396433844315086596e-03,-3.293287754058837891e-02
8.050119949578957712e-01,8.190213509808300834e-04,-3.364717960357666016e-02
8.030189333239061700e-01,8.205337266266142862e-03,-3.294479846954345703e-02
8.016230727726320060e-01,8.872699672784145836e-04,-3.112256526947021484e-02
8.033618690336775670e-01,5.777815037608088899e-03,-2.835869789123535156e-02
8.061304801338105008e-01,6.495180773215013421e-03,-2.119362354278564453e-02
8.110301147014937762e-01,5.543815214361016465e-03,-1.857364177703857422e-02
8.013837063214690470e-01,1.360506357654019290e-03,-1.540625095367431641e-02
7.981433631605094892e-01,-5.503568332397143145e-03,-1.208233833312988281e-02
8.029437567539255971e-01,4.560323310824487700e-04,-1.087510585784912109e-02
8.103389022802104380e-01,1.241556258705754081e-03,-9.284853935241699219e-03
8.060604452565607314e-01,9.645146323453331885e-04,-9.111523628234863281e-03
8.075302639808792371e-01,8.144911546564598172e-04,-1.051235198974609375e-02
8.072482301128206528e-01,5.510724003302167832e-04,-1.353704929351806641e-02
8.041989937051736703e-01,-4.133362659461207664e-03,-1.808309555053710938e-02
8.057373416207228578e-01,3.669566177861750692e-04,-2.338933944702148438e-02
8.140212574444783966e-01,8.376060377502951917e-03,-3.222227096557617188e-02
8.034805166346671301e-01,4.511736237522529988e-03,-3.765964508056640625e-02
8.047506257728639367e-01,5.217677666257653640e-03,-4.010117053985595703e-02
8.024821554607377561e-01,7.397690157205228170e-03,-4.401695728302001953e-02
7.998393873511674412e-01,4.146442987464374341e-03,-4.669833183288574219e-02
8.033639735377131608e-01,5.073776354300365415e-03,-4.669320583343505859e-02
8.161200249626454628e-01,1.588080246498895995e-02,-4.452300071716308594e-02
8.020982021913644067e-01,8.461746629371970363e-03,-3.893446922302246094e-02
8.033790221026461120e-01,6.104093605993201471e-03,-3.632164001464843750e-02
8.168980404090417924e-01,1.940088698565143113e-02,-2.767479419708251953e-02
8.034759898250097843e-01,1.249291036388552531e-02,-2.198410034179687500e-02
8.107803272036457898e-01,1.898244127758354563e-02,-1.366233825683593750e-02
8.093563072904993438e-01,2.422573683540030567e-02,-1.109695434570312500e-02
8.080668102907484496e-01,2.333997246835831443e-02,-6.951808929443359375e-03
8.085402763327066422e-01,3.059201652918371733e-02,-4.552841186523437500e-03
8.079899380755187766e-01,3.566621143572369645e-02,-5.070447921752929688e-03
8.137607529956443209e-01,3.975784639384223607e-02,-7.723569869995117188e-03
8.065918887558735095e-01,3.007581617173905181e-02,-1.376450061798095703e-02
8.137132498467430919e-01,3.654473441447427667e-02,-1.967954635620117188e-02
8.063528191851973004e-01,3.409086017580584965e-02,-3.195440769195556641e-02
8.148667862927079231e-01,4.042843590524499570e-02,-3.607344627380371094e-02
8.045015190534706706e-01,3.636980508329077516e-02,-4.727041721343994141e-02
8.083571621024794318e-01,4.041871980175426593e-02,-5.036199092864990234e-02
8.134146212256355701e-01,3.885108929790830057e-02,-5.562818050384521484e-02
7.962583844890139817e-01,2.942228024257605504e-02,-5.780422687530517578e-02
7.988172817607376297e-01,3.371605501733136723e-02,-5.656206607818603516e-02
8.041021547134887815e-01,4.042981266230367965e-02,-5.279576778411865234e-02
8.032601082869978981e-01,3.326259674223049079e-02,-4.636132717132568359e-02
8.088507918116706330e-01,4.518496664012370406e-02,-3.866696357727050781e-02
7.984399720417385549e-01,4.596823408349277190e-02,-2.984559535980224609e-02
8.106934843425567250e-01,5.685078488182082612e-02,-2.125084400177001953e-02
8.114720162506727785e-01,5.575213855635571120e-02,-1.732146739959716797e-02
8.113279071444119417e-01,6.637938275043314684e-02,-1.105034351348876953e-02
8.213011856816223588e-01,6.239456391535386920e-02,-5.654931068420410156e-03
8.332193170140596017e-01,7.368967839227980043e-02,-7.195949554443359375e-03
8.251574692845127235e-01,6.182865560887344097e-02,-1.089859008789062500e-02
8.273170866780810151e-01,6.615438663735638547e-02,-1.858389377593994141e-02
8.307274125763934869e-01,6.179505989381459813e-02,-2.126061916351318359e-02
8.244299129634923284e-01,6.564051306337118086e-02,-3.486990928649902344e-02
8.274536345495818734e-01,5.943728110161528716e-02,-3.771030902862548828e-02
8.341975231236765653e-01,6.113957707897365451e-02,-4.822206497192382812e-02
8.252010853681117641e-01,5.995657806811405949e-02,-5.060923099517822266e-02
8.293335748301468024e-01,5.519881539807661858e-02,-5.369460582733154297e-02
8.296282997005681725e-01,5.266675889437783670e-02,-5.520403385162353516e-02
8.286866508939665366e-01,5.901383557200980817e-02,-5.339705944061279297e-02
8.269781193542268261e-01,6.243088178992199644e-02,-4.896783828735351562e-02
8.334428956349034801e-01,6.758275304607884448e-02,-4.263603687286376953e-02
8.337313684511158396e-01,6.563368217949001882e-02,-3.881800174713134766e-02
8.301551841959797784e-01,6.409262225557800507e-02,-3.070271015167236328e-02
8.353627987298380964e-01,7.018756611393370259e-02,-1.831352710723876953e-02
8.367226530156390840e-01,6.839407867933072760e-02,-1.466500759124755859e-02
8.369594104006410351e-01,7.287433490933895031e-02,-8.581161499023437500e-03
8.348821685869642906e-01,6.544110718144095784e-02,-4.599213600158691406e-03
8.351470452833337221e-01,6.373548128032616167e-02,-3.441810607910156250e-03
8.415027514841588729e-01,7.145799040654408907e-02,-5.323767662048339844e-03
8.365898088567653712e-01,7.280914783829327275e-02,-1.007211208343505859e-02
8.437198886302184064e-01,7.243432851132092232e-02,-1.721251010894775391e-02
8.344032518225252826e-01,7.165082216486130806e-02,-3.116738796234130859e-02
8.427344614983814930e-01,7.547205530389360095e-02,-4.139602184295654297e-02
8.514295272113618918e-01,7.898130853850097999e-02,-5.100584030151367188e-02
8.401177244282395096e-01,6.720869923102927579e-02,-5.661833286285400391e-02
8.407139469052359315e-01,6.761269194099368829e-02,-6.251966953277587891e-02
8.444680603572666255e-01,6.668603163874581297e-02,-6.698763370513916016e-02
8.402768512117891886e-01,5.567468269828232397e-02,-6.841826438903808594e-02
8.454976113043192187e-01,5.991793881850934061e-02,-6.668245792388916016e-02
8.500024442844537065e-01,5.552286015737242092e-02,-5.789589881896972656e-02
8.486475105706564603e-01,5.606788803577657937e-02,-5.369114875793457031e-02
8.460921568555794803e-01,5.011892299252763278e-02,-4.359543323516845703e-02
8.537909874896802975e-01,5.407782705554465413e-02,-2.674090862274169922e-02
8.540562261530542099e-01,5.865949669854800264e-02,-1.548206806182861328e-02
8.426249248386783464e-01,5.592664863029180033e-02,-4.372119903564453125e-03
8.483782029224435917e-01,6.210019117951586648e-02,1.739919185638427734e-03
8.492221863363901280e-01,6.536098909949576707e-02,5.083382129669189453e-03
8.534622432158724958e-01,6.997321621442163797e-02,7.628679275512695312e-03
8.559869034012166367e-01,7.097820568917979911e-02,7.119357585906982422e-03
8.447537398355124960e-01,6.134761933876638207e-02,-3.059387207031250000e-03
8.474211291266805501e-01,6.315183949831690291e-02,-7.222294807434082031e-03
8.508349878675056654e-01,6.261828003682115562e-02,-1.177966594696044922e-02
8.484048675313600185e-01,5.576483351883104039e-02,-2.169013023376464844e-02
8.478009536531578849e-01,5.420590749027194566e-02,-3.188419342041015625e-02
8.422666725050542702e-01,4.649258829839877927e-02,-4.138243198394775391e-02
8.379209675274659208e-01,3.986002119794169324e-02,-5.007398128509521484e-02
8.403578097539826652e-01,4.022774881120987772e-02,-5.438899993896484375e-02
8.380800437139303005e-01,3.851590439372302305e-02,-5.697286128997802734e-02
8.324354042707761137e-01,3.879617323880086427e-02,-5.662047863006591797e-02
8.270775095976136138e-01,3.171066884425929877e-02,-4.758632183074951172e-02
8.333032891878805470e-01,3.513218939545510733e-02,-4.758632183074951172e-02
8.270928999812912075e-01,3.442205282215603929e-02,-4.005920886993408203e-02
8.327601772872835761e-01,3.850837228478139196e-02,-3.114640712738037109e-02
8.219611510800072240e-01,3.659685324927174771e-02,-1.623833179473876953e-02
8.250411175089468196e-01,3.743088839316373317e-02,-9.624004364013671875e-03
8.275643305944685446e-01,3.648454680487650537e-02,-3.192663192749023438e-03
8.322329149583727048e-01,4.374693533473201362e-02,-1.290678977966308594e-03
8.322751019643822579e-01,4.514721131595705872e-02,1.499354839324951172e-03
8.341690932689314053e-01,4.388039044421104817e-02,-2.394676208496093750e-03
8.250904214603871356e-01,3.288300086306568393e-02,-1.578414440155029297e-02
8.233435346095364649e-01,3.243395008491804093e-02,-2.019238471984863281e-02
8.248879904809468533e-01,3.326317612368034221e-02,-2.019238471984863281e-02
8.282653512463856726e-01,3.476153587466639799e-02,-2.463269233703613281e-02
8.274938988250669647e-01,2.896798171650152159e-02,-3.362679481506347656e-02
8.260560408919657149e-01,2.839083288277870903e-02,-4.168307781219482422e-02
8.277870021710911352e-01,3.059414332408708775e-02,-4.796338081359863281e-02
8.212476480031788428e-01,2.037450720103620161e-02,-5.239903926849365234e-02
8.224235740295330332e-01,2.125326604063177555e-02,-5.311739444732666016e-02
8.205713357275721265e-01,2.336843393668943877e-02,-4.915559291839599609e-02
8.142247579787594836e-01,2.501780962164830077e-02,-3.911125659942626953e-02
8.064703481112521777e-01,2.596921238963108974e-02,-1.339471340179443359e-02
8.039757547404267068e-01,2.699261390893546719e-02,-5.341053009033203125e-03
8.091705838085015978e-01,3.049508069362268786e-02,3.089904785156250000e-03
8.021104047380335222e-01,2.621481481705623812e-02,1.472729444503784180e-02
8.084953073400897861e-01,3.118389007751640879e-02,2.056616544723510742e-02
8.108121019938119289e-01,3.381606949655172750e-02,3.729373216629028320e-02
8.038027563756522387e-01,3.561262146770569070e-02,5.942982435226440430e-02
8.069598626982430467e-01,3.967695505565616704e-02,6.564760208129882812e-02
8.030361973788120444e-01,3.685547605285546119e-02,7.661128044128417969e-02
8.112986281626165530e-01,4.286324272934222135e-02,8.452171087265014648e-02
8.041125966736841768e-01,3.609598156771014893e-02,8.561438322067260742e-02
8.047349526607254777e-01,3.146288397074679943e-02,8.367085456848144531e-02
8.030926500635543475e-01,2.919442374754057171e-02,8.149021863937377930e-02
8.045376312403141883e-01,2.821071371800192365e-02,7.481414079666137695e-02
8.007577522512772106e-01,2.260260930822379985e-02,6.539374589920043945e-02
7.889903464394841803e-01,1.295327214645647373e-02,4.824805259704589844e-02
7.875681871490227692e-01,1.267575018583027256e-02,3.657704591751098633e-02
7.948237612588314738e-01,1.210248222754613245e-02,3.122544288635253906e-02
7.815145069415657675e-01,1.352739174902447064e-03,1.710486412048339844e-02
7.879031921628475432e-01,4.284738479293782355e-03,1.045703887939453125e-02
7.764149263393227418e-01,-1.571834906088271505e-03,6.359517574310302734e-03
7.718981909343715087e-01,-1.819211697695348809e-03,5.207300186157226562e-03
7.761491113550305077e-01,1.428190624325377609e-03,5.810260772705078125e-03
7.712268574162267631e-01,1.963289040849483253e-04,9.729087352752685547e-03
7.671897683250437083e-01,4.885610099521152036e-03,1.577496528625488281e-02
7.727838288006233514e-01,8.728541171617925851e-03,2.165216207504272461e-02
7.755242719450198274e-01,1.309624014909696425e-02,2.807801961898803711e-02
7.654945093978249293e-01,1.718405646214319835e-02,3.990429639816284180e-02
7.734167049137146144e-01,1.470378466678044782e-02,4.485625028610229492e-02
7.659012674162918310e-01,2.057093305957647875e-02,4.723495244979858398e-02
7.774459902213417539e-01,3.084675281845334835e-02,4.662448167800903320e-02
7.825401925452463159e-01,3.238023687933763717e-02,4.386234283447265625e-02
7.685567769685407447e-01,2.804755133227669270e-02,3.892391920089721680e-02
7.787800832343280133e-01,3.703662693133072392e-02,3.494340181350708008e-02
7.767919749777372207e-01,3.914083488415381895e-02,2.596980333328247070e-02
7.632164658895870257e-01,2.667449883689816670e-02,3.901660442352294922e-03
7.752126219010525565e-01,4.208648087671930382e-02,-3.019928932189941406e-03
7.642141546289823451e-01,3.462719760621019160e-02,-6.816983222961425781e-03
7.662220699114675737e-01,4.103885947246180971e-02,-1.002895832061767578e-02
7.561850399097618247e-01,3.744629975400081551e-02,-1.663959026336669922e-02
7.694273561626047142e-01,4.133408570362998719e-02,-1.620626449584960938e-02
7.528652605505715689e-01,3.851771306468779882e-02,-8.043408393859863281e-03
7.531298610880382549e-01,3.842969939838216525e-02,-5.177617073059082031e-03
7.532250116067250589e-01,4.090260839922548602e-02,1.534759998321533203e-03
7.482918657934543027e-01,4.178289851254026604e-02,5.999267101287841797e-03
7.515844583707820270e-01,4.356868169182118167e-02,5.999267101287841797e-03
7.583975467198517117e-01,4.548824253528680611e-02,1.147204637527465820e-02
7.479425493876439290e-01,4.763855452660731987e-02,1.843696832656860352e-02
7.511944537247481346e-01,5.299816755708726401e-02,2.048951387405395508e-02
7.491862107628912693e-01,5.318886253083496968e-02,2.045327425003051758e-02
7.523535841796682444e-01,6.250554746037159659e-02,1.901680231094360352e-02
7.565543816390642995e-01,6.907259084124864335e-02,8.745193481445312500e-03
7.512741487697076614e-01,6.584048741352434286e-02,-2.395987510681152344e-03
7.523011881088996766e-01,6.601441219095442736e-02,-7.393479347229003906e-03
7.468127416361936000e-01,6.191608933745944288e-02,-1.312410831451416016e-02
7.579432788269255816e-01,6.793923711263498422e-02,-1.312410831451416016e-02
7.465805245625629638e-01,6.521047581949357408e-02,-2.150571346282958984e-02
7.552811546339699422e-01,7.693669884749719523e-02,-2.346849441528320312e-02
7.504959227324361493e-01,8.183953841130417461e-02,-2.554416656494140625e-02
7.509591555385246586e-01,7.445530040059819554e-02,-2.479779720306396484e-02
7.530956492735432217e-01,7.778980386235602451e-02,-2.331852912902832031e-02
7.556513529239993199e-01,7.790915017287318445e-02,-1.927340030670166016e-02
7.501180106069593734e-01,8.662923759779507515e-02,-1.285207271575927734e-02
7.549964953741371554e-01,8.078713758200738171e-02,-4.890084266662597656e-03
7.633817014781957289e-01,9.307790749840533229e-02,8.080005645751953125e-04
7.622836821567775534e-01,9.914157455364476512e-02,5.534470081329345703e-03
7.572438769562258587e-01,9.156993102663417428e-02,8.713185787200927734e-03
7.682959718897568457e-01,1.021864563759840305e-01,9.101450443267822266e-03
7.722573177671019362e-01,1.079160680677902495e-01,8.027076721191406250e-03
7.753102855374479629e-01,1.105076739497711513e-01,6.501853466033935547e-03
7.820207879464654566e-01,1.191294640029246787e-01,2.206861972808837891e-03
7.736752964063946525e-01,1.146732889761994806e-01,-6.730914115905761719e-03
7.721125788605111007e-01,1.100118792604072027e-01,-1.461899280548095703e-02
7.858455548920750822e-01,1.096654998011921262e-01,-1.682019233703613281e-02
7.824004045313156519e-01,1.064330897032802481e-01,-2.230346202850341797e-02
7.796425720565935968e-01,1.069841781499876465e-01,-2.750027179718017578e-02
7.842411256728349933e-01,1.034944034041894445e-01,-2.876448631286621094e-02
7.924408703458281078e-01,1.127465062679590957e-01,-2.776587009429931641e-02
7.888919238815939039e-01,1.107489681146727328e-01,-2.482783794403076172e-02
8.073705362090675131e-01,1.180208233484890401e-01,-2.009880542755126953e-02
8.113050362450043851e-01,1.165184392747476982e-01,-1.312792301177978516e-02
8.113370935487052016e-01,1.121343026965607309e-01,-1.267671585083007812e-03
8.129607539214613876e-01,1.114634338072612585e-01,1.427829265594482422e-03
8.047698349478893398e-01,1.075701164198424042e-01,4.025936126708984375e-03
8.090505953472424405e-01,1.034948343134086124e-01,7.157385349273681641e-03
8.152028413090359749e-01,1.093924510058456451e-01,1.004570722579956055e-02
8.179750529550384730e-01,1.144269020288134209e-01,1.166993379592895508e-02
8.192671570465634989e-01,1.121208801509728098e-01,1.002103090286254883e-02
8.198484243238626235e-01,1.109651975050174044e-01,6.356418132781982422e-03
8.250048358665162951e-01,1.115003503081131025e-01,1.453876495361328125e-03
8.273095669148189391e-01,1.022434934555242064e-01,-2.604246139526367188e-03
8.284997137536672662e-01,1.097321513487257288e-01,-1.127123832702636719e-02
8.381129342032734852e-01,1.119453269537989265e-01,-1.427960395812988281e-02
8.361876969630090972e-01,1.012469833667629382e-01,-2.013218402862548828e-02
8.411133762434012118e-01,1.013187080378269989e-01,-2.530896663665771484e-02
8.390653143045276874e-01,8.891829679040931522e-02,-2.775359153747558594e-02
8.397989668334655544e-01,8.955273096736703076e-02,-2.889204025268554688e-02
8.453558790020462288e-01,9.373296970033705156e-02,-2.801454067230224609e-02
8.426255730118951126e-01,8.210557439974908167e-02,-2.391290664672851562e-02
8.411241918722829336e-01,7.653866350628790727e-02,-1.924419403076171875e-02
8.438050881463778907e-01,7.616259906574600336e-02,-1.421296596527099609e-02
8.562025241075379434e-01,8.332703438744000490e-02,-6.202220916748046875e-03
8.493741848089146895e-01,7.165858468412249216e-02,-1.685023307800292969e-03
8.490902862801782414e-01,7.146803054640944730e-02,2.710223197937011719e-04
8.557854136673392897e-01,7.074058922929223059e-02,2.066433429718017578e-03
8.588801940858113992e-01,6.488764270022488734e-02,3.246128559112548828e-03
8.527624659034334087e-01,6.661099575498562186e-02,2.055108547210693359e-03
8.524784039980599637e-01,5.795112431476721199e-02,-9.645223617553710938e-04
8.587324795633037855e-01,5.634271924213459654e-02,-2.853751182556152344e-03
8.640095535613515620e-01,5.655629738049690325e-02,-7.760524749755859375e-03
8.553808433215280838e-01,5.182819240755909274e-02,-1.605820655822753906e-02
8.606150269797768759e-01,4.425901160445896293e-02,-1.932990550994873047e-02
8.634341181134284060e-01,4.310560401931904512e-02,-2.387106418609619141e-02
8.658443130079942485e-01,4.536146566529460772e-02,-2.671039104461669922e-02
8.567116228395335042e-01,2.580779289674124330e-02,-2.914226055145263672e-02
8.599384889358117068e-01,2.250359839108216978e-02,-2.421939373016357422e-02
8.459366291654121239e-01,8.259685761051262926e-03,-2.139878273010253906e-02
8.486771799746213318e-01,9.708692155529533366e-03,-2.139878273010253906e-02
8.534764834532120314e-01,1.820321957235092325e-02,-1.966845989227294922e-02
8.530892643585350488e-01,1.613698639554279543e-02,-1.455414295196533203e-02
8.464196005054723804e-01,1.172580561197691072e-02,-8.525848388671875000e-03
8.497705446046558420e-01,1.935836743762159654e-02,-4.770874977111816406e-03
8.440865998901380118e-01,1.130757804771019906e-02,-1.007318496704101562e-04
8.434779429484078328e-01,7.178513725955276877e-03,6.834864616394042969e-04
8.497522487226725207e-01,1.432725083300039060e-02,5.524754524230957031e-04
8.429169221286357816e-01,6.434339121318530599e-03,-2.236485481262207031e-03
8.408505524164957556e-01,3.120616305650732690e-03,-6.396651268005371094e-03
8.408695319682844005e-01,2.067064307790501820e-03,-1.148259639739990234e-02
8.380615135936805293e-01,-4.138956389732466844e-03,-1.923704147338867188e-02
8.414278673457937785e-01,2.802116187283034462e-03,-2.207982540130615234e-02
8.392130507423894992e-01,-4.761019773308630687e-03,-2.663016319274902344e-02
8.384560435605242779e-01,-5.986215097392290872e-03,-3.107714653015136719e-02
8.354330525755324643e-01,-1.283922883214714226e-02,-3.128826618194580078e-02
8.263815413229514961e-01,-1.555623421611005558e-02,-2.859246730804443359e-02
8.288021393454874097e-01,-1.427161161400104274e-02,-2.859246730804443359e-02
8.259226348358902348e-01,-1.745321958309124094e-02,-2.523124217987060547e-02
8.242013587686422005e-01,-1.747426104791700158e-02,-1.725161075592041016e-02
8.323374921821325989e-01,-9.350691619926682421e-03,-1.025450229644775391e-02
8.147719699923973158e-01,-2.574764323254512960e-02,-4.210829734802246094e-03
8.205218311261475161e-01,-2.216999358336765522e-02,6.101131439208984375e-04
8.315452802988622105e-01,-1.628527446522565550e-02,1.856267452239990234e-03
8.210722442461271253e-01,-1.750799463717428450e-02,4.488766193389892578e-03
8.168237319926965334e-01,-2.425362040123492033e-02,5.402088165283203125e-03
8.223394320308835548e-01,-2.968007932374759975e-02,4.162728786468505859e-03
8.152765493621111359e-01,-3.480330557963103727e-02,1.956820487976074219e-04
8.140111334094020101e-01,-2.998243325639290274e-02,-8.220791816711425781e-03
8.097340803427588440e-01,-3.640389908471925590e-02,-1.137125492095947266e-02
8.124368553183611841e-01,-2.440620548920569358e-02,-1.648664474487304688e-02
8.046225443327766902e-01,-3.361050673051636795e-02,-2.853059768676757812e-02
8.022630676948400152e-01,-2.982867790979386660e-02,-3.067314624786376953e-02
7.928408528520473064e-01,-3.798685938451506344e-02,-3.113639354705810547e-02
7.957491726789276409e-01,-3.650204250052713206e-02,-3.113639354705810547e-02
7.933431552309060386e-01,-3.653273879044017375e-02,-2.942109107971191406e-02
7.886029248056497520e-01,-3.975183111192559515e-02,-2.532780170440673828e-02
7.841270058088539718e-01,-3.550607839556316203e-02,-2.103316783905029297e-02
7.765853942152266542e-01,-3.114913578220008389e-02,-1.136147975921630859e-02
7.819925131751381819e-01,-2.488417711233564811e-02,-9.404063224792480469e-03
7.870222989119274315e-01,-1.846976955477090676e-02,-6.469607353210449219e-03
7.735991709984832987e-01,-2.206391372128386000e-02,1.133978366851806641e-03
7.771546637519408662e-01,-1.429633200692484625e-02,3.029346466064453125e-03
7.749767001003061706e-01,-1.505483467322822448e-02,4.980742931365966797e-03
7.741469831943513791e-01,-1.616965376796589138e-02,4.942417144775390625e-03
7.732610519872413768e-01,-9.932314402227405276e-03,2.606928348541259766e-03
7.776984366645266489e-01,1.512761065749048187e-03,-8.296370506286621094e-03
7.726540271911697122e-01,9.385372152425550812e-03,-1.672518253326416016e-02
7.830551592233848668e-01,1.354069943171213458e-02,-2.071750164031982422e-02
7.850612163177759228e-01,2.496246403297899125e-02,-2.976799011230468750e-02
7.701204794531761877e-01,2.165670585532892059e-02,-3.962934017181396484e-02
7.696292987610058312e-01,2.032503460993848043e-02,-4.092156887054443359e-02
7.714811229324162190e-01,2.132901672662787518e-02,-4.092156887054443359e-02
7.656219514361576328e-01,1.996914596451860452e-02,-4.151499271392822266e-02
7.664805644212585589e-01,2.477582972308320364e-02,-4.132497310638427734e-02
7.835441003197700649e-01,4.033703967865839846e-02,-3.908765316009521484e-02
7.646273436310466742e-01,3.676858508414222737e-02,-3.282928466796875000e-02
7.695733526187913398e-01,4.060072658574690602e-02,-3.018236160278320312e-02
7.708775171461091924e-01,4.091209647044276310e-02,-2.445554733276367188e-02
7.672205416817319268e-01,3.875442384647884153e-02,-1.878261566162109375e-02
7.669295275826933933e-01,4.116208355094216897e-02,-1.331365108489990234e-02
7.675911688282360812e-01,4.496084906543024173e-02,-9.097576141357421875e-03
7.678814147040352589e-01,4.997754881837199875e-02,-6.480693817138671875e-03
1.912493478439139249e-01,1.136157246867169013e+00,-5.496621131896972656e-03
2.009555395894069563e-01,1.137449870042543276e+00,-6.627917289733886719e-03
2.525357470069068966e-01,1.130339598374263455e+00,-1.312398910522460938e-02
2.866798065187231570e-01,1.122396939158910367e+00,-1.680409908294677734e-02
3.743553488898672121e-01,1.094628947014339992e+00,-2.678620815277099609e-02
4.385060910292292724e-01,1.066847404109009911e+00,-3.455531597137451172e-02
4.926522015715349423e-01,1.036864807890362394e+00,-4.094290733337402344e-02
5.320212945328316456e-01,1.010057377132123957e+00,-4.499185085296630859e-02
5.870496726623536388e-01,9.659407740416404708e-01,-4.862606525421142578e-02
6.193929033670757534e-01,9.330893715849225556e-01,-4.925489425659179688e-02
6.576595258417198275e-01,8.897117224442406824e-01,-4.694330692291259766e-02
6.878651758100202684e-01,8.459142439342444142e-01,-4.136431217193603516e-02
7.281798192785839952e-01,7.679122482864173538e-01,-2.623581886291503906e-02
7.360624780584753557e-01,7.453915823335669488e-01,-2.011477947235107422e-02
7.529081895323739282e-01,6.927458185067848495e-01,-7.290363311767578125e-03
7.664351185945544875e-01,6.127839075609240460e-01,1.355201005935668945e-02
7.690724491592028089e-01,5.573006242213667250e-01,2.633523941040039062e-02
7.688215614939816200e-01,5.290580856481071903e-01,3.194713592529296875e-02
7.648235455667601324e-01,4.826010060294116388e-01,4.021787643432617188e-02
7.548127922310157167e-01,4.304723186094955301e-01,4.765492677688598633e-02
7.349004695275961341e-01,3.793042887191700463e-01,5.278033018112182617e-02
7.140739165208680461e-01,3.553155133821760958e-01,5.391818284988403320e-02
6.888798800427170521e-01,3.293025655787467643e-01,5.277156829833984375e-02
6.392975616062692712e-01,3.122716871533878780e-01,4.499405622482299805e-02
6.305607727375697191e-01,3.091215595922862103e-01,4.294437170028686523e-02
6.000633637270362808e-01,3.025956108392037769e-01,3.332591056823730469e-02
5.719220746063045091e-01,3.076909340582097419e-01,2.344638109207153320e-02
5.537468186103008394e-01,3.072479984732700009e-01,1.493734121322631836e-02
5.224222501394625295e-01,3.134492174394594710e-01,8.794665336608886719e-04
5.051241388905238772e-01,3.163622792296081343e-01,-6.469726562500000000e-03
4.900862943796357452e-01,3.195538776107310630e-01,-1.097679138183593750e-02
4.816299340773671500e-01,3.205754975853532529e-01,-1.263284683227539062e-02
4.698067447077737269e-01,3.231553023613519260e-01,-1.313543319702148438e-02
4.571577293086727112e-01,3.282933197896232835e-01,-1.079797744750976562e-02
4.399734521967951784e-01,3.367678763644613160e-01,-4.361748695373535156e-03
4.301674759853030827e-01,3.393688487485373995e-01,2.416133880615234375e-03
4.189557850194939315e-01,3.432892090068845881e-01,1.011806726455688477e-02
4.098551201630587504e-01,3.439942036569718642e-01,1.783972978591918945e-02
3.997155884609885357e-01,3.445662894363208939e-01,2.479666471481323242e-02
3.931563487630675424e-01,3.460412247677944197e-01,2.775502204895019531e-02
3.788001759929197632e-01,3.458926452371710036e-01,3.301686048507690430e-02
3.703742130312907554e-01,3.420296326888153660e-01,3.483802080154418945e-02
3.583863346530027361e-01,3.369813550264034729e-01,3.456592559814453125e-02
3.343705003699135592e-01,3.282061109064965398e-01,2.858114242553710938e-02
3.217060055741294278e-01,3.223625047819028699e-01,2.322798967361450195e-02
3.103403638111117968e-01,3.183187240380682681e-01,1.824903488159179688e-02
2.986580585246510489e-01,3.101153196541294732e-01,1.161855459213256836e-02
2.753581702162889444e-01,2.970489628284689876e-01,1.099705696105957031e-04
2.658237762452598241e-01,2.941955775900669257e-01,-3.316283226013183594e-03
2.496070859571719869e-01,2.861890334044921991e-01,-8.978247642517089844e-03
2.329596526524529698e-01,2.789419692219382574e-01,-1.284897327423095703e-02
2.088916851202820002e-01,2.660263038752833098e-01,-1.461970806121826172e-02
2.034881224910825015e-01,2.640509317997083993e-01,-1.425981521606445312e-02
1.867491277926091042e-01,2.568181792041047129e-01,-1.171958446502685547e-02
1.708507897882470539e-01,2.527764441199977785e-01,-8.162379264831542969e-03
1.595653071263630762e-01,2.488433130711958929e-01,-4.533886909484863281e-03
1.360219245745452332e-01,2.447110461469933773e-01,2.900123596191406250e-03
1.315247611687676288e-01,2.439277440352813631e-01,4.179894924163818359e-03
1.204547154672067494e-01,2.410173702113062033e-01,7.666766643524169922e-03
1.077198671717013168e-01,2.392253867187031924e-01,1.035022735595703125e-02
9.303092278918648206e-02,2.373131340959080682e-01,1.108640432357788086e-02
8.918172176329701439e-02,2.373645299262402419e-01,1.098233461380004883e-02
7.403472676552924625e-02,2.360409191228528270e-01,7.914841175079345703e-03
6.941584275532124149e-02,2.356843095150127354e-01,6.538212299346923828e-03
6.124465361202777874e-02,2.346120584744842141e-01,3.796756267547607422e-03
5.419695314592943430e-02,2.338034752319534115e-01,1.141369342803955078e-03
4.064433598442937501e-02,2.315149841299223299e-01,-2.772450447082519531e-03
3.221221793795854549e-02,2.295025280225297948e-01,-4.529118537902832031e-03
2.495542625754691712e-02,2.268011527175112507e-01,-5.375742912292480469e-03
1.512706036401892037e-02,2.231680736293082945e-01,-5.193233489990234375e-03
1.174605020776882912e-02,2.221930326326632954e-01,-4.765391349792480469e-03
-3.434811038038743233e-04,2.166395955553053199e-01,-2.139925956726074219e-03
-6.141305817659314069e-03,2.139009770619080819e-01,-6.178617477416992188e-04
-1.198118023939648107e-02,2.100055946575254961e-01,1.527130603790283203e-03
-2.220181405502077293e-02,2.047675674533296353e-01,4.593849182128906250e-03
-3.086557616648770083e-02,1.995431893328736550e-01,6.999313831329345703e-03
-3.821049058123755782e-02,1.944428613806435113e-01,8.605241775512695312e-03
-4.824882962394257124e-02,1.880494421593715548e-01,1.010060310363769531e-02
-5.199254433299824174e-02,1.855680378661928864e-01,1.024603843688964844e-02
-6.001385973362805687e-02,1.796854351060153121e-01,1.014351844787597656e-02
-6.911662546281895081e-02,1.739744853517045942e-01,9.111881256103515625e-03
-7.586513024899371738e-02,1.694559677090889671e-01,7.955610752105712891e-03
-8.324470660024410607e-02,1.651821785572352430e-01,6.591141223907470703e-03
-8.960819718339735340e-02,1.612950729488703827e-01,5.571067333221435547e-03
-9.423721169966939315e-02,1.585156411005348154e-01,4.712820053100585938e-03
-9.877352706631203905e-02,1.558361999958514654e-01,4.263222217559814453e-03
-1.022145815185562800e-01,1.537986880263510492e-01,3.400266170501708984e-03
-1.098863587613130854e-01,1.500280815782536192e-01,2.971947193145751953e-03
-1.149970531479882208e-01,1.469312894449316120e-01,3.052234649658203125e-03
-1.196148765699732441e-01,1.441181192673699207e-01,3.183364868164062500e-03
-1.234238584441345737e-01,1.418068715498507493e-01,3.296852111816406250e-03
-1.258580307753671412e-01,1.402987610494318971e-01,3.599882125854492188e-03
-1.317719956980817342e-01,1.358876539148328733e-01,4.437148571014404297e-03
-1.337303326374764401e-01,1.344736528346728022e-01,4.617273807525634766e-03
-1.337662872337587183e-01,1.345713906195229181e-01,4.518926143646240234e-03
-1.379216406607245704e-01,1.311598060442525915e-01,4.654228687286376953e-03
-1.409586637430874645e-01,1.283816131670141858e-01,4.652798175811767578e-03
-1.462659490380668892e-01,1.236172760706799323e-01,4.292190074920654297e-03
-1.482909906477327677e-01,1.215413171334139980e-01,3.994941711425781250e-03
-1.494869545361972030e-01,1.203155836666840034e-01,3.984928131103515625e-03
-1.524591602972012461e-01,1.165792902056255048e-01,3.750860691070556641e-03
-1.552363836108949513e-01,1.135623783734428932e-01,3.768742084503173828e-03
-1.583439330031724823e-01,1.102181510809157328e-01,3.803968429565429688e-03
-1.607687479502164785e-01,1.078597908168932584e-01,3.830134868621826172e-03
-1.634862012458936087e-01,1.048459990579505147e-01,4.253149032592773438e-03
-1.677155938951986891e-01,1.007672016478327048e-01,5.377948284149169922e-03
-1.706128212979909908e-01,9.775473922803502858e-02,5.453288555145263672e-03
-1.732945622599530444e-01,9.570064860468624479e-02,6.006717681884765625e-03
-1.744898749352713774e-01,9.492783461805565093e-02,6.378412246704101562e-03
-1.766546992844602593e-01,9.350671435875813897e-02,6.776571273803710938e-03
-1.810476825104807841e-01,8.990107294563048912e-02,7.567167282104492188e-03
-1.840474486988268044e-01,8.762831806613628760e-02,8.093357086181640625e-03
-1.854102112159603521e-01,8.678276438525540926e-02,8.184194564819335938e-03
-1.879431222989969563e-01,8.470220395985737782e-02,8.631885051727294922e-03
-1.919212892396958414e-01,8.202230842666138888e-02,9.917080402374267578e-03
-1.937531249226181196e-01,8.030473107450306069e-02,1.054173707962036133e-02
-1.943434221352200453e-01,7.992496810189197998e-02,1.086646318435668945e-02
-1.950997448784200783e-01,7.922917951568926587e-02,1.150995492935180664e-02
-1.970367454022387832e-01,7.605381187908667739e-02,1.188260316848754883e-02
-1.980972681356933662e-01,7.471454126080438740e-02,1.255255937576293945e-02
-1.991747954771674323e-01,7.179758206306872947e-02,1.309543848037719727e-02
-1.988385251620639338e-01,7.180318955405283476e-02,1.326113939285278320e-02
-1.991487943100711533e-01,7.011448352503865666e-02,1.327419281005859375e-02
-1.996180980813859196e-01,6.726386249126900529e-02,1.296997070312500000e-02
-1.990688574302192371e-01,6.659974644028737734e-02,1.271647214889526367e-02
-1.987585815227220776e-01,6.325085750067653556e-02,1.245099306106567383e-02
-1.987624715973337064e-01,5.828500173814873953e-02,1.122361421585083008e-02
-1.978504544171942325e-01,5.655294108658400626e-02,1.041746139526367188e-02
-1.979049718034086303e-01,5.408217798114792196e-02,1.019567251205444336e-02
-1.974875730802922724e-01,5.086985095639685872e-02,9.352743625640869141e-03
-1.970230799395709109e-01,4.814765724070151076e-02,8.927822113037109375e-03
-1.970904519675378830e-01,4.517773656593689763e-02,8.957445621490478516e-03
-1.972345847902357008e-01,4.367033758934889265e-02,9.135782718658447266e-03
-1.972744943181563571e-01,4.120074913632689600e-02,9.723484516143798828e-03
-1.976940012912691280e-01,4.003823585506122162e-02,1.022934913635253906e-02
-1.981399237443478012e-01,3.909660921091696884e-02,1.132148504257202148e-02
-1.989623391599035507e-01,3.660854263201831355e-02,1.254433393478393555e-02
-1.998974906661320494e-01,3.521223750111281137e-02,1.484853029251098633e-02
-2.013175171105899275e-01,3.286848042805139841e-02,1.819896697998046875e-02
-2.022218221586091214e-01,3.205337781275792441e-02,2.073669433593750000e-02
-2.025147861707485009e-01,3.269622749209949442e-02,2.257615327835083008e-02
-2.036963531564198460e-01,3.223697457800477062e-02,2.824020385742187500e-02
-2.040130988819459645e-01,3.329474660117216767e-02,3.055673837661743164e-02
-2.050892273299859681e-01,3.181462322864060666e-02,3.593617677688598633e-02
-2.057340490940155753e-01,3.326324430701201040e-02,4.291099309921264648e-02
-2.057987212637635011e-01,3.375506457211246980e-02,4.797905683517456055e-02
-2.055437311181056159e-01,3.594298558233785523e-02,5.336380004882812500e-02
-2.059159859273410609e-01,3.473735170403632888e-02,5.967885255813598633e-02
-2.060083801430209194e-01,3.409030811582407922e-02,6.546324491500854492e-02
-2.053017793756657938e-01,3.459949422222489968e-02,7.413357496261596680e-02
-2.042558267886090961e-01,3.314667746921027419e-02,8.104437589645385742e-02
-2.031983798934470231e-01,3.371245036487327540e-02,8.897733688354492188e-02
-2.021362581385780233e-01,3.161081965428155782e-02,9.802454710006713867e-02
-2.005792204015637292e-01,3.022829737377095982e-02,1.086318492889404297e-01
-1.990542349015679557e-01,2.982289386543140325e-02,1.168849468231201172e-01
-1.965539220242315255e-01,2.793492409980286029e-02,1.320254206657409668e-01
-1.957256956063703479e-01,2.677197247645803774e-02,1.373199820518493652e-01
-1.940534389317111474e-01,2.516544176683783995e-02,1.481671333312988281e-01
-1.925396157362435634e-01,2.224817236185731503e-02,1.595311164855957031e-01
-1.911866546290045543e-01,1.934785495779952139e-02,1.708747744560241699e-01
-1.895076793982568286e-01,1.761083618325890582e-02,1.830713152885437012e-01
-1.879480881380947710e-01,1.526741797516394279e-02,1.954008936882019043e-01
-1.869740752012306606e-01,1.287296980368358469e-02,2.079036235809326172e-01
-1.857605977640033601e-01,9.839811110706050620e-03,2.230527400970458984e-01
-1.846291873060192379e-01,8.687364101807979952e-03,2.366196513175964355e-01
-1.840499264343936070e-01,5.557372797376673897e-03,2.502234578132629395e-01
-1.836989456526034736e-01,4.229805803425964322e-03,2.643992900848388672e-01
-1.829252927233835924e-01,2.128812934406029873e-03,2.786591649055480957e-01
-1.829385100427904087e-01,3.311111413248337613e-04,2.934346199035644531e-01
-1.823736880584387599e-01,-1.980270332632608210e-03,3.138430714607238770e-01
-1.824638660760956044e-01,-1.298873777888130297e-03,3.282480239868164062e-01
-1.824722199968356606e-01,-2.090307242213125874e-03,3.350973725318908691e-01
-1.826933128617035107e-01,-1.644539850194283014e-03,3.490108847618103027e-01
-1.834349457248230231e-01,-3.856249483304711101e-04,3.584902286529541016e-01
-1.851587545124193102e-01,8.450199016670170054e-04,3.651648759841918945e-01
-1.870900779375093970e-01,3.316977164306329860e-03,3.694191575050354004e-01
-1.896552105105112074e-01,6.530510826908009735e-03,3.704685568809509277e-01
-1.937737231530012871e-01,1.206120800834523457e-02,3.673140406608581543e-01
-1.977335319337617248e-01,1.687058024724783639e-02,3.597549796104431152e-01
-1.997399255858177403e-01,1.736629610170596638e-02,3.553302288055419922e-01
-2.025659244236733825e-01,2.254478424199589381e-02,3.462144732475280762e-01
-2.085135050203665852e-01,2.738024879562761180e-02,3.220106959342956543e-01
-2.111066982983370310e-01,2.797268320373213699e-02,3.072835803031921387e-01
-2.127424716948989047e-01,2.779503796979820168e-02,2.945966720581054688e-01
-2.140102606878620251e-01,3.452795068325001382e-02,2.656736969947814941e-01
-2.141772741555098003e-01,3.454511250461633071e-02,2.563691139221191406e-01
-2.130525336493392374e-01,3.395880097370330974e-02,2.288202643394470215e-01
-2.110422939735534797e-01,3.279040340218089544e-02,2.109600901603698730e-01
-2.097970967215680715e-01,3.319882165081873560e-02,2.052071690559387207e-01
-2.037725152069619072e-01,2.871092175722937678e-02,1.781144738197326660e-01
-2.020477402911456943e-01,2.820817003546344237e-02,1.727833747863769531e-01
-1.966600857231687038e-01,2.455099562652602457e-02,1.578335165977478027e-01
-1.909217398522098652e-01,1.963324154095059601e-02,1.437070369720458984e-01
-1.836796635028793701e-01,1.680673383686575803e-02,1.308320164680480957e-01
-1.768282777788422744e-01,1.164992067622103861e-02,1.179298758506774902e-01
-1.679757902314919782e-01,7.299115483313165648e-03,1.043018698692321777e-01
-1.622083059204203759e-01,2.644957309473734263e-03,9.503316879272460938e-02
-1.550159624761483779e-01,-2.921978612532178396e-04,8.452349901199340820e-02
-1.485090961342375449e-01,-3.369430758648558986e-03,7.434338331222534180e-02
-1.421523336042671004e-01,-5.914426304167350566e-03,6.518119573593139648e-02
-1.366465012636878806e-01,-8.816902601487937308e-03,5.612134933471679688e-02
-1.320053960763923062e-01,-1.033447479238151258e-02,4.808324575424194336e-02
-1.280927334036734422e-01,-1.220026015391041316e-02,4.058903455734252930e-02
-1.248927078453324624e-01,-1.328727378224202511e-02,3.376835584640502930e-02
-1.228355114120695951e-01,-1.337767214104786453e-02,2.764099836349487305e-02
-1.208652769001903049e-01,-1.263234489042077725e-02,1.845222711563110352e-02
-1.205317261200522655e-01,-1.221550531418019205e-02,1.632159948348999023e-02
-1.205647871181633884e-01,-1.200628800661484273e-02,1.241540908813476562e-02
-1.210258653051399375e-01,-1.084663629672088202e-02,8.650600910186767578e-03
-1.231696114493332911e-01,-7.391085073534990092e-03,3.124535083770751953e-03
-1.243475138540426767e-01,-6.189745970342077491e-03,8.196830749511718750e-04
-1.252211225892647661e-01,-4.847586220883052383e-03,-2.800226211547851562e-04
-1.269584670459630582e-01,-3.366674283590427672e-03,-2.090454101562500000e-03
-1.283035441561177770e-01,-9.592572717829242175e-04,-3.026604652404785156e-03
-1.295091370604392611e-01,3.417704140097108751e-04,-3.855109214782714844e-03
-1.312707848504079955e-01,2.394384827820178127e-03,-3.960490226745605469e-03
-1.316258239428614862e-01,3.558033464293786519e-03,-3.672480583190917969e-03
-1.318836434313566675e-01,3.838868735572297571e-03,-2.662539482116699219e-03
-1.318514156465487031e-01,3.575297380914394495e-03,-2.297997474670410156e-03
-1.310795958450526599e-01,4.049169856211128939e-03,-1.066923141479492188e-04
-1.300025253328192798e-01,3.474354983308268821e-03,1.640975475311279297e-03
-1.281956577065273550e-01,2.685000696413801947e-03,4.200696945190429688e-03
-1.254517411618253364e-01,3.725573321546842682e-04,8.026778697967529297e-03
-1.236571007932473626e-01,-1.966218670344368818e-04,1.038664579391479492e-02
-1.213650620502446514e-01,-2.215269677163349878e-03,1.354914903640747070e-02
-1.185361666884974102e-01,-3.571534262316685641e-03,1.773244142532348633e-02
-1.150728802440619258e-01,-6.579084982123496045e-03,2.235013246536254883e-02
-1.114888680715190317e-01,-7.834224728193705731e-03,2.774572372436523438e-02
-1.085479575958185339e-01,-1.013196449304594633e-02,3.256314992904663086e-02
-1.054462294597284383e-01,-1.217695106508257137e-02,3.832644224166870117e-02
-1.023880720276158091e-01,-1.425960734178441033e-02,4.451018571853637695e-02
-9.955446820295224541e-02,-1.601495382676062715e-02,5.113905668258666992e-02
-9.741628455641358764e-02,-1.678390235795397534e-02,5.775862932205200195e-02
-9.535894495827590411e-02,-1.863131367697236015e-02,6.677836179733276367e-02
-9.405828635700019813e-02,-1.932728630449268709e-02,7.453376054763793945e-02
-9.333693387346621295e-02,-1.936948739420091964e-02,8.145266771316528320e-02
-9.300455708621402362e-02,-1.987597349842617350e-02,9.141129255294799805e-02
-9.310203936348215858e-02,-2.006011956984906849e-02,9.869617223739624023e-02
-9.360781361552508728e-02,-1.960962355182973432e-02,1.078782081604003906e-01
-9.500911833721646660e-02,-1.786976511619662103e-02,1.175957322120666504e-01
-9.679340506002888367e-02,-1.640583949104184106e-02,1.290180683135986328e-01
-9.819836052317877650e-02,-1.562072074582900559e-02,1.379213333129882812e-01
-9.991964872350697635e-02,-1.450892153093403213e-02,1.485623717308044434e-01
-1.023010972029618076e-01,-1.184616996698329566e-02,1.593920588493347168e-01
-1.040575560645901343e-01,-1.061824478620417879e-02,1.709036827087402344e-01
-1.062559997773727810e-01,-8.041647280524651109e-03,1.849322915077209473e-01
-1.077458749252705322e-01,-6.297571568737675082e-03,1.949927210807800293e-01
-1.087208365592665787e-01,-4.856627588594947600e-03,2.080259919166564941e-01
-1.100640815357970814e-01,-4.155481916348298388e-03,2.234638333320617676e-01
-1.109225692302328314e-01,-1.134990780956438407e-03,2.419173121452331543e-01
-1.109793409888691768e-01,-9.998457958485399213e-04,2.513966560363769531e-01
-1.106427901019847448e-01,5.307562769599578553e-04,2.711200714111328125e-01
-1.101989940357156472e-01,4.363335880834702789e-04,2.786757946014404297e-01
-1.091884461639019005e-01,4.287485500463900090e-04,2.943808436393737793e-01
-1.076845740996990319e-01,8.330099331053525402e-04,3.129534721374511719e-01
-1.050063541214861923e-01,1.016552068049556869e-03,3.379788398742675781e-01
-1.044091348501154370e-01,2.156448088180184445e-04,3.434568047523498535e-01
-1.023428044981421065e-01,-9.769175884301740508e-04,3.633003830909729004e-01
-9.992238704298186946e-02,-2.132378465085989997e-03,3.803426623344421387e-01
-9.804103761257770833e-02,-3.845891180090749324e-03,3.982287645339965820e-01
-9.578266944988794718e-02,-5.167515756944061379e-03,4.163322448730468750e-01
-9.371095973290781422e-02,-6.673930631742684867e-03,4.319117069244384766e-01
-9.175791183544962371e-02,-8.544027122253572762e-03,4.506860971450805664e-01
-8.925545017564054384e-02,-1.096570587896923861e-02,4.733217358589172363e-01
-8.760123202015858423e-02,-1.270595243864832205e-02,4.929533600807189941e-01
-8.605247941190942440e-02,-1.459706336423327935e-02,5.097978413105010986e-01
-8.472305370572195959e-02,-1.706009782861561686e-02,5.333466529846191406e-01
-8.411170010448869305e-02,-1.832152526680756385e-02,5.502607524394989014e-01
-8.328952061486287473e-02,-2.090240145066981498e-02,5.711154043674468994e-01
-8.320090386224775203e-02,-2.220363421897972311e-02,5.921750962734222412e-01
-8.364093548956694213e-02,-2.319275144489622159e-02,6.170012652873992920e-01
-8.430968151460095650e-02,-2.454141507054606944e-02,6.421179473400115967e-01
-8.482581187781038090e-02,-2.485040282507804121e-02,6.568392813205718994e-01
-8.617033405758632580e-02,-2.586003849661018886e-02,6.900740563869476318e-01
-8.680923731280523747e-02,-2.556310553731383842e-02,7.012973129749298096e-01
-8.855337862566682594e-02,-2.474703853141214591e-02,7.315969169139862061e-01
-8.928274989726239785e-02,-2.404888390129943793e-02,7.467819750308990479e-01
-9.108548919130955712e-02,-2.118383805112796989e-02,7.818904519081115723e-01
-9.181683333754243892e-02,-1.981061841654752076e-02,7.974965423345565796e-01
-9.245857641576915587e-02,-1.791025526062493475e-02,8.176833242177963257e-01
-9.301725860639119270e-02,-1.578130457141110193e-02,8.421792834997177124e-01
-9.397778887809098147e-02,-1.245665167788042108e-02,8.672748059034347534e-01
