6.132920384407043457e-01,6.678832769393920898e-01,-5.881544947624206543e-02
5.908930301666259766e-01,6.775950789451599121e-01,-7.890697568655014038e-02
5.798444151878356934e-01,6.898283362388610840e-01,-7.831006497144699097e-02
5.617144107818603516e-01,6.970999836921691895e-01,-7.741788774728775024e-02
5.378283262252807617e-01,7.110002636909484863e-01,-5.348017066717147827e-02
5.169761180877685547e-01,7.197786569595336914e-01,-3.868326544761657715e-02
4.997385740280151367e-01,7.295421361923217773e-01,-1.747805625200271606e-02
4.721949696540832520e-01,7.514130473136901855e-01,1.667760126292705536e-02
4.659175872802734375e-01,7.604092359542846680e-01,3.527848049998283386e-02
4.419063329696655273e-01,7.722361683845520020e-01,5.847337841987609863e-02
4.137091040611267090e-01,7.955543994903564453e-01,7.348941266536712646e-02
3.928743004798889160e-01,8.058074116706848145e-01,8.536851406097412109e-02
3.745683133602142334e-01,8.136366009712219238e-01,8.856773376464843750e-02
3.382869958877563477e-01,8.308866620063781738e-01,5.424047634005546570e-02
3.314350843429565430e-01,8.384024500846862793e-01,4.482696950435638428e-02
3.062813580036163330e-01,8.484201431274414062e-01,9.306719526648521423e-03
2.932303249835968018e-01,8.411038517951965332e-01,-1.514107920229434967e-02
2.717135846614837646e-01,8.443342447280883789e-01,-3.788813948631286621e-02
2.681936621665954590e-01,8.468382358551025391e-01,-4.587189480662345886e-02
2.437440901994705200e-01,8.445264101028442383e-01,-7.662621140480041504e-02
2.343544363975524902e-01,8.453535437583923340e-01,-8.838566392660140991e-02
2.237925380468368530e-01,8.426827788352966309e-01,-9.168502688407897949e-02
1.907735019922256470e-01,8.450968265533447266e-01,-6.806654483079910278e-02
1.587534248828887939e-01,8.400865197181701660e-01,-3.389590978622436523e-02
1.587534248828887939e-01,8.400865197181701660e-01,-3.389590978622436523e-02
1.074101179838180542e-01,8.414790034294128418e-01,3.614897280931472778e-02
8.845742046833038330e-02,8.477064967155456543e-01,5.824260786175727844e-02
7.426860183477401733e-02,8.509318828582763672e-01,7.877989113330841064e-02
7.426860183477401733e-02,8.509318828582763672e-01,7.877989113330841064e-02
5.303291976451873779e-02,8.499131202697753906e-01,8.679765462875366211e-02
1.896232552826404572e-02,8.557206988334655762e-01,8.920422196388244629e-02
5.398891866207122803e-03,8.572146892547607422e-01,8.215051889419555664e-02
-2.481554448604583740e-02,8.577394485473632812e-01,3.588879480957984924e-02
-4.201086983084678650e-02,8.561139106750488281e-01,2.087106183171272278e-02
-7.089815288782119751e-02,8.519955277442932129e-01,-1.868898048996925354e-02
-9.500636160373687744e-02,8.509743213653564453e-01,-4.790060594677925110e-02
-9.774383157491683960e-02,8.453786969184875488e-01,-5.544604361057281494e-02
-1.143761202692985535e-01,8.442038893699645996e-01,-6.920199096202850342e-02
-1.310911178588867188e-01,8.397104740142822266e-01,-8.610830456018447876e-02
-1.518105119466781616e-01,8.378731012344360352e-01,-9.144704043865203857e-02
-1.856058984994888306e-01,8.250613808631896973e-01,-8.348382264375686646e-02
-1.963388472795486450e-01,8.242871165275573730e-01,-8.648698776960372925e-02
-2.294824272394180298e-01,8.108236789703369141e-01,-5.010166391730308533e-02
-2.599847614765167236e-01,7.981640100479125977e-01,-1.451923698186874390e-02
-2.936590313911437988e-01,7.835482954978942871e-01,2.568763680756092072e-02
-3.179767727851867676e-01,7.754879593849182129e-01,4.015200585126876831e-02
-3.179767727851867676e-01,7.754879593849182129e-01,4.015200585126876831e-02
-3.390270471572875977e-01,7.669050693511962891e-01,7.011269778013229370e-02
-3.621062636375427246e-01,7.460167407989501953e-01,8.786340057849884033e-02
-3.824657499790191650e-01,7.479093670845031738e-01,9.956819564104080200e-02
-3.984336853027343750e-01,7.312651872634887695e-01,9.216459840536117554e-02
-4.246291518211364746e-01,7.164734601974487305e-01,6.892900913953781128e-02
-4.407702088356018066e-01,6.975914835929870605e-01,3.474358469247817993e-02
-4.595445990562438965e-01,6.815345883369445801e-01,-2.001379802823066711e-02
-4.679078459739685059e-01,6.690306663513183594e-01,-4.831753671169281006e-02
-4.679078459739685059e-01,6.690306663513183594e-01,-4.831753671169281006e-02
-4.785349071025848389e-01,6.504929065704345703e-01,-7.545958459377288818e-02
-5.022318363189697266e-01,6.356354355812072754e-01,-1.044292077422142029e-01
-5.208147764205932617e-01,6.207919120788574219e-01,-1.013841778039932251e-01
-5.350767970085144043e-01,6.056221127510070801e-01,-9.793566167354583740e-02
-5.499231815338134766e-01,5.870429873466491699e-01,-8.304068446159362793e-02
-5.698894858360290527e-01,5.605665445327758789e-01,-5.505935475230216980e-02
-5.795316696166992188e-01,5.545154213905334473e-01,-4.510699585080146790e-02
-6.191861033439636230e-01,5.195249915122985840e-01,1.626656204462051392e-02
-6.314681172370910645e-01,5.115119814872741699e-01,3.717031702399253845e-02
-6.432273387908935547e-01,5.035929083824157715e-01,5.053032189607620239e-02
-6.618375182151794434e-01,4.894065856933593750e-01,7.330469787120819092e-02
-6.861057281494140625e-01,4.663512706756591797e-01,8.813860267400741577e-02
-7.066333293914794922e-01,4.571372568607330322e-01,8.282606303691864014e-02
-7.199758887290954590e-01,4.409893155097961426e-01,7.646413892507553101e-02
-7.369675040245056152e-01,4.262235760688781738e-01,4.384711012244224548e-02
-7.557639479637145996e-01,4.101548790931701660e-01,1.827161014080047607e-02
-7.696751356124877930e-01,3.870496451854705811e-01,-2.942591533064842224e-02
-7.806722521781921387e-01,3.791532814502716064e-01,-4.050505161285400391e-02
-7.879890203475952148e-01,3.511082231998443604e-01,-7.441806793212890625e-02
-8.017871975898742676e-01,3.358424603939056396e-01,-9.408680349588394165e-02
-8.064075708389282227e-01,3.251832425594329834e-01,-1.014513969421386719e-01
-8.126484155654907227e-01,3.034467399120330811e-01,-1.049250215291976929e-01
-8.238854408264160156e-01,2.913192212581634521e-01,-1.061232313513755798e-01
-8.287566900253295898e-01,2.570460140705108643e-01,-7.990314811468124390e-02
-8.416616320610046387e-01,2.252683043479919434e-01,-4.825546592473983765e-02
-8.416616320610046387e-01,2.252683043479919434e-01,-4.825546592473983765e-02
-8.561968207359313965e-01,1.998657137155532837e-01,-2.203611657023429871e-02
-8.635705709457397461e-01,1.813086718320846558e-01,1.636737957596778870e-02
-8.836432099342346191e-01,1.444599181413650513e-01,7.273336499929428101e-02
-8.920662999153137207e-01,1.212533190846443176e-01,8.690118044614791870e-02
-8.868706822395324707e-01,9.847988933324813843e-02,9.333214163780212402e-02
-9.043105244636535645e-01,4.911040142178535461e-02,6.237700581550598145e-02
-8.961362838745117188e-01,3.771810978651046753e-02,4.939751327037811279e-02
-9.008454084396362305e-01,3.106040880084037781e-02,4.453954845666885376e-02
-8.965069055557250977e-01,8.523628115653991699e-03,6.088267080485820770e-03
-8.977219462394714355e-01,-6.646075751632452011e-03,-5.819008219987154007e-03
-8.995181322097778320e-01,-4.237354174256324768e-02,-6.485267728567123413e-02
-8.995181322097778320e-01,-4.237354174256324768e-02,-6.485267728567123413e-02
-8.926204442977905273e-01,-4.775311425328254700e-02,-6.380569189786911011e-02
-8.920735716819763184e-01,-6.565741449594497681e-02,-8.324870467185974121e-02
-8.912929892539978027e-01,-8.200382441282272339e-02,-8.521467447280883789e-02
-8.897656798362731934e-01,-1.206694170832633972e-01,-4.607238993048667908e-02
-8.867644071578979492e-01,-1.218888163566589355e-01,-3.836784511804580688e-02
-8.901791572570800781e-01,-1.473497152328491211e-01,-1.778713241219520569e-02
-8.851933479309082031e-01,-1.662267595529556274e-01,2.016954310238361359e-02
-8.851933479309082031e-01,-1.662267595529556274e-01,2.016954310238361359e-02
-8.851258754730224609e-01,-1.963611841201782227e-01,5.476768687367439270e-02
-8.880252242088317871e-01,-2.254577130079269409e-01,7.587237656116485596e-02
-8.845095634460449219e-01,-2.356369644403457642e-01,7.937075942754745483e-02
-8.784224987030029297e-01,-2.630256712436676025e-01,7.033128291368484497e-02
-8.779293298721313477e-01,-2.812170982360839844e-01,5.797008424997329712e-02
-8.703974485397338867e-01,-2.943291068077087402e-01,2.647811360657215118e-02
-8.746300339698791504e-01,-3.165338337421417236e-01,-2.260700566694140434e-03
-8.746300339698791504e-01,-3.165338337421417236e-01,-2.260700566694140434e-03
-8.612629175186157227e-01,-3.545473814010620117e-01,-4.742825403809547424e-02
-8.612629175186157227e-01,-3.545473814010620117e-01,-4.742825403809547424e-02
-8.569121956825256348e-01,-3.699557483196258545e-01,-6.191955879330635071e-02
-8.497729301452636719e-01,-3.873222768306732178e-01,-6.881047785282135010e-02
-8.429827094078063965e-01,-4.163536429405212402e-01,-7.704105973243713379e-02
-8.325352072715759277e-01,-4.297236204147338867e-01,-7.443591207265853882e-02
-8.239262700080871582e-01,-4.453542232513427734e-01,-6.411188840866088867e-02
-8.126019835472106934e-01,-4.605160653591156006e-01,-4.513302817940711975e-02
-7.929559946060180664e-01,-4.927523732185363770e-01,-7.604429032653570175e-03
-7.742781639099121094e-01,-5.118814110755920410e-01,2.363091707229614258e-02
-7.582036852836608887e-01,-5.397652387619018555e-01,5.427649244666099548e-02
-7.470666766166687012e-01,-5.558315515518188477e-01,6.466746330261230469e-02
-7.403724789619445801e-01,-5.701065659523010254e-01,6.152131035923957825e-02
-7.257920503616333008e-01,-5.865194201469421387e-01,6.572782248258590698e-02
-7.112775444984436035e-01,-6.058878302574157715e-01,5.927280336618423462e-02
-6.889078021049499512e-01,-6.333572864532470703e-01,3.336572274565696716e-02
-6.857137084007263184e-01,-6.455611586570739746e-01,1.928943395614624023e-02
-6.572523713111877441e-01,-6.743209958076477051e-01,-3.981339186429977417e-02
-6.369135975837707520e-01,-6.916786432266235352e-01,-6.132039800286293030e-02
-6.296851038932800293e-01,-7.023308277130126953e-01,-6.713648140430450439e-02
-6.296851038932800293e-01,-7.023308277130126953e-01,-6.713648140430450439e-02
-6.296851038932800293e-01,-7.023308277130126953e-01,-6.713648140430450439e-02
-6.088043451309204102e-01,-7.179858088493347168e-01,-8.100656419992446899e-02
-5.794471502304077148e-01,-7.388960123062133789e-01,-5.713599920272827148e-02
-5.514578819274902344e-01,-7.672325968742370605e-01,-2.553742192685604095e-02
-5.514578819274902344e-01,-7.672325968742370605e-01,-2.553742192685604095e-02
-5.286425352096557617e-01,-7.833458185195922852e-01,3.682775422930717468e-03
-5.006787180900573730e-01,-7.964048385620117188e-01,2.678099833428859711e-02
-5.006787180900573730e-01,-7.964048385620117188e-01,2.678099833428859711e-02
-4.590755403041839600e-01,-8.198875188827514648e-01,5.529535934329032898e-02
-4.469989836215972900e-01,-8.195146918296813965e-01,5.738647282123565674e-02
-4.327515661716461182e-01,-8.257661461830139160e-01,6.128727644681930542e-02
-4.163086116313934326e-01,-8.363599777221679688e-01,6.603735685348510742e-02
-3.878926932811737061e-01,-8.468238115310668945e-01,5.076366290450096130e-02
-3.634315133094787598e-01,-8.535051941871643066e-01,2.615265361964702606e-02
-3.428630828857421875e-01,-8.666208386421203613e-01,-1.088112220168113708e-02
-3.369627296924591064e-01,-8.713147044181823730e-01,-1.960730366408824921e-02
-3.160650134086608887e-01,-8.657745122909545898e-01,-4.437380284070968628e-02
-3.020468950271606445e-01,-8.777595162391662598e-01,-7.025403529405593872e-02
-2.949930131435394287e-01,-8.840758800506591797e-01,-8.250236511230468750e-02
-2.862501442432403564e-01,-8.882607221603393555e-01,-8.786141872406005859e-02
-2.628895044326782227e-01,-8.948175311088562012e-01,-9.760800749063491821e-02
-2.291811406612396240e-01,-8.988292813301086426e-01,-8.373367041349411011e-02
-1.997753828763961792e-01,-9.217520356178283691e-01,-5.555639415979385376e-02
-1.832398921251296997e-01,-9.166523218154907227e-01,-4.044451564550399780e-02
-1.615806072950363159e-01,-9.237582683563232422e-01,-1.615575328469276428e-02
-1.391255259513854980e-01,-9.269160628318786621e-01,2.500764839351177216e-02
-1.037252321839332581e-01,-9.381442666053771973e-01,5.262633040547370911e-02
-1.049436926841735840e-01,-9.320446252822875977e-01,5.792928487062454224e-02
-9.074050933122634888e-02,-9.352383017539978027e-01,6.693097203969955444e-02
-7.076402008533477783e-02,-9.404817819595336914e-01,7.386408746242523193e-02
-4.536270350217819214e-02,-9.481431245803833008e-01,7.331927865743637085e-02
-2.399928495287895203e-02,-9.451245665550231934e-01,5.823307111859321594e-02
-4.601761698722839355e-03,-9.435252547264099121e-01,4.133596271276473999e-02
2.388011291623115540e-02,-9.438881874084472656e-01,8.352098055183887482e-03
3.775466233491897583e-02,-9.440823197364807129e-01,-1.165601890534162521e-02
7.904127985239028931e-02,-9.292969703674316406e-01,-5.043333023786544800e-02
1.000579148530960083e-01,-9.224426746368408203e-01,-6.964824348688125610e-02
1.226813122630119324e-01,-9.267563819885253906e-01,-7.449825108051300049e-02
1.441909074783325195e-01,-9.155365228652954102e-01,-6.626200675964355469e-02
1.754621565341949463e-01,-9.077782630920410156e-01,-5.390840396285057068e-02
1.754621565341949463e-01,-9.077782630920410156e-01,-5.390840396285057068e-02
1.814855337142944336e-01,-9.005730152130126953e-01,-4.920437186956405640e-02
2.047180980443954468e-01,-8.970261812210083008e-01,-2.490606904029846191e-02
2.197133004665374756e-01,-8.886216282844543457e-01,-1.502335350960493088e-02
2.522254288196563721e-01,-8.820658922195434570e-01,-4.653627052903175354e-03
2.702068984508514404e-01,-8.764876723289489746e-01,-1.121546491049230099e-03
3.061754703521728516e-01,-8.634058833122253418e-01,8.293915539979934692e-03
3.136949539184570312e-01,-8.660538792610168457e-01,1.244650222361087799e-02
3.260421156883239746e-01,-8.511436581611633301e-01,1.277666538953781128e-02
3.412651121616363525e-01,-8.510624170303344727e-01,1.079703774303197861e-02
3.607172966003417969e-01,-8.385534286499023438e-01,2.300200238823890686e-02
3.899182677268981934e-01,-8.277066946029663086e-01,2.798528037965297699e-02
4.111449420452117920e-01,-8.072659373283386230e-01,5.612310953438282013e-03
4.440332353115081787e-01,-7.944113016128540039e-01,-2.187077701091766357e-02
4.735318422317504883e-01,-7.754976153373718262e-01,-2.618015184998512268e-02
5.040777921676635742e-01,-7.548393607139587402e-01,-2.320512384176254272e-02
5.241812467575073242e-01,-7.395510673522949219e-01,-2.256289869546890259e-02
5.357447862625122070e-01,-7.365105748176574707e-01,-1.305838581174612045e-02
5.383049249649047852e-01,-7.286393642425537109e-01,-1.234741602092981339e-02
5.568007230758666992e-01,-7.264457941055297852e-01,-1.294954121112823486e-02
5.715119242668151855e-01,-7.083679437637329102e-01,-1.411981787532567978e-02
5.986329913139343262e-01,-6.880633234977722168e-01,-2.377667091786861420e-02
6.058555245399475098e-01,-6.816126704216003418e-01,-2.720245905220508575e-02
6.211994886398315430e-01,-6.719985604286193848e-01,-3.053523041307926178e-02
6.350835561752319336e-01,-6.602490544319152832e-01,-3.039978258311748505e-02
6.540768742561340332e-01,-6.433181166648864746e-01,-2.276922017335891724e-02
6.669415235519409180e-01,-6.225748062133789062e-01,-2.207808382809162140e-02
6.924862861633300781e-01,-5.950783491134643555e-01,-8.428700268268585205e-03
7.023940682411193848e-01,-5.905851721763610840e-01,-6.430271081626415253e-03
7.124597430229187012e-01,-5.647718310356140137e-01,-8.656738325953483582e-03
7.298979163169860840e-01,-5.400268435478210449e-01,-8.614014834165573120e-03
7.467913627624511719e-01,-5.098885893821716309e-01,-1.617361046373844147e-02
7.579144239425659180e-01,-4.932584464550018311e-01,-9.739365428686141968e-03
7.574357390403747559e-01,-4.792357385158538818e-01,-1.367871649563312531e-02
7.790969014167785645e-01,-4.553710818290710449e-01,-1.863645203411579132e-02
7.785778641700744629e-01,-4.453641772270202637e-01,-2.137802727520465851e-02
7.903333902359008789e-01,-4.245523512363433838e-01,-2.427827566862106323e-02
8.023025393486022949e-01,-3.890064954757690430e-01,-1.699749007821083069e-02
8.077628612518310547e-01,-3.782267272472381592e-01,-1.319509372115135193e-02
8.270578980445861816e-01,-3.459744155406951904e-01,3.117383690550923347e-03
8.353245258331298828e-01,-3.204063773155212402e-01,8.602101355791091919e-03
8.353245258331298828e-01,-3.204063773155212402e-01,8.602101355791091919e-03
8.418188095092773438e-01,-2.966532409191131592e-01,9.826019406318664551e-03
8.522514104843139648e-01,-2.653800249099731445e-01,1.504202000796794891e-02
8.601818084716796875e-01,-2.434817254543304443e-01,1.780239120125770569e-02
8.767998814582824707e-01,-2.026127874851226807e-01,-1.263382006436586380e-02
8.811545968055725098e-01,-1.798039525747299194e-01,-1.984466426074504852e-02
8.826226592063903809e-01,-1.465231180191040039e-01,-2.441404759883880615e-02
8.826226592063903809e-01,-1.465231180191040039e-01,-2.441404759883880615e-02
8.826226592063903809e-01,-1.465231180191040039e-01,-2.441404759883880615e-02
8.978856801986694336e-01,-1.161407381296157837e-01,-2.390848286449909210e-02
8.979613184928894043e-01,-8.529285341501235962e-02,-8.950358256697654724e-03
9.063283205032348633e-01,-5.945522710680961609e-02,3.711756318807601929e-03
8.994590640068054199e-01,-2.310363575816154480e-02,3.616214497014880180e-03
8.977239727973937988e-01,1.336305961012840271e-02,1.171842589974403381e-02
9.029445052146911621e-01,5.113203451037406921e-02,4.419871140271425247e-03
9.119839072227478027e-01,5.667172744870185852e-02,3.846895415335893631e-03
9.119839072227478027e-01,5.667172744870185852e-02,3.846895415335893631e-03
9.119839072227478027e-01,5.667172744870185852e-02,3.846895415335893631e-03
9.051741361618041992e-01,9.064771234989166260e-02,-1.744760898873209953e-03
9.036755561828613281e-01,1.280409693717956543e-01,-2.402398735284805298e-02
9.018234014511108398e-01,1.462316960096359253e-01,-3.012911044061183929e-02
9.077664613723754883e-01,1.750111132860183716e-01,-2.254556305706501007e-02
8.972266316413879395e-01,1.930419802665710449e-01,-1.791094057261943817e-02
8.981820344924926758e-01,2.178571522235870361e-01,-1.670639030635356903e-02
8.871318101882934570e-01,2.449997365474700928e-01,-1.275185029953718185e-02
8.893216848373413086e-01,2.584750652313232422e-01,-1.328668463975191116e-02
8.833932280540466309e-01,2.754961252212524414e-01,-1.624056696891784668e-02
8.721472024917602539e-01,2.870010435581207275e-01,-1.983142644166946411e-02
8.769464492797851562e-01,3.023095130920410156e-01,-1.959519647061824799e-02
8.729697465896606445e-01,3.313776850700378418e-01,-9.436534717679023743e-03
8.696417808532714844e-01,3.347478806972503662e-01,-8.781105279922485352e-03
8.633638620376586914e-01,3.673468530178070068e-01,7.225124631077051163e-03
8.621953725814819336e-01,3.796002268791198730e-01,7.114256732165813446e-03
8.487744331359863281e-01,3.995821177959442139e-01,2.218096144497394562e-02
8.488609790802001953e-01,4.208779633045196533e-01,1.923114061355590820e-02
8.441652059555053711e-01,4.284043312072753906e-01,1.892553828656673431e-02
8.306369781494140625e-01,4.570467472076416016e-01,1.758970320224761963e-02
8.199225068092346191e-01,4.742384850978851318e-01,1.441960316151380539e-02
8.199225068092346191e-01,4.742384850978851318e-01,1.441960316151380539e-02
8.199225068092346191e-01,4.742384850978851318e-01,1.441960316151380539e-02
8.189848065376281738e-01,4.808129072189331055e-01,1.262834668159484863e-02
8.189848065376281738e-01,4.808129072189331055e-01,1.262834668159484863e-02
8.096120953559875488e-01,4.840156435966491699e-01,7.697044406086206436e-03
8.044942617416381836e-01,5.090826153755187988e-01,-1.483919098973274231e-02
7.837314605712890625e-01,5.383345484733581543e-01,-3.255888074636459351e-02
7.674694657325744629e-01,5.541926026344299316e-01,-4.745709523558616638e-02
7.591711878776550293e-01,5.602273941040039062e-01,-4.865074157714843750e-02
7.301208376884460449e-01,5.866672396659851074e-01,-5.826526880264282227e-02
6.816050410270690918e-01,6.476866602897644043e-01,-7.696938514709472656e-02
6.530166268348693848e-01,6.773886680603027344e-01,-7.010380923748016357e-02
6.495481729507446289e-01,6.866988539695739746e-01,-5.040636658668518066e-02
6.495481729507446289e-01,6.866988539695739746e-01,-5.040636658668518066e-02
6.495481729507446289e-01,6.866988539695739746e-01,-5.040636658668518066e-02
6.034961342811584473e-01,7.405452132225036621e-01,2.639067173004150391e-02
5.708326697349548340e-01,7.747039794921875000e-01,8.065596967935562134e-02
5.486372113227844238e-01,8.018988370895385742e-01,9.405521303415298462e-02
5.429614186286926270e-01,8.078124523162841797e-01,9.592452645301818848e-02
5.278928875923156738e-01,8.121266961097717285e-01,1.055260002613067627e-01
5.051159858703613281e-01,8.332418203353881836e-01,8.398570865392684937e-02
4.899299144744873047e-01,8.378114104270935059e-01,7.072009146213531494e-02
4.650230705738067627e-01,8.500171303749084473e-01,1.730796881020069122e-02
4.590472579002380371e-01,8.608158230781555176e-01,-5.786152090877294540e-03
4.422209560871124268e-01,8.642715811729431152e-01,-2.617059834301471710e-02
4.392609298229217529e-01,8.728592395782470703e-01,-4.212445020675659180e-02
4.214883148670196533e-01,8.801251053810119629e-01,-6.384365260601043701e-02
3.925054073333740234e-01,8.860408663749694824e-01,-7.504608482122421265e-02
3.676500916481018066e-01,9.019591212272644043e-01,-7.358820736408233643e-02
3.409685790538787842e-01,9.030439853668212891e-01,-5.756073445081710815e-02
2.965079247951507568e-01,9.099636077880859375e-01,-1.761868037283420563e-02
2.546643912792205811e-01,9.172791242599487305e-01,3.105345880612730980e-03
2.444386035203933716e-01,9.216392636299133301e-01,9.392495267093181610e-03
2.302881926298141479e-01,9.254905581474304199e-01,2.403924241662025452e-02
2.054370641708374023e-01,9.347254633903503418e-01,3.683902695775032043e-02
1.900001168251037598e-01,9.348791837692260742e-01,5.080799013376235962e-02
1.529914587736129761e-01,9.477484226226806641e-01,5.765615031123161316e-02
1.309377551078796387e-01,9.497233629226684570e-01,6.048899888992309570e-02
1.101006269454956055e-01,9.607400298118591309e-01,4.263165593147277832e-02
1.041754558682441711e-01,9.629410505294799805e-01,3.408744558691978455e-02
9.327461570501327515e-02,9.717949032783508301e-01,2.140180952847003937e-02
7.274319976568222046e-02,9.686589837074279785e-01,-2.051819348707795143e-03
5.460186302661895752e-02,9.671738743782043457e-01,-1.102000102400779724e-02
4.278532043099403381e-02,9.630247354507446289e-01,-2.099169790744781494e-02
2.997037209570407867e-02,9.565302729606628418e-01,-3.365023806691169739e-02
1.489851064980030060e-02,9.468854069709777832e-01,-2.589791268110275269e-02
-2.445324091240763664e-03,9.528618454933166504e-01,-1.412993948906660080e-02
-1.774130016565322876e-02,9.444293379783630371e-01,-6.437325384467840195e-03
-4.131588712334632874e-02,9.275789856910705566e-01,-1.005707526928745210e-04
-5.829049646854400635e-02,9.141546487808227539e-01,6.831117905676364899e-03
-7.578591257333755493e-02,9.008884429931640625e-01,1.479363534599542618e-02
-9.818816930055618286e-02,8.932825922966003418e-01,3.193177282810211182e-02
-1.370859295129776001e-01,8.905172348022460938e-01,2.081373333930969238e-02
-1.445522010326385498e-01,8.822855353355407715e-01,2.166250348091125488e-02
-1.870625615119934082e-01,8.759604692459106445e-01,4.304590635001659393e-03
-2.013508975505828857e-01,8.716553449630737305e-01,-1.296282978728413582e-03
-2.410584390163421631e-01,8.616569638252258301e-01,-4.861564375460147858e-03
-2.410584390163421631e-01,8.616569638252258301e-01,-4.861564375460147858e-03
-2.511071860790252686e-01,8.605183362960815430e-01,-3.362654475495219231e-03
-2.733715176582336426e-01,8.557652235031127930e-01,-1.043134648352861404e-02
-2.976067066192626953e-01,8.459026813507080078e-01,-2.040358074009418488e-02
-3.293452560901641846e-01,8.359578847885131836e-01,-4.139252007007598877e-03
-3.523198366165161133e-01,8.327469229698181152e-01,3.711740020662546158e-03
-3.819052875041961670e-01,8.196751475334167480e-01,1.470006909221410751e-02
-3.978196680545806885e-01,8.170797228813171387e-01,1.960778050124645233e-02
-4.020602107048034668e-01,8.116520047187805176e-01,2.476860955357551575e-02
-4.252682030200958252e-01,8.096638917922973633e-01,2.183376066386699677e-02
-4.445325136184692383e-01,8.028954863548278809e-01,2.179355360567569733e-02
-4.837489128112792969e-01,7.852520346641540527e-01,1.791496202349662781e-02
-4.874577820301055908e-01,7.809600830078125000e-01,1.623499020934104919e-02
-5.234984159469604492e-01,7.540183067321777344e-01,1.360513735562562943e-03
-5.234984159469604492e-01,7.540183067321777344e-01,1.360513735562562943e-03
-5.461755394935607910e-01,7.325308918952941895e-01,-8.554607629776000977e-03
-5.567775964736938477e-01,7.245286703109741211e-01,-1.478637289255857468e-02
-5.575544238090515137e-01,7.161396145820617676e-01,-1.620977930724620819e-02
-5.804334878921508789e-01,6.923933029174804688e-01,-8.944029919803142548e-03
-5.886681079864501953e-01,6.820497512817382812e-01,-6.200952455401420593e-03
-6.046722531318664551e-01,6.658321022987365723e-01,-2.679947298020124435e-03
-6.285203099250793457e-01,6.367710828781127930e-01,1.980898343026638031e-02
-6.447271108627319336e-01,6.011421680450439453e-01,3.195157274603843689e-02
-6.535461544990539551e-01,5.882075428962707520e-01,3.389251977205276489e-02
-6.675686240196228027e-01,5.795028805732727051e-01,3.417938575148582458e-02
-6.867566108703613281e-01,5.637562870979309082e-01,3.546225652098655701e-02
-6.995486021041870117e-01,5.433524250984191895e-01,3.038211911916732788e-02
-7.284080386161804199e-01,5.214179158210754395e-01,3.215907886624336243e-02
-7.397000789642333984e-01,5.044264197349548340e-01,2.880471013486385345e-02
-7.574359774589538574e-01,4.935497343540191650e-01,1.259791385382413864e-02
-7.789452672004699707e-01,4.704857468605041504e-01,-3.402176080271601677e-03
-7.859599590301513672e-01,4.524096846580505371e-01,-1.220728363841772079e-02
-8.084185719490051270e-01,4.277047216892242432e-01,-2.051451429724693298e-02
-8.151796460151672363e-01,3.921404182910919189e-01,-3.026663325726985931e-02
-8.200275897979736328e-01,3.791837394237518311e-01,-3.047636523842811584e-02
-8.282090425491333008e-01,3.655489087104797363e-01,-2.019216120243072510e-02
-8.348752260208129883e-01,3.527433276176452637e-01,-1.436005346477031708e-02
-8.497623801231384277e-01,3.249130547046661377e-01,-8.739675395190715790e-03
-8.575861454010009766e-01,2.984680533409118652e-01,1.275175716727972031e-02
-8.556341528892517090e-01,2.898811697959899902e-01,1.575373485684394836e-02
-8.608122467994689941e-01,2.807734012603759766e-01,1.899016462266445160e-02
-8.653929233551025391e-01,2.636091113090515137e-01,3.236737102270126343e-02
-8.760278224945068359e-01,2.455083876848220825e-01,4.489134624600410461e-02
-8.798118829727172852e-01,2.266743332147598267e-01,4.446698352694511414e-02
-8.826696872711181641e-01,2.093178331851959229e-01,4.439779371023178101e-02
-8.898881077766418457e-01,1.836846172809600830e-01,3.053308092057704926e-02
-8.913296461105346680e-01,1.583282351493835449e-01,1.467842143028974533e-02
-9.008156061172485352e-01,1.400105953216552734e-01,-5.724663846194744110e-03
-8.955202102661132812e-01,1.094688773155212402e-01,-1.638690009713172913e-02
-9.016967415809631348e-01,9.776896983385086060e-02,-3.149270266294479370e-02
-9.078167676925659180e-01,9.442456066608428955e-02,-3.524895757436752319e-02
-9.173284769058227539e-01,3.533555939793586731e-02,-4.546607658267021179e-02
-9.173284769058227539e-01,3.533555939793586731e-02,-4.546607658267021179e-02
-9.144449234008789062e-01,2.641005627810955048e-02,-4.576413333415985107e-02
-9.248576760292053223e-01,2.003299072384834290e-03,-3.620026633143424988e-02
-9.276178479194641113e-01,-2.412403561174869537e-02,-2.001571655273437500e-02
-9.311527013778686523e-01,-4.784294590353965759e-02,-3.461218671873211861e-03
-9.412218332290649414e-01,-7.817927002906799316e-02,7.500901352614164352e-03
-9.486713409423828125e-01,-1.187121421098709106e-01,3.319679573178291321e-02
-9.550096392631530762e-01,-1.458324342966079712e-01,4.111158102750778198e-02
-9.592461585998535156e-01,-1.716482043266296387e-01,3.989553451538085938e-02
-9.605747461318969727e-01,-1.846161633729934692e-01,3.622593358159065247e-02
-9.640789628028869629e-01,-2.186204791069030762e-01,2.937500737607479095e-02
-9.550203084945678711e-01,-2.355876266956329346e-01,1.386820711195468903e-02
-9.401232004165649414e-01,-2.624450922012329102e-01,-1.032500062137842178e-02
-9.332852959632873535e-01,-2.738087177276611328e-01,-2.177878655493259430e-02
-9.280484914779663086e-01,-2.914040684700012207e-01,-2.960926294326782227e-02
-9.110625386238098145e-01,-3.104122281074523926e-01,-5.030700191855430603e-02
-9.110625386238098145e-01,-3.104122281074523926e-01,-5.030700191855430603e-02
-8.879310488700866699e-01,-3.470591008663177490e-01,-5.122385546565055847e-02
-8.653342723846435547e-01,-3.686922788619995117e-01,-4.145474731922149658e-02
-8.632043600082397461e-01,-3.770934939384460449e-01,-3.687414154410362244e-02
-8.488316535949707031e-01,-3.933038115501403809e-01,-1.902426220476627350e-02
-8.423479199409484863e-01,-4.088524878025054932e-01,-9.592791087925434113e-03
-8.325405120849609375e-01,-4.116111993789672852e-01,2.384445862844586372e-03
-8.181827664375305176e-01,-4.420396387577056885e-01,2.819778583943843842e-02
-7.809365987777709961e-01,-4.887991845607757568e-01,4.859500005841255188e-02
-7.809413075447082520e-01,-4.965961277484893799e-01,4.635175317525863647e-02
-7.715038061141967773e-01,-5.063377618789672852e-01,3.702195733785629272e-02
-7.643575072288513184e-01,-5.257695913314819336e-01,2.531843818724155426e-02
-7.513983845710754395e-01,-5.428667068481445312e-01,-4.422705154865980148e-03
-7.324600219726562500e-01,-5.858889818191528320e-01,-4.092990607023239136e-02
-7.267726659774780273e-01,-5.938856601715087891e-01,-5.451283976435661316e-02
-7.220693826675415039e-01,-5.948367118835449219e-01,-5.939390882849693298e-02
-7.208019495010375977e-01,-6.071090102195739746e-01,-6.399695575237274170e-02
-7.193723320960998535e-01,-6.178377866744995117e-01,-6.275565922260284424e-02
-7.120699882507324219e-01,-6.181838512420654297e-01,-6.354738026857376099e-02
-6.970630288124084473e-01,-6.415325999259948730e-01,-4.721023142337799072e-02
-6.874159574508666992e-01,-6.488738059997558594e-01,-4.027621448040008545e-02
-6.732732653617858887e-01,-6.644099950790405273e-01,-1.848562434315681458e-02
-6.472210288047790527e-01,-6.820481419563293457e-01,1.684615202248096466e-02
-6.322746872901916504e-01,-6.938111782073974609e-01,4.299417510628700256e-02
-6.148163080215454102e-01,-7.011274099349975586e-01,6.223541498184204102e-02
-6.039001941680908203e-01,-7.096815109252929688e-01,8.322037011384963989e-02
-5.671472549438476562e-01,-7.278044223785400391e-01,9.894359111785888672e-02
-5.584924817085266113e-01,-7.288010716438293457e-01,1.002646386623382568e-01
-5.243840813636779785e-01,-7.509632110595703125e-01,8.866858482360839844e-02
-5.146478414535522461e-01,-7.556848526000976562e-01,7.486306875944137573e-02
-4.806419610977172852e-01,-7.750270962715148926e-01,2.840078435838222504e-02
-4.677779972553253174e-01,-7.835436463356018066e-01,9.318082593381404877e-03
-4.483583867549896240e-01,-7.907361388206481934e-01,-1.212038937956094742e-02
-4.307069778442382812e-01,-7.971889376640319824e-01,-4.403937980532646179e-02
-4.055484831333160400e-01,-8.070422410964965820e-01,-7.717867940664291382e-02
-3.686981201171875000e-01,-8.233589529991149902e-01,-1.162305474281311035e-01
-3.421981632709503174e-01,-8.280708193778991699e-01,-1.227305233478546143e-01
-3.361532986164093018e-01,-8.333384990692138672e-01,-1.199263706803321838e-01
-3.090787827968597412e-01,-8.416365981101989746e-01,-1.041630133986473083e-01
-3.073467016220092773e-01,-8.472415804862976074e-01,-9.363581240177154541e-02
-2.721709609031677246e-01,-8.653435111045837402e-01,-4.022935777902603149e-02
-2.721709609031677246e-01,-8.653435111045837402e-01,-4.022935777902603149e-02
-2.398077994585037231e-01,-8.767927885055541992e-01,2.663252502679824829e-02
-2.148869335651397705e-01,-8.915302157402038574e-01,8.382927626371383667e-02
-2.002998590469360352e-01,-8.997477293014526367e-01,1.259316951036453247e-01
-1.813587099313735962e-01,-9.042256474494934082e-01,1.486011147499084473e-01
-1.475258022546768188e-01,-9.197686910629272461e-01,1.694158762693405151e-01
-1.381742954254150391e-01,-9.219081401824951172e-01,1.613617241382598877e-01
-1.324321776628494263e-01,-9.211102724075317383e-01,1.536053866147994995e-01
-1.141395792365074158e-01,-9.209262132644653320e-01,1.047137081623077393e-01
-9.147816151380538940e-02,-9.237713813781738281e-01,2.462090924382209778e-02
-8.766594529151916504e-02,-9.194279313087463379e-01,8.967363275587558746e-03
-5.433282628655433655e-02,-9.154556989669799805e-01,-1.181577667593955994e-01
-4.308750107884407043e-02,-9.122599363327026367e-01,-1.406202465295791626e-01
-3.309359028935432434e-02,-9.143656492233276367e-01,-1.643658429384231567e-01
1.029050792567431927e-03,-9.018924832344055176e-01,-2.073925882577896118e-01
1.402025204151868820e-02,-8.978285193443298340e-01,-2.071911841630935669e-01
5.681873112916946411e-02,-8.938868641853332520e-01,-1.707920581102371216e-01
5.681873112916946411e-02,-8.938868641853332520e-01,-1.707920581102371216e-01
8.331616967916488647e-02,-8.937941193580627441e-01,-1.358601599931716919e-01
1.233073249459266663e-01,-8.962833881378173828e-01,-5.025055631995201111e-02
1.529591828584671021e-01,-8.960819840431213379e-01,1.493270415812730789e-02
1.836244910955429077e-01,-8.960703611373901367e-01,7.702470570802688599e-02
2.092681378126144409e-01,-9.000537395477294922e-01,1.378172188997268677e-01
2.603685259819030762e-01,-8.940273523330688477e-01,2.307422310113906860e-01
2.898512184619903564e-01,-8.908489942550659180e-01,2.547325193881988525e-01
3.138801753520965576e-01,-8.957108855247497559e-01,2.368865013122558594e-01
3.274326622486114502e-01,-8.932980895042419434e-01,2.131136953830718994e-01
3.450749814510345459e-01,-8.885131478309631348e-01,1.194380223751068115e-01
3.464861512184143066e-01,-8.812566399574279785e-01,1.000841483473777771e-01
3.567885756492614746e-01,-8.854362964630126953e-01,2.559209614992141724e-02
3.622860908508300781e-01,-8.775848746299743652e-01,-5.571423843502998352e-02
3.728400468826293945e-01,-8.654362559318542480e-01,-1.645398736000061035e-01
3.797877132892608643e-01,-8.504749536514282227e-01,-2.105154544115066528e-01
3.903394043445587158e-01,-8.418155908584594727e-01,-2.539766430854797363e-01
3.969020843505859375e-01,-8.307789564132690430e-01,-2.583350539207458496e-01
4.100449085235595703e-01,-8.103201985359191895e-01,-2.407971471548080444e-01
4.149393737316131592e-01,-8.033772110939025879e-01,-2.329846471548080444e-01
4.487361907958984375e-01,-7.728052735328674316e-01,-1.538022011518478394e-01
5.012460350990295410e-01,-7.313823103904724121e-01,-4.172573983669281006e-02
5.771309733390808105e-01,-6.788876056671142578e-01,1.435018479824066162e-01
5.771309733390808105e-01,-6.788876056671142578e-01,1.435018479824066162e-01
6.376810073852539062e-01,-6.454036235809326172e-01,2.420869320631027222e-01
6.598697304725646973e-01,-6.354272365570068359e-01,2.646836638450622559e-01
6.886395812034606934e-01,-6.191206574440002441e-01,2.744199931621551514e-01
7.099919319152832031e-01,-6.162834167480468750e-01,2.495815306901931763e-01
7.455533742904663086e-01,-5.904792547225952148e-01,1.742880642414093018e-01
7.455533742904663086e-01,-5.904792547225952148e-01,1.742880642414093018e-01
7.714009284973144531e-01,-5.793668031692504883e-01,6.639727950096130371e-02
7.830481529235839844e-01,-5.773468017578125000e-01,7.366485428065061569e-03
7.910157442092895508e-01,-5.705811381340026855e-01,-6.356097012758255005e-02
8.008666634559631348e-01,-5.640026926994323730e-01,-1.493959277868270874e-01
7.989405989646911621e-01,-5.457870364189147949e-01,-2.420626431703567505e-01
8.035218715667724609e-01,-5.444908142089843750e-01,-2.687186002731323242e-01
8.035218715667724609e-01,-5.444908142089843750e-01,-2.687186002731323242e-01
8.130482435226440430e-01,-5.090132355690002441e-01,-2.397151440382003784e-01
8.188180327415466309e-01,-5.074818134307861328e-01,-2.273235619068145752e-01
8.197759985923767090e-01,-4.851995706558227539e-01,-1.762962639331817627e-01
8.265532255172729492e-01,-4.674583971500396729e-01,-1.320469230413436890e-01
8.398473262786865234e-01,-4.361381232738494873e-01,-4.177509248256683350e-02
8.566119670867919922e-01,-3.920122385025024414e-01,8.346769213676452637e-02
8.596013188362121582e-01,-3.811346292495727539e-01,1.094861626625061035e-01
8.792889118194580078e-01,-3.371103703975677490e-01,2.450782209634780884e-01
9.041406512260437012e-01,-3.046982288360595703e-01,2.979904115200042725e-01
9.211822748184204102e-01,-2.878148853778839111e-01,3.060919642448425293e-01
9.424834251403808594e-01,-2.513613700866699219e-01,2.793481349945068359e-01
9.424834251403808594e-01,-2.513613700866699219e-01,2.793481349945068359e-01
9.476390480995178223e-01,-2.373821288347244263e-01,2.256534397602081299e-01
9.503802061080932617e-01,-2.109141200780868530e-01,1.175688952207565308e-01
9.581483006477355957e-01,-2.035892158746719360e-01,3.277944400906562805e-02
9.611311554908752441e-01,-1.927808970212936401e-01,-4.421140998601913452e-02
9.500067234039306641e-01,-1.678582131862640381e-01,-2.375165373086929321e-01
9.520235061645507812e-01,-1.601869165897369385e-01,-2.770190238952636719e-01
9.520314335823059082e-01,-1.529457271099090576e-01,-2.950396537780761719e-01
9.524600505828857422e-01,-1.137757971882820129e-01,-3.485523462295532227e-01
9.453777670860290527e-01,-8.998704701662063599e-02,-3.217670917510986328e-01
9.479613304138183594e-01,-7.098603248596191406e-02,-2.803256213665008545e-01
9.467957019805908203e-01,-3.964470699429512024e-02,-2.157159000635147095e-01
9.520769715309143066e-01,4.555423278361558914e-03,-1.064234152436256409e-01
9.573105573654174805e-01,3.995291143655776978e-02,-2.017224393784999847e-02
9.595352411270141602e-01,7.766655087471008301e-02,6.873425841331481934e-02
9.712384343147277832e-01,1.342424154281616211e-01,2.032976299524307251e-01
9.776561260223388672e-01,1.569672226905822754e-01,2.471124827861785889e-01
9.850047230720520020e-01,1.879782378673553467e-01,2.787334024906158447e-01
9.770027995109558105e-01,1.985987871885299683e-01,2.908310592174530029e-01
9.794673323631286621e-01,2.263194769620895386e-01,2.811517119407653809e-01
9.806275367736816406e-01,2.372996956110000610e-01,2.605915367603302002e-01
9.796990752220153809e-01,2.485761642456054688e-01,2.041011452674865723e-01
9.716295599937438965e-01,2.567707598209381104e-01,7.887305319309234619e-02
9.648667573928833008e-01,2.654280960559844971e-01,3.112043719738721848e-03
9.659132957458496094e-01,2.651157379150390625e-01,-5.222621187567710876e-02
9.552763104438781738e-01,2.725883722305297852e-01,-1.995508968830108643e-01
9.408501982688903809e-01,2.696145474910736084e-01,-2.174087017774581909e-01
9.394878149032592773e-01,2.754989564418792725e-01,-2.342240810394287109e-01
9.177303314208984375e-01,2.778158187866210938e-01,-2.767126858234405518e-01
9.023553729057312012e-01,2.873150110244750977e-01,-2.701956033706665039e-01
8.753246068954467773e-01,3.015882372856140137e-01,-2.260632812976837158e-01
8.670134544372558594e-01,3.145728409290313721e-01,-1.830345094203948975e-01
8.462389111518859863e-01,3.365559577941894531e-01,-1.160547509789466858e-01
8.327485322952270508e-01,3.909769952297210693e-01,1.667001470923423767e-02
8.046115636825561523e-01,4.555865526199340820e-01,1.785351037979125977e-01
7.845405936241149902e-01,5.015426278114318848e-01,2.513259053230285645e-01
7.772121429443359375e-01,5.238435268402099609e-01,2.726967334747314453e-01
7.772121429443359375e-01,5.238435268402099609e-01,2.726967334747314453e-01
7.673425674438476562e-01,5.413845181465148926e-01,2.842613756656646729e-01
7.640902400016784668e-01,5.693066120147705078e-01,2.802737653255462646e-01
7.582576274871826172e-01,5.875725746154785156e-01,2.644623816013336182e-01
7.537366151809692383e-01,5.919309854507446289e-01,2.554246485233306885e-01
7.537366151809692383e-01,5.919309854507446289e-01,2.554246485233306885e-01
7.537366151809692383e-01,5.919309854507446289e-01,2.554246485233306885e-01
7.373075485229492188e-01,6.495814323425292969e-01,7.088746130466461182e-02
7.171169519424438477e-01,6.890954971313476562e-01,-2.856258451938629150e-01
6.977161765098571777e-01,6.848316788673400879e-01,-4.341736435890197754e-01
6.982859969139099121e-01,6.858760714530944824e-01,-4.799825549125671387e-01
7.041063904762268066e-01,6.912602186203002930e-01,-4.989403784275054932e-01
6.900072097778320312e-01,6.855742335319519043e-01,-5.201919078826904297e-01
6.831008791923522949e-01,6.937133669853210449e-01,-5.302293300628662109e-01
6.527819037437438965e-01,6.963151097297668457e-01,-4.651056230068206787e-01
6.294393539428710938e-01,7.079578638076782227e-01,-4.040109217166900635e-01
6.227799654006958008e-01,7.114949226379394531e-01,-3.823372125625610352e-01
5.800067782402038574e-01,7.317918539047241211e-01,-2.730472087860107422e-01
5.163096785545349121e-01,7.836385965347290039e-01,-6.672833114862442017e-02
5.058757066726684570e-01,7.840780615806579590e-01,-3.723328933119773865e-02
4.694254696369171143e-01,8.213741183280944824e-01,7.067770510911941528e-02
4.562364518642425537e-01,8.264257311820983887e-01,9.800613671541213989e-02
4.224533438682556152e-01,8.649979233741760254e-01,2.128012329339981079e-01
3.961058557033538818e-01,8.900619745254516602e-01,2.959160804748535156e-01
3.555262386798858643e-01,9.194208383560180664e-01,3.422240018844604492e-01
3.394384086132049561e-01,9.287790656089782715e-01,3.436388373374938965e-01
3.147137463092803955e-01,9.341451525688171387e-01,3.124245405197143555e-01
3.035539984703063965e-01,9.309986233711242676e-01,2.681469619274139404e-01
2.847623527050018311e-01,9.322999119758605957e-01,1.513370871543884277e-01
2.765682339668273926e-01,9.330667853355407715e-01,9.955465793609619141e-02
2.678792178630828857e-01,9.312106966972351074e-01,2.116023562848567963e-02
2.627040743827819824e-01,9.272556304931640625e-01,-3.061816468834877014e-02
2.567231953144073486e-01,9.202725887298583984e-01,-1.052281409502029419e-01
2.409206479787826538e-01,9.100537300109863281e-01,-1.685264259576797485e-01
2.331257015466690063e-01,9.053993225097656250e-01,-2.114027291536331177e-01
2.148686796426773071e-01,8.876699209213256836e-01,-2.240364402532577515e-01
1.664732396602630615e-01,8.681063055992126465e-01,-1.866480410099029541e-01
1.596138030290603638e-01,8.696902394294738770e-01,-1.727991849184036255e-01
1.359077841043472290e-01,8.643338084220886230e-01,-1.190488785505294800e-01
5.743855983018875122e-02,8.639117479324340820e-01,1.013839170336723328e-01
3.872896358370780945e-02,8.632237911224365234e-01,1.552701890468597412e-01
1.519015431404113770e-02,8.651744723320007324e-01,2.037630379199981689e-01
-8.542836643755435944e-03,8.717336654663085938e-01,2.591327130794525146e-01
-3.942694887518882751e-02,8.800716996192932129e-01,2.938082516193389893e-01
-7.606326043605804443e-02,8.913518786430358887e-01,2.937212884426116943e-01
-1.099679991602897644e-01,9.039067029953002930e-01,2.334831953048706055e-01
-1.099679991602897644e-01,9.039067029953002930e-01,2.334831953048706055e-01
-1.188738942146301270e-01,9.131644368171691895e-01,1.977296769618988037e-01
-1.388535797595977783e-01,9.205129146575927734e-01,8.151253312826156616e-02
-1.561319679021835327e-01,9.226904511451721191e-01,-9.024564921855926514e-02
-1.771725714206695557e-01,9.145070314407348633e-01,-1.719066649675369263e-01
-1.825463771820068359e-01,9.089002013206481934e-01,-1.845188885927200317e-01
-1.916723996400833130e-01,9.025771617889404297e-01,-2.136653661727905273e-01
-2.024640291929244995e-01,9.059633612632751465e-01,-2.159299701452255249e-01
-2.024640291929244995e-01,9.059633612632751465e-01,-2.159299701452255249e-01
-2.223641425371170044e-01,8.905327320098876953e-01,-1.920213848352432251e-01
-2.515942454338073730e-01,8.736835122108459473e-01,-1.359635591506958008e-01
-2.710126340389251709e-01,8.595357537269592285e-01,-8.006344735622406006e-02
-2.891326844692230225e-01,8.599696159362792969e-01,-3.214316815137863159e-02
-3.161210119724273682e-01,8.457530736923217773e-01,5.191403627395629883e-02
-3.842354416847229004e-01,8.123915791511535645e-01,1.855646073818206787e-01
-4.193456470966339111e-01,7.993282675743103027e-01,2.214237451553344727e-01
-4.381394088268280029e-01,7.846279740333557129e-01,2.163193523883819580e-01
-4.490145742893218994e-01,7.817345857620239258e-01,1.992114037275314331e-01
-4.535575211048126221e-01,7.750903964042663574e-01,1.902874708175659180e-01
-4.773745238780975342e-01,7.667946815490722656e-01,1.465552747249603271e-01
-5.030809640884399414e-01,7.415857315063476562e-01,4.550588130950927734e-02
-5.104877352714538574e-01,7.348170876502990723e-01,1.917116227559745312e-03
-5.122755765914916992e-01,7.218368649482727051e-01,-3.667947277426719666e-02
-5.171825289726257324e-01,7.119402885437011719e-01,-7.175932824611663818e-02
-5.245848298072814941e-01,7.016859650611877441e-01,-1.241070181131362915e-01
-5.300725102424621582e-01,6.858516335487365723e-01,-1.599896848201751709e-01
-5.501931905746459961e-01,6.592242121696472168e-01,-1.800078302621841431e-01
-5.705921053886413574e-01,6.359949111938476562e-01,-1.493109613656997681e-01
-5.809276103973388672e-01,6.249075531959533691e-01,-1.293600499629974365e-01
-5.986243486404418945e-01,6.089272499084472656e-01,-8.790553361177444458e-02
-6.183691620826721191e-01,5.938482284545898438e-01,-2.893087826669216156e-02
-6.637008190155029297e-01,5.607925653457641602e-01,7.480982691049575806e-02
-6.637008190155029297e-01,5.607925653457641602e-01,7.480982691049575806e-02
-7.098579406738281250e-01,5.378419756889343262e-01,1.721488237380981445e-01
-7.354236841201782227e-01,5.153055191040039062e-01,2.197385132312774658e-01
-7.628690600395202637e-01,4.905450642108917236e-01,2.131842076778411865e-01
-7.829841375350952148e-01,4.949741661548614502e-01,2.055416256189346313e-01
-7.911058664321899414e-01,4.772636294364929199e-01,1.543763130903244019e-01
-7.990556359291076660e-01,4.673093259334564209e-01,9.966565668582916260e-02
-8.104245662689208984e-01,4.599466323852539062e-01,3.118457458913326263e-02
-8.139215111732482910e-01,4.453681111335754395e-01,-4.148426279425621033e-02
-8.190248608589172363e-01,4.325864315032958984e-01,-1.015975624322891235e-01
-8.217691779136657715e-01,4.124572873115539551e-01,-1.755582243204116821e-01
-8.320705294609069824e-01,3.874077200889587402e-01,-2.071177512407302856e-01
-8.407914638519287109e-01,3.548124730587005615e-01,-1.781815290451049805e-01
-8.485057950019836426e-01,3.355575501918792725e-01,-1.587852537631988525e-01
-8.485057950019836426e-01,3.355575501918792725e-01,-1.587852537631988525e-01
-8.488159179687500000e-01,3.249996900558471680e-01,-1.509482264518737793e-01
-8.648813962936401367e-01,2.930857241153717041e-01,-8.969919383525848389e-02
-8.792027831077575684e-01,2.647753655910491943e-01,-4.727671667933464050e-02
-8.963007330894470215e-01,2.234717309474945068e-01,4.035774990916252136e-02
-9.132677912712097168e-01,1.841701269149780273e-01,1.192608848214149475e-01
-9.222338199615478516e-01,1.617715060710906982e-01,1.423904001712799072e-01
-9.327971339225769043e-01,1.389380991458892822e-01,1.764858812093734741e-01
-9.525566697120666504e-01,1.098212450742721558e-01,1.883507370948791504e-01
-9.653465151786804199e-01,8.792390674352645874e-02,1.763358861207962036e-01
-9.657499790191650391e-01,8.426646888256072998e-02,1.686911582946777344e-01
-9.821596145629882812e-01,4.901784285902976990e-02,8.081480115652084351e-02
-9.821596145629882812e-01,4.901784285902976990e-02,8.081480115652084351e-02
-9.742745161056518555e-01,4.043620824813842773e-02,2.761762030422687531e-02
-9.809980988502502441e-01,2.632469683885574341e-02,-4.258745536208152771e-02
-9.758994579315185547e-01,7.367439102381467819e-03,-1.223866939544677734e-01
-9.668413400650024414e-01,-6.318484898656606674e-03,-1.572556197643280029e-01
-9.563570618629455566e-01,-1.651744917035102844e-02,-1.800615489482879639e-01
-9.492829442024230957e-01,-4.084452241659164429e-02,-1.616885066032409668e-01
-9.415494203567504883e-01,-5.295848101377487183e-02,-1.349426060914993286e-01
-9.411565661430358887e-01,-6.224359199404716492e-02,-1.105917692184448242e-01
-9.376916885375976562e-01,-8.364175260066986084e-02,-6.357295811176300049e-02
-9.358898997306823730e-01,-9.639313071966171265e-02,-4.126717895269393921e-02
-9.387524127960205078e-01,-1.403369903564453125e-01,5.114065110683441162e-02
-9.327031373977661133e-01,-1.653120368719100952e-01,9.603299945592880249e-02
-9.343243837356567383e-01,-1.748826503753662109e-01,1.110748723149299622e-01
-9.376571774482727051e-01,-2.050036638975143433e-01,1.713691800832748413e-01
-9.358060956001281738e-01,-2.334941774606704712e-01,1.841288357973098755e-01
-9.360376596450805664e-01,-2.559944689273834229e-01,1.612607687711715698e-01
-9.379999637603759766e-01,-2.848292291164398193e-01,1.122452393174171448e-01
-9.367722868919372559e-01,-2.920686006546020508e-01,8.282492309808731079e-02
-9.237648248672485352e-01,-3.169367313385009766e-01,-1.976578310132026672e-02
-9.119501709938049316e-01,-3.492754697799682617e-01,-1.253587603569030762e-01
-9.107010960578918457e-01,-3.563738465309143066e-01,-1.394587904214859009e-01
-9.107010960578918457e-01,-3.563738465309143066e-01,-1.394587904214859009e-01
-9.062768816947937012e-01,-3.657362163066864014e-01,-1.582038551568984985e-01
-8.980205655097961426e-01,-3.789773881435394287e-01,-1.681418120861053467e-01
-8.934604525566101074e-01,-4.023458659648895264e-01,-1.734520047903060913e-01
-8.803262114524841309e-01,-4.205281436443328857e-01,-1.598638445138931274e-01
-8.617456555366516113e-01,-4.552668035030364990e-01,-7.574810087680816650e-02
-8.560066223144531250e-01,-4.661597609519958496e-01,-3.153464570641517639e-02
-8.418403863906860352e-01,-4.895023405551910400e-01,2.562914602458477020e-02
-8.301870226860046387e-01,-5.098903775215148926e-01,8.008292317390441895e-02
-8.039372563362121582e-01,-5.344980955123901367e-01,1.599299013614654541e-01
-7.853360772132873535e-01,-5.603631138801574707e-01,1.892966181039810181e-01
-7.790908217430114746e-01,-5.785831809043884277e-01,1.888621449470520020e-01
-7.691697478294372559e-01,-5.872305035591125488e-01,1.691304296255111694e-01
-7.588728070259094238e-01,-5.910912752151489258e-01,1.512825340032577515e-01
-7.286609411239624023e-01,-6.120483279228210449e-01,3.257648646831512451e-02
-7.107553482055664062e-01,-6.265360116958618164e-01,-7.400134950876235962e-02
-7.107553482055664062e-01,-6.265360116958618164e-01,-7.400134950876235962e-02
-7.140783071517944336e-01,-6.321575045585632324e-01,-9.620345383882522583e-02
-7.007357478141784668e-01,-6.396591663360595703e-01,-1.339582204818725586e-01
-6.812005043029785156e-01,-6.544999480247497559e-01,-1.837470233440399170e-01
-6.477742791175842285e-01,-6.696259975433349609e-01,-1.833329051733016968e-01
-6.477742791175842285e-01,-6.696259975433349609e-01,-1.833329051733016968e-01
-6.228822469711303711e-01,-6.859923005104064941e-01,-1.438244283199310303e-01
-6.057001948356628418e-01,-7.061429023742675781e-01,-1.016350015997886658e-01
-5.851359367370605469e-01,-7.102242112159729004e-01,-6.696501374244689941e-02
-5.691305994987487793e-01,-7.405340075492858887e-01,-6.255730055272579193e-03
-5.286138057708740234e-01,-7.688875794410705566e-01,9.091389179229736328e-02
-5.129481554031372070e-01,-7.932184934616088867e-01,1.457292735576629639e-01
-4.759992063045501709e-01,-8.167675137519836426e-01,1.811598688364028931e-01
-4.759992063045501709e-01,-8.167675137519836426e-01,1.811598688364028931e-01
-4.423253834247589111e-01,-8.424307703971862793e-01,1.832244694232940674e-01
-3.980546295642852783e-01,-8.668183088302612305e-01,6.931248307228088379e-02
-3.842190504074096680e-01,-8.722643256187438965e-01,2.090124972164630890e-02
-3.777782618999481201e-01,-8.790109157562255859e-01,-1.416299398988485336e-02
-3.777782618999481201e-01,-8.790109157562255859e-01,-1.416299398988485336e-02
-3.781630694866180420e-01,-8.736373782157897949e-01,-3.313380852341651917e-02
-3.439069390296936035e-01,-8.809756040573120117e-01,-1.449306756258010864e-01
-3.351106941699981689e-01,-8.768833875656127930e-01,-1.669519841670989990e-01
-3.089714348316192627e-01,-8.791953921318054199e-01,-1.924024075269699097e-01
-3.084459900856018066e-01,-8.843738436698913574e-01,-1.945629566907882690e-01
-2.900233268737792969e-01,-8.836717009544372559e-01,-1.909714192152023315e-01
-2.692147195339202881e-01,-8.785475492477416992e-01,-1.545606106519699097e-01
-2.589058578014373779e-01,-8.828346133232116699e-01,-1.256127208471298218e-01
-2.420235872268676758e-01,-8.754253387451171875e-01,-7.924957573413848877e-02
-2.222789824008941650e-01,-8.815725445747375488e-01,-2.666465006768703461e-02
-1.952528059482574463e-01,-8.812470436096191406e-01,5.878116190433502197e-02
-1.307961344718933105e-01,-8.829719424247741699e-01,1.950566172599792480e-01
-1.106930449604988098e-01,-8.830148577690124512e-01,2.031314373016357422e-01
-6.967438012361526489e-02,-8.826977014541625977e-01,1.917047798633575439e-01
-5.111713334918022156e-02,-8.881152272224426270e-01,1.762175858020782471e-01
-2.499713934957981110e-02,-8.948884606361389160e-01,1.037117242813110352e-01
-7.950839586555957794e-03,-8.889908790588378906e-01,6.495551019906997681e-02
-7.950839586555957794e-03,-8.889908790588378906e-01,6.495551019906997681e-02
-5.211847834289073944e-03,-8.934118151664733887e-01,4.684015363454818726e-02
1.944636739790439606e-02,-8.906894922256469727e-01,-2.140377089381217957e-02
5.510605871677398682e-02,-8.968466520309448242e-01,-1.267557740211486816e-01
6.862167268991470337e-02,-8.866513371467590332e-01,-1.518457829952239990e-01
7.980001717805862427e-02,-8.859800696372985840e-01,-1.677152812480926514e-01
1.092117577791213989e-01,-8.883873820304870605e-01,-1.732531040906906128e-01
1.195013970136642456e-01,-8.843091130256652832e-01,-1.703408360481262207e-01
1.478379517793655396e-01,-8.806953430175781250e-01,-1.528378725051879883e-01
1.710351407527923584e-01,-8.731502890586853027e-01,-1.333916932344436646e-01
1.955525130033493042e-01,-8.633393049240112305e-01,-9.726571291685104370e-02
2.354314625263214111e-01,-8.606914877891540527e-01,-4.875492677092552185e-02
2.831785380840301514e-01,-8.450524806976318359e-01,4.629879817366600037e-02
3.170103430747985840e-01,-8.340799808502197266e-01,9.720870852470397949e-02
3.592243194580078125e-01,-7.921252250671386719e-01,1.511113494634628296e-01
4.189810454845428467e-01,-6.813375949859619141e-01,2.271321713924407959e-01
4.360360503196716309e-01,-6.660001277923583984e-01,2.316040098667144775e-01
5.094681978225708008e-01,-4.972021281719207764e-01,2.723142206668853760e-01
5.620898008346557617e-01,-4.141262769699096680e-01,2.356311827898025513e-01
5.793155431747436523e-01,-3.842275440692901611e-01,2.136843204498291016e-01
6.206166148185729980e-01,-2.805405259132385254e-01,1.246197670698165894e-01
6.646848320960998535e-01,-1.012009084224700928e-01,-1.359030231833457947e-02
7.410689592361450195e-01,-7.413861341774463654e-03,-1.109339892864227295e-01
7.825823426246643066e-01,7.902406901121139526e-02,-2.049428820610046387e-01
8.682608008384704590e-01,2.055082917213439941e-01,-2.985922396183013916e-01
9.380437135696411133e-01,3.005707561969757080e-01,-3.397519290447235107e-01
1.053599119186401367e+00,4.527618885040283203e-01,-3.950039446353912354e-01
1.086010217666625977e+00,4.834465682506561279e-01,-3.807606697082519531e-01
1.169978022575378418e+00,5.679721236228942871e-01,-3.714664578437805176e-01
1.206290006637573242e+00,5.985362529754638672e-01,-3.307634592056274414e-01
1.245023608207702637e+00,6.102775335311889648e-01,-3.405964970588684082e-01
1.249954938888549805e+00,5.803850293159484863e-01,-2.673127651214599609e-01
1.249361038208007812e+00,5.531919002532958984e-01,-1.869933754205703735e-01
1.227992057800292969e+00,5.095658898353576660e-01,-7.939419150352478027e-02
1.194490551948547363e+00,4.545147418975830078e-01,-6.899039726704359055e-03
1.129751086235046387e+00,3.990699350833892822e-01,1.134851127862930298e-01
1.035605430603027344e+00,3.313355445861816406e-01,2.401544749736785889e-01
9.535265564918518066e-01,2.576028704643249512e-01,3.179254829883575439e-01
9.122080802917480469e-01,2.300391793251037598e-01,3.156367838382720947e-01
8.315156102180480957e-01,1.667031794786453247e-01,2.923688888549804688e-01
7.902123332023620605e-01,1.451107114553451538e-01,2.701368033885955811e-01
6.844901442527770996e-01,9.463069587945938110e-02,1.444631069898605347e-01
6.633470058441162109e-01,9.216622263193130493e-02,1.064727082848548889e-01
6.475604772567749023e-01,8.078408986330032349e-02,8.316704630851745605e-02
5.806719064712524414e-01,7.146434485912322998e-02,-5.011328682303428650e-02
5.226270556449890137e-01,8.390154689550399780e-02,-1.805584877729415894e-01
5.059245824813842773e-01,9.539997577667236328e-02,-2.162949442863464355e-01
4.805490672588348389e-01,1.138084903359413147e-01,-2.430672198534011841e-01
4.459294378757476807e-01,1.507179886102676392e-01,-2.509005665779113770e-01
4.306401908397674561e-01,1.978551000356674194e-01,-2.125799506902694702e-01
4.306401908397674561e-01,1.978551000356674194e-01,-2.125799506902694702e-01
4.200697839260101318e-01,2.598430812358856201e-01,-1.342691183090209961e-01
4.233045279979705811e-01,2.755240499973297119e-01,-1.188727840781211853e-01
4.391480684280395508e-01,3.370856940746307373e-01,-2.644607611000537872e-02
4.589494168758392334e-01,3.973844647407531738e-01,1.198190078139305115e-01
4.781415760517120361e-01,4.158047735691070557e-01,1.541265547275543213e-01
4.726310968399047852e-01,4.247909486293792725e-01,1.833124607801437378e-01
4.908150732517242432e-01,4.417859315872192383e-01,2.157595902681350708e-01
4.914166033267974854e-01,4.404368400573730469e-01,2.040865272283554077e-01
4.963685870170593262e-01,4.417034983634948730e-01,1.694324165582656860e-01
4.839733541011810303e-01,4.240309596061706543e-01,1.126770228147506714e-01
4.757317304611206055e-01,4.147557616233825684e-01,9.553593397140502930e-02
4.653640687465667725e-01,3.888031244277954102e-01,2.491521649062633514e-03
4.603735506534576416e-01,3.776757419109344482e-01,-2.517186477780342102e-02
4.408637881278991699e-01,3.380577862262725830e-01,-9.532593190670013428e-02
4.272355735301971436e-01,3.252253234386444092e-01,-1.132222637534141541e-01
4.018464982509613037e-01,2.854032814502716064e-01,-1.452962756156921387e-01
3.779942989349365234e-01,2.627287805080413818e-01,-1.436779052019119263e-01
3.558207452297210693e-01,2.429690659046173096e-01,-1.381608396768569946e-01
3.371860980987548828e-01,2.214139401912689209e-01,-1.125615164637565613e-01
2.889838814735412598e-01,1.862361282110214233e-01,-6.022761389613151550e-02
2.396753430366516113e-01,1.713236123323440552e-01,1.357781980186700821e-02
2.246568351984024048e-01,1.627434045076370239e-01,3.445418179035186768e-02
1.928438544273376465e-01,1.535869091749191284e-01,7.299601286649703979e-02
1.928438544273376465e-01,1.535869091749191284e-01,7.299601286649703979e-02
1.756252646446228027e-01,1.558457463979721069e-01,9.979292750358581543e-02
1.541043817996978760e-01,1.568314135074615479e-01,9.914917498826980591e-02
1.490641236305236816e-01,1.673494726419448853e-01,8.394997566938400269e-02
1.370245367288589478e-01,1.753357648849487305e-01,4.374624416232109070e-02
1.362971216440200806e-01,1.909296959638595581e-01,1.075905654579401016e-02
1.274293959140777588e-01,1.934920996427536011e-01,-3.010413981974124908e-02
1.307260543107986450e-01,2.027274072170257568e-01,-4.726901650428771973e-02
1.265860944986343384e-01,2.132931500673294067e-01,-6.466525048017501831e-02
1.298885494470596313e-01,2.273596078157424927e-01,-8.001591265201568604e-02
1.235263794660568237e-01,2.353006154298782349e-01,-8.177004009485244751e-02
1.223420128226280212e-01,2.399987727403640747e-01,-6.958920508623123169e-02
1.186754032969474792e-01,2.427320927381515503e-01,-5.786757171154022217e-02
1.115708351135253906e-01,2.454992979764938354e-01,-4.798581078648567200e-02
1.007377207279205322e-01,2.426038384437561035e-01,-1.049490272998809814e-02
1.007377207279205322e-01,2.426038384437561035e-01,-1.049490272998809814e-02
9.848845005035400391e-02,2.352023869752883911e-01,1.079415064305067062e-02
8.514962345361709595e-02,2.278370112180709839e-01,1.805674657225608826e-02
7.895160466432571411e-02,2.164105772972106934e-01,1.563069038093090057e-02
6.710705161094665527e-02,2.018332630395889282e-01,2.276489697396755219e-02
6.926624476909637451e-02,2.021265923976898193e-01,2.342613600194454193e-02
5.256817862391471863e-02,1.879130005836486816e-01,1.654712110757827759e-02
3.750628605484962463e-02,1.813308298587799072e-01,1.408708281815052032e-02
3.589308634400367737e-02,1.725896447896957397e-01,7.329382468014955521e-03
2.243467047810554504e-02,1.637973040342330933e-01,3.759041646844707429e-05
6.978730205446481705e-03,1.520443409681320190e-01,-1.029492542147636414e-02
3.183091175742447376e-04,1.433379352092742920e-01,-1.507846172899007797e-02
-1.018093805760145187e-02,1.424051523208618164e-01,-2.377158775925636292e-02
-1.018093805760145187e-02,1.424051523208618164e-01,-2.377158775925636292e-02
-3.786645829677581787e-02,1.319602131843566895e-01,-1.254148315638303757e-02
-3.786645829677581787e-02,1.319602131843566895e-01,-1.254148315638303757e-02
-4.208116605877876282e-02,1.324609369039535522e-01,-8.669029921293258667e-03
-5.287881195545196533e-02,1.313547939062118530e-01,1.335838576778769493e-03
-6.115665286779403687e-02,1.353408396244049072e-01,9.228191338479518890e-03
-7.249141484498977661e-02,1.390103399753570557e-01,1.435495540499687195e-02
-7.503657788038253784e-02,1.399095803499221802e-01,1.749134808778762817e-02
-7.945331186056137085e-02,1.437600702047348022e-01,1.277930103242397308e-02
-7.911202311515808105e-02,1.445889770984649658e-01,1.413554046303033829e-02
-7.420001924037933350e-02,1.428505033254623413e-01,1.112295780330896378e-02
-7.341306656599044800e-02,1.495868712663650513e-01,7.290688343346118927e-03
-7.303394377231597900e-02,1.493652313947677612e-01,-1.923606381751596928e-03
-6.673172116279602051e-02,1.491227298974990845e-01,3.964873962104320526e-03
-6.838190555572509766e-02,1.437047272920608521e-01,-3.412711899727582932e-03
-5.581309273838996887e-02,1.422131210565567017e-01,-8.254276588559150696e-03
-6.001015752553939819e-02,1.382309645414352417e-01,-6.120283156633377075e-03
-6.001015752553939819e-02,1.382309645414352417e-01,-6.120283156633377075e-03
-6.345250457525253296e-02,1.288431286811828613e-01,9.100978262722492218e-03
-6.376704573631286621e-02,1.131650358438491821e-01,2.092480473220348358e-02
-6.373730301856994629e-02,1.088087037205696106e-01,1.420781202614307404e-02
-6.096212565898895264e-02,1.029164269566535950e-01,2.035864163190126419e-03
-6.202680617570877075e-02,1.009237766265869141e-01,7.398838060908019543e-04
-6.942947208881378174e-02,9.402371942996978760e-02,-4.563438240438699722e-03
-7.512693852186203003e-02,8.406043052673339844e-02,-1.954610645771026611e-02
-7.512693852186203003e-02,8.406043052673339844e-02,-1.954610645771026611e-02
-7.881348580121994019e-02,8.243229985237121582e-02,-1.729883812367916107e-02
-8.927585929632186890e-02,7.715062052011489868e-02,-1.796504855155944824e-02
-9.281465411186218262e-02,7.698134332895278931e-02,-1.076138857752084732e-02
-1.069709211587905884e-01,7.416540384292602539e-02,-9.097720496356487274e-03
-1.184767559170722961e-01,7.550997287034988403e-02,-1.252989843487739563e-02
-1.239666789770126343e-01,7.895649224519729614e-02,-1.297677028924226761e-02
-1.428986489772796631e-01,7.967832684516906738e-02,-3.478672355413436890e-03
-1.514414101839065552e-01,8.266788721084594727e-02,4.607536830008029938e-03
-1.575630158185958862e-01,8.866147696971893311e-02,1.074034441262483597e-02
-1.619300395250320435e-01,8.678597956895828247e-02,3.205610066652297974e-02
-1.623946130275726318e-01,9.218443930149078369e-02,4.040888324379920959e-02
-1.697120666503906250e-01,9.557106345891952515e-02,3.683555126190185547e-02
-1.590655446052551270e-01,9.227990359067916870e-02,1.752391643822193146e-02
-1.546018123626708984e-01,9.424345195293426514e-02,6.805391516536474228e-03
-1.501891165971755981e-01,1.016336083412170410e-01,-2.840370638296008110e-03
-1.460549533367156982e-01,1.040981933474540710e-01,-4.874407313764095306e-03
-1.405221521854400635e-01,9.626103192567825317e-02,-1.498194318264722824e-02
-1.369828134775161743e-01,8.851815760135650635e-02,-1.654466614127159119e-02
-1.251729875802993774e-01,9.072230011224746704e-02,-3.158254548907279968e-02
-1.244555339217185974e-01,8.616619557142257690e-02,-3.663495182991027832e-02
-1.211709827184677124e-01,7.907551527023315430e-02,-5.486986041069030762e-02
-1.004864722490310669e-01,6.406225264072418213e-02,-7.132437080144882202e-02
-1.012394651770591736e-01,6.501736491918563843e-02,-8.995242416858673096e-02
-9.721905738115310669e-02,5.773147568106651306e-02,-1.066164448857307434e-01
-9.516654908657073975e-02,4.620577767491340637e-02,-1.248603388667106628e-01
-9.333263337612152100e-02,3.718535602092742920e-02,-1.290313899517059326e-01
-9.042727947235107422e-02,3.343234956264495850e-02,-1.423208117485046387e-01
-9.426064789295196533e-02,2.682216838002204895e-02,-1.569041162729263306e-01
-9.891735017299652100e-02,2.091554552316665649e-02,-1.691704690456390381e-01
-1.012943014502525330e-01,1.537446398288011551e-02,-1.753370165824890137e-01
-1.103941798210144043e-01,1.067242305725812912e-02,-1.911376118659973145e-01
-1.139786317944526672e-01,1.073202118277549744e-02,-1.960710734128952026e-01
-1.257499456405639648e-01,5.929487291723489761e-03,-2.313517034053802490e-01
-1.294726729393005371e-01,3.644090844318270683e-03,-2.463730573654174805e-01
-1.359623074531555176e-01,7.971460931003093719e-03,-2.617459595203399658e-01
-1.421100646257400513e-01,1.413215324282646179e-02,-2.746739089488983154e-01
-1.463951766490936279e-01,1.789792068302631378e-02,-2.778395712375640869e-01
-1.590432673692703247e-01,2.487861365079879761e-02,-2.991655170917510986e-01
-1.630158126354217529e-01,3.307073190808296204e-02,-2.997066378593444824e-01
-1.663853675127029419e-01,3.616202995181083679e-02,-3.052192330360412598e-01
-1.726384460926055908e-01,4.307505860924720764e-02,-3.367636799812316895e-01
-1.686540544033050537e-01,4.732967168092727661e-02,-3.445165455341339111e-01
-1.666487753391265869e-01,4.876215383410453796e-02,-3.658822178840637207e-01
-1.639247834682464600e-01,5.262093991041183472e-02,-3.770082592964172363e-01
-1.609809398651123047e-01,6.245347112417221069e-02,-3.766761422157287598e-01
-1.480595320463180542e-01,7.214594632387161255e-02,-3.967593014240264893e-01
-1.420543193817138672e-01,7.228658348321914673e-02,-4.109788835048675537e-01
-1.371577531099319458e-01,6.819354742765426636e-02,-4.210268855094909668e-01
-1.325173079967498779e-01,6.892864406108856201e-02,-4.278497993946075439e-01
-1.330765634775161743e-01,7.511454075574874878e-02,-4.263664782047271729e-01
-1.279511302709579468e-01,7.832983881235122681e-02,-4.334679245948791504e-01
-1.178756952285766602e-01,7.505869865417480469e-02,-4.435951113700866699e-01
-1.075858026742935181e-01,5.443911999464035034e-02,-4.362799823284149170e-01
-9.786905348300933838e-02,3.089540451765060425e-02,-4.092522561550140381e-01
-9.353038668632507324e-02,4.473721608519554138e-02,-3.728047311305999756e-01
-8.097971230745315552e-02,3.762524947524070740e-02,-3.517287671566009521e-01
-6.390610337257385254e-02,1.734121330082416534e-02,-2.817102074623107910e-01
-3.312819823622703552e-02,-1.723826490342617035e-02,-1.821839958429336548e-01
-1.273569557815790176e-02,-3.623088821768760681e-02,-1.119482889771461487e-01
1.861524209380149841e-02,-7.213209569454193115e-02,2.700061164796352386e-02
3.605408594012260437e-02,-8.480992168188095093e-02,1.039515882730484009e-01
5.454106628894805908e-02,-1.068687736988067627e-01,2.173633575439453125e-01
5.709461495280265808e-02,-1.114911139011383057e-01,2.478688359260559082e-01
5.955481529235839844e-02,-1.198934242129325867e-01,3.488272130489349365e-01
5.885412171483039856e-02,-1.217172145843505859e-01,4.295870661735534668e-01
4.430216550827026367e-02,-1.162605434656143188e-01,4.953961968421936035e-01
2.717025764286518097e-02,-1.050280556082725525e-01,5.579705238342285156e-01
1.215233933180570602e-03,-9.043812751770019531e-02,5.670679211616516113e-01
-2.355140447616577148e-02,-7.203766703605651855e-02,5.794423222541809082e-01
-6.121412664651870728e-02,-4.060182720422744751e-02,5.672648549079895020e-01
-8.658578246831893921e-02,-2.669583819806575775e-02,5.551633834838867188e-01
-1.069693788886070251e-01,-1.298595219850540161e-02,5.415378808975219727e-01
-1.542022377252578735e-01,3.029216639697551727e-02,5.142298936843872070e-01
-1.615007519721984863e-01,2.514044381678104401e-02,5.039123892784118652e-01
-1.865883618593215942e-01,6.386476755142211914e-02,4.696384966373443604e-01
-2.213358581066131592e-01,8.451223373413085938e-02,4.274410307407379150e-01
-2.306674420833587646e-01,9.684707224369049072e-02,4.201254248619079590e-01
-2.427620887756347656e-01,1.072072982788085938e-01,3.815453052520751953e-01
-2.453387230634689331e-01,1.122179552912712097e-01,3.485862910747528076e-01
-2.447983175516128540e-01,1.138544529676437378e-01,3.278034925460815430e-01
-2.433938086032867432e-01,1.166035756468772888e-01,3.118084371089935303e-01
-2.364681065082550049e-01,1.088248565793037415e-01,2.812642753124237061e-01
-2.240072339773178101e-01,1.029725596308708191e-01,2.779562473297119141e-01
-1.963978558778762817e-01,8.241573721170425415e-02,2.479533553123474121e-01
-1.732936948537826538e-01,6.345912069082260132e-02,2.272560894489288330e-01
-1.546049565076828003e-01,4.679752141237258911e-02,2.096847891807556152e-01
-1.373593658208847046e-01,4.004307463765144348e-02,1.895934939384460449e-01
-1.036990880966186523e-01,1.194276101887226105e-02,1.650289893150329590e-01
-8.364878594875335693e-02,-3.723900066688656807e-03,1.514782756567001343e-01
-5.936851352453231812e-02,-1.913710497319698334e-02,1.362970173358917236e-01
-4.584273695945739746e-02,-2.667732164263725281e-02,1.256978660821914673e-01
-2.402755059301853180e-02,-4.569709300994873047e-02,1.008508652448654175e-01
-1.092366222292184830e-02,-5.849622562527656555e-02,8.237686008214950562e-02
9.417732246220111847e-03,-7.093589007854461670e-02,5.973003059625625610e-02
1.164964865893125534e-02,-7.398083806037902832e-02,5.531950667500495911e-02
1.891373656690120697e-02,-8.046083897352218628e-02,3.119912557303905487e-02
1.871707104146480560e-02,-8.159467577934265137e-02,8.263026364147663116e-03
1.669436134397983551e-02,-7.391735911369323730e-02,1.567261107265949249e-02
2.143542049452662468e-03,-6.284145265817642212e-02,-5.038131959736347198e-03
-1.587766106240451336e-03,-6.439512223005294800e-02,-1.469942927360534668e-02
-1.317349262535572052e-02,-4.759147018194198608e-02,-2.058894000947475433e-02
-1.829719915986061096e-02,-4.623322561383247375e-02,-2.490771189332008362e-02
-3.587632998824119568e-02,-3.380303829908370972e-02,-3.836905211210250854e-02
-5.125520005822181702e-02,-2.370710298418998718e-02,-4.908070713281631470e-02
-6.641805171966552734e-02,-1.492459978908300400e-02,-5.764904990792274475e-02
-8.382833749055862427e-02,-5.181079264730215073e-03,-6.865125149488449097e-02
-8.989039063453674316e-02,-8.649558294564485550e-04,-7.133994251489639282e-02
-1.059634089469909668e-01,1.349475979804992676e-02,-9.475047141313552856e-02
-1.109690740704536438e-01,2.545805647969245911e-02,-1.089775338768959045e-01
-1.182138398289680481e-01,3.149147331714630127e-02,-1.154817268252372742e-01
-1.277053952217102051e-01,3.471815586090087891e-02,-1.436331570148468018e-01
-1.339123845100402832e-01,3.664323315024375916e-02,-1.481902748346328735e-01
-1.301224082708358765e-01,4.219918698072433472e-02,-1.544580310583114624e-01
-1.239681988954544067e-01,3.883558139204978943e-02,-1.596540063619613647e-01
-1.213667243719100952e-01,3.209664300084114075e-02,-1.738078296184539795e-01
-1.138163879513740540e-01,2.999951876699924469e-02,-1.916777044534683228e-01
-1.075013205409049988e-01,2.524820715188980103e-02,-2.115923017263412476e-01
-9.324201196432113647e-02,2.138459496200084686e-02,-2.287477701902389526e-01
-8.638266474008560181e-02,1.223593484610319138e-02,-2.272866666316986084e-01
-6.599674373865127563e-02,8.414885960519313812e-03,-2.517649233341217041e-01
-5.026894435286521912e-02,-1.733926008455455303e-03,-2.602486610412597656e-01
-3.333488106727600098e-02,-1.796355098485946655e-02,-2.714415788650512695e-01
-1.603317260742187500e-02,-3.288265690207481384e-02,-2.875769436359405518e-01
4.664091975428164005e-04,-4.580716043710708618e-02,-3.018052279949188232e-01
3.972984850406646729e-03,-4.073559120297431946e-02,-3.138772249221801758e-01
1.008253823965787888e-02,-6.330946832895278931e-02,-3.234831988811492920e-01
2.802629023790359497e-02,-5.040367692708969116e-02,-3.254397809505462646e-01
3.020752221345901489e-02,-4.528781026601791382e-02,-3.363246917724609375e-01
2.899068407714366913e-02,-5.166859179735183716e-02,-3.473757505416870117e-01
2.651828341186046600e-02,-4.620933160185813904e-02,-3.616329133510589600e-01
1.620330661535263062e-02,-5.011494085192680359e-02,-3.739810585975646973e-01
5.158192943781614304e-03,-4.834076017141342163e-02,-3.925590813159942627e-01
-1.816025935113430023e-02,-3.621682897210121155e-02,-4.103467464447021484e-01
-2.444255165755748749e-02,-3.211644664406776428e-02,-4.162763655185699463e-01
-3.429118543863296509e-02,-2.425191178917884827e-02,-4.256613850593566895e-01
-4.684004187583923340e-02,-1.449522189795970917e-02,-4.362278282642364502e-01
-6.119581311941146851e-02,5.906491540372371674e-03,-4.613568186759948730e-01
-2.408540993928909302e-02,-4.117424041032791138e-02,-4.725822508335113525e-01
-4.216350242495536804e-02,-2.857253327965736389e-02,-4.896517097949981689e-01
-4.357911273837089539e-02,-2.721155062317848206e-02,-4.899177551269531250e-01
-5.392704904079437256e-02,-2.574761584401130676e-02,-5.112055540084838867e-01
-6.137833371758460999e-02,-1.513275038450956345e-02,-5.278665423393249512e-01
-6.672855466604232788e-02,-1.396944932639598846e-02,-5.321567058563232422e-01
-8.637476712465286255e-02,-3.426713868975639343e-03,-5.487304925918579102e-01
-8.451903611421585083e-02,9.289715439081192017e-03,-5.529077649116516113e-01
-8.327585458755493164e-02,8.538375608623027802e-03,-5.627264976501464844e-01
-8.974268287420272827e-02,2.555496990680694580e-02,-5.943701267242431641e-01
-8.568136394023895264e-02,2.344601787626743317e-02,-5.989218950271606445e-01
-8.799239993095397949e-02,2.637713402509689331e-02,-6.171104311943054199e-01
-7.565131038427352905e-02,3.060673549771308899e-02,-6.242363452911376953e-01
-7.062743604183197021e-02,5.126383155584335327e-02,-6.275278925895690918e-01
-5.365347489714622498e-02,5.167813971638679504e-02,-6.221036314964294434e-01
-4.407986626029014587e-02,5.902668088674545288e-02,-6.230480074882507324e-01
-3.191648796200752258e-02,4.937877878546714783e-02,-6.456536054611206055e-01
-2.711634710431098938e-02,7.063802331686019897e-02,-6.667726635932922363e-01
-1.994840800762176514e-02,6.261945515871047974e-02,-6.715298891067504883e-01
-3.355540800839662552e-03,4.604515060782432556e-02,-6.815239191055297852e-01
-3.355540800839662552e-03,4.604515060782432556e-02,-6.815239191055297852e-01
-2.979321219027042389e-02,8.034869097173213959e-03,-6.837306022644042969e-01
-2.893517538905143738e-02,-4.561165347695350647e-02,-6.826031804084777832e-01
-4.963411018252372742e-02,-4.587484523653984070e-03,-7.040346860885620117e-01
-4.306336119771003723e-02,-3.275694698095321655e-02,-7.135658860206604004e-01
-4.205499589443206787e-02,-3.652457892894744873e-02,-7.307750582695007324e-01
8.119371486827731133e-04,-2.568642981350421906e-02,-7.498311996459960938e-01
-1.304608420468866825e-03,-4.150126501917839050e-02,-7.589026689529418945e-01
