-4.306632975776565897e-01,-9.025126725534322603e-01,6.854708758804612945e-01
-4.042488118953830867e-01,-9.146490573335607221e-01,6.634171019188288554e-01
-3.543755359389698656e-01,-9.351031919141159499e-01,6.255820204720321520e-01
-2.883419908084922656e-01,-9.575274911649248599e-01,5.831411036634046585e-01
-2.424206269125573077e-01,-9.701712424347170849e-01,5.587677603526772785e-01
-1.919314021079006616e-01,-9.814083435985733184e-01,5.368376631151046130e-01
-1.774747157383302076e-01,-9.841253605479328703e-01,5.314972747264010700e-01
-7.519589551656992443e-02,-9.971687807475027032e-01,5.056544227025389082e-01
6.143536124286239075e-03,-9.999811283038743115e-01,5.000377430361104825e-01
9.626976382795558729e-02,-9.953552795723291657e-01,5.092678674274904171e-01
1.261018165904697064e-01,-9.920173042102560235e-01,5.159016681474164479e-01
1.505334295497507968e-01,-9.886049193626290643e-01,5.226603134120098026e-01
2.246029088692840514e-01,-9.744503749947741600e-01,5.504464666725439326e-01
2.428590968959006002e-01,-9.700615748780628822e-01,5.589805409450924190e-01
2.901028275611077234e-01,-9.569954803660517539e-01,5.841596505589498056e-01
3.421449696317520051e-01,-9.396471783364687136e-01,6.170631802443125036e-01
3.741686624235197045e-01,-9.273606698907357337e-01,6.400021879398058999e-01
4.291796832551239005e-01,-9.032191314852844322e-01,6.841952005189684272e-01
4.778027049590176101e-01,-8.784671736233778949e-01,7.282954248661539509e-01
5.197528182119824924e-01,-8.543166906719672493e-01,7.701429920392981465e-01
5.405068888219461964e-01,-8.413395884754385490e-01,7.921476968639796779e-01
5.797457167247018761e-01,-8.147974619126900908e-01,8.361050960606383198e-01
6.253480552185597396e-01,-7.803459552239411234e-01,8.910601901656348689e-01
6.541884236619116555e-01,-7.563316113628618664e-01,9.279624936532568924e-01
7.236449541553590104e-01,-6.901724279667279527e-01,1.023662019674511647e+00
7.557825661645631854e-01,-6.548226574284885526e-01,1.071207287318292289e+00
7.580004579841681522e-01,-6.522540193021361121e-01,1.074564694304208645e+00
7.838143918479130168e-01,-6.209951683645261733e-01,1.114365000867913791e+00
8.149342838168968095e-01,-5.795533737800526719e-01,1.164117886940158497e+00
8.388940730164030635e-01,-5.442947126860133711e-01,1.203743265742050150e+00
8.637371900572651251e-01,-5.039425230241836307e-01,1.246041933488020170e+00
8.885540436983034862e-01,-4.587719601581958795e-01,1.289528288572606707e+00
9.075905759835046771e-01,-4.198563401759347058e-01,1.323720653614069764e+00
9.261537124087261263e-01,-3.771462594160714943e-01,1.357760699008465188e+00
9.475887036880816794e-01,-3.194927990467719692e-01,1.397924351357259010e+00
9.594418290066721866e-01,-2.819066809288698905e-01,1.420528623247668376e+00
9.735503597839376688e-01,-2.284725299999224302e-01,1.447800303035434499e+00
9.804198066051930116e-01,-1.969187721275852399e-01,1.461222997183764249e+00
9.889727963027123980e-01,-1.480972929299983476e-01,1.478067191826806237e+00
9.949086343124746712e-01,-1.007809970703133357e-01,1.489843190629513536e+00
9.984818970726048182e-01,-5.508086072577433878e-02,1.496966098781707721e+00
9.999977333587211081e-01,-2.129149459342912117e-03,1.499995466722579884e+00
9.990516016161812285e-01,4.354190289988698476e-02,1.498104102691856898e+00
9.950705514892211889e-01,9.916953947123656465e-02,1.490165402441062881e+00
9.859258153462883145e-01,1.671833922187146437e-01,1.472049713366243351e+00
9.840913497447792979e-01,1.776632076641036506e-01,1.468435784642501574e+00
9.746397637863510877e-01,2.237796479720302045e-01,1.449922669153514310e+00
9.630136022814981267e-01,2.694527821730786643e-01,1.427395198179187474e+00
9.433834229756553613e-01,3.317042617373730518e-01,1.389972282745264298e+00
9.229511327854561520e-01,3.849171423696835515e-01,1.351838793509956727e+00
8.859916333310895453e-01,4.637012245695585344e-01,1.284981174332691767e+00
8.435841798063469232e-01,5.369969567701972091e-01,1.211634268419546911e+00
8.144772307577724524e-01,5.801955192666953254e-01,1.163373159422849801e+00
8.004445784847409318e-01,5.994067707111635501e-01,1.140711523225614643e+00
7.801351478521859617e-01,6.256110221900249568e-01,1.108610848914352021e+00
7.624299589922713949e-01,6.470707516423866990e-01,1.081299442368956587e+00
7.397842210096988724e-01,6.728441917302050435e-01,1.047280693654927042e+00
7.338562051034918099e-01,6.793048433737991498e-01,1.038544929768898228e+00
6.861756915810434121e-01,7.274358530367311948e-01,9.708370797167231725e-01
6.341737123106873097e-01,7.731905991500942488e-01,9.021762973859183132e-01
5.700303118025235039e-01,8.216236630150800524e-01,8.249345563736821818e-01
5.653186812260964089e-01,8.248725893474623261e-01,8.195852113432127162e-01
5.487045951894360396e-01,8.360163079856738344e-01,8.010767327820028649e-01
5.166110732593668375e-01,8.562201813703091968e-01,7.668870010141948246e-01
4.762553303505038804e-01,8.793070341540163426e-01,7.268191396872676346e-01
4.341039197680160999e-01,9.008628013421599023e-01,6.884462131579561772e-01
3.907830606046152622e-01,9.204828078484081910e-01,6.527114004555103488e-01
3.426582888342067368e-01,9.394601093677226178e-01,6.174147029067866832e-01
3.010526515895465272e-01,9.536075193552655538e-01,5.906326990290968748e-01
2.581881461330062799e-01,9.660946543669525211e-01,5.666611188035985958e-01
2.122604434797862871e-01,9.772131313760393789e-01,5.450544958662355555e-01
1.653546706256422694e-01,9.862341673772437867e-01,5.273421670977146425e-01
1.038417111336490950e-01,9.945938362109609798e-01,5.107831009711641945e-01
4.593067742167090267e-02,9.989446295323812786e-01,5.021096271284135604e-01
1.506308403937103163e-02,9.998865453136285275e-01,5.002268965007772294e-01
-2.393877501646641745e-02,9.997134264631595268e-01,5.005730649492889928e-01
-9.119015521799019031e-02,9.958334979258927078e-01,5.083156444086811554e-01
-1.165898768603811919e-01,9.931801450963874123e-01,5.135931993863188660e-01
-1.919415418088087633e-01,9.814063605500309428e-01,5.368415554719426774e-01
-2.091805614450528150e-01,9.778770335341414599e-01,5.437565072864675164e-01
-2.580164116725087720e-01,9.661405339326377684e-01,5.665724686923574449e-01
-3.042353607844967556e-01,9.525968954643548869e-01,5.925591547516728674e-01
-3.465761146760968359e-01,9.380218530162401924e-01,6.201150032639790588e-01
-3.883909530985020231e-01,9.214946920906474936e-01,6.508475324487628111e-01
-4.347722905473188071e-01,9.005404240633719803e-01,6.890269446277621501e-01
-4.874724041799874397e-01,8.731383940492956075e-01,7.376293448370170314e-01
-5.200204421048798542e-01,8.541538150667274953e-01,7.704212602069546723e-01
-5.706694722107428230e-01,8.211798545304872521e-01,8.256636465132878300e-01
-5.993105729760439537e-01,8.005166063980970748e-01,8.591731628808740862e-01
-6.368272294518614318e-01,7.710065368261583840e-01,9.055489201713337044e-01
-6.713518394156990921e-01,7.411387911269773365e-01,9.507132922868426483e-01
-7.042004048042984632e-01,7.100012604731502641e-01,9.958982101265378972e-01
-7.379317432540291044e-01,6.748753531564697372e-01,1.044543257701930239e+00
-7.726306220572743966e-01,6.348558276170970238e-01,1.096958078140610748e+00
-8.287348300298051917e-01,5.596414758534876688e-01,1.186801418504530137e+00
-8.394178528974455267e-01,5.434865851491116340e-01,1.204622331762957410e+00
-8.845844783792751187e-01,4.663799959372889603e-01,1.282489699389534277e+00
-8.986656027624984056e-01,4.386343972051387485e-01,1.307599865588484622e+00
-9.084630764057943786e-01,4.179651167350210694e-01,1.325305161192680270e+00
-9.217054448822363799e-01,3.878905423884924097e-01,1.349540927125561174e+00
-9.358627265853423083e-01,3.523648066822916980e-01,1.375839043011751084e+00
-9.586094223881718168e-01,2.847243848155889268e-01,1.418932024691384353e+00
-9.694322704356174158e-01,2.453590696062487309e-01,1.439798926961955994e+00
-9.810943241129272963e-01,1.935301712741408220e-01,1.462546072806601760e+00
-9.835667956440048432e-01,1.805446163877071353e-01,1.467403641493415734e+00
-9.909556292037839942e-01,1.341899435476913982e-01,1.481993059050667361e+00
-9.966693632414674875e-01,8.154863809928226959e-02,1.493349819624152364e+00
-9.999942397883877510e-01,3.394170008190944190e-03,1.499988479609955405e+00
-9.989799426789863768e-01,-4.515610839176856933e-02,1.497960925874910920e+00
-9.968173740891868029e-01,-7.971902353853897727e-02,1.493644877286061767e+00
-9.941793045354113678e-01,-1.077381568131075273e-01,1.488392489566514154e+00
-9.886887293864503601e-01,-1.499819868657777944e-01,1.477505403615793522e+00
-9.687351363341408783e-01,-2.480972301975043204e-01,1.438447764368326443e+00
-9.467296683667949520e-01,-3.220294008846062428e-01,1.396297064965901669e+00
-9.428001502793138533e-01,-3.333584806680389701e-01,1.388872123366696743e+00
-9.333221603798103061e-01,-3.590400325088605737e-01,1.371090255056036433e+00
-9.190627946697356165e-01,-3.941111257676640500e-01,1.344676420546144557e+00
-8.949378182038459917e-01,-4.461908801718607598e-01,1.300913698451460210e+00
-8.876000669594178438e-01,-4.606149380270215810e-01,1.287833878866363024e+00
-8.648555187018880375e-01,-5.020208479444735472e-01,1.247975068229111750e+00
-8.402360338042280663e-01,-5.422208106453865195e-01,1.205996592503060016e+00
-8.020951195613714724e-01,-5.971962986956877995e-01,1.143356580824170798e+00
-7.695093938636435871e-01,-6.386354928718007695e-01,1.092144707244392166e+00
-7.305071553833814013e-01,-6.829050416666142542e-01,1.033640704066319804e+00
-7.069235869714979303e-01,-7.072899279527109506e-01,9.997409578166489563e-01
-6.783934059413914142e-01,-7.346988408696711881e-01,9.602176132247615126e-01
-6.557559237715525624e-01,-7.549729587465485725e-01,9.300158315614822646e-01
-5.860156262290592277e-01,-8.102997505956444080e-01,8.434143141846364156e-01
-5.318654401969402645e-01,-8.468288808986824678e-01,7.828808464758849617e-01
-5.254576302463511706e-01,-8.508197687030366607e-01,7.761057211841111414e-01
-4.500236625529842049e-01,-8.930166309439022676e-01,7.025212968576022288e-01
-4.280007983410862860e-01,-9.037783559144314527e-01,6.831846833806072272e-01
-3.972991501504359313e-01,-9.176891550463813774e-01,6.578466147102586259e-01
-3.677244457047727511e-01,-9.299347998817538707e-01,6.352212679688824526e-01
-3.048654832722330066e-01,-9.523954205629024949e-01,5.929429628908121641e-01
-2.562291990122615437e-01,-9.666160548912555717e-01,5.656534024264651128e-01
-2.231205792839854041e-01,-9.747908530038527086e-01,5.497827929000211888e-01
-1.416922862680057016e-01,-9.899107515388170242e-01,5.200767039878544384e-01
-1.198238266301399901e-01,-9.927951705018061013e-01,5.143577494282898233e-01
-7.404620083603609404e-02,-9.972548120424135076e-01,5.054828398582505988e-01
-1.999749476165611078e-02,-9.998000301076498397e-01,5.003998997967424867e-01
-3.815103043462181147e-03,-9.999927224679026061e-01,5.000145550112322645e-01
3.993786540068545998e-02,-9.992021651834210871e-01,5.015950330927632095e-01
8.594693021620411488e-02,-9.962997165443795433e-01,5.073868748135890172e-01
1.404809597331069249e-01,-9.900833803031263702e-01,5.197349000475348646e-01
1.891075870519392521e-01,-9.819563740408191466e-01,5.357616794806068228e-01
2.254226921271989537e-01,-9.742610583791830869e-01,5.508153901258738827e-01
2.708664915597944201e-01,-9.626169247162070786e-01,5.733686562499121786e-01
3.163786058565929427e-01,-9.486330047791077247e-01,6.000954222437613339e-01
3.624003684869885333e-01,-9.320225173891963921e-01,6.313340270795050335e-01
4.039301528822861198e-01,-9.147898291916526370e-01,6.631595684075071162e-01
4.479159357449188361e-01,-8.940756760508328238e-01,7.006286854942462838e-01
4.885845937440171927e-01,-8.725165297895470795e-01,7.387149052440062924e-01
5.322711518296207034e-01,-8.465739311660670507e-01,7.833125790700311564e-01
5.889131426403511060e-01,-8.081963316085178928e-01,8.468186895745345444e-01
6.308868278250804318e-01,-7.758748677955791262e-01,8.980181895231926781e-01
6.436286150387997562e-01,-7.653379684186827348e-01,9.142577940967634431e-01
6.836193987016702112e-01,-7.298386929443840820e-01,9.673354822812331166e-01
7.464548650514913897e-01,-6.654360483479684341e-01,1.057194865559040187e+00
7.528132444743464990e-01,-6.582341672566138779e-01,1.066727781055992086e+00
7.756775767216400608e-01,-6.311293821168875162e-01,1.101675703028755837e+00
8.044113539811493796e-01,-5.940727005899311131e-01,1.147077626413786078e+00
8.378380379142520429e-01,-5.459188787942732546e-01,1.201972577776003526e+00
8.581294478508029178e-01,-5.134333946397293680e-01,1.236386149268724033e+00
8.944970506643552532e-01,-4.470738488804392174e-01,1.300124973647230231e+00
9.066583132609784546e-01,-4.218657404847630521e-01,1.322029297005242521e+00
9.305174325886379494e-01,-3.662476042906624984e-01,1.365862692351350383e+00
9.393461091933876794e-01,-3.429706797136516383e-01,1.382371112856755735e+00
9.617485804127879900e-01,-2.739336928418756312e-01,1.424960331926012902e+00
9.778808805813684613e-01,-2.091625764648335495e-01,1.456251016606592730e+00
9.804364233441238419e-01,-1.968360225674711805e-01,1.461255580219817940e+00
9.878424394227136585e-01,-1.554584023955682126e-01,1.475832685124617516e+00
9.938946445163828747e-01,-1.103332932602531513e-01,1.487826564398347040e+00
9.979182283116296848e-01,-6.449193440561441781e-02,1.495840790396621989e+00
9.996879389107099501e-01,-2.498048831501482533e-02,1.499375975203543376e+00
9.993823374233354873e-01,3.514176498513535418e-02,1.498765056353729586e+00
9.967852222507230797e-01,8.012003933209534134e-02,1.493580779297423611e+00
9.905925469007943462e-01,1.368444592396694803e-01,1.481273593975402481e+00
9.800962764016658557e-01,1.985227669150050611e-01,1.460588711016410635e+00
9.776034089923959502e-01,2.104556360054208042e-01,1.455708425273553708e+00
9.636010814921394108e-01,2.673442644740657292e-01,1.428527044252820843e+00
9.524128213533877840e-01,3.048111181070662923e-01,1.407090182278320167e+00
9.360616853191862097e-01,3.518359294861808650e-01,1.376211478722595194e+00
9.132339439896186573e-01,4.074355943522438017e-01,1.333996236454833895e+00
9.012261326353655511e-01,4.333491177504605885e-01,1.312208542144897461e+00
8.767310249393981403e-01,4.809809870553226618e-01,1.268657290091287582e+00
8.563172686260563937e-01,5.164501287179724676e-01,1.233279264547189724e+00
8.174481505931744385e-01,5.760021884435847506e-01,1.168221478908201050e+00
7.968593384686193382e-01,6.041648737682077108e-01,1.134984805304645628e+00
7.741082735793052283e-01,6.330532211244702667e-01,1.099243619223932544e+00
7.404790974480700561e-01,6.720793898361201446e-01,1.048309293757508476e+00
7.068706043485702972e-01,7.073428791667355497e-01,9.996660512921130559e-01
6.786866156671947925e-01,7.344279935529482994e-01,9.606155222857905018e-01
6.408872667203422413e-01,7.676350118094724673e-01,9.107364886442711471e-01
5.987403293542716831e-01,8.009432052303947502e-01,8.584899819952617195e-01
5.557701409784793212e-01,8.313360033083863065e-01,8.088804496032386826e-01
5.275965798332739043e-01,8.494950552818020251e-01,7.783581510517681989e-01
4.830070440137783083e-01,8.756164659444636289e-01,7.332958045669280001e-01
4.463689928714880129e-01,8.948489940782710095e-01,6.992452777971065458e-01
4.039797228314903066e-01,9.147679397207754137e-01,6.631996164590077125e-01
3.598128870382386602e-01,9.330244832378236097e-01,6.294653136787922154e-01
3.159741886296846825e-01,9.487677861941837820e-01,5.998396878801874887e-01
2.691743222586952533e-01,9.630914724140028360e-01,5.724548157634279377e-01
2.246190206375314469e-01,9.744466612225813895e-01,5.504537044321637929e-01
1.790169791120749809e-01,9.838459844861831005e-01,5.320470788104130211e-01
1.158048516618205848e-01,9.932719850733653377e-01,5.134107636684162035e-01
7.945763201358659045e-02,9.968382440069167849e-01,5.063135152852065168e-01
2.737105333542539168e-02,9.996253425355468014e-01,5.007491745606906797e-01
-3.769773417049098602e-02,9.992891877922081001e-01,5.014211191615889351e-01
-5.580081532945934536e-02,9.984419206987292794e-01,5.031137309914324174e-01
-1.029147946937458841e-01,9.946901753979195959e-01,5.105914549668558733e-01
-1.495718536881886496e-01,9.887508587021702766e-01,5.223717394157209037e-01
-1.966650664736327991e-01,9.804707296135471983e-01,5.386771483710783848e-01
-2.430093811055044628e-01,9.700239382070525718e-01,5.590535593052803343e-01
-2.874233266159195721e-01,9.578036496678421496e-01,5.826121686829615065e-01
-3.351173297502258452e-01,9.421764034941007004e-01,6.123036246989216336e-01
-3.971630879156444749e-01,9.177480490839029503e-01,6.577385184026900422e-01
-4.251064943793007589e-01,9.051433413755755053e-01,6.807155315634585424e-01
-4.614263052958065825e-01,8.871785416594909490e-01,7.129142352189389298e-01
-5.043352079802014831e-01,8.635079605837846506e-01,7.543540020084330555e-01
-5.432342959511250458e-01,8.395811453948245351e-01,7.951035002975145316e-01
-5.945103372299501698e-01,8.040879671570337894e-01,8.534425410732690009e-01
-6.277364126636761910e-01,7.784259734978906664e-01,8.940530037838612110e-01
-6.562479176086648547e-01,7.545453403436344075e-01,9.306613293657090002e-01
-6.912877713452842965e-01,7.225795576879199267e-01,9.778787828115300673e-01
-7.247114031251503663e-01,6.890525249793194584e-01,1.025206617819624189e+00
-7.726899807139825382e-01,6.347835802099998093e-01,1.097049806295774754e+00
-7.897559930991210342e-01,6.134211207351937256e-01,1.123714528635978871e+00
-8.186889112434106996e-01,5.742372912020594633e-01,1.170251533392921317e+00
-8.488715879126060848e-01,5.285991177014304210e-01,1.220582972765269281e+00
-8.653854032768026894e-01,5.011068786151767762e-01,1.248891896204554541e+00
-8.914874301523522115e-01,4.530454302609782657e-01,1.294749838119645169e+00
-9.085266690590796390e-01,4.178268679829166277e-01,1.325420708391586322e+00
-9.286053060852738072e-01,3.710689767553669305e-01,1.362307814489724933e+00
-9.492307996587170393e-01,3.145804968196099227e-01,1.401039111020727423e+00
-9.610945297818688227e-01,2.762196676983166288e-01,1.423702695176631394e+00
-9.758006214991805649e-01,2.186621756998979593e-01,1.452186852918186943e+00
-9.871166088491636348e-01,1.600025016495904839e-01,1.474399199465872723e+00
-9.911341114498275484e-01,1.328652442159375946e-01,1.482346826879439305e+00
-9.949031442751408161e-01,1.008351799296178936e-01,1.489832266488561707e+00
-9.990349115092639343e-01,4.392317822832595559e-02,1.498070754414322803e+00
-9.996649538278596925e-01,-2.588397358102452125e-02,1.499330019911656819e+00
-9.984196673123050259e-01,-5.619757934276398831e-02,1.496841832076013734e+00
-9.945595149294090831e-01,-1.041699153468911149e-01,1.489148628736621571e+00
-9.886484742256479441e-01,-1.502471111579134211e-01,1.477425805588701735e+00
-9.816737280029195212e-01,-1.905693882785219340e-01,1.463683308251150006e+00
-9.719876809889508307e-01,-2.350318021156321269e-01,1.444760051994278260e+00
-9.619480661145400902e-01,-2.732323518518559036e-01,1.425344081901503746e+00
-9.436625282768604794e-01,-3.309094025955192087e-01,1.390498967273876563e+00
-9.309225931162845580e-01,-3.652165462101252258e-01,1.366616874374347423e+00
-8.980741956171645057e-01,-4.398439941235789963e-01,1.306537260833417147e+00
-8.941391371349780570e-01,-4.477892399818432789e-01,1.299484796556483079e+00
-8.711382132709736270e-01,-4.910378940357410515e-01,1.258881786620944299e+00
-8.479015525032441714e-01,-5.301537109769093314e-01,1.218937042737411769e+00
-8.215850855781263729e-01,-5.700859120830673588e-01,1.175002052844417166e+00
-7.924208171611676343e-01,-6.099747933559446222e-01,1.127930751470372694e+00
-7.645316472352782222e-01,-6.445861931314632587e-01,1.084508639624288007e+00
-7.215154684060701706e-01,-6.923983166146269186e-01,1.020584571149230957e+00
-6.991137342091776619e-01,-7.150104800910958014e-01,9.887600133599007135e-01
-6.651171672086171327e-01,-7.467390132331270802e-01,9.423808461156156779e-01
-6.303942424513436782e-01,-7.762751439304214074e-01,8.973969009158034860e-01
-5.886802793280249135e-01,-8.083659621299492670e-01,8.465444712697214324e-01
-5.477857513638807463e-01,-8.366186530329745574e-01,8.000692293972914149e-01
-4.559330141600591024e-01,-8.900140934833129513e-01,7.078749134010766664e-01
-3.803741190353707724e-01,-9.248327035567381893e-01,6.446844704319343311e-01
-3.485109023940593520e-01,-9.373047268164598211e-01,6.214598490875216097e-01
-3.066336031737206813e-01,-9.518276279898063574e-01,5.940241665952987749e-01
-2.569128067247853919e-01,-9.664345863744701060e-01,5.660041902592070073e-01
-2.377110188445027139e-01,-9.713359210488966555e-01,5.565065284800915224e-01
-2.215096639529270106e-01,-9.751581762849867996e-01,5.490665312245386342e-01
-2.081579050333020042e-01,-9.780952338970612114e-01,5.433297134278531892e-01
-1.623346710182139718e-01,-9.867357572245004649e-01,5.263525454145917548e-01
-1.162729842379036926e-01,-9.932172940179868625e-01,5.135194068635877684e-01
-6.916423204793728519e-02,-9.976052871778592346e-01,5.047836909947809314e-01
-1.293656914670116356e-02,-9.999163190881088514e-01,5.001673548212873799e-01
2.692668773732791176e-02,-9.996374110083597886e-01,5.007250465125034911e-01
7.271978162709320792e-02,-9.973524118184644571e-01,5.052881666398920668e-01
1.194095493880833747e-01,-9.928450833412707510e-01,5.142586404850650883e-01
1.658312671112774916e-01,-9.861541415256886989e-01,5.275000091517318968e-01
2.355976148475092402e-01,-9.718506901155983257e-01,5.555062361218352507e-01
2.882948937831834590e-01,-9.575416723143400644e-01,5.831139457814570326e-01
3.306887626194613405e-01,-9.437398700262745743e-01,6.093550577227904164e-01
3.517623075827995827e-01,-9.360893541559074382e-01,6.237367210359761049e-01
3.918157920199263344e-01,-9.200436865300462008e-01,6.535196148762021373e-01
4.349029971339275491e-01,-9.004773084780798298e-01,6.891406169160729789e-01
4.785953229318688495e-01,-8.780356011391224902e-01,7.290534831322598164e-01
5.317836182392605693e-01,-8.468802650743258997e-01,7.827938166276395826e-01
5.568683417776326694e-01,-8.306007765020628764e-01,8.101023500741701966e-01
5.961282920470740709e-01,-8.028891949833665276e-01,8.553689405789616229e-01
6.330129567127431578e-01,-7.741411994163537313e-01,9.007054033662091896e-01
6.919139382446771736e-01,-7.219799873007153312e-01,9.787448979372590507e-01
7.138694717774837217e-01,-7.002787853877456836e-01,1.009609622735863521e+00
7.517401251351000235e-01,-6.594594636987660685e-01,1.065113215738135777e+00
7.700509874457446280e-01,-6.379823482933001388e-01,1.092978523266166402e+00
8.051285282006331867e-01,-5.931003735266756616e-01,1.148231946922517732e+00
8.302527562965763552e-01,-5.573870833289356064e-01,1.189319639338062062e+00
8.495640246858330302e-01,-5.274855144547661023e-01,1.221759032040390824e+00
8.733995845327650054e-01,-4.870042769196112897e-01,1.262826834262006592e+00
9.097657997924575302e-01,-4.151218971916442735e-01,1.327673810472009830e+00
9.165387643481472946e-01,-3.999458631454654856e-01,1.340043306552828550e+00
9.365377903690665917e-01,-3.505666373325136975e-01,1.377103032789373849e+00
9.517125489379009151e-01,-3.069905930059152466e-01,1.405756775805876435e+00
9.645875766109348604e-01,-2.637627855627929230e-01,1.430429192952156203e+00
9.746049141976714791e-01,-2.239313761440084316e-01,1.449854738778250551e+00
9.845102556827174389e-01,-1.753269986498095234e-01,1.469260443544449624e+00
9.921504120929665049e-01,-1.250502290431997343e-01,1.484362440216243417e+00
9.967367556590394084e-01,-8.072075271138351438e-02,1.493484160081707701e+00
9.993422335218602459e-01,-3.626431165126173944e-02,1.498684899700460260e+00
9.999349876142838989e-01,1.140265516544043331e-02,1.499869979455178193e+00
9.966452209200866719e-01,8.184316475522927792e-02,1.493301696382848487e+00
9.909865307430257841e-01,1.339615462955773273e-01,1.482054304114097887e+00
9.858832442402695184e-01,1.674342519506721583e-01,1.471965771273718859e+00
9.790252298225433636e-01,2.037390472416029108e-01,1.458490400629083972e+00
9.620460126246355159e-01,2.728872836777845867e-01,1.425532530406960374e+00
9.556103199520127323e-01,2.946335289833997839e-01,1.413191083598788200e+00
9.338786963508441952e-01,3.575899614111780478e-01,1.372129419497952085e+00
9.232725917459947418e-01,3.841454429387829439e-01,1.352432278669366328e+00
9.046702438247687938e-01,4.261123677365318829e-01,1.318428250061966622e+00
8.808745125078789595e-01,4.733498634350775669e-01,1.275939906785993339e+00
8.585974403398050070e-01,5.126504027521434637e-01,1.237189564558065058e+00
8.308521838624840505e-01,5.564931702823863180e-01,1.190315351429058977e+00
7.912498998837075304e-01,6.114929238625927965e-01,1.126076404065977199e+00
7.752576325615003761e-01,6.316451560450200287e-01,1.101024396844862308e+00
7.519642304441640501e-01,6.592039108898825051e-01,1.065450203867483792e+00
7.191481589841203226e-01,6.948567661250414362e-01,1.017174074570249553e+00
6.603548570852396660e-01,7.509537021174691462e-01,9.360685372760673140e-01
6.360591244038140690e-01,7.716403244145897400e-01,9.045712097373467264e-01
6.167761533216590264e-01,7.871386006884285580e-01,8.804128233062625819e-01
5.426170896259895349e-01,8.399801747933226537e-01,7.944333059541792696e-01
5.334111268513881399e-01,8.458561164590182591e-01,7.845274302488677298e-01
4.727163677697590605e-01,8.812146365344630805e-01,7.234607643574341163e-01
4.578434882480378887e-01,8.890328116941853542e-01,7.096206597311311981e-01
4.158357047826843345e-01,9.094397542596696082e-01,6.729193333721117387e-01
3.725561303290654269e-01,9.280096603776452069e-01,6.387980702457676241e-01
3.087958417559382718e-01,9.511283447118172862e-01,5.953548718857584188e-01
2.837920665598301362e-01,9.588858445913679418e-01,5.805379370422990570e-01
2.266719071476789304e-01,9.739711733465390431e-01,5.513801534899660517e-01
1.922355618709115643e-01,9.813488109495903666e-01,5.369545112478251170e-01
1.425278423172237630e-01,9.897907931297383888e-01,5.203141858356034044e-01
8.467046846711515085e-02,9.964090082739914811e-01,5.071690882304407122e-01
4.741106530131690422e-02,9.988754631519357607e-01,5.022478091130058164e-01
-2.725368082510377238e-02,9.996285494529872917e-01,5.007427631185166206e-01
-1.018567062916373722e-01,9.947990809120297317e-01,5.103747886165808101e-01
-1.557788743651339902e-01,9.877919529443088820e-01,5.242670576984682640e-01
-1.921277201991117567e-01,9.813699298078639721e-01,5.369130608689081097e-01
-2.100877290182820711e-01,9.776825385143895764e-01,5.441368538840591906e-01
-2.527374724467277844e-01,9.675348934385982202e-01,5.638762299787605237e-01
-2.953131778596591039e-01,9.554005060614262357e-01,5.872098730175706605e-01
-3.307193605195261621e-01,9.437291478901961295e-01,6.093752954224442853e-01
-3.958216448085541406e-01,9.183274064847737339e-01,6.566747744989491764e-01
-4.078595257175368083e-01,9.130446907361468023e-01,6.663493927185339949e-01
-4.624969651475306920e-01,8.866208644225127555e-01,7.139034427706761887e-01
-5.067481495014091175e-01,8.620941439175291432e-01,7.567936870231024571e-01
-5.548584679840484757e-01,8.319447580857726177e-01,8.078679194936053687e-01
-5.815911762858393397e-01,8.134812251468707123e-01,8.382482963335462500e-01
-6.257081379335790450e-01,7.800572582340947747e-01,8.915106738763067806e-01
-6.508328468006422396e-01,7.592210518191468971e-01,9.235833944746282276e-01
-6.813075957714245234e-01,7.319972403938154182e-01,9.641800400558387940e-01
-7.189461926304082651e-01,6.950657322169176977e-01,1.016883627897759990e+00
-7.532342172783420553e-01,6.577523956026943841e-01,1.067361786078916630e+00
-7.780838941697970634e-01,6.281603725431620378e-01,1.105414546366435768e+00
-8.145948727640633935e-01,5.800303382293888754e-01,1.163564806733500712e+00
-8.334228764009743440e-01,5.526357833976427436e-01,1.194593690908473782e+00
-8.586745376784284955e-01,5.125212564789259906e-01,1.237321961657262825e+00
-8.858489151459399968e-01,4.639738134148965187e-01,1.284728300465238782e+00
-9.030239516499043440e-01,4.295902032712003438e-01,1.315452257253408863e+00
-9.222988726368335222e-01,3.864774114134305050e-01,1.350635210467173941e+00
-9.427454666780230585e-01,3.335130957819144593e-01,1.388769014941963587e+00
-9.567842266841344312e-01,2.907988025567554979e-01,1.415436056431557121e+00
-9.739285535375250547e-01,2.268549593998424874e-01,1.448536827395695781e+00
-9.783055515026783944e-01,2.071671979321054735e-01,1.457081752100959804e+00
-9.880711799327772660e-01,1.539978681224168089e-01,1.476284656613750634e+00
-9.942034585991919027e-01,1.075150357364256515e-01,1.488440517090594994e+00
-9.990571202328620837e-01,4.341509543949566979e-02,1.498115129487979535e+00
-9.999999738794430604e-01,2.285631494064248542e-04,1.499999947758886787e+00
-9.991685567195640605e-01,-4.077002897893594602e-02,1.498337804737056800e+00
-9.967494241966891044e-01,-8.056416922906117772e-02,1.493509414636431165e+00
-9.913681092293558095e-01,-1.311078640014096131e-01,1.482810727996987765e+00
-9.858332853471355461e-01,-1.677281535749832186e-01,1.471867266498326776e+00
-9.766585390218132101e-01,-2.147978076139916148e-01,1.453861901844222704e+00
-9.648663701069561949e-01,-2.627411042007439246e-01,1.430967112163373800e+00
-9.524193493314053738e-01,-3.047907200344893153e-01,1.407102616980857590e+00
-9.296036023554368199e-01,-3.685609074329436186e-01,1.364162857512205118e+00
-9.160424692492248333e-01,-4.010812817020795729e-01,1.339133805468217142e+00
-8.982258102226856611e-01,-4.395342920066644954e-01,1.306809606150200143e+00
-8.778956972600243658e-01,-4.788519027134961470e-01,1.270700855267664409e+00
-8.547014077866319504e-01,-5.191199317378879519e-01,1.230514496472450592e+00
-8.295102179912924312e-01,-5.584915382062995981e-01,1.188087201751961475e+00
-8.010412387922011268e-01,-5.986091661127950214e-01,1.141667066245744211e+00
-7.692792308039656524e-01,-6.389127209984623024e-01,1.091790534946341040e+00
-7.422439700525361728e-01,-6.701297552867279128e-01,1.050926111079350189e+00
-7.099121623498735323e-01,-7.042902255091482155e-01,1.003975278252273284e+00
-6.756435117738839313e-01,-7.372284890031404192e-01,9.564941550021464067e-01
-6.384493945884842647e-01,-7.696638035854342919e-01,9.076176294504020303e-01
-5.732848639071279617e-01,-8.193561281976146082e-01,8.286555351850142248e-01
-5.285201471015137376e-01,-8.489207584384977912e-01,7.793335458922057146e-01
-4.833732466983489129e-01,-8.754143615318960014e-01,7.336496956237028577e-01
-4.565425944965277316e-01,-8.897015563717863840e-01,7.084311405896209779e-01
-4.376841569176093683e-01,-8.991287887635015519e-01,6.915674212166784685e-01
-3.860971860641179143e-01,-9.224581090290062679e-01,6.490710370866300538e-01
-3.501956533353801637e-01,-9.366765740558510300e-01,6.226369956149937490e-01
-3.129791580643566662e-01,-9.497599942181847998e-01,5.979559533826734885e-01
-2.669175288614437092e-01,-9.637193744999112965e-01,5.712449672134995993e-01
-1.944744424510467529e-01,-9.809075854703920294e-01,5.378203087666455495e-01
-1.750518907575233096e-01,-9.845592087539560833e-01,5.306431644577838114e-01
-1.294400919480974688e-01,-9.915872440670402410e-01,5.167547374035319496e-01
-7.167959312965049845e-02,-9.974277096254985375e-01,5.051379640712322372e-01
-3.490172711910195791e-02,-9.993907491287398193e-01,5.012181305558962574e-01
3.764432439884886350e-02,-9.992912012224235419e-01,5.014170951594457692e-01
5.940174491475638807e-02,-9.982341572502326787e-01,5.035285672989178174e-01
1.350386333017120910e-01,-9.908403340175477858e-01,5.182354324839942850e-01
1.732308796879445667e-01,-9.848812427508917278e-01,5.300089376774590466e-01
2.066274590070685813e-01,-9.784196917398393367e-01,5.426949068157178591e-01
3.154571588974762752e-01,-9.489398194302589573e-01,5.995132190996675936e-01
3.827428047634368058e-01,-9.238549374235208722e-01,6.464920545981822642e-01
4.205888157557971518e-01,-9.072513698315015640e-01,6.768949519388638425e-01
4.348025940734027150e-01,-9.005257931825383366e-01,6.890532958129602648e-01
4.638300888801628608e-01,-8.859241777090295367e-01,7.151383513505797929e-01
4.993225669995847160e-01,-8.664161667956947754e-01,7.493230259150547301e-01
5.169740919301513138e-01,-8.560010445513459576e-01,7.672622117270045949e-01
5.468398719471760927e-01,-8.372372151599545287e-01,7.990338455512039362e-01
5.849686695422497973e-01,-8.110558893528670987e-01,8.421883443460298491e-01
6.227239181030046478e-01,-7.824416411608231536e-01,8.877850781775576960e-01
6.587605366871539525e-01,-7.523526801332290903e-01,9.339654446963471246e-01
6.931600928842254206e-01,-7.207836607698123732e-01,9.804709143672679650e-01
7.265953250905310412e-01,-6.870656690277759937e-01,1.027940766443414589e+00
7.691450920928152302e-01,-6.390741954652329193e-01,1.091584172690465371e+00
8.068882426474703884e-01,-5.907041254953929732e-01,1.151068636122722921e+00
8.233009493031484549e-01,-5.676050976484748878e-01,1.177824453123465398e+00
8.442427182017337994e-01,-5.359610366093303657e-01,1.212745767236651950e+00
8.746355766241773466e-01,-4.847809898328243050e-01,1.264987391896707170e+00
8.982562493411249127e-01,-4.394720816156754140e-01,1.306864289480385022e+00
9.142080590273373719e-01,-4.052451416235220982e-01,1.335776375190531606e+00
9.287771746669652995e-01,-3.706385838220966344e-01,1.362627040182350591e+00
9.514501494988319985e-01,-3.078028801337800435e-01,1.405257386981349832e+00
9.655100991135763255e-01,-2.603656054660294372e-01,1.432209751490308047e+00
9.730741870446583119e-01,-2.304921397952159334e-01,1.446873373492622683e+00
9.849143419544701405e-01,-1.730425930584523486e-01,1.470056260987606889e+00
9.901760191496127295e-01,-1.398265035714821580e-01,1.480448548898974259e+00
9.953191152309084355e-01,-9.664294519498835279e-02,1.490660141144038553e+00
9.987320338000017506e-01,-5.034207645411599430e-02,1.497465675338288005e+00
9.999978393407737975e-01,2.078776992358355707e-03,1.499995678686216083e+00
9.986999980208298711e-01,5.097365940556316394e-02,1.497401686046805569e+00
9.894000540864471560e-01,1.452154708484447720e-01,1.478912467026264554e+00
9.770788745732554847e-01,2.128776006597701553e-01,1.454683127137339493e+00
9.751448303603280632e-01,2.215684088978546740e-01,1.450907440178473173e+00
9.730743761911033740e-01,2.304913412696777963e-01,1.446873741599704832e+00
9.611002023718024923e-01,2.761999294005706429e-01,1.423713598999119867e+00
9.469545455008173684e-01,3.213675290930002593e-01,1.396722911244659748e+00
9.310415621438404843e-01,3.649131534499096552e-01,1.366838390439242712e+00
9.127777423396675749e-01,4.084565987829055778e-01,1.333163206910700449e+00
8.923427802312798862e-01,4.513583527188897437e-01,1.296275637430890360e+00
8.412312189918225158e-01,5.406755368920739269e-01,1.207669963806467628e+00
8.169567569764777382e-01,5.766989311854811007e-01,1.167418342769523720e+00
8.134179315611387295e-01,5.816796958935377404e-01,1.161648731385201305e+00
7.889882249740092224e-01,6.144083176946437685e-01,1.122502419147637820e+00
7.405580334108894380e-01,6.719924100394260025e-01,1.048426200849403855e+00
7.310078161830162458e-01,6.823690883087668579e-01,1.034372427320662480e+00
6.982398925298831660e-01,7.158638505189777179e-01,9.875389475201428180e-01
6.450952535589238312e-01,7.641021619101386886e-01,9.161478861642521343e-01
5.987385355072202264e-01,8.009445462069575417e-01,8.584878339013308768e-01
5.468072470241512884e-01,8.372585231586888721e-01,7.989981653981312881e-01
5.134923537417107609e-01,8.580941688700591818e-01,7.636743973512022388e-01
4.833997637863128860e-01,8.753997191976571335e-01,7.336753316286630522e-01
4.341819927702785242e-01,9.008251756883961514e-01,6.885140028459701966e-01
3.965917556832233015e-01,9.179950867646833323e-01,6.572850206759015546e-01
3.688856116862310186e-01,9.294748008907369741e-01,6.360765945091249041e-01
3.415554149914774573e-01,9.398616379499695750e-01,6.166601015100003913e-01
2.966061552120236033e-01,9.549998893666642452e-01,5.879752113096590183e-01
2.488378477860773708e-01,9.685451592513345531e-01,5.619202744908069480e-01
1.736670229564743206e-01,9.848044298932836504e-01,5.301602348625645833e-01
1.463845904077836491e-01,9.892277552167374477e-01,5.214284483088545974e-01
7.858451211905405354e-02,9.969074553111789694e-01,5.061755255449897906e-01
6.525327831482335972e-02,9.978687336865346147e-01,5.042579903308317402e-01
1.484227146772354455e-02,9.998898474220440091e-01,5.002202930223216271e-01
-2.854972106564155829e-02,9.995923736339098475e-01,5.008150865729259493e-01
-7.662999930845924845e-02,9.970595986228634189e-01,5.058721567940145381e-01
-1.533481836451068836e-01,9.881722190856948584e-01,5.235156654272534738e-01
-1.866714372311145120e-01,9.824224012725228938e-01,5.348462254779299263e-01
-2.641877860186461202e-01,9.644712612196207902e-01,5.697951862814338853e-01
-2.965310403149806762e-01,9.550232154925425432e-01,5.879306578702847563e-01
-3.066240552132374897e-01,9.518307038358184702e-01,5.940183112354104900e-01
-3.523254724410715966e-01,9.358775355083461811e-01,6.241332385308242525e-01
-3.977062868148183439e-01,9.175127843403433348e-01,6.581702905720305807e-01
-4.490655741725441130e-01,8.934988025135138789e-01,7.016598899069167450e-01
-5.032676428638606092e-01,8.641305917778016044e-01,7.532783203537464223e-01
-5.296736330291772488e-01,8.482015341141941889e-01,7.805541575263275078e-01
-5.604094802070382908e-01,8.282156811447589639e-01,8.140587855059229216e-01
-5.986682449646260062e-01,8.009970864310147487e-01,8.584036675290255269e-01
-6.353713295175508202e-01,7.722067557507508173e-01,9.036967263729002164e-01
-6.713653240282767554e-01,7.411265760262595315e-01,9.507313983075930119e-01
-7.055175271180083030e-01,7.086924713366795636e-01,9.977549810707095901e-01
-7.383280014631323773e-01,6.744418153224611689e-01,1.045128237744543220e+00
-7.697040014866153301e-01,6.384009320916539387e-01,1.092444249904507503e+00
-7.985953209224350147e-01,6.018683522173208233e-01,1.137754486599207082e+00
-8.263235646289893710e-01,5.631956734020959754e-01,1.182810633461159666e+00
-8.568044773060667918e-01,5.156414332346439533e-01,1.234113912331722185e+00
-8.755782281697631619e-01,4.830763566508902707e-01,1.266637233644901883e+00
-9.099583660424277465e-01,4.146996166737980660e-01,1.328024227930604928e+00
-9.172828311038710991e-01,3.982363717217038412e-01,1.341407792237932828e+00
-9.360522047417699776e-01,3.518611515897592246e-01,1.376193730001928461e+00
-9.541061829233297154e-01,2.994685153859647508e-01,1.410318608292526310e+00
-9.639363762968025107e-01,2.661327910119102858e-01,1.429173337548210743e+00
-9.771609669558816158e-01,2.125004580179686575e-01,1.454843555342153483e+00
-9.848297494745864578e-01,1.735233832940774878e-01,1.469889635450176701e+00
-9.947058715112806482e-01,1.027629757304817232e-01,1.489439770819016351e+00
-9.967593741249086703e-01,8.044097273231015643e-02,1.493529249905879652e+00
-9.997102483611028934e-01,2.407113046331427891e-02,1.499420580678218151e+00
-9.999074467477452322e-01,-1.360507031974060414e-02,1.499814902061594957e+00
-9.981644696166963593e-01,-6.056146955630533485e-02,1.496332308405180722e+00
-9.941420846193265159e-01,-1.080810602683923288e-01,1.488318484411260023e+00
-9.878391324210701319e-01,-1.554794148998107917e-01,1.475826151542412479e+00
-9.784411630030862561e-01,-2.065257624151718985e-01,1.457347109458831946e+00
-9.663988158073660850e-01,-2.570473279497774155e-01,1.433926671193879621e+00
-9.560183465089071575e-01,-2.933068719590034013e-01,1.413971078861624875e+00
-9.303335522121849444e-01,-3.667144415321786366e-01,1.365520518371742265e+00
-9.114215449363172183e-01,-4.114738964088689999e-01,1.330689232574103320e+00
-9.046450296217999343e-01,-4.261658953747622380e-01,1.318382629619427204e+00
-8.774986449091997098e-01,-4.795791156655159204e-01,1.270003871817481755e+00
-8.508101122178904907e-01,-5.254732656832130644e-01,1.223877847052219359e+00
-8.231922814267341737e-01,-5.677626861633727762e-01,1.177645532200551459e+00
-8.049726360128441893e-01,-5.933119375762913039e-01,1.147980944729467101e+00
-7.744512161226624336e-01,-6.326336331923313461e-01,1.099774686153870862e+00
-7.014332074123728056e-01,-7.127351931392129636e-01,9.920085444608087721e-01
-6.794133746437664989e-01,-7.337557266251276689e-01,9.616025336448309480e-01
-6.745322814999974437e-01,-7.382453529920849356e-01,9.549937987855918742e-01
-6.410930619004860942e-01,-7.674631495929035152e-01,9.110003140169404823e-01
-6.003239081179795322e-01,-7.997569664228976194e-01,8.603887946580442980e-01
-5.715629269825515113e-01,-8.205582371161345145e-01,8.266841795008615934e-01
-5.183029386022940388e-01,-8.551970906383081772e-01,7.686379361637734053e-01
-4.967283143166988935e-01,-8.679060904015426514e-01,7.467390182439092028e-01
-4.551572150838946174e-01,-8.904110902033247621e-01,7.071680904429267223e-01
-4.104098773550062806e-01,-9.119011638162596300e-01,6.684362674305512897e-01
-3.510932786979314990e-01,-9.363404880988200896e-01,6.232664903468634332e-01
-3.201749508503258235e-01,-9.473584331434388162e-01,6.025119991520084817e-01
-2.552998990371341814e-01,-9.668619144177875713e-01,5.651780384483708897e-01
-2.353621974570212771e-01,-9.719077301926362100e-01,5.553953639917978968e-01
-1.883191690552740993e-01,-9.821078813278768527e-01,5.354641094336689555e-01
-1.350968558998203173e-01,-9.908323972932976398e-01,5.182511604740167588e-01
-9.078959868864612537e-02,-9.958700963328271927e-01,5.082427512300453643e-01
-4.684541547281386581e-02,-9.989021508882536260e-01,5.021944929508205258e-01
7.460269020766232759e-03,-9.999721718058647291e-01,5.000556556138622266e-01
4.572552823863567512e-02,-9.989540410185534514e-01,5.020908239327022127e-01
9.519350601494740161e-02,-9.954587868980725451e-01,5.090618035874178160e-01
1.395261243853183619e-01,-9.902183903634655948e-01,5.194675393859873314e-01
1.947025569205486362e-01,-9.808623319959842712e-01,5.379090856713995006e-01
2.394514850384121263e-01,-9.709083305404785369e-01,5.573370136871009795e-01
2.837427835501517004e-01,-9.589004290244174111e-01,5.805099672167881586e-01
3.302959541616606876e-01,-9.438774193000053492e-01,6.090954173355618284e-01
3.849192293409404164e-01,-9.229502624104813924e-01,6.481628131164234308e-01
4.194953132221919678e-01,-9.077575018608301516e-01,6.759763178153849195e-01
4.533101752831492637e-01,-8.913528397804992842e-01,7.054901150152395051e-01
4.975246739776461591e-01,-8.674498249371180858e-01,7.475308012165631233e-01
5.423580786516341012e-01,-8.401474361808812796e-01,7.941522854786920993e-01
5.744470165106319026e-01,-8.185417675488733114e-01,8.299893747779661934e-01
6.205614784004576112e-01,-7.841577975927028765e-01,8.850965484745616507e-01
6.481684729023377001e-01,-7.614969669903166594e-01,9.201223692645484897e-01
6.868658072164609552e-01,-7.267842615775877979e-01,9.717846371231204650e-01
7.171531866817409950e-01,-6.969155665015841494e-01,1.014308693167776054e+00
7.491938658948562590e-01,-6.623507766323823986e-01,1.061291448694479778e+00
7.798317089855930639e-01,-6.259892216808603527e-01,1.108137494339390683e+00
8.082850153851242059e-01,-5.887914179944112592e-01,1.153324666096130491e+00
8.395208475200863774e-01,-5.433274763705181476e-01,1.204795253420844148e+00
8.654537903013491684e-01,-5.009887592082563623e-01,1.249010263146971722e+00
8.852072097780039339e-01,-4.651969429790365207e-01,1.283591804242959045e+00
9.050164252476975424e-01,-4.253766213978840138e-01,1.319054729968121231e+00
9.239530260468433731e-01,-3.825059550632918803e-01,1.353689194341118895e+00
9.437611633014777457e-01,-3.306279882947623094e-01,1.390685133356158509e+00
9.584085526663441712e-01,-2.853998005885839406e-01,1.418546953823996537e+00
9.717701622607330947e-01,-2.359295482548730838e-01,1.444337248260251449e+00
9.829067435469516223e-01,-1.841041376230506399e-01,1.466105666510072902e+00
9.897734403870954711e-01,-1.426482972358686929e-01,1.479651463295707181e+00
9.938496956977290742e-01,-1.107374478734785839e-01,1.487737217638468668e+00
9.996184297741861347e-01,-2.762236151726540564e-02,1.499237005144209434e+00
9.998911732887302284e-01,-1.475268041023010748e-02,1.499782358420713724e+00
9.985788607755596846e-01,5.329407858463663938e-02,1.497159741187814586e+00
9.961460583115440137e-01,8.770992253088623347e-02,1.492306969489626045e+00
9.848040509180284729e-01,1.736691719777608833e-01,1.469839018704558908e+00
9.762088742509109629e-01,2.168322712000432528e-01,1.452983766166230817e+00
9.738471265401873467e-01,2.272042564069176040e-01,1.448378225870579517e+00
9.647953316358682807e-01,2.630018403997109178e-01,1.430830031946364933e+00
9.511676781954613302e-01,3.086746636124437226e-01,1.404719952043744780e+00
9.357520591271841770e-01,3.526585938825748667e-01,1.375631916160765078e+00
8.999273977914219458e-01,4.360397673427960363e-01,1.309869321295640265e+00
8.722415190697181409e-01,4.890753852024762316e-01,1.260805267589049539e+00
8.622454789947525677e-01,5.064906059870307731e-01,1.243467266046890396e+00
8.526376171828520256e-01,5.225027212988926362e-01,1.226990906235251755e+00
8.272966710207143581e-01,5.617652695904614690e-01,1.184419781881956180e+00
7.993581087476631097e-01,6.008549026007519167e-01,1.138973386020640799e+00
7.711369200254287737e-01,6.366693416316632215e-01,1.094652149426304621e+00
7.401098489034579897e-01,6.724859935761492435e-01,1.047762588443899467e+00
7.076553132683012226e-01,7.065578232552113258e-01,1.000776042396857468e+00
6.736471038089809626e-01,7.390531642106485943e-01,9.538004204702280608e-01
6.381840110286920442e-01,7.698838666106273543e-01,9.072788319326696715e-01
6.002491673123259153e-01,7.998130638723397468e-01,8.602990628591405953e-01
5.623905586066109130e-01,8.268717310382210917e-01,8.162831404098558341e-01
5.219975731761616888e-01,8.529469699800790172e-01,7.724814664018022636e-01
4.821332110180291397e-01,8.760979208019183950e-01,7.324524331665553945e-01
4.171254308378763431e-01,9.088489285620113822e-01,6.739936250516840310e-01
3.963607382076160257e-01,9.180948563234159199e-01,6.571018347924864056e-01
3.530460786811038809e-01,9.356059353851362559e-01,6.246415336721042877e-01
3.008081850288729098e-01,9.536846626740074218e-01,5.904855641803645749e-01
2.517682088215228431e-01,9.677875639967699062e-01,5.633872309731979833e-01
2.082602030102028712e-01,9.780734572833214013e-01,5.433723121578508675e-01
1.718911583175564695e-01,9.851159473342459005e-01,5.295465703077513187e-01
1.260121986031557950e-01,9.920286920261928154e-01,5.158790741968011240e-01
7.886641517234438403e-02,9.968851932684442696e-01,5.062199114421366275e-01
3.191013560232489055e-02,9.994907419510403734e-01,5.010182567541587861e-01
-1.523134479180267460e-02,9.998839963394919872e-01,5.002319938641668351e-01
-6.921386870949201853e-02,9.976018446145060725e-01,5.047905596217348023e-01
-1.216785234309022828e-01,9.925695627691166756e-01,5.148056630643246256e-01
-1.578959814021208274e-01,9.874557504298919763e-01,5.249311409429389119e-01
-2.516143073179452072e-01,9.678275881338115338e-01,5.633097596470892920e-01
-2.605054140232866966e-01,9.654723865883249045e-01,5.678630707354439533e-01
-2.986540627368520773e-01,9.543614361502524845e-01,5.891942491892275813e-01
-3.403113094950279138e-01,9.403128270048108917e-01,6.158117873702206868e-01
-3.982257421038710721e-01,9.172874458564344025e-01,6.585837416741788797e-01
-4.291012453725345233e-01,9.032563983829507981e-01,6.841278787802600458e-01
-4.724527171132370529e-01,8.813560177886797797e-01,7.232115699076804294e-01
-5.092027818171305231e-01,8.606465749596031722e-01,7.592874730103041925e-01
-5.485924248841407280e-01,8.360899182263462626e-01,8.009536486402616395e-01
-5.883884829338871247e-01,8.085783778649777709e-01,8.462010068492411552e-01
-6.251566060427496963e-01,7.804993388345119465e-01,8.908207820788897058e-01
-6.623178830611214929e-01,7.492229453089611635e-01,9.386649782225653382e-01
-6.967820267458582073e-01,7.172829338579959080e-01,9.855051927960658542e-01
-7.285001315230591468e-01,6.850456615225626322e-01,1.030712441629114462e+00
-7.721252624886529858e-01,6.354703604628848534e-01,1.096177420973171168e+00
-7.900485602476399194e-01,6.130442663059750830e-01,1.124176727549368815e+00
-8.180643884105190944e-01,5.751266438051042540e-01,1.169229343585476810e+00
-8.441083288434612086e-01,5.361726673163217383e-01,1.212518870822900885e+00
-8.688679507375467459e-01,4.950439214667078369e-01,1.254931515818864085e+00
-8.912071004942639929e-01,4.535966314123229814e-01,1.294250095971393177e+00
-9.115902038072514202e-01,4.111001098548306421e-01,1.330996699677346129e+00
-9.348010324506477176e-01,3.551718312721365844e-01,1.373852970270796892e+00
-9.619653442935318655e-01,2.731715145805408418e-01,1.425377323621773495e+00
-9.736797339101584958e-01,2.279205470611261608e-01,1.448052224227357021e+00
-9.768620379702130929e-01,2.138704251940458101e-01,1.454259441227317984e+00
-9.840999798950100796e-01,1.776153978984948700e-01,1.468452770429359289e+00
-9.933201814140748542e-01,1.153907153782723349e-01,1.486684982804490573e+00
-9.998776987588201548e-01,1.563929425409560023e-02,1.499755412475233918e+00
-9.999841094294490418e-01,-5.637454087771179290e-03,1.499968219111408319e+00
-9.991046106629537515e-01,-4.230811922110939982e-02,1.498210023047972461e+00
-9.985787141092663521e-01,-5.329682662114248320e-02,1.497159448272115778e+00
-9.948790252272168289e-01,-1.010728705585376003e-01,1.489784274837057110e+00
-9.898009637627924739e-01,-1.424571940417445337e-01,1.479705947865752824e+00
-9.822352969011213242e-01,-1.876534612565567139e-01,1.464786178478433953e+00
-9.711051819039553390e-01,-2.386518922600148196e-01,1.443045274320714277e+00
-9.544991324762504004e-01,-2.982136920097488431e-01,1.411068593897914614e+00
-9.459390562705645156e-01,-3.243444185151853620e-01,1.394800698178046305e+00
-9.297751620628782465e-01,-3.681278962683328659e-01,1.364481851989051586e+00
-9.111096319540503696e-01,-4.121640917893683032e-01,1.330120761439445243e+00
-8.853172375755732348e-01,-4.649875147265311037e-01,1.283786611148443946e+00
-8.467395927386273113e-01,-5.320075770971909312e-01,1.216967937911176412e+00
-8.135123602006703036e-01,-5.815476247056081682e-01,1.161802360199265083e+00
-7.708985491005239110e-01,-6.369579475873640151e-01,1.094284573005292804e+00
-7.198167639426432673e-01,-6.941641206135196196e-01,1.018136173652858911e+00
-7.035254146296603395e-01,-7.106700999550807918e-01,9.949480090298354895e-01
-6.544497545363237023e-01,-7.561054944829760371e-01,9.283044812126542977e-01
-6.346703602816636813e-01,-7.727829797426591929e-01,9.028064662200567803e-01
-6.051998623194694282e-01,-7.960735686156745761e-01,8.662668733515048736e-01
-5.779029793933684322e-01,-8.161054750510303712e-01,8.339718535917320930e-01
-5.205927950312719821e-01,-8.538050958863667717e-01,7.710168582384719915e-01
-4.999595615196251175e-01,-8.660487496931706941e-01,7.499595631548958696e-01
-4.685702142743367604e-01,-8.834262585495759046e-01,7.195580457050978485e-01
-4.660029938408770667e-01,-8.847831427707806284e-01,7.171587902686604732e-01
-4.153913952262072717e-01,-9.096427808607205900e-01,6.725500112279751974e-01
-3.734815680589134712e-01,-9.276376007473259300e-01,6.394884816797448135e-01
-3.349198633347030829e-01,-9.422466158834765793e-01,6.121713148561361839e-01
-2.896155228001603410e-01,-9.571430660842661364e-01,5.838771510468101500e-01
-2.235171782289196440e-01,-9.746999902721766862e-01,5.499599289634186094e-01
-1.935269081675095870e-01,-9.810949677860570928e-01,5.374526641848756947e-01
-1.552310054360596103e-01,-9.878781984391142856e-01,5.240966650486900136e-01
-1.046363125198545158e-01,-9.945105540426644186e-01,5.109487578977527367e-01
-4.866532174270104399e-02,-9.988151412847521282e-01,5.023683135403206323e-01
-4.051701451656354244e-03,-9.999917918239862313e-01,5.000164162846534310e-01
3.678432872436129125e-02,-9.993232275696878331e-01,5.013530868397018114e-01
8.301065208873802115e-02,-9.965486599458164285e-01,5.068907683601975300e-01
1.567855639312518978e-01,-9.876326680212432763e-01,5.245817130572406617e-01
1.772846072449011934e-01,-9.841596252813976653e-01,5.314298319659789271e-01
2.230661530321011998e-01,-9.748033090687880931e-01,5.497585086285408096e-01
2.730340241934345324e-01,-9.620043771380352160e-01,5.745475783672610026e-01
3.238639088257103116e-01,-9.461036774900158930e-01,6.048878314398680178e-01
3.701154305305104919e-01,-9.289857738863469550e-01,6.369854319167851386e-01
4.209263931459470420e-01,-9.070947974457486129e-01,6.771790284468564014e-01
4.487481574975695775e-01,-8.936582630639837710e-01,7.013749088574634527e-01
4.910718321054058366e-01,-8.711190823949617190e-01,7.411515442873599646e-01
5.347579944358659132e-01,-8.450052587924706815e-01,7.859661126130695896e-01
5.660121980096554095e-01,-8.243968654139088859e-01,8.203698082957213700e-01
6.111058414464516364e-01,-7.915488933414185357e-01,8.734503494499756826e-01
6.414908006263754237e-01,-7.671307272634384500e-01,9.115104472882681330e-01
6.775508077107826876e-01,-7.354759703555691086e-01,9.590750970295339739e-01
7.254307974136551262e-01,-6.882951097921504724e-01,1.026249841836211596e+00
7.962405760118339559e-01,-6.049801196009194637e-01,1.133999054887657287e+00
8.065390832253606090e-01,-5.911807737316859823e-01,1.150505292770005017e+00
8.496735579772587421e-01,-5.273090601101653174e-01,1.221945155125734095e+00
8.931434268687551414e-01,-4.497719633782620297e-01,1.297705180958863336e+00
8.949074878231331187e-01,-4.462517095071893425e-01,1.300859411761911222e+00
8.975156612139475465e-01,-4.409825822815346408e-01,1.305534362124309400e+00
8.990046740769555011e-01,-4.379390322725150719e-01,1.308209404012212973e+00
9.238485658640100961e-01,-3.827581839112155215e-01,1.353496172648988249e+00
9.525948265033153950e-01,-3.042418388701962906e-01,1.407436903480881574e+00
9.621732403948178858e-01,-2.724383516837083907e-01,1.425777344531863999e+00
9.647685931328586761e-01,-2.630999082182365334e-01,1.430778438295555510e+00
9.761746121196955839e-01,-2.169864665202924092e-01,1.452916873347037896e+00
9.928690717950774403e-01,-1.192099252276474092e-01,1.485788993727218621e+00
9.967064193735263311e-01,-8.109447317545361023e-02,1.493423686420395580e+00
9.970441478559672888e-01,-7.683077004799597487e-02,1.494097032773832101e+00
9.996551054366094036e-01,-2.626157220200764364e-02,1.499310329825478849e+00
9.998458324019716681e-01,1.755879917330044684e-02,1.499691688571591630e+00
9.979465615428890768e-01,6.405201249550822318e-02,1.495897339695275274e+00
9.934763014612416621e-01,1.140387584766337781e-01,1.486995161565108026e+00
9.865420468327199544e-01,1.635077668831284858e-01,1.473265210168892558e+00
9.789005043614132928e-01,2.043374722388691944e-01,1.458246197439029279e+00
9.682361784595612253e-01,2.500374026461337218e-01,1.437481297277975134e+00
9.455677975109266775e-01,3.254251685262452565e-01,1.394098459689664837e+00
9.397142798957727194e-01,3.419606295466910417e-01,1.383062927840030820e+00
9.233585778264810084e-01,3.839387148416507634e-01,1.352591063245741632e+00
9.041007802844285290e-01,4.273192940753876012e-01,1.317398220910912521e+00
8.780785956426132577e-01,4.785164363679643706e-01,1.271022020125703866e+00
8.571041787009169299e-01,5.151431129826222755e-01,1.234627573146573232e+00
8.337573721695458184e-01,5.521310028905580536e-01,1.195151355647066538e+00
7.915481557511986344e-01,6.111067968259527028e-01,1.126548482873123813e+00
7.794762440424454208e-01,6.264317879653634735e-01,1.107583215026517909e+00
7.487777635872813198e-01,6.628211378322430569e-01,1.060668139242770591e+00
7.169666955000578712e-01,6.971074218108191944e-01,1.014041242456272585e+00
6.806868555612743954e-01,7.325745045154824497e-01,9.633345953338953160e-01
6.461916941143400761e-01,7.631751400940934849e-01,9.175637055423607746e-01
6.087676665112641272e-01,7.933485540482381193e-01,8.705980717895697163e-01
5.737086343835995361e-01,8.190594623308525835e-01,8.291415971662946527e-01
5.189064780065867355e-01,8.548310166827124412e-01,7.692639329172002993e-01
4.788952279272983281e-01,8.778720639526359504e-01,7.293406393315389202e-01
4.161303759953149939e-01,9.093049599413817186e-01,6.731644898260022991e-01
3.795051538887695419e-01,9.251896228189447902e-01,6.440241618281385971e-01
3.549723884808386187e-01,9.348767851520373151e-01,6.260053965837913958e-01
2.892572264719073249e-01,9.572514073814567537e-01,5.836697430662203256e-01
2.650844394933488668e-01,9.642252018789474466e-01,5.702697600615029838e-01
2.316910826619540120e-01,9.727894130874017442e-01,5.536807577850684225e-01
1.856824438699608282e-01,9.826098055884028293e-01,5.344779699615211932e-01
1.393386400132036740e-01,9.902447896350027312e-01,5.194152566007291805e-01
7.933183252246106543e-02,9.968482634526822928e-01,5.062935396513718045e-01
6.895674000460277724e-03,9.999762245574038699e-01,5.000475503199206528e-01
-1.914884179688439506e-02,9.998166441192294362e-01,5.003666781421620691e-01
-5.194014362920107430e-02,9.986501997595443880e-01,5.026977785202220161e-01
-1.250674466679686792e-01,9.921482418388669622e-01,5.156418662160451305e-01
-1.465674923298860011e-01,9.892006723572971394e-01,5.214820298078711724e-01
-1.995285490439078491e-01,9.798920134976266683e-01,5.398116418835671171e-01
-2.502990824142211634e-01,9.681685645292347209e-01,5.626496306574011452e-01
-2.807359953186933654e-01,9.597850284998316051e-01,5.788126990675774852e-01
-3.389632831877247843e-01,9.407996028116711873e-01,6.148961073494016993e-01
-4.880091816409330430e-01,8.728384951605576703e-01,7.381529613658531774e-01
-4.936934423889761114e-01,8.696360071559380289e-01,7.437332150578772616e-01
-4.994957351855515704e-01,8.663163455294176085e-01,7.494959894685546686e-01
-5.040225594359980521e-01,8.636904882998225341e-01,7.540387404204140775e-01
-5.381510296805036564e-01,8.428484260255895144e-01,7.896065307461863636e-01
-5.837652617987603154e-01,8.119224834410146974e-01,8.407818808829752300e-01
-6.258109615298727002e-01,7.799747690977293368e-01,8.916393595709437569e-01
-6.745249463349491936e-01,7.382520550407115634e-01,9.549839032281661755e-01
-6.910193063352538800e-01,7.228363011581145914e-01,9.775076817280553554e-01
-7.415381880155708094e-01,6.709106615001612095e-01,1.049878884285416092e+00
-7.516425311259478104e-01,6.595706978046997904e-01,1.064966494597421320e+00
-7.819655843067579992e-01,6.233216063636736193e-01,1.111470175040209396e+00
-8.101853357828752156e-01,5.861737981882076953e-01,1.156400278317610386e+00
-8.382119531911247368e-01,5.453445897114224117e-01,1.202599278472480382e+00
-8.725717364382885588e-01,4.884859923980112706e-01,1.261381435230930048e+00
-8.868720550977323702e-01,4.620151056910635767e-01,1.286542042113275386e+00
-9.089114908581106267e-01,4.169890907279070191e-01,1.326120098213913412e+00
-9.271366739686497382e-01,3.747233483282694788e-01,1.359582412217650305e+00
-9.456945694129559321e-01,3.250565818174488419e-01,1.394338218617156233e+00
-9.582736742084322357e-01,2.858523488080366715e-01,1.418288434680928578e+00
-9.767981987162923652e-01,2.141618056157695293e-01,1.454134721015393428e+00
-9.827709969146386504e-01,1.848273995472727860e-01,1.465838832376592737e+00
-9.896505461285324268e-01,1.434984200174256319e-01,1.479408203452502457e+00
-9.950742091264132005e-01,9.913283175337636588e-02,1.490172681668556764e+00
-9.983292760626091278e-01,5.778110899166505332e-02,1.496661343443693282e+00
-9.999145903665291879e-01,1.306950542813775651e-02,1.499829188027863802e+00
-9.994003864762422973e-01,-3.462466622420287687e-02,1.498801132488862597e+00
-9.967634268065945768e-01,-8.039073939686437742e-02,1.493537329019225535e+00
-9.917845366191759826e-01,-1.279196346269268758e-01,1.483636567076913604e+00
-9.845134447754975149e-01,-1.753090900560589360e-01,1.469266722943716630e+00
-9.753933773696826792e-01,-2.204716747869526761e-01,1.451392240616636187e+00
-9.624542742938332340e-01,-2.714438614032941288e-01,1.426318230106469187e+00
-9.487308841997579290e-01,-3.160849717489674360e-01,1.400090290634454337e+00
-9.275488660018602616e-01,-3.737018881122534109e-01,1.360346898821336747e+00
-9.154756063392684995e-01,-4.023734760117131937e-01,1.338095585802251186e+00
-8.871021604179015752e-01,-4.615731328640040876e-01,1.286950243018108342e+00
-8.666363994002378446e-01,-4.989402281181498644e-01,1.251058648765408510e+00
-8.497670625719541126e-01,-5.271583627031184438e-01,1.222104060632167366e+00
-8.150291628348722561e-01,-5.794199372896028377e-01,1.164272536271312664e+00
-7.981824583747177959e-01,-6.024157726544780989e-01,1.137095236857108116e+00
-7.595344309746389078e-01,-6.504670999858728209e-01,1.076892551835968437e+00
-7.305378699061039205e-01,-6.828721846971453902e-01,1.033685579366947715e+00
-6.943882403241752321e-01,-7.196005639933139575e-01,9.821750283005045157e-01
-6.711830023141069912e-01,-7.412916952216728195e-01,9.504866225953785275e-01
-6.352863070120321476e-01,-7.722767043767500006e-01,9.035886918769859832e-01
-5.762787960362463213e-01,-8.172531732817037708e-01,8.320972507609855073e-01
-5.507053047653126532e-01,-8.346997467972205875e-01,8.032763326966558814e-01
-4.983595704993252773e-01,-8.669704369191189031e-01,7.483622615082718976e-01
-4.489542435755642380e-01,-8.935547477214212941e-01,7.015599128245070260e-01
-4.333289685114753431e-01,-9.012358209973574397e-01,6.877739949512191586e-01
-3.679957745438658945e-01,-9.298274624455120652e-01,6.354208900821398665e-01
-3.128513928191332116e-01,-9.498020878115231991e-01,5.978759939888715902e-01
-3.010790920433649154e-01,-9.535991717353486941e-01,5.906486196656569598e-01
-2.585611782969853834e-01,-9.659948846022293756e-01,5.668538829223255249e-01
-2.078514274123403338e-01,-9.781604081758025204e-01,5.432022158773474052e-01
-1.598467795961358850e-01,-9.871418373530443935e-01,5.255509929472557129e-01
-9.079206942067734321e-02,-9.958698710827187384e-01,5.082431998696890219e-01
-2.828800036785340116e-02,-9.995998144433543287e-01,5.008002109648117539e-01
2.863998111775037728e-02,-9.995897916053239074e-01,5.008202485184251040e-01
6.519693220138060574e-02,-9.978724167104372489e-01,5.042506399684714147e-01
8.456806957500952182e-02,-9.964177043832351810e-01,5.071517583916436145e-01
1.286905932742059555e-01,-9.916847942782690550e-01,5.165612687972671591e-01
1.746466654699051768e-01,-9.846311706625192617e-01,5.305014577597569891e-01
2.380617832835315306e-01,-9.712500127875751676e-01,5.566734126601351473e-01
3.042083041638338758e-01,-9.526055362413995420e-01,5.925426923222356645e-01
3.109392989930101492e-01,-9.504297724407287928e-01,5.966832476582646372e-01
3.652821053066853119e-01,-9.308968705193479964e-01,6.334310164572842794e-01
4.171676746833984928e-01,-9.088295391321995487e-01,6.740288688007538553e-01
4.418323207844370160e-01,-8.970976537201723611e-01,6.952157996897616599e-01
4.774626133888598134e-01,-8.786520658462484423e-01,7.279705471841197983e-01
5.168794096472447697e-01,-8.560582199142273696e-01,7.671643241172843020e-01
5.733012662120245961e-01,-8.193446516330531448e-01,8.286743418403107464e-01
6.186686045285323399e-01,-7.856520589744028227e-01,8.827508422292815737e-01
6.479498538489188997e-01,-7.616829963292895966e-01,9.198390131028354455e-01
6.730068946045931755e-01,-7.396362077499194498e-01,9.529382801853180096e-01
7.051768902882397105e-01,-7.090314191934007360e-01,9.972744465965920346e-01
7.318561294511601867e-01,-6.814591739677196003e-01,1.035613394215233241e+00
7.633040534682871137e-01,-6.460394120786148164e-01,1.082633078041117747e+00
7.925649787886644981e-01,-6.097874665797287097e-01,1.128159245602276206e+00
8.214641711063112028e-01,-5.702601297553784310e-01,1.174803384411378993e+00
8.464820860110554568e-01,-5.324172030112965803e-01,1.216531921937627825e+00
8.774811305820320317e-01,-4.796111607046680825e-01,1.269973134527521141e+00
9.065714703817471243e-01,-4.220523298003188151e-01,1.321871830910122947e+00
9.276579873768598938e-01,-3.734309286279240969e-01,1.360549341544086133e+00
9.366846671974953242e-01,-3.501740056559273229e-01,1.377378165762882523e+00
9.470184066720440663e-01,-3.211792917115656731e-01,1.396843862575656958e+00
9.614308156771208536e-01,-2.750468808520212805e-01,1.424349213333574005e+00
9.739313165218350665e-01,-2.268430970914588618e-01,1.448542209301955097e+00
9.835795627130173857e-01,-1.804750503899903713e-01,1.467428756186730521e+00
9.923421844186661733e-01,-1.235191848385906455e-01,1.484743010976810051e+00
9.983694991670828411e-01,-5.708189846937625211e-02,1.496741656867131898e+00
9.993337361257170759e-01,-3.649772377855413363e-02,1.498667916158984426e+00
9.998335409527824291e-01,1.824528393368429063e-02,1.499667109614179150e+00
9.950564667014781817e-01,9.931076515448938880e-02,1.490137371924429743e+00
9.911026327273370073e-01,1.330998549997002567e-01,1.482284428599058845e+00
9.890267314654689335e-01,1.477366726535130903e-01,1.478173875553268735e+00
9.801441342850136795e-01,1.982863485635886769e-01,1.460682523973318991e+00
9.640816280750257317e-01,2.656061264508176034e-01,1.429453385591792358e+00
9.591780625244691327e-01,2.828028365695889890e-01,1.420022555628194461e+00
9.378840818120951495e-01,3.469487701138068703e-01,1.379626550916516869e+00
9.155930358540951275e-01,4.021061957934515263e-01,1.338310607304518562e+00
8.916083736672232307e-01,4.528073630215053158e-01,1.294965491993510742e+00
8.859758535861044226e-01,4.637313736015427623e-01,1.284953213137626449e+00
8.663568067644912274e-01,4.994255533839191963e-01,1.250574116627165999e+00
8.413088780363932040e-01,5.405546889419656775e-01,1.207800628262854614e+00
8.036361077728501057e-01,5.951210013801427889e-01,1.145830993716296042e+00
7.875791135924347097e-01,6.162135505106609568e-01,1.120280860167045089e+00
7.521328429865755671e-01,6.590115222823734742e-01,1.065703813499068620e+00
7.100325191704255356e-01,7.041688872142104483e-01,1.004146178279500701e+00
6.841106992152978794e-01,7.293781949161601830e-01,9.680074487808438821e-01
6.472092653247912830e-01,7.623123814275509780e-01,9.188798331222560734e-01
6.222867962179380319e-01,7.827893351680351719e-01,8.872408567471855578e-01
5.813853419520075283e-01,8.136283452310073550e-01,8.380089158366527124e-01
5.237230219028680134e-01,8.518886055869793195e-01,7.742858036710720260e-01
4.797370218409119924e-01,8.774123260333264174e-01,7.301476101247876827e-01
4.390133159232240678e-01,8.984805554056779497e-01,6.927326915579045119e-01
4.099671328983539587e-01,9.121002959889352724e-01,6.680730500568965446e-01
3.723285504462741646e-01,9.281009915534926824e-01,6.386285494774237570e-01
3.243496511834898510e-01,9.459372620724635361e-01,6.052026962228516105e-01
2.904524042752352764e-01,9.568894402441356917e-01,5.843625991492646943e-01
2.449984048201337139e-01,9.695234817350170120e-01,5.600242183644101868e-01
1.978834518933647313e-01,9.802255554038399321e-01,5.391578605332336682e-01
1.346218386872215789e-01,9.908970484104147047e-01,5.181230394515283777e-01
9.159719234726354520e-02,9.957961409616420401e-01,5.083900456459016226e-01
5.885764476928258271e-02,9.982663861175598008e-01,5.034642223477869827e-01
-1.803950088910511243e-02,9.998372749641173396e-01,5.003254235923280113e-01
-1.521779127314208946e-01,9.883531164906134148e-01,5.231581171232919658e-01
-1.938693327515541021e-01,9.810273603822001753e-01,5.375853181815328785e-01
-2.326390015886601603e-01,9.725631573012785136e-01,5.541209050601686448e-01
-2.773833580169525748e-01,9.607593208994847922e-01,5.769415273047608927e-01
-3.207233028532602281e-01,9.471729319437374173e-01,6.028634369931040737e-01
-3.649349840770592102e-01,9.310330055356128565e-01,6.331775426033234844e-01
-4.080935694392412993e-01,9.129401067881393050e-01,6.665403614176608205e-01
-4.577578668842530729e-01,8.890769006703405086e-01,7.095422646944216094e-01
-4.975892536300411950e-01,8.674127821699991747e-01,7.475950653281014935e-01
-5.339880709440329998e-01,8.454920106597521023e-01,7.851432599105295784e-01
-5.836938967565322711e-01,8.119737895333658528e-01,8.406985651108253021e-01
-6.252183543181657477e-01,7.804498763044840359e-01,8.908979905763154683e-01
-6.752224475551887872e-01,7.376141581596574737e-01,9.559253536824197095e-01
-6.926177265991755316e-01,7.213048487294326794e-01,9.797193151994101346e-01
-7.267313239145183346e-01,6.869218171243736126e-01,1.028138417158548590e+00
-7.580629313475903963e-01,6.521814104347796182e-01,1.074659407883301387e+00
-7.883318334754590984e-01,6.152502907997857706e-01,1.121467079670779077e+00
-8.076164174641781157e-01,5.897081670134188824e-01,1.152244277757673574e+00
-8.350970305200046129e-01,5.501026718865038578e-01,1.197387050383329488e+00
-8.596903946389998774e-01,5.108154513769533889e-01,1.239067574634559410e+00
-9.018440153147857519e-01,4.320617687795397788e-01,1.313322627959095490e+00
0.000000000000000000e+00,0.000000000000000000e+00,1.000000000000000000e+00
0.000000000000000000e+00,0.000000000000000000e+00,1.000000000000000000e+00
0.000000000000000000e+00,0.000000000000000000e+00,1.000000000000000000e+00
0.000000000000000000e+00,0.000000000000000000e+00,1.000000000000000000e+00
0.000000000000000000e+00,0.000000000000000000e+00,1.000000000000000000e+00
0.000000000000000000e+00,0.000000000000000000e+00,1.000000000000000000e+00
0.000000000000000000e+00,0.000000000000000000e+00,1.000000000000000000e+00
0.000000000000000000e+00,0.000000000000000000e+00,1.000000000000000000e+00
0.000000000000000000e+00,0.000000000000000000e+00,1.000000000000000000e+00
0.000000000000000000e+00,0.000000000000000000e+00,1.000000000000000000e+00
0.000000000000000000e+00,0.000000000000000000e+00,1.000000000000000000e+00
0.000000000000000000e+00,0.000000000000000000e+00,1.000000000000000000e+00
0.000000000000000000e+00,0.000000000000000000e+00,1.000000000000000000e+00
0.000000000000000000e+00,0.000000000000000000e+00,1.000000000000000000e+00
0.000000000000000000e+00,0.000000000000000000e+00,1.000000000000000000e+00
0.000000000000000000e+00,0.000000000000000000e+00,1.000000000000000000e+00
0.000000000000000000e+00,0.000000000000000000e+00,1.000000000000000000e+00
0.000000000000000000e+00,0.000000000000000000e+00,1.000000000000000000e+00
0.000000000000000000e+00,0.000000000000000000e+00,1.000000000000000000e+00
0.000000000000000000e+00,0.000000000000000000e+00,1.000000000000000000e+00
0.000000000000000000e+00,0.000000000000000000e+00,1.000000000000000000e+00
0.000000000000000000e+00,0.000000000000000000e+00,1.000000000000000000e+00
0.000000000000000000e+00,0.000000000000000000e+00,1.000000000000000000e+00
0.000000000000000000e+00,0.000000000000000000e+00,1.000000000000000000e+00
0.000000000000000000e+00,0.000000000000000000e+00,1.000000000000000000e+00
0.000000000000000000e+00,0.000000000000000000e+00,1.000000000000000000e+00
0.000000000000000000e+00,0.000000000000000000e+00,1.000000000000000000e+00
0.000000000000000000e+00,0.000000000000000000e+00,1.000000000000000000e+00
0.000000000000000000e+00,0.000000000000000000e+00,1.000000000000000000e+00
0.000000000000000000e+00,0.000000000000000000e+00,1.000000000000000000e+00
0.000000000000000000e+00,0.000000000000000000e+00,1.000000000000000000e+00
0.000000000000000000e+00,0.000000000000000000e+00,1.000000000000000000e+00
0.000000000000000000e+00,0.000000000000000000e+00,1.000000000000000000e+00
0.000000000000000000e+00,0.000000000000000000e+00,1.000000000000000000e+00
0.000000000000000000e+00,0.000000000000000000e+00,1.000000000000000000e+00
0.000000000000000000e+00,0.000000000000000000e+00,1.000000000000000000e+00
0.000000000000000000e+00,0.000000000000000000e+00,1.000000000000000000e+00
0.000000000000000000e+00,0.000000000000000000e+00,1.000000000000000000e+00
0.000000000000000000e+00,0.000000000000000000e+00,1.000000000000000000e+00
0.000000000000000000e+00,0.000000000000000000e+00,1.000000000000000000e+00
0.000000000000000000e+00,0.000000000000000000e+00,1.000000000000000000e+00
0.000000000000000000e+00,0.000000000000000000e+00,1.000000000000000000e+00
0.000000000000000000e+00,0.000000000000000000e+00,1.000000000000000000e+00
0.000000000000000000e+00,0.000000000000000000e+00,1.000000000000000000e+00
0.000000000000000000e+00,0.000000000000000000e+00,1.000000000000000000e+00
0.000000000000000000e+00,0.000000000000000000e+00,1.000000000000000000e+00
0.000000000000000000e+00,0.000000000000000000e+00,1.000000000000000000e+00
0.000000000000000000e+00,0.000000000000000000e+00,1.000000000000000000e+00
0.000000000000000000e+00,0.000000000000000000e+00,1.000000000000000000e+00
0.000000000000000000e+00,0.000000000000000000e+00,1.000000000000000000e+00
0.000000000000000000e+00,0.000000000000000000e+00,1.000000000000000000e+00
0.000000000000000000e+00,0.000000000000000000e+00,1.000000000000000000e+00
0.000000000000000000e+00,0.000000000000000000e+00,1.000000000000000000e+00
0.000000000000000000e+00,0.000000000000000000e+00,1.000000000000000000e+00
0.000000000000000000e+00,0.000000000000000000e+00,1.000000000000000000e+00
0.000000000000000000e+00,0.000000000000000000e+00,1.000000000000000000e+00
0.000000000000000000e+00,0.000000000000000000e+00,1.000000000000000000e+00
0.000000000000000000e+00,0.000000000000000000e+00,1.000000000000000000e+00
0.000000000000000000e+00,0.000000000000000000e+00,1.000000000000000000e+00
0.000000000000000000e+00,0.000000000000000000e+00,1.000000000000000000e+00
0.000000000000000000e+00,0.000000000000000000e+00,1.000000000000000000e+00
0.000000000000000000e+00,0.000000000000000000e+00,1.000000000000000000e+00
0.000000000000000000e+00,0.000000000000000000e+00,1.000000000000000000e+00
0.000000000000000000e+00,0.000000000000000000e+00,1.000000000000000000e+00
0.000000000000000000e+00,0.000000000000000000e+00,1.000000000000000000e+00
0.000000000000000000e+00,0.000000000000000000e+00,1.000000000000000000e+00
0.000000000000000000e+00,0.000000000000000000e+00,1.000000000000000000e+00
0.000000000000000000e+00,0.000000000000000000e+00,1.000000000000000000e+00
0.000000000000000000e+00,0.000000000000000000e+00,1.000000000000000000e+00
0.000000000000000000e+00,0.000000000000000000e+00,1.000000000000000000e+00
0.000000000000000000e+00,0.000000000000000000e+00,1.000000000000000000e+00
0.000000000000000000e+00,0.000000000000000000e+00,1.000000000000000000e+00
0.000000000000000000e+00,0.000000000000000000e+00,1.000000000000000000e+00
0.000000000000000000e+00,0.000000000000000000e+00,1.000000000000000000e+00
0.000000000000000000e+00,0.000000000000000000e+00,1.000000000000000000e+00
0.000000000000000000e+00,0.000000000000000000e+00,1.000000000000000000e+00
0.000000000000000000e+00,0.000000000000000000e+00,1.000000000000000000e+00
0.000000000000000000e+00,0.000000000000000000e+00,1.000000000000000000e+00
0.000000000000000000e+00,0.000000000000000000e+00,1.000000000000000000e+00
0.000000000000000000e+00,0.000000000000000000e+00,1.000000000000000000e+00
0.000000000000000000e+00,0.000000000000000000e+00,1.000000000000000000e+00
0.000000000000000000e+00,0.000000000000000000e+00,1.000000000000000000e+00
0.000000000000000000e+00,0.000000000000000000e+00,1.000000000000000000e+00
0.000000000000000000e+00,0.000000000000000000e+00,1.000000000000000000e+00
0.000000000000000000e+00,0.000000000000000000e+00,1.000000000000000000e+00
0.000000000000000000e+00,0.000000000000000000e+00,1.000000000000000000e+00
0.000000000000000000e+00,0.000000000000000000e+00,1.000000000000000000e+00
0.000000000000000000e+00,0.000000000000000000e+00,1.000000000000000000e+00
0.000000000000000000e+00,0.000000000000000000e+00,1.000000000000000000e+00
0.000000000000000000e+00,0.000000000000000000e+00,1.000000000000000000e+00
0.000000000000000000e+00,0.000000000000000000e+00,1.000000000000000000e+00
0.000000000000000000e+00,0.000000000000000000e+00,1.000000000000000000e+00
0.000000000000000000e+00,0.000000000000000000e+00,1.000000000000000000e+00
0.000000000000000000e+00,0.000000000000000000e+00,1.000000000000000000e+00
0.000000000000000000e+00,0.000000000000000000e+00,1.000000000000000000e+00
0.000000000000000000e+00,0.000000000000000000e+00,1.000000000000000000e+00
0.000000000000000000e+00,0.000000000000000000e+00,1.000000000000000000e+00
0.000000000000000000e+00,0.000000000000000000e+00,1.000000000000000000e+00
0.000000000000000000e+00,0.000000000000000000e+00,1.000000000000000000e+00
0.000000000000000000e+00,0.000000000000000000e+00,1.000000000000000000e+00
0.000000000000000000e+00,0.000000000000000000e+00,1.000000000000000000e+00
0.000000000000000000e+00,0.000000000000000000e+00,1.000000000000000000e+00
0.000000000000000000e+00,0.000000000000000000e+00,1.000000000000000000e+00
0.000000000000000000e+00,0.000000000000000000e+00,1.000000000000000000e+00
0.000000000000000000e+00,0.000000000000000000e+00,1.000000000000000000e+00
0.000000000000000000e+00,0.000000000000000000e+00,1.000000000000000000e+00
0.000000000000000000e+00,0.000000000000000000e+00,1.000000000000000000e+00
0.000000000000000000e+00,0.000000000000000000e+00,1.000000000000000000e+00
0.000000000000000000e+00,0.000000000000000000e+00,1.000000000000000000e+00
0.000000000000000000e+00,0.000000000000000000e+00,1.000000000000000000e+00
0.000000000000000000e+00,0.000000000000000000e+00,1.000000000000000000e+00
0.000000000000000000e+00,0.000000000000000000e+00,1.000000000000000000e+00
0.000000000000000000e+00,0.000000000000000000e+00,1.000000000000000000e+00
0.000000000000000000e+00,0.000000000000000000e+00,1.000000000000000000e+00
0.000000000000000000e+00,0.000000000000000000e+00,1.000000000000000000e+00
0.000000000000000000e+00,0.000000000000000000e+00,1.000000000000000000e+00
0.000000000000000000e+00,0.000000000000000000e+00,1.000000000000000000e+00
0.000000000000000000e+00,0.000000000000000000e+00,1.000000000000000000e+00
0.000000000000000000e+00,0.000000000000000000e+00,1.000000000000000000e+00
0.000000000000000000e+00,0.000000000000000000e+00,1.000000000000000000e+00
0.000000000000000000e+00,0.000000000000000000e+00,1.000000000000000000e+00
0.000000000000000000e+00,0.000000000000000000e+00,1.000000000000000000e+00
0.000000000000000000e+00,0.000000000000000000e+00,1.000000000000000000e+00
0.000000000000000000e+00,0.000000000000000000e+00,1.000000000000000000e+00
0.000000000000000000e+00,0.000000000000000000e+00,1.000000000000000000e+00
0.000000000000000000e+00,0.000000000000000000e+00,1.000000000000000000e+00
0.000000000000000000e+00,0.000000000000000000e+00,1.000000000000000000e+00
0.000000000000000000e+00,0.000000000000000000e+00,1.000000000000000000e+00
0.000000000000000000e+00,0.000000000000000000e+00,1.000000000000000000e+00
0.000000000000000000e+00,0.000000000000000000e+00,1.000000000000000000e+00
0.000000000000000000e+00,0.000000000000000000e+00,1.000000000000000000e+00
0.000000000000000000e+00,0.000000000000000000e+00,1.000000000000000000e+00
0.000000000000000000e+00,0.000000000000000000e+00,1.000000000000000000e+00
0.000000000000000000e+00,0.000000000000000000e+00,1.000000000000000000e+00
0.000000000000000000e+00,0.000000000000000000e+00,1.000000000000000000e+00
0.000000000000000000e+00,0.000000000000000000e+00,1.000000000000000000e+00
0.000000000000000000e+00,0.000000000000000000e+00,1.000000000000000000e+00
0.000000000000000000e+00,0.000000000000000000e+00,1.000000000000000000e+00
0.000000000000000000e+00,0.000000000000000000e+00,1.000000000000000000e+00
0.000000000000000000e+00,0.000000000000000000e+00,1.000000000000000000e+00
0.000000000000000000e+00,0.000000000000000000e+00,1.000000000000000000e+00
0.000000000000000000e+00,0.000000000000000000e+00,1.000000000000000000e+00
