3.498223423957824707e-01,-8.394166231155395508e-01
3.498223423957824707e-01,-8.394166231155395508e-01
1.805126309394836426e+00,1.209302186965942383e+00
2.613494157791137695e+00,2.353216648101806641e+00
1.123601150512695312e+01,1.213741397857666016e+01
1.589690971374511719e+01,1.645368576049804688e+01
2.559150314331054688e+01,2.515813064575195312e+01
2.477549362182617188e+01,2.489024543762207031e+01
2.378134155273437500e+01,2.279487991333007812e+01
2.636940956115722656e+01,1.730444526672363281e+01
2.679660987854003906e+01,1.686740875244140625e+01
2.679660987854003906e+01,1.686740875244140625e+01
2.531735992431640625e+01,1.327369880676269531e+01
2.531735992431640625e+01,1.327369880676269531e+01
2.081035423278808594e+01,9.832002639770507812e+00
1.779558563232421875e+01,8.741923332214355469e+00
1.539382171630859375e+01,8.432682991027832031e+00
2.814513742923736572e-01,7.935834884643554688e+00
-4.042095661163330078e+00,7.453061103820800781e+00
-8.101892471313476562e+00,6.716003894805908203e+00
-9.949676513671875000e+00,6.336747169494628906e+00
-1.547294902801513672e+01,5.385043144226074219e+00
-2.072007560729980469e+01,5.639668941497802734e+00
-2.161074066162109375e+01,5.965515613555908203e+00
-2.755190658569335938e+01,9.857823371887207031e+00
-2.784254074096679688e+01,1.035330486297607422e+01
-2.803348350524902344e+01,1.131754207611083984e+01
-2.772886085510253906e+01,1.233978176116943359e+01
-2.550483322143554688e+01,1.382284927368164062e+01
-2.491173934936523438e+01,1.381207847595214844e+01
-2.244291114807128906e+01,1.324792003631591797e+01
-2.018069267272949219e+01,1.233825016021728516e+01
-1.726049041748046875e+01,1.113199520111083984e+01
-1.258713722229003906e+01,8.790683746337890625e+00
-7.917613029479980469e+00,5.497617244720458984e+00
-6.019247531890869141e+00,4.120332717895507812e+00
-3.722737312316894531e+00,1.901205301284790039e+00
-2.368592739105224609e+00,2.678336501121520996e-01
-8.762585520744323730e-01,-1.855758070945739746e+00
4.534704387187957764e-01,-4.859631538391113281e+00
1.865553855895996094e-01,-6.854944229125976562e+00
-5.679211616516113281e-01,-7.995393276214599609e+00
-2.265653133392333984e+00,-8.869780540466308594e+00
-3.614658355712890625e+00,-8.876482963562011719e+00
-5.193131923675537109e+00,-8.494485855102539062e+00
-5.193131923675537109e+00,-8.494485855102539062e+00
-7.443175315856933594e+00,-7.382069110870361328e+00
-1.055607318878173828e+01,-4.568521976470947266e+00
-1.278799629211425781e+01,-9.796603918075561523e-01
-1.483596897125244141e+01,3.290968418121337891e+00
-1.570376873016357422e+01,4.836888790130615234e+00
-1.681309890747070312e+01,7.376018047332763672e+00
-1.717417144775390625e+01,8.863850593566894531e+00
-1.727722549438476562e+01,9.748110771179199219e+00
-1.743306922912597656e+01,1.083402919769287109e+01
-1.758482933044433594e+01,1.143235588073730469e+01
-1.769965934753417969e+01,1.181963729858398438e+01
-1.774197196960449219e+01,1.201610946655273438e+01
-1.781394958496093750e+01,1.253332996368408203e+01
-1.808836174011230469e+01,1.289308452606201172e+01
-1.806193351745605469e+01,1.288295841217041016e+01
-1.806193351745605469e+01,1.288295841217041016e+01
-1.805674362182617188e+01,1.281980419158935547e+01
-1.802689170837402344e+01,1.257153606414794922e+01
-1.793147468566894531e+01,1.210441875457763672e+01
-1.781269454956054688e+01,1.103383350372314453e+01
-1.747224235534667969e+01,1.012148857116699219e+01
-1.681952857971191406e+01,9.103623390197753906e+00
-1.619685554504394531e+01,8.155156135559082031e+00
-1.575282478332519531e+01,7.085990905761718750e+00
-1.536496257781982422e+01,6.343252658843994141e+00
-1.471752166748046875e+01,5.462314128875732422e+00
-1.358095741271972656e+01,3.269866466522216797e+00
-1.324957180023193359e+01,2.728600502014160156e+00
-1.252853107452392578e+01,2.025896310806274414e+00
-1.203441333770751953e+01,1.637107610702514648e+00
-1.156615543365478516e+01,1.306431055068969727e+00
-1.147821235656738281e+01,1.226314425468444824e+00
-1.072678470611572266e+01,8.184367418289184570e-01
-1.072678470611572266e+01,8.184367418289184570e-01
-1.040815067291259766e+01,1.084367871284484863e+00
-1.123714160919189453e+01,2.277696371078491211e+00
-1.177508831024169922e+01,3.044517278671264648e+00
-1.177344322204589844e+01,3.298085212707519531e+00
-1.097887992858886719e+01,4.583019733428955078e+00
-1.002152061462402344e+01,5.730462551116943359e+00
-9.996724128723144531e+00,6.319541454315185547e+00
-9.605095863342285156e+00,7.030758380889892578e+00
-9.258289337158203125e+00,7.206845760345458984e+00
-8.779285430908203125e+00,7.161968708038330078e+00
-8.810421943664550781e+00,7.078449249267578125e+00
-9.315254211425781250e+00,6.930567741394042969e+00
-9.471963882446289062e+00,6.838314533233642578e+00
-9.310086250305175781e+00,6.546581268310546875e+00
-9.724240303039550781e+00,5.598511695861816406e+00
-9.873600959777832031e+00,5.374722480773925781e+00
-1.010910129547119141e+01,5.044786930084228516e+00
-1.083813190460205078e+01,4.672320365905761719e+00
-1.178450202941894531e+01,4.110591888427734375e+00
-1.178450202941894531e+01,4.110591888427734375e+00
-1.206272983551025391e+01,3.502356767654418945e+00
-1.245235347747802734e+01,3.315985679626464844e+00
-1.299659442901611328e+01,3.188742637634277344e+00
-1.324045276641845703e+01,3.194169282913208008e+00
-1.324045276641845703e+01,3.194169282913208008e+00
-1.333108615875244141e+01,3.480396032333374023e+00
-1.399833679199218750e+01,4.013627052307128906e+00
-1.444336700439453125e+01,4.979712486267089844e+00
-1.418376255035400391e+01,5.358955860137939453e+00
-1.413687229156494141e+01,5.490598678588867188e+00
-1.418917846679687500e+01,5.561895847320556641e+00
-1.442447948455810547e+01,5.867192268371582031e+00
-1.525751972198486328e+01,8.225860595703125000e+00
-1.512551975250244141e+01,8.246098518371582031e+00
-1.512551975250244141e+01,8.246098518371582031e+00
-1.481312751770019531e+01,8.247840881347656250e+00
-1.492547416687011719e+01,8.377460479736328125e+00
-1.505549144744873047e+01,8.488310813903808594e+00
-1.505549144744873047e+01,8.488310813903808594e+00
-1.613033103942871094e+01,9.453884124755859375e+00
-1.613033103942871094e+01,9.453884124755859375e+00
-1.558479309082031250e+01,9.546223640441894531e+00
-1.558259963989257812e+01,9.278941154479980469e+00
-1.587346458435058594e+01,9.195972442626953125e+00
-1.620929908752441406e+01,9.462634086608886719e+00
-1.621565818786621094e+01,9.506736755371093750e+00
-1.613225364685058594e+01,9.618309020996093750e+00
-1.555765056610107422e+01,9.056384086608886719e+00
-1.544742774963378906e+01,8.931368827819824219e+00
-1.505533981323242188e+01,8.926402091979980469e+00
-1.495163536071777344e+01,8.837051391601562500e+00
-1.495163536071777344e+01,8.837051391601562500e+00
-1.491453361511230469e+01,8.823299407958984375e+00
-1.463982868194580078e+01,8.720193862915039062e+00
-1.418041801452636719e+01,8.179590225219726562e+00
-1.371016979217529297e+01,7.690039634704589844e+00
-1.337787151336669922e+01,7.379208564758300781e+00
-1.269999694824218750e+01,7.375894546508789062e+00
-1.266762638092041016e+01,7.417904376983642578e+00
-1.239956474304199219e+01,6.855435848236083984e+00
-1.225223636627197266e+01,6.668941497802734375e+00
-1.210059165954589844e+01,6.574111938476562500e+00
-1.134809303283691406e+01,6.322855949401855469e+00
-1.096886062622070312e+01,6.165036201477050781e+00
-1.005489253997802734e+01,5.183222770690917969e+00
-9.841600418090820312e+00,4.955507278442382812e+00
-9.841374397277832031e+00,5.003115653991699219e+00
-9.990067481994628906e+00,5.194695949554443359e+00
-1.008943843841552734e+01,5.404153823852539062e+00
-9.770263671875000000e+00,5.520213603973388672e+00
-9.517697334289550781e+00,5.049281120300292969e+00
-9.560242652893066406e+00,4.733154296875000000e+00
-9.611480712890625000e+00,4.619498729705810547e+00
-9.883020401000976562e+00,4.396592140197753906e+00
-1.005376338958740234e+01,4.137846469879150391e+00
-1.028169345855712891e+01,3.950595617294311523e+00
-1.028169345855712891e+01,3.950595617294311523e+00
-1.084059429168701172e+01,3.822310209274291992e+00
-1.172671699523925781e+01,4.211302757263183594e+00
-1.172671699523925781e+01,4.211302757263183594e+00
-1.181137657165527344e+01,4.288217067718505859e+00
-1.187691688537597656e+01,4.197573184967041016e+00
-1.176024627685546875e+01,3.769158124923706055e+00
-1.174915885925292969e+01,3.715954303741455078e+00
-1.173632240295410156e+01,3.167797088623046875e+00
-1.171651935577392578e+01,3.000537633895874023e+00
-1.184832191467285156e+01,2.820131063461303711e+00
-1.204937362670898438e+01,2.722003936767578125e+00
-1.298891258239746094e+01,3.035140514373779297e+00
-1.331937408447265625e+01,3.284531593322753906e+00
-1.331937408447265625e+01,3.284531593322753906e+00
-1.392934226989746094e+01,3.777562379837036133e+00
-1.438720512390136719e+01,4.161526203155517578e+00
-1.468702507019042969e+01,4.520781993865966797e+00
-1.471250534057617188e+01,4.748556613922119141e+00
-1.435037040710449219e+01,5.278303623199462891e+00
-1.433724975585937500e+01,5.687798976898193359e+00
-1.441800594329833984e+01,6.550595760345458984e+00
-1.459589004516601562e+01,7.240808486938476562e+00
-1.459589004516601562e+01,7.240808486938476562e+00
-1.469294643402099609e+01,8.053994178771972656e+00
-1.490515518188476562e+01,8.482017517089843750e+00
-1.502905845642089844e+01,8.869636535644531250e+00
-1.504214572906494141e+01,9.255614280700683594e+00
-1.503919124603271484e+01,9.337349891662597656e+00
-1.513443183898925781e+01,9.679924964904785156e+00
-1.510741138458251953e+01,9.699883460998535156e+00
-1.539512634277343750e+01,9.600299835205078125e+00
-1.571887397766113281e+01,9.569703102111816406e+00
-1.588385295867919922e+01,9.511550903320312500e+00
-1.604563522338867188e+01,9.317816734313964844e+00
-1.584783267974853516e+01,9.021937370300292969e+00
-1.584783267974853516e+01,9.021937370300292969e+00
-1.576716613769531250e+01,8.734864234924316406e+00
-1.644607162475585938e+01,8.947710990905761719e+00
-1.652763366699218750e+01,8.984310150146484375e+00
-1.599309730529785156e+01,8.406814575195312500e+00
-1.576869106292724609e+01,7.962345600128173828e+00
-1.577002143859863281e+01,7.982146263122558594e+00
-1.582480335235595703e+01,8.362903594970703125e+00
-1.586802768707275391e+01,9.101122856140136719e+00
-1.554435157775878906e+01,9.317028045654296875e+00
-1.450775146484375000e+01,9.021110534667968750e+00
-1.337891101837158203e+01,8.172846794128417969e+00
-1.317763233184814453e+01,7.946285247802734375e+00
-1.132302761077880859e+01,8.415184020996093750e+00
-1.099133205413818359e+01,8.422051429748535156e+00
-9.630542755126953125e+00,8.025821685791015625e+00
-9.259698867797851562e+00,7.622105598449707031e+00
-9.149178504943847656e+00,7.321829319000244141e+00
-8.779443740844726562e+00,6.982918262481689453e+00
-8.092528343200683594e+00,6.240801334381103516e+00
-7.206703662872314453e+00,5.289375305175781250e+00
-7.166376590728759766e+00,4.879115581512451172e+00
-7.413581848144531250e+00,4.746639728546142578e+00
-8.304801940917968750e+00,5.164706707000732422e+00
-8.037448883056640625e+00,5.677625179290771484e+00
-7.432868480682373047e+00,5.752023220062255859e+00
-7.199449062347412109e+00,5.616198062896728516e+00
-7.477808475494384766e+00,5.541988849639892578e+00
-8.062808990478515625e+00,5.570604324340820312e+00
-8.824390411376953125e+00,6.168508052825927734e+00
-8.985602378845214844e+00,6.441572189331054688e+00
-8.988867759704589844e+00,6.564292430877685547e+00
-9.447366714477539062e+00,6.972140789031982422e+00
-1.000306224822998047e+01,7.342599868774414062e+00
-1.025930690765380859e+01,7.289085388183593750e+00
-1.030262565612792969e+01,7.341363430023193359e+00
-1.059035015106201172e+01,7.201010704040527344e+00
-1.093937873840332031e+01,6.852632522583007812e+00
-1.115681648254394531e+01,6.488717079162597656e+00
-1.142868518829345703e+01,5.779820919036865234e+00
-1.145742321014404297e+01,5.418039321899414062e+00
-1.193957614898681641e+01,4.904936313629150391e+00
-1.233926582336425781e+01,4.861945152282714844e+00
-1.297235774993896484e+01,4.863480567932128906e+00
-1.313468933105468750e+01,4.557277202606201172e+00
-1.308095741271972656e+01,4.460258007049560547e+00
-1.304843139648437500e+01,4.296332359313964844e+00
-1.321280097961425781e+01,4.210729122161865234e+00
-1.418339633941650391e+01,4.878965854644775391e+00
-1.495550441741943359e+01,6.019211769104003906e+00
-1.499679470062255859e+01,6.164723396301269531e+00
-1.457407760620117188e+01,6.686785221099853516e+00
-1.457407760620117188e+01,6.686785221099853516e+00
-1.460291671752929688e+01,6.925630569458007812e+00
-1.486841583251953125e+01,7.707389831542968750e+00
-1.497025108337402344e+01,7.928967952728271484e+00
-1.516482353210449219e+01,8.854958534240722656e+00
-1.506294155120849609e+01,9.066005706787109375e+00
-1.490172481536865234e+01,9.436949729919433594e+00
-1.490172481536865234e+01,9.436949729919433594e+00
-1.513322544097900391e+01,9.688245773315429688e+00
-1.538867664337158203e+01,1.006420612335205078e+01
-1.524311351776123047e+01,1.021336555480957031e+01
-1.498706531524658203e+01,1.011445236206054688e+01
-1.504033374786376953e+01,9.912832260131835938e+00
-1.548135566711425781e+01,1.019015884399414062e+01
-1.575262641906738281e+01,1.049387836456298828e+01
-1.579612159729003906e+01,1.059341907501220703e+01
-1.577577590942382812e+01,1.059261322021484375e+01
-1.574331378936767578e+01,9.916369438171386719e+00
-1.548353385925292969e+01,9.655029296875000000e+00
-1.430710411071777344e+01,8.033649444580078125e+00
-1.415519809722900391e+01,8.018614768981933594e+00
-1.378315639495849609e+01,8.079342842102050781e+00
-1.321475124359130859e+01,7.726213932037353516e+00
-1.279503917694091797e+01,7.326032161712646484e+00
-1.262555217742919922e+01,7.208817958831787109e+00
-1.238398456573486328e+01,7.076318264007568359e+00
-1.238398456573486328e+01,7.076318264007568359e+00
-1.189349842071533203e+01,6.875612735748291016e+00
-1.153690528869628906e+01,6.685624122619628906e+00
-1.094423866271972656e+01,6.413505077362060547e+00
-9.741718292236328125e+00,5.626986503601074219e+00
-9.368632316589355469e+00,5.353957176208496094e+00
-8.887667655944824219e+00,5.138996124267578125e+00
-8.255344390869140625e+00,4.985101699829101562e+00
-7.897655963897705078e+00,5.050910949707031250e+00
-8.210105895996093750e+00,5.235757827758789062e+00
-8.548179626464843750e+00,5.535215854644775391e+00
-8.900959014892578125e+00,5.981804847717285156e+00
-9.296870231628417969e+00,6.454400539398193359e+00
-9.296870231628417969e+00,6.454400539398193359e+00
-9.733545303344726562e+00,6.546967983245849609e+00
-1.051004219055175781e+01,6.536056995391845703e+00
-1.082817363739013672e+01,6.948105812072753906e+00
-1.090410327911376953e+01,7.201315402984619141e+00
-1.095021152496337891e+01,7.326406478881835938e+00
-1.094473171234130859e+01,7.166975975036621094e+00
-1.081895637512207031e+01,6.865046024322509766e+00
-1.081895637512207031e+01,6.865046024322509766e+00
-1.097042465209960938e+01,6.565604686737060547e+00
-1.133095073699951172e+01,6.191849708557128906e+00
-1.132985591888427734e+01,6.010516166687011719e+00
-1.126841926574707031e+01,5.894972324371337891e+00
-1.118640899658203125e+01,5.656512260437011719e+00
-1.124979305267333984e+01,5.317016124725341797e+00
-1.243727397918701172e+01,5.097345829010009766e+00
-1.243727397918701172e+01,5.097345829010009766e+00
-1.248381233215332031e+01,4.552648067474365234e+00
-1.269461727142333984e+01,4.291559696197509766e+00
-1.324136638641357422e+01,4.316238880157470703e+00
-1.334348678588867188e+01,4.332326412200927734e+00
-1.340963649749755859e+01,4.431586265563964844e+00
-1.330373382568359375e+01,4.366190910339355469e+00
-1.335700988769531250e+01,4.459028244018554688e+00
-1.374990558624267578e+01,5.133112907409667969e+00
-1.392317390441894531e+01,5.674325942993164062e+00
-1.366617012023925781e+01,6.177544593811035156e+00
-1.382911777496337891e+01,6.480281352996826172e+00
-1.404002952575683594e+01,6.787481307983398438e+00
-1.427145195007324219e+01,7.217193126678466797e+00
-1.435760307312011719e+01,8.276942253112792969e+00
-1.420668029785156250e+01,8.330883026123046875e+00
-1.368430519104003906e+01,8.473260879516601562e+00
-1.347367954254150391e+01,8.521057128906250000e+00
-1.344234752655029297e+01,8.704387664794921875e+00
-1.343857192993164062e+01,8.854599952697753906e+00
-1.347834968566894531e+01,8.950839996337890625e+00
-1.360658264160156250e+01,8.969670295715332031e+00
-1.440478801727294922e+01,9.421301841735839844e+00
-1.440478801727294922e+01,9.421301841735839844e+00
-1.463563156127929688e+01,9.600649833679199219e+00
-1.484012699127197266e+01,9.838896751403808594e+00
-1.444921493530273438e+01,9.497390747070312500e+00
-1.444921493530273438e+01,9.497390747070312500e+00
-1.476797485351562500e+01,9.398422241210937500e+00
-1.535397434234619141e+01,9.880098342895507812e+00
-1.454725170135498047e+01,9.669349670410156250e+00
-1.399336051940917969e+01,9.183328628540039062e+00
-1.399336051940917969e+01,9.183328628540039062e+00
-1.446315002441406250e+01,9.032149314880371094e+00
-1.456972980499267578e+01,8.945115089416503906e+00
-1.434994697570800781e+01,8.496044158935546875e+00
-1.398565196990966797e+01,8.192884445190429688e+00
-1.279372882843017578e+01,7.492535114288330078e+00
-1.267533683776855469e+01,7.201953411102294922e+00
-1.328482055664062500e+01,6.977855682373046875e+00
-1.312295436859130859e+01,7.036619663238525391e+00
-1.233688926696777344e+01,6.176166534423828125e+00
-1.264680099487304688e+01,5.832903385162353516e+00
-1.273816013336181641e+01,5.696592807769775391e+00
-1.221614265441894531e+01,5.805028915405273438e+00
-1.186671924591064453e+01,5.689237117767333984e+00
-1.188112640380859375e+01,5.720829010009765625e+00
-1.136166572570800781e+01,5.721703529357910156e+00
-1.107442188262939453e+01,5.759150505065917969e+00
-1.047848224639892578e+01,5.694307327270507812e+00
-9.755505561828613281e+00,5.436953067779541016e+00
-9.453306198120117188e+00,5.310384750366210938e+00
-9.058227539062500000e+00,5.399209499359130859e+00
-8.545269966125488281e+00,5.312720298767089844e+00
-7.143929481506347656e+00,3.307445764541625977e+00
-7.143929481506347656e+00,3.307445764541625977e+00
-7.476294040679931641e+00,2.115753889083862305e+00
-7.642117023468017578e+00,1.889129042625427246e+00
-7.675811290740966797e+00,1.645867824554443359e+00
-8.026986122131347656e+00,1.437031269073486328e+00
-8.651415824890136719e+00,1.183163523674011230e+00
-8.884517669677734375e+00,1.181180357933044434e+00
-1.057359123229980469e+01,1.333357691764831543e+00
-1.057359123229980469e+01,1.333357691764831543e+00
-1.113718128204345703e+01,1.571289300918579102e+00
-1.162098026275634766e+01,1.807769536972045898e+00
-1.218981361389160156e+01,1.927320718765258789e+00
-1.241404819488525391e+01,2.043514251708984375e+00
-1.290711879730224609e+01,2.490637779235839844e+00
-1.380222129821777344e+01,3.406724452972412109e+00
-1.405865287780761719e+01,3.807647228240966797e+00
-1.412672519683837891e+01,4.378091335296630859e+00
-1.403486633300781250e+01,5.087636947631835938e+00
-1.477061748504638672e+01,6.340372085571289062e+00
-1.477061748504638672e+01,6.340372085571289062e+00
-1.545092678070068359e+01,7.238201141357421875e+00
-1.553069019317626953e+01,7.483414173126220703e+00
-1.564066314697265625e+01,7.980220317840576172e+00
-1.579757595062255859e+01,8.400624275207519531e+00
-1.581605339050292969e+01,8.477590560913085938e+00
-1.576218700408935547e+01,8.768080711364746094e+00
-1.576569461822509766e+01,8.771925926208496094e+00
-1.591601657867431641e+01,8.682496070861816406e+00
-1.618575477600097656e+01,8.802142143249511719e+00
-1.593621349334716797e+01,8.717262268066406250e+00
-1.549327945709228516e+01,8.438820838928222656e+00
-1.535456180572509766e+01,8.243304252624511719e+00
-1.556605625152587891e+01,7.988279819488525391e+00
-1.597642803192138672e+01,7.837791919708251953e+00
-1.624738693237304688e+01,7.846446514129638672e+00
-1.628347396850585938e+01,7.624001979827880859e+00
-1.628347396850585938e+01,7.624001979827880859e+00
-1.631841278076171875e+01,7.546634674072265625e+00
-1.667318153381347656e+01,7.678906440734863281e+00
-1.686443328857421875e+01,7.618369579315185547e+00
-1.600531768798828125e+01,7.269680500030517578e+00
-1.601798820495605469e+01,7.156445980072021484e+00
-1.616971206665039062e+01,7.389526844024658203e+00
-1.632565498352050781e+01,7.826132774353027344e+00
-1.626008987426757812e+01,8.196804046630859375e+00
-1.547220134735107422e+01,8.222672462463378906e+00
-1.389491653442382812e+01,7.583446025848388672e+00
-1.389491653442382812e+01,7.583446025848388672e+00
-1.375807952880859375e+01,7.452195167541503906e+00
-1.343835067749023438e+01,7.889876365661621094e+00
-1.343835067749023438e+01,7.889876365661621094e+00
-1.219991588592529297e+01,7.322343826293945312e+00
-1.044606876373291016e+01,5.817626476287841797e+00
-1.032431411743164062e+01,5.512961864471435547e+00
-1.048058891296386719e+01,4.861563205718994141e+00
-1.048058891296386719e+01,4.861563205718994141e+00
-9.431633949279785156e+00,5.140057563781738281e+00
-8.421947479248046875e+00,4.771778106689453125e+00
-8.254940032958984375e+00,4.666955947875976562e+00
-7.685574531555175781e+00,4.430588245391845703e+00
-8.189630508422851562e+00,4.951699256896972656e+00
-8.318580627441406250e+00,5.185854911804199219e+00
-8.380626678466796875e+00,5.356831073760986328e+00
-8.578476905822753906e+00,5.529169082641601562e+00
-9.135234832763671875e+00,5.854726791381835938e+00
-9.594578742980957031e+00,6.108890056610107422e+00
-9.815595626831054688e+00,6.156527042388916016e+00
-1.023498630523681641e+01,6.406857490539550781e+00
-1.043349552154541016e+01,6.430744171142578125e+00
-1.071902370452880859e+01,6.426010131835937500e+00
-1.075025844573974609e+01,6.457178115844726562e+00
-1.078919696807861328e+01,6.477498054504394531e+00
-1.111687755584716797e+01,5.692519187927246094e+00
-1.166879367828369141e+01,5.390892505645751953e+00
-1.195297145843505859e+01,5.332071304321289062e+00
-1.210565757751464844e+01,5.225773811340332031e+00
-1.217295360565185547e+01,4.766161441802978516e+00
-1.245601177215576172e+01,4.653877735137939453e+00
-1.297219848632812500e+01,4.581356048583984375e+00
-1.382505893707275391e+01,4.728327274322509766e+00
-1.427208709716796875e+01,4.735032081604003906e+00
-1.427208709716796875e+01,4.735032081604003906e+00
-1.416774368286132812e+01,4.604559898376464844e+00
-1.429723930358886719e+01,4.646765708923339844e+00
-1.435402297973632812e+01,4.729015827178955078e+00
-1.438504219055175781e+01,5.243198394775390625e+00
-1.442397594451904297e+01,5.405414104461669922e+00
-1.438926792144775391e+01,5.622008323669433594e+00
-1.397699737548828125e+01,5.927237987518310547e+00
-1.403636837005615234e+01,6.568354129791259766e+00
-1.395449447631835938e+01,7.111598968505859375e+00
-1.395449447631835938e+01,7.111598968505859375e+00
-1.395449447631835938e+01,7.111598968505859375e+00
-1.382918548583984375e+01,7.448428630828857422e+00
-1.384462833404541016e+01,7.817625045776367188e+00
-1.381939411163330078e+01,8.156225204467773438e+00
-1.377582168579101562e+01,8.402193069458007812e+00
-1.383920001983642578e+01,8.585262298583984375e+00
-1.407851505279541016e+01,8.680734634399414062e+00
-1.427953243255615234e+01,8.743828773498535156e+00
-1.427953243255615234e+01,8.743828773498535156e+00
-1.437454032897949219e+01,8.835757255554199219e+00
-1.509322643280029297e+01,9.411070823669433594e+00
-1.509322643280029297e+01,9.411070823669433594e+00
-1.507594585418701172e+01,9.511546134948730469e+00
-1.546290206909179688e+01,9.330132484436035156e+00
-1.528810596466064453e+01,9.080016136169433594e+00
-1.525219726562500000e+01,9.302721977233886719e+00
-1.558106803894042969e+01,9.555951118469238281e+00
-1.570335388183593750e+01,9.592771530151367188e+00
-1.565260696411132812e+01,9.344882011413574219e+00
-1.543284606933593750e+01,9.236063003540039062e+00
-1.529095554351806641e+01,9.186578750610351562e+00
-1.508390331268310547e+01,9.125881195068359375e+00
-1.501205348968505859e+01,8.949975967407226562e+00
-1.466619300842285156e+01,8.687821388244628906e+00
-1.266312408447265625e+01,7.714041709899902344e+00
-1.238341999053955078e+01,7.443864345550537109e+00
-1.220057201385498047e+01,7.360780239105224609e+00
-1.218069934844970703e+01,7.501695156097412109e+00
-1.199848461151123047e+01,7.498481750488281250e+00
-1.135957050323486328e+01,7.177599430084228516e+00
-1.041811656951904297e+01,6.477880001068115234e+00
-8.863712310791015625e+00,5.383319854736328125e+00
-8.394140243530273438e+00,5.262491226196289062e+00
-8.196055412292480469e+00,5.556570529937744141e+00
-8.215484619140625000e+00,5.689023494720458984e+00
-8.387496948242187500e+00,5.920114994049072266e+00
-8.549529075622558594e+00,6.038994789123535156e+00
-8.534483909606933594e+00,5.967385292053222656e+00
-8.113367080688476562e+00,5.970845699310302734e+00
-8.449991226196289062e+00,6.107652187347412109e+00
-8.568470001220703125e+00,6.094042301177978516e+00
-8.696700096130371094e+00,6.029313087463378906e+00
-8.695697784423828125e+00,5.935028553009033203e+00
-8.466251373291015625e+00,5.852918624877929688e+00
-8.627049446105957031e+00,5.802083492279052734e+00
-9.113963127136230469e+00,5.594364166259765625e+00
-9.538535118103027344e+00,5.287117004394531250e+00
-9.417355537414550781e+00,5.215762138366699219e+00
-9.244039535522460938e+00,5.027463436126708984e+00
-9.425829887390136719e+00,4.427788257598876953e+00
-1.002671241760253906e+01,3.993925571441650391e+00
-1.079538536071777344e+01,3.918707370758056641e+00
-1.144833755493164062e+01,3.986676931381225586e+00
-1.172361278533935547e+01,3.950938940048217773e+00
-1.189200115203857422e+01,3.885691404342651367e+00
-1.254958724975585938e+01,3.825458526611328125e+00
-1.270760631561279297e+01,4.011368274688720703e+00
-1.297303676605224609e+01,4.648695945739746094e+00
-1.309246063232421875e+01,4.820401191711425781e+00
-1.366895103454589844e+01,5.453521728515625000e+00
-1.383469009399414062e+01,5.771400451660156250e+00
-1.403286361694335938e+01,6.266027927398681641e+00
-1.418335247039794922e+01,6.659965991973876953e+00
-1.446146678924560547e+01,7.358989715576171875e+00
-1.466946125030517578e+01,8.123425483703613281e+00
-1.464780616760253906e+01,8.426651000976562500e+00
-1.449220943450927734e+01,8.577342033386230469e+00
-1.443851757049560547e+01,8.866103172302246094e+00
-1.471292209625244141e+01,9.255101203918457031e+00
-1.508274936676025391e+01,1.015940761566162109e+01
-1.511451244354248047e+01,1.045599269866943359e+01
-1.511451244354248047e+01,1.045599269866943359e+01
-1.492484855651855469e+01,1.051031303405761719e+01
-1.491956424713134766e+01,1.045870399475097656e+01
-1.497283077239990234e+01,1.030038070678710938e+01
-1.521642303466796875e+01,1.034638881683349609e+01
-1.574308300018310547e+01,1.054583835601806641e+01
-1.538117504119873047e+01,9.926092147827148438e+00
-1.537400722503662109e+01,9.833541870117187500e+00
-1.545460128784179688e+01,9.729311943054199219e+00
-1.545472812652587891e+01,9.584291458129882812e+00
-1.527161216735839844e+01,9.369493484497070312e+00
-1.509010505676269531e+01,9.158191680908203125e+00
-1.516510772705078125e+01,8.885110855102539062e+00
-1.518679523468017578e+01,8.873970031738281250e+00
-1.490250873565673828e+01,8.700788497924804688e+00
-1.468992424011230469e+01,8.519712448120117188e+00
-1.390205574035644531e+01,7.537439346313476562e+00
-1.342938613891601562e+01,7.145960807800292969e+00
-1.302689743041992188e+01,7.003862380981445312e+00
-1.293220424652099609e+01,7.030693531036376953e+00
-1.233394718170166016e+01,6.833386421203613281e+00
-1.212204360961914062e+01,6.156684875488281250e+00
-1.199869918823242188e+01,6.009568691253662109e+00
-1.162071323394775391e+01,5.799765586853027344e+00
-1.000067615509033203e+01,5.351695537567138672e+00
-9.352203369140625000e+00,4.976665973663330078e+00
-9.009077072143554688e+00,4.431658744812011719e+00
-9.127014160156250000e+00,4.230128288269042969e+00
-9.248698234558105469e+00,4.223347187042236328e+00
-9.125305175781250000e+00,4.186444759368896484e+00
-8.514834403991699219e+00,4.191002368927001953e+00
-8.488868713378906250e+00,4.443127632141113281e+00
-9.064079284667968750e+00,5.284594535827636719e+00
-9.299391746520996094e+00,5.509405612945556641e+00
-9.408218383789062500e+00,5.609719753265380859e+00
-9.604496955871582031e+00,6.133930206298828125e+00
-9.152460098266601562e+00,7.040766716003417969e+00
-9.029808044433593750e+00,7.282366275787353516e+00
-9.358570098876953125e+00,7.908216476440429688e+00
-9.566795349121093750e+00,8.020682334899902344e+00
-9.431443214416503906e+00,8.074960708618164062e+00
-8.965172767639160156e+00,8.120472908020019531e+00
-8.798381805419921875e+00,7.674483776092529297e+00
-9.056216239929199219e+00,7.153594970703125000e+00
-9.318363189697265625e+00,6.772357463836669922e+00
-9.351388931274414062e+00,5.751157760620117188e+00
-9.391787528991699219e+00,5.543662071228027344e+00
-9.668127059936523438e+00,4.869365692138671875e+00
-1.099230289459228516e+01,4.758068084716796875e+00
-1.174633884429931641e+01,4.771854877471923828e+00
-1.210038471221923828e+01,4.565487384796142578e+00
-1.276278781890869141e+01,4.640762329101562500e+00
-1.383584308624267578e+01,5.309049606323242188e+00
-1.401318073272705078e+01,5.509323120117187500e+00
-1.432659053802490234e+01,5.992844581604003906e+00
-1.417222118377685547e+01,6.214464664459228516e+00
-1.403674602508544922e+01,6.498497486114501953e+00
-1.416847419738769531e+01,6.675909996032714844e+00
-1.427746677398681641e+01,6.984654426574707031e+00
-1.428638458251953125e+01,7.359925270080566406e+00
-1.460406684875488281e+01,8.505501747131347656e+00
-1.460406684875488281e+01,8.505501747131347656e+00
-1.461478424072265625e+01,8.665570259094238281e+00
-1.455609512329101562e+01,8.969756126403808594e+00
-1.435700893402099609e+01,9.297036170959472656e+00
-1.404592418670654297e+01,9.413628578186035156e+00
-1.402248859405517578e+01,9.715971946716308594e+00
-1.422574901580810547e+01,9.981669425964355469e+00
-1.431325721740722656e+01,1.007631206512451172e+01
-1.431325721740722656e+01,1.007631206512451172e+01
-1.446264648437500000e+01,1.019347858428955078e+01
-1.472030639648437500e+01,1.022081947326660156e+01
-1.482668018341064453e+01,1.008347225189208984e+01
-1.476144886016845703e+01,9.890601158142089844e+00
-1.460334968566894531e+01,9.608482360839843750e+00
-1.462865543365478516e+01,9.467668533325195312e+00
-1.475510120391845703e+01,9.416974067687988281e+00
-1.489470195770263672e+01,9.093371391296386719e+00
-1.483690834045410156e+01,8.678817749023437500e+00
-1.450209617614746094e+01,8.314424514770507812e+00
-1.379412841796875000e+01,8.215843200683593750e+00
-1.444741153717041016e+01,8.324740409851074219e+00
-1.444741153717041016e+01,8.324740409851074219e+00
-1.438116073608398438e+01,8.384890556335449219e+00
-1.383794689178466797e+01,8.266654014587402344e+00
-1.354525756835937500e+01,8.198849678039550781e+00
-1.327416419982910156e+01,8.190245628356933594e+00
-1.309689140319824219e+01,8.183481216430664062e+00
-1.273772716522216797e+01,8.014270782470703125e+00
-1.213557338714599609e+01,7.501860141754150391e+00
-1.171514129638671875e+01,7.297796249389648438e+00
-1.123120117187500000e+01,7.059536457061767578e+00
-1.039019203186035156e+01,6.141524314880371094e+00
-1.002035522460937500e+01,5.683279514312744141e+00
-1.002035522460937500e+01,5.683279514312744141e+00
-9.670381546020507812e+00,5.382924079895019531e+00
-9.670381546020507812e+00,5.382924079895019531e+00
-9.460228919982910156e+00,5.392707347869873047e+00
-9.160430908203125000e+00,5.407845497131347656e+00
-8.747366905212402344e+00,5.152828216552734375e+00
-8.609161376953125000e+00,4.988582611083984375e+00
-8.462880134582519531e+00,4.847083568572998047e+00
-8.497168540954589844e+00,4.905878067016601562e+00
-8.600662231445312500e+00,4.929608821868896484e+00
-8.593487739562988281e+00,5.129755020141601562e+00
-8.482000350952148438e+00,5.168920040130615234e+00
-8.362167358398437500e+00,4.966913700103759766e+00
-8.433643341064453125e+00,4.770876407623291016e+00
-8.650630950927734375e+00,4.702098846435546875e+00
-9.408468246459960938e+00,4.860917091369628906e+00
-9.408468246459960938e+00,4.860917091369628906e+00
-9.885411262512207031e+00,4.698091506958007812e+00
-1.063184165954589844e+01,4.399499416351318359e+00
-1.087327003479003906e+01,4.511301517486572266e+00
-1.155599021911621094e+01,4.704136371612548828e+00
-1.155599021911621094e+01,4.704136371612548828e+00
-1.207103252410888672e+01,4.781828880310058594e+00
-1.337453365325927734e+01,5.473871231079101562e+00
-1.471554279327392578e+01,6.017510414123535156e+00
-1.529141616821289062e+01,6.491607666015625000e+00
-1.532854843139648438e+01,6.973799228668212891e+00
-1.421057128906250000e+01,7.812042236328125000e+00
-1.456368732452392578e+01,8.038285255432128906e+00
-1.480646610260009766e+01,8.368310928344726562e+00
-1.485239219665527344e+01,8.664625167846679688e+00
-1.480297946929931641e+01,8.840911865234375000e+00
-1.461266994476318359e+01,9.373856544494628906e+00
-1.462979984283447266e+01,9.407656669616699219e+00
-1.491439723968505859e+01,9.135193824768066406e+00
-1.433413124084472656e+01,9.091725349426269531e+00
-1.368195533752441406e+01,9.260625839233398438e+00
-1.368195533752441406e+01,9.260625839233398438e+00
-1.346928119659423828e+01,9.041877746582031250e+00
-1.390528392791748047e+01,8.698812484741210938e+00
-1.478066158294677734e+01,8.564310073852539062e+00
-1.519067478179931641e+01,8.627179145812988281e+00
-1.546005344390869141e+01,8.659922599792480469e+00
-1.551580142974853516e+01,8.498671531677246094e+00
-1.613637542724609375e+01,8.920446395874023438e+00
-1.613637542724609375e+01,8.920446395874023438e+00
-1.636723327636718750e+01,9.070509910583496094e+00
-1.636723327636718750e+01,9.070509910583496094e+00
-1.608475112915039062e+01,8.996876716613769531e+00
-1.572634792327880859e+01,8.946478843688964844e+00
-1.539217662811279297e+01,8.827456474304199219e+00
-1.498933982849121094e+01,8.507787704467773438e+00
-1.498933982849121094e+01,8.507787704467773438e+00
-1.498933982849121094e+01,8.507787704467773438e+00
-1.432276725769042969e+01,8.107688903808593750e+00
-1.361592578887939453e+01,8.337724685668945312e+00
-1.350206756591796875e+01,8.428704261779785156e+00
-1.347264480590820312e+01,8.595650672912597656e+00
-1.302472496032714844e+01,8.121207237243652344e+00
-1.240725612640380859e+01,7.900469303131103516e+00
-1.171917629241943359e+01,7.624135971069335938e+00
-1.092760848999023438e+01,6.893432140350341797e+00
-1.073709583282470703e+01,6.344016075134277344e+00
-1.031795883178710938e+01,6.036416530609130859e+00
-9.885093688964843750e+00,5.705992221832275391e+00
-9.081054687500000000e+00,4.935527801513671875e+00
-9.019789695739746094e+00,4.190967082977294922e+00
-8.780668258666992188e+00,4.074782371520996094e+00
-8.602049827575683594e+00,4.009748935699462891e+00
-7.699215888977050781e+00,3.593626976013183594e+00
-7.319591522216796875e+00,3.218780755996704102e+00
-7.610974788665771484e+00,3.335884809494018555e+00
-8.681798934936523438e+00,4.551037311553955078e+00
-9.405474662780761719e+00,5.168105125427246094e+00
-9.499308586120605469e+00,5.481176376342773438e+00
-9.178512573242187500e+00,5.602709770202636719e+00
-9.244870185852050781e+00,5.791233062744140625e+00
-9.564315795898437500e+00,5.877932071685791016e+00
-9.987467765808105469e+00,5.852142810821533203e+00
-1.047867393493652344e+01,5.979319095611572266e+00
-1.023362445831298828e+01,6.144279956817626953e+00
-1.026552391052246094e+01,5.254667282104492188e+00
-1.064519500732421875e+01,4.989479541778564453e+00
-1.207693958282470703e+01,4.910700798034667969e+00
-1.204486083984375000e+01,4.404452800750732422e+00
-1.204486083984375000e+01,4.404452800750732422e+00
-1.204486083984375000e+01,4.404452800750732422e+00
-1.215052986145019531e+01,4.132256031036376953e+00
-1.263909435272216797e+01,4.042778491973876953e+00
-1.294109916687011719e+01,3.922081708908081055e+00
-1.314534187316894531e+01,3.911189794540405273e+00
-1.314534187316894531e+01,3.911189794540405273e+00
-1.340950679779052734e+01,3.937030553817749023e+00
-1.427150917053222656e+01,5.077359676361083984e+00
-1.427150917053222656e+01,5.077359676361083984e+00
-1.427150917053222656e+01,5.077359676361083984e+00
-1.438840579986572266e+01,5.561367511749267578e+00
-1.475344657897949219e+01,5.959823131561279297e+00
-1.515407371520996094e+01,6.568574428558349609e+00
-1.474949359893798828e+01,7.487555027008056641e+00
-1.402010726928710938e+01,7.621099948883056641e+00
-1.366556358337402344e+01,7.633538722991943359e+00
-1.359107112884521484e+01,7.865169048309326172e+00
-1.401322269439697266e+01,8.739398956298828125e+00
-1.401322269439697266e+01,8.739398956298828125e+00
-1.375166511535644531e+01,9.322903633117675781e+00
-1.341810321807861328e+01,9.457578659057617188e+00
-1.346894168853759766e+01,9.531803131103515625e+00
-1.380636787414550781e+01,9.823980331420898438e+00
-1.388369560241699219e+01,9.920680999755859375e+00
-1.404534626007080078e+01,9.821186065673828125e+00
-1.404534626007080078e+01,9.821186065673828125e+00
-1.431586170196533203e+01,9.822297096252441406e+00
-1.449993228912353516e+01,9.920378684997558594e+00
-1.438546562194824219e+01,9.855728149414062500e+00
-1.423924827575683594e+01,9.637024879455566406e+00
-1.416078281402587891e+01,9.004261970520019531e+00
-1.439851474761962891e+01,8.868092536926269531e+00
-1.463378238677978516e+01,9.310214996337890625e+00
-1.418248271942138672e+01,9.070255279541015625e+00
-1.423148441314697266e+01,8.973130226135253906e+00
-1.457222270965576172e+01,9.076534271240234375e+00
-1.484389400482177734e+01,9.253910064697265625e+00
-1.433714199066162109e+01,9.393197059631347656e+00
-1.353866577148437500e+01,9.150821685791015625e+00
-1.353866577148437500e+01,9.150821685791015625e+00
-1.296446609497070312e+01,8.667365074157714844e+00
-1.261191654205322266e+01,8.476043701171875000e+00
-1.163126468658447266e+01,8.238513946533203125e+00
-1.001379203796386719e+01,7.313598155975341797e+00
-9.651858329772949219e+00,6.971324443817138672e+00
-9.181118965148925781e+00,6.391732215881347656e+00
-9.388393402099609375e+00,5.618594646453857422e+00
-9.647873878479003906e+00,5.521828651428222656e+00
-9.570252418518066406e+00,5.320488452911376953e+00
-8.986667633056640625e+00,4.902605533599853516e+00
-8.986667633056640625e+00,4.902605533599853516e+00
-8.545114517211914062e+00,4.618188381195068359e+00
-8.038009643554687500e+00,5.167970657348632812e+00
-8.038009643554687500e+00,5.167970657348632812e+00
-8.038009643554687500e+00,5.167970657348632812e+00
-7.895645141601562500e+00,5.160697460174560547e+00
-7.819792747497558594e+00,5.139808177947998047e+00
-8.449914932250976562e+00,4.781872749328613281e+00
-8.913204193115234375e+00,5.032917022705078125e+00
-9.033882141113281250e+00,5.526883125305175781e+00
-9.084248542785644531e+00,5.811475753784179688e+00
-9.793350219726562500e+00,6.270067214965820312e+00
-9.793350219726562500e+00,6.270067214965820312e+00
-1.054072284698486328e+01,6.517667293548583984e+00
-1.063561820983886719e+01,6.670835494995117188e+00
-1.052489280700683594e+01,6.596497058868408203e+00
-1.115511512756347656e+01,6.274246215820312500e+00
-1.131445121765136719e+01,6.199459075927734375e+00
-1.165445041656494141e+01,6.052214145660400391e+00
-1.205406665802001953e+01,6.024048328399658203e+00
-1.289299106597900391e+01,6.243523597717285156e+00
-1.312251853942871094e+01,6.211832523345947266e+00
-1.255756378173828125e+01,5.996913433074951172e+00
-1.189501667022705078e+01,5.849782943725585938e+00
-1.189501667022705078e+01,5.849782943725585938e+00
-1.250709152221679688e+01,5.915114879608154297e+00
-1.347092056274414062e+01,6.179845333099365234e+00
-1.391258525848388672e+01,6.507879734039306641e+00
-1.396707820892333984e+01,6.918948650360107422e+00
-1.341814136505126953e+01,7.019801616668701172e+00
-1.342241668701171875e+01,6.830464363098144531e+00
-1.397457504272460938e+01,6.663584232330322266e+00
-1.475236892700195312e+01,6.870774745941162109e+00
-1.478854560852050781e+01,7.305742263793945312e+00
-1.447905063629150391e+01,7.944764614105224609e+00
-1.450671672821044922e+01,7.954747676849365234e+00
-1.462864208221435547e+01,7.885515213012695312e+00
-1.553411197662353516e+01,8.538083076477050781e+00
-1.569345855712890625e+01,8.901969909667968750e+00
-1.579376316070556641e+01,9.118826866149902344e+00
-1.593790054321289062e+01,9.376606941223144531e+00
-1.599304962158203125e+01,9.455136299133300781e+00
-1.596883583068847656e+01,9.572829246520996094e+00
-1.599082469940185547e+01,9.758216857910156250e+00
-1.597319889068603516e+01,9.878564834594726562e+00
-1.589972019195556641e+01,9.869710922241210938e+00
-1.590182209014892578e+01,9.902902603149414062e+00
-1.596099185943603516e+01,9.985797882080078125e+00
-1.602213096618652344e+01,9.815081596374511719e+00
-1.461988925933837891e+01,8.114546775817871094e+00
-1.451498126983642578e+01,7.872113704681396484e+00
-1.446394634246826172e+01,7.661595344543457031e+00
-1.407695770263671875e+01,8.320237159729003906e+00
-1.374798393249511719e+01,8.290021896362304688e+00
-1.346920871734619141e+01,8.147018432617187500e+00
-1.335597038269042969e+01,8.068364143371582031e+00
-1.310735511779785156e+01,8.072596549987792969e+00
-1.269666671752929688e+01,7.987624168395996094e+00
-1.138662624359130859e+01,7.435250282287597656e+00
-1.115915203094482422e+01,7.397481918334960938e+00
-1.109663963317871094e+01,7.367171287536621094e+00
-1.061530303955078125e+01,7.060613632202148438e+00
-1.044939994812011719e+01,6.924554824829101562e+00
-9.828947067260742188e+00,6.165580272674560547e+00
-9.493838310241699219e+00,5.594650268554687500e+00
-8.980634689331054688e+00,5.318815708160400391e+00
-8.974283218383789062e+00,5.264872074127197266e+00
-8.974283218383789062e+00,5.264872074127197266e+00
-8.971399307250976562e+00,5.081844329833984375e+00
-8.679015159606933594e+00,5.122389316558837891e+00
-8.079087257385253906e+00,4.904667854309082031e+00
-7.794162273406982422e+00,4.831331729888916016e+00
-7.673536777496337891e+00,4.692260265350341797e+00
-8.262818336486816406e+00,4.779502391815185547e+00
-8.861152648925781250e+00,4.539971828460693359e+00
-8.762934684753417969e+00,4.216357231140136719e+00
-8.697650909423828125e+00,4.136580467224121094e+00
-8.825552940368652344e+00,4.024515628814697266e+00
-8.969778060913085938e+00,3.988504648208618164e+00
-9.800095558166503906e+00,4.156179904937744141e+00
-1.031584548950195312e+01,4.145576953887939453e+00
-1.064099407196044922e+01,3.702819824218750000e+00
-1.062035560607910156e+01,3.138891458511352539e+00
-1.110675811767578125e+01,2.937854766845703125e+00
-1.238274192810058594e+01,3.077331066131591797e+00
-1.241352367401123047e+01,3.075539350509643555e+00
-1.247206115722656250e+01,3.138642787933349609e+00
-1.270976734161376953e+01,3.398462772369384766e+00
-1.303529357910156250e+01,3.789462566375732422e+00
-1.328709411621093750e+01,4.023129463195800781e+00
-1.402909183502197266e+01,4.331815242767333984e+00
-1.481958198547363281e+01,5.869877338409423828e+00
-1.473346710205078125e+01,6.095419883728027344e+00
-1.437068843841552734e+01,6.565145969390869141e+00
-1.434435653686523438e+01,6.624006748199462891e+00
-1.535704898834228516e+01,7.899761199951171875e+00
-1.552691650390625000e+01,8.444818496704101562e+00
-1.552691650390625000e+01,8.444818496704101562e+00
-1.419443988800048828e+01,8.895780563354492188e+00
-1.408348655700683594e+01,8.845718383789062500e+00
-1.408348655700683594e+01,8.845718383789062500e+00
-1.439138412475585938e+01,9.476684570312500000e+00
-1.441881370544433594e+01,9.619667053222656250e+00
-1.424308490753173828e+01,9.765046119689941406e+00
-1.402459812164306641e+01,9.579464912414550781e+00
-1.388058948516845703e+01,9.296656608581542969e+00
-1.389806652069091797e+01,9.265278816223144531e+00
-1.475588321685791016e+01,9.546806335449218750e+00
-1.475588321685791016e+01,9.546806335449218750e+00
-1.505037403106689453e+01,9.733533859252929688e+00
-1.491548442840576172e+01,9.555870056152343750e+00
-1.499772167205810547e+01,9.430675506591796875e+00
-1.512175941467285156e+01,9.352763175964355469e+00
-1.518593120574951172e+01,9.301678657531738281e+00
-1.530551433563232422e+01,9.299105644226074219e+00
-1.578134441375732422e+01,9.545314788818359375e+00
-1.505793285369873047e+01,8.940521240234375000e+00
-1.489453601837158203e+01,8.625557899475097656e+00
-1.485512065887451172e+01,8.514305114746093750e+00
-1.480055809020996094e+01,8.268173217773437500e+00
-1.484535598754882812e+01,8.549906730651855469e+00
-1.476612186431884766e+01,8.771752357482910156e+00
-1.435445499420166016e+01,8.831781387329101562e+00
-1.329403209686279297e+01,8.135193824768066406e+00
-1.212734222412109375e+01,7.608715057373046875e+00
-1.177567863464355469e+01,7.653417110443115234e+00
-1.177567863464355469e+01,7.653417110443115234e+00
-9.797961235046386719e+00,6.297173023223876953e+00
-9.544504165649414062e+00,5.319744110107421875e+00
-9.439411163330078125e+00,5.230688571929931641e+00
-9.372154235839843750e+00,5.070131778717041016e+00
-9.308962821960449219e+00,4.834779262542724609e+00
-8.922239303588867188e+00,4.852405071258544922e+00
-8.418534278869628906e+00,4.765489101409912109e+00
-8.078267097473144531e+00,4.508472919464111328e+00
-7.624241828918457031e+00,3.950506925582885742e+00
-7.408957481384277344e+00,3.639848232269287109e+00
-7.603625774383544922e+00,3.558672189712524414e+00
-8.016428947448730469e+00,4.034654140472412109e+00
-8.181064605712890625e+00,4.300706863403320312e+00
-8.997328758239746094e+00,5.001019477844238281e+00
-8.997328758239746094e+00,5.001019477844238281e+00
-1.009307670593261719e+01,5.542220115661621094e+00
-1.028217601776123047e+01,5.593300819396972656e+00
-1.049055004119873047e+01,5.696770191192626953e+00
-1.053347206115722656e+01,5.904389381408691406e+00
-1.116061687469482422e+01,6.155372619628906250e+00
-1.227541542053222656e+01,6.599077701568603516e+00
-1.198256397247314453e+01,5.785040378570556641e+00
-1.229812717437744141e+01,5.065977573394775391e+00
-1.258448410034179688e+01,5.038749694824218750e+00
-1.329384231567382812e+01,5.167113780975341797e+00
-1.425276756286621094e+01,5.499926090240478516e+00
-1.650305175781250000e+01,3.670620679855346680e+00
-2.114270591735839844e+01,-4.504684448242187500e+00
-2.402915954589843750e+01,-9.948673248291015625e+00
-2.610947799682617188e+01,-1.248818874359130859e+01
-2.695984840393066406e+01,-1.277887058258056641e+01
-2.763323211669921875e+01,-1.177771759033203125e+01
-2.822524070739746094e+01,-1.108807468414306641e+01
-2.856124877929687500e+01,-1.170116233825683594e+01
-2.960338973999023438e+01,-1.158824443817138672e+01
-2.974905395507812500e+01,-8.860094070434570312e+00
-2.954109573364257812e+01,-2.854875802993774414e+00
-2.909601593017578125e+01,3.593948781490325928e-01
-2.893305206298828125e+01,9.982461929321289062e-01
-2.807946205139160156e+01,4.158966064453125000e+00
-2.737958526611328125e+01,8.785059928894042969e+00
-2.725533294677734375e+01,9.541122436523437500e+00
-2.651356887817382812e+01,1.184812450408935547e+01
-2.541015625000000000e+01,1.289043140411376953e+01
-2.356461143493652344e+01,1.362418270111083984e+01
-2.191781806945800781e+01,1.396456813812255859e+01
-1.905315399169921875e+01,1.400168895721435547e+01
-1.433646869659423828e+01,1.277961349487304688e+01
-1.025457668304443359e+01,1.088333892822265625e+01
-3.141289234161376953e+00,6.269001483917236328e+00
8.876322768628597260e-03,3.970789909362792969e+00
6.440992355346679688e+00,-2.006862163543701172e+00
1.154951095581054688e+01,-7.613292217254638672e+00
1.235736370086669922e+01,-8.940658569335937500e+00
1.410243129730224609e+01,-1.280153751373291016e+01
1.437702178955078125e+01,-1.363117980957031250e+01
1.444797515869140625e+01,-1.686268997192382812e+01
1.393355941772460938e+01,-1.772200965881347656e+01
1.212956237792968750e+01,-1.901025009155273438e+01
1.104344463348388672e+01,-1.920130729675292969e+01
9.022382736206054688e+00,-1.891612815856933594e+01
6.700191974639892578e+00,-1.796499252319335938e+01
2.403692245483398438e+00,-1.522275638580322266e+01
-2.231191694736480713e-01,-1.296313667297363281e+01
-2.110409021377563477e+00,-1.077230358123779297e+01
-3.387165784835815430e+00,-8.887346267700195312e+00
-5.074540615081787109e+00,-6.292401790618896484e+00
-6.962219238281250000e+00,-2.615462541580200195e+00
-7.437867164611816406e+00,-1.203535556793212891e+00
-8.154171943664550781e+00,1.071568846702575684e+00
-9.044622421264648438e+00,4.940483570098876953e+00
-9.122504234313964844e+00,6.268410682678222656e+00
-8.907628059387207031e+00,7.748982429504394531e+00
-8.628803253173828125e+00,8.378882408142089844e+00
-7.635976791381835938e+00,9.211135864257812500e+00
-6.894351482391357422e+00,9.373845100402832031e+00
-5.343155384063720703e+00,8.637559890747070312e+00
-4.498212814331054688e+00,8.005924224853515625e+00
-2.162656784057617188e+00,6.041795253753662109e+00
-8.579509854316711426e-01,4.592808723449707031e+00
1.490306377410888672e+00,1.769328355789184570e+00
2.855788707733154297e+00,7.008882611989974976e-02
3.638418436050415039e+00,-9.780451655387878418e-01
4.296407699584960938e+00,-2.031998395919799805e+00
5.406126499176025391e+00,-4.526455402374267578e+00
5.729236125946044922e+00,-5.657984733581542969e+00
5.845295906066894531e+00,-6.647598266601562500e+00
5.663897037506103516e+00,-8.187991142272949219e+00
5.663897037506103516e+00,-8.187991142272949219e+00
5.097999572753906250e+00,-8.671111106872558594e+00
3.787011384963989258e+00,-8.659140586853027344e+00
2.915755987167358398e+00,-8.503644943237304688e+00
2.022486448287963867e+00,-8.148362159729003906e+00
8.787025213241577148e-01,-7.509637832641601562e+00
-3.413904225453734398e-03,-6.876179695129394531e+00
-6.603841185569763184e-01,-6.274151802062988281e+00
-1.528166174888610840e+00,-5.284017086029052734e+00
-2.302348613739013672e+00,-4.265637874603271484e+00
-3.173095464706420898e+00,-2.900821208953857422e+00
-3.691962003707885742e+00,-1.864643216133117676e+00
-4.328368663787841797e+00,-5.620872378349304199e-01
-4.811711311340332031e+00,9.617010354995727539e-01
-4.826755046844482422e+00,1.204292774200439453e+00
-4.709488391876220703e+00,2.197481393814086914e+00
-4.603502750396728516e+00,2.654583454132080078e+00
-4.508956909179687500e+00,2.867866277694702148e+00
-3.642613887786865234e+00,3.121573925018310547e+00
-3.477249860763549805e+00,3.095231294631958008e+00
-2.992090940475463867e+00,2.868232965469360352e+00
-2.633935451507568359e+00,2.615995645523071289e+00
-1.529753923416137695e+00,2.061184406280517578e+00
-1.061129331588745117e+00,1.800878286361694336e+00
-1.524859815835952759e-01,9.323553442955017090e-01
2.475218027830123901e-01,4.056515097618103027e-01
1.197912573814392090e+00,-4.924033582210540771e-01
1.654700994491577148e+00,-9.137297272682189941e-01
1.966134548187255859e+00,-1.773728847503662109e+00
1.981081128120422363e+00,-2.051040410995483398e+00
2.084939956665039062e+00,-3.099703073501586914e+00
2.121162414550781250e+00,-3.502770900726318359e+00
2.084974765777587891e+00,-3.726489543914794922e+00
1.647350192070007324e+00,-4.343801975250244141e+00
1.368159294128417969e+00,-4.714477062225341797e+00
1.071145534515380859e+00,-5.041824817657470703e+00
6.625701189041137695e-01,-5.242569446563720703e+00
5.603035688400268555e-01,-5.207587718963623047e+00
1.425053477287292480e-01,-4.965003013610839844e+00
-2.588217854499816895e-01,-4.651390552520751953e+00
-5.172859430313110352e-01,-4.359505653381347656e+00
-1.103657245635986328e+00,-3.332749605178833008e+00
-1.219701170921325684e+00,-3.133557796478271484e+00
-1.662492275238037109e+00,-2.429238080978393555e+00
-1.769393205642700195e+00,-1.858398318290710449e+00
-1.664190053939819336e+00,-1.273908853530883789e+00
-1.780909895896911621e+00,2.148756086826324463e-01
-2.017880201339721680e+00,9.882597923278808594e-01
-2.157280445098876953e+00,1.410801887512207031e+00
-1.869623780250549316e+00,1.848487257957458496e+00
-1.645645022392272949e+00,2.070042133331298828e+00
-1.409409999847412109e+00,2.205798864364624023e+00
-1.094291567802429199e+00,2.338051080703735352e+00
-1.011855363845825195e+00,2.376236438751220703e+00
-2.650148868560791016e-01,2.239427804946899414e+00
7.221586257219314575e-02,1.982177615165710449e+00
3.761456608772277832e-01,1.377329945564270020e+00
4.090352654457092285e-01,1.229621171951293945e+00
7.183207869529724121e-01,1.266613960266113281e+00
7.987920045852661133e-01,1.263526558876037598e+00
1.790989190340042114e-01,1.289319753646850586e+00
-1.564599424600601196e-01,1.121513724327087402e+00
-6.185575723648071289e-01,1.002621173858642578e+00
-6.891600489616394043e-01,9.626741409301757812e-01
-2.449567764997482300e-01,8.738563656806945801e-01
-8.222022056579589844e-01,9.179868698120117188e-01
-2.476405858993530273e+00,1.443933129310607910e+00
-3.289195299148559570e+00,2.032134532928466797e+00
-5.443365573883056641e+00,3.971983194351196289e+00
-6.462367534637451172e+00,4.549490451812744141e+00
-7.135282993316650391e+00,5.237351894378662109e+00
-6.331058979034423828e+00,5.499481678009033203e+00
-6.331058979034423828e+00,5.499481678009033203e+00
-3.706551790237426758e+00,1.696101665496826172e+00
-2.188840866088867188e+00,-1.502924084663391113e+00
-1.556101918220520020e+00,-3.044426202774047852e+00
