-1.807040312056889739e-02,1.125526387961656681e-03,3.462969674999999969e-01,4.145650906644958444e-02
-1.857824089271718770e-02,3.007994678163263772e-03,2.056131550000000197e-01,4.222059495032853826e-02
1.227633206504623146e-02,3.190131594065145210e-02,2.047765500000000016e-01,5.044310897713738528e-02
6.128817920978017753e-02,7.486487041727404868e-02,2.066786425000000371e-01,6.080601389442133464e-02
2.428841197092935222e-01,2.618065616893358594e-01,2.127953300000000325e-01,1.255172123099291825e-01
2.810275440275760150e-01,3.054070527525429291e-01,2.196065575000000214e-01,1.453472096552000936e-01
2.810275440275760150e-01,3.054070527525429291e-01,2.196065575000000214e-01,1.453472096552000936e-01
4.283198266744291383e-01,4.877875147361123709e-01,2.375777800000000162e-01,2.723362012968047474e-01
4.645918809842266017e-01,5.321952931495065320e-01,2.496217350000000390e-01,3.746019366957405450e-01
3.862167478683895538e-01,4.702036274542142902e-01,2.960533124999999988e-01,4.477065408562563298e-01
2.852050783820151980e-01,4.527999030200601238e-01,3.151215924999999918e-01,4.956019950332182233e-01
2.683428744660150134e-01,4.924717820669663459e-01,3.859567799999999993e-01,5.831077093673647793e-01
2.655649644224669648e-01,4.834698981083350167e-01,4.187343325000000283e-01,6.134980392516676817e-01
2.655649644224669648e-01,4.834698981083350167e-01,4.187343325000000283e-01,6.134980392516676817e-01
2.309280244429509077e-01,4.299176234599357826e-01,4.556791250000000182e-01,6.639323181853157285e-01
2.024300203159605516e-01,3.928815748124218077e-01,4.713378449999999775e-01,6.855481314890529143e-01
2.024300203159605516e-01,3.928815748124218077e-01,4.713378449999999775e-01,6.855481314890529143e-01
1.756729911725822546e-01,3.186826111809653028e-01,4.713378449999999775e-01,7.233329944560699110e-01
1.681195672413313968e-01,1.687141512442051905e-01,4.713378449999999775e-01,7.579476304614565230e-01
1.681195672413313968e-01,1.687141512442051905e-01,4.713378449999999775e-01,7.579476304614565230e-01
1.629956952382893565e-01,1.472806937349220233e-02,4.713378449999999775e-01,7.780501690547834137e-01
1.430833063467941701e-01,-1.852077237310680025e-01,4.713378449999999775e-01,8.081849686324932280e-01
1.375495405624753142e-01,-2.870625999528318428e-01,4.713378449999999775e-01,8.200358357462641523e-01
1.431190592844284737e-01,-3.501239575894680156e-01,4.713378449999999775e-01,8.253111583915475613e-01
1.464217951550470520e-01,-4.056397809095826923e-01,4.713378449999999775e-01,8.227234313393447795e-01
1.540154993977853604e-01,-4.471824640432423559e-01,4.713378449999999775e-01,8.122100037250117310e-01
1.569901171773493698e-01,-4.584166429170917212e-01,4.713378449999999775e-01,8.117852961101713616e-01
1.673753302299519352e-01,-5.006024461644918988e-01,4.713378449999999775e-01,7.945742180913708541e-01
1.720510255110472286e-01,-5.116472077058094037e-01,4.713378449999999775e-01,7.947184282643986464e-01
1.729270057726015608e-01,-5.208748944353658317e-01,4.713378449999999775e-01,7.951145734765479034e-01
1.663234148888842467e-01,-5.203833414771644739e-01,4.713378449999999775e-01,8.068095790875219331e-01
1.454566822207591370e-01,-5.010451966957175651e-01,4.713378449999999775e-01,8.387263663296309346e-01
1.394756385313614955e-01,-4.942592957906275508e-01,4.713378449999999775e-01,8.457545816044046427e-01
1.165429087133369873e-01,-4.605881511804287287e-01,4.713378449999999775e-01,8.827348370270813316e-01
9.564280330780182415e-02,-3.879647136498630133e-01,4.713378449999999775e-01,9.262883732313189622e-01
7.654862072696301534e-02,-3.104221845593256313e-01,4.713378449999999775e-01,9.625611599104162419e-01
7.654862072696301534e-02,-3.104221845593256313e-01,4.713378449999999775e-01,9.625611599104162419e-01
4.342746881613598897e-02,-2.363478901563983992e-01,4.713378449999999775e-01,1.003480030848238336e+00
1.034954229845500874e-02,-1.789016412306261850e-01,4.713378449999999775e-01,1.033400445958196912e+00
-3.422523400034123420e-02,-9.340874404836160827e-02,4.713378449999999775e-01,1.068595717660248079e+00
-7.828770653067679275e-02,-4.305826158244258420e-03,4.708090475000000219e-01,1.101297205317549155e+00
-1.210981708565118664e-01,5.389480709885386550e-02,4.501228050000000147e-01,1.137359136217339417e+00
-1.461521168051629072e-01,7.337290931796280891e-02,4.193104850000000106e-01,1.171742809577188904e+00
-1.590020188676065371e-01,7.843137574910816201e-02,3.897215024999999833e-01,1.202045454882600950e+00
-1.705872356626420006e-01,7.696850968470604626e-02,3.613006100000000220e-01,1.253552321945278436e+00
-1.781564554681084045e-01,6.882019798376952380e-02,3.324219525000000064e-01,1.295201897707191296e+00
-1.799006595345421511e-01,5.390397003747942478e-02,3.028487550000000250e-01,1.335916437610377150e+00
-1.660806178212531070e-01,2.375254650890257918e-02,2.733860525000000319e-01,1.394998799551839586e+00
-1.486570528369778044e-01,-5.782983046741960349e-03,2.536232325000000176e-01,1.441491333756061310e+00
-1.363947356571681147e-01,-3.210261346835861784e-02,2.333710775000000237e-01,1.473302127186785437e+00
-1.167812200190070510e-01,-7.638851481117882314e-02,2.333710775000000237e-01,1.521788436941094780e+00
-1.167812200190070510e-01,-7.638851481117882314e-02,2.333710775000000237e-01,1.521788436941094780e+00
-5.960274361846388397e-02,-1.629635042786130306e-01,2.037820950000000242e-01,1.653472032307534256e+00
-2.710328169698063630e-02,-1.944920192785454249e-01,2.101750200000000179e-01,1.717164725570087480e+00
5.378362012334305699e-03,-2.208405361554623969e-01,2.106564625000000301e-01,1.762517426827755473e+00
5.378362012334305699e-03,-2.208405361554623969e-01,2.106564625000000301e-01,1.762517426827755473e+00
6.854136501763823108e-02,-2.721098159593912102e-01,2.202853124999999967e-01,1.828563156071448148e+00
6.854136501763823108e-02,-2.721098159593912102e-01,2.202853124999999967e-01,1.828563156071448148e+00
1.454728609243813864e-01,-3.327273571112298045e-01,2.255022550000000126e-01,1.902973607982970439e+00
1.454728609243813864e-01,-3.327273571112298045e-01,2.255022550000000126e-01,1.902973607982970439e+00
1.852066751113887744e-01,-3.485829860037208960e-01,2.413030400000000242e-01,1.949691046141249551e+00
2.050668327560048187e-01,-3.747739436126460433e-01,2.853510825000000195e-01,2.051030051415108080e+00
2.050668327560048187e-01,-3.747739436126460433e-01,2.853510825000000195e-01,2.051030051415108080e+00
2.050668327560048187e-01,-3.747739436126460433e-01,2.853510825000000195e-01,2.051030051415108080e+00
2.100862256205316692e-01,-3.796648389545765889e-01,3.025488400000000411e-01,2.077482165258428992e+00
2.166953092739972442e-01,-3.834238575437097785e-01,3.201885775000000156e-01,2.111103908230407278e+00
2.094605325671743679e-01,-3.788219151800528706e-01,3.597063250000000489e-01,2.165857168661891041e+00
1.973777041224576145e-01,-3.745073278980154963e-01,3.776696549999999930e-01,2.186401725417144171e+00
1.493625574992534233e-01,-3.623212020925172805e-01,3.979533800000000232e-01,2.244662635320371358e+00
1.067849449988537563e-01,-3.443731608210645612e-01,4.246221375000000520e-01,2.314183123996345071e+00
4.496273541148543967e-02,-3.117268005983281909e-01,4.467448150000000173e-01,2.442497154793561887e+00
4.496273541148543967e-02,-3.117268005983281909e-01,4.467448150000000173e-01,2.442497154793561887e+00
2.492341984631812890e-02,-2.902909504052531564e-01,4.567603975000000260e-01,2.515105312437373009e+00
2.492341984631812890e-02,-2.902909504052531564e-01,4.567603975000000260e-01,2.515105312437373009e+00
1.336700888354216792e-02,-2.808548713203980474e-01,4.561921375000000389e-01,2.572575796129064951e+00
1.940617918462269297e-03,-2.690557361108019685e-01,4.621667600000000653e-01,2.632009295860254561e+00
-6.095103966053295672e-03,-2.442559805658205685e-01,4.650001674999999501e-01,2.714041049021310936e+00
-3.379605778844520930e-03,-2.273444249458698441e-01,4.605566899999999908e-01,2.831894449372805322e+00
-3.379605778844520930e-03,-2.273444249458698441e-01,4.605566899999999908e-01,2.831894449372805322e+00
-3.379605778844520930e-03,-2.273444249458698441e-01,4.605566899999999908e-01,2.831894449372805322e+00
5.913949064795948063e-04,-2.178993244028220588e-01,4.587729850000000220e-01,2.911598866057242052e+00
3.737120330951122001e-03,-2.100323298979711872e-01,4.511409375000000055e-01,2.970228357455336532e+00
1.559455276098740094e-02,-1.736975747892591515e-01,4.451505299999999887e-01,3.093892508989274592e+00
1.559455276098740094e-02,-1.736975747892591515e-01,4.451505299999999887e-01,3.093892508989274592e+00
2.033932482315393975e-02,-1.406191666139278984e-01,4.344719774999999951e-01,-3.091979294062161987e+00
1.478078643921086101e-02,-1.286155172773705557e-01,4.315754299999999821e-01,-3.029150796573339299e+00
6.351815530231470948e-03,-1.264405635493733027e-01,4.262164225000000251e-01,-2.983371057434877294e+00
1.012964334474918777e-03,-1.276998309484388416e-01,4.245984600000000109e-01,-2.952705822747050846e+00
-4.551108236052735408e-03,-1.368997459012528117e-01,4.266110475000000068e-01,-2.876566579813903957e+00
-4.801374345720112576e-05,-1.440402467054868740e-01,4.258612600000000192e-01,-2.832490464824765297e+00
-4.801374345720112576e-05,-1.440402467054868740e-01,4.258612600000000192e-01,-2.832490464824765297e+00
7.828211701327953895e-03,-1.550751878402847062e-01,4.154036975000000020e-01,-2.789016756874202585e+00
1.872967072901261451e-02,-1.757716945804833064e-01,4.131227650000000029e-01,-2.731267440216379683e+00
2.957484291079088418e-02,-1.945878764330314648e-01,4.090739125000000254e-01,-2.689014525309509462e+00
4.999210680772166876e-02,-2.381885339438066795e-01,3.966116550000000074e-01,-2.590641882015835673e+00
5.348471358049529389e-02,-2.521635716325383858e-01,3.882692825000000347e-01,-2.548447024020728868e+00
5.348471358049529389e-02,-2.521635716325383858e-01,3.882692825000000347e-01,-2.548447024020728868e+00
5.947645984852369117e-02,-2.573439359402036608e-01,3.790113800000000088e-01,-2.450341495784389867e+00
5.523811387506824544e-02,-2.625896142736031669e-01,3.734392750000000150e-01,-2.405450453501687402e+00
3.298833091264852940e-02,-2.562562010824744330e-01,3.610243725000000237e-01,-2.298549835765361760e+00
1.884531225756550313e-02,-2.545480662040544573e-01,3.551286750000000048e-01,-2.250063526011051973e+00
-5.083219005046550566e-04,-2.620642558143146394e-01,3.493355800000000344e-01,-2.198828834011780753e+00
-1.457245338085830753e-02,-2.692093339266722896e-01,3.420192324999999922e-01,-2.131460046338536696e+00
-9.508893654128179607e-03,-2.669304503371346393e-01,3.341977650000000355e-01,-2.084573896925201009e+00
-5.525853283048858498e-03,-2.677331104449277577e-01,3.200465124999999911e-01,-1.973151897448193637e+00
-1.183029939583649624e-02,-2.704014979886462666e-01,3.150584525000000302e-01,-1.922394710232373516e+00
-1.050909581637247785e-02,-2.711860985352972375e-01,3.075605775000000430e-01,-1.873177629074946005e+00
-1.119479529863523113e-03,-2.714771154634156303e-01,2.997154325000000452e-01,-1.808475864075361983e+00
-4.850762622622625006e-04,-2.717596102760457821e-01,2.997154325000000452e-01,-1.791952680566128775e+00
-4.850762622622625006e-04,-2.717596102760457821e-01,2.997154325000000452e-01,-1.791952680566128775e+00
-1.387527733877299413e-02,-2.814082761949164846e-01,2.738753875000000115e-01,-1.633400053487716219e+00
-1.017324831637286819e-02,-2.869736836619368181e-01,2.719732950000000038e-01,-1.580384505667508765e+00
-3.756097434312538098e-03,-2.914313492735386979e-01,2.665116849999999982e-01,-1.527580279679799258e+00
-8.034998227705687432e-04,-2.919720708433656831e-01,2.625733275000000089e-01,-1.492549191858951296e+00
-8.034998227705687432e-04,-2.919720708433656831e-01,2.625733275000000089e-01,-1.492549191858951296e+00
6.174158758685267291e-03,-2.869611002257861920e-01,2.531181124999999921e-01,-1.336561721542503189e+00
5.938913729309351283e-03,-2.803701094229763546e-01,2.589980250000000206e-01,-1.284843133173164453e+00
5.723395337500087818e-03,-2.788354295553045481e-01,2.627627475000000046e-01,-1.267583718780578961e+00
2.405328605559437991e-02,-2.957242983717192075e-01,2.620287450000000073e-01,-1.168886302991969828e+00
2.405328605559437991e-02,-2.957242983717192075e-01,2.620287450000000073e-01,-1.168886302991969828e+00
4.728163299640149309e-02,-3.056787950522718567e-01,2.584139800000000431e-01,-1.124298328441318162e+00
6.928511516988090924e-02,-3.018620524465112087e-01,2.686031975000000016e-01,-1.080638199214450257e+00
8.083397149365836865e-02,-2.915399063774730681e-01,2.711366900000000135e-01,-1.036492176246697205e+00
9.193207948056152101e-02,-2.977432407941082437e-01,2.796526975000000470e-01,-9.635183000061906533e-01
9.193207948056152101e-02,-2.977432407941082437e-01,2.796526975000000470e-01,-9.635183000061906533e-01
1.264353204509771900e-01,-3.169889738857293859e-01,2.822887925000000520e-01,-9.030423058662898628e-01
1.643644102357787740e-01,-2.922546655245367164e-01,3.010255875000000247e-01,-8.245023563684905632e-01
1.626027458194481690e-01,-2.814767860139587574e-01,3.081446225000000205e-01,-8.002834362572553983e-01
1.626027458194481690e-01,-2.814767860139587574e-01,3.081446225000000205e-01,-8.002834362572553983e-01
1.449515471409983658e-01,-2.698793519674225760e-01,3.188073900000000238e-01,-7.350889198769793298e-01
1.353852228340815533e-01,-2.724358035215737051e-01,3.253344874999999914e-01,-6.929320785064337906e-01
1.224012639002660524e-01,-2.683415262407131685e-01,3.524531175000000238e-01,-5.927051427247650439e-01
1.224012639002660524e-01,-2.683415262407131685e-01,3.524531175000000238e-01,-5.927051427247650439e-01
1.152727722880725475e-01,-2.600358591700557831e-01,3.657598724999999718e-01,-5.478171963668295730e-01
1.089159149569726842e-01,-2.684422270194317672e-01,3.813791300000000106e-01,-4.458962238157612723e-01
1.089159149569726842e-01,-2.684422270194317672e-01,3.813791300000000106e-01,-4.458962238157612723e-01
1.110610079912474485e-01,-2.747298338398111439e-01,3.907790975000000055e-01,-4.014188703188887875e-01
1.104483394600963148e-01,-2.683279940534241681e-01,3.993108900000000294e-01,-3.557085065268233426e-01
8.390930669669781350e-02,-2.042899387317582693e-01,4.112127800000000000e-01,-2.442437799590766456e-01
8.305186037185476045e-02,-1.878167560719913864e-01,4.244879650000000226e-01,-1.325761038715091433e-01
8.305186037185476045e-02,-1.878167560719913864e-01,4.244879650000000226e-01,-1.325761038715091433e-01
8.542293926937956361e-02,-1.838148571914429430e-01,4.244879650000000226e-01,-1.163085172478963841e-01
9.135317483860554144e-02,-1.590729421763867057e-01,4.389785950000000270e-01,-3.293696519312362680e-02
9.135317483860554144e-02,-1.590729421763867057e-01,4.389785950000000270e-01,-3.293696519312362680e-02
9.597424202784059222e-02,-1.378914155450358392e-01,4.427512100000000062e-01,7.700129153324924980e-02
1.038010727345017176e-01,-1.337698491853803739e-01,4.414094850000000458e-01,1.357947504307084885e-01
1.116001150196635483e-01,-1.273765648039952569e-01,4.433589325000000247e-01,1.794250855428812796e-01
1.116001150196635483e-01,-1.273765648039952569e-01,4.433589325000000247e-01,1.794250855428812796e-01
1.221311611090831611e-01,-1.187147415494318320e-01,4.409675050000000374e-01,2.637883863040318966e-01
1.385554331509550596e-01,-1.371094948042317629e-01,4.359163050000000039e-01,3.593049058418935626e-01
1.385554331509550596e-01,-1.371094948042317629e-01,4.359163050000000039e-01,3.593049058418935626e-01
1.385554331509550596e-01,-1.371094948042317629e-01,4.359163050000000039e-01,3.593049058418935626e-01
1.444700642606688568e-01,-1.424790018059415575e-01,4.358294875000000013e-01,4.551096626334858453e-01
1.341470110523844406e-01,-1.541759215639490199e-01,4.312518375000000126e-01,4.986497165847048607e-01
1.341470110523844406e-01,-1.541759215639490199e-01,4.312518375000000126e-01,4.986497165847048607e-01
1.292744499100834110e-01,-1.678047316662135691e-01,4.296654450000000347e-01,5.399987879071157515e-01
1.239715635475176492e-01,-1.834219077726017555e-01,4.305888674999999721e-01,5.962837654395589659e-01
1.146459723583871798e-01,-1.916832165663524823e-01,4.237776400000000110e-01,6.404212662918237209e-01
9.276197041050064651e-02,-1.914510388535680119e-01,4.211178675000000204e-01,7.013409430693318125e-01
5.296875108642765811e-02,-1.842361193416230392e-01,4.081820600000000132e-01,7.966203247568787171e-01
3.756579716141194430e-02,-1.852498016762912647e-01,4.054986100000000371e-01,8.611202221458348349e-01
3.756579716141194430e-02,-1.852498016762912647e-01,4.054986100000000371e-01,8.611202221458348349e-01
2.933419301678859628e-02,-1.925908385106082921e-01,4.005894750000000282e-01,9.092767659781654244e-01
1.821281565986088494e-02,-2.057817084163661436e-01,3.893426625000000474e-01,9.592772159702395163e-01
2.615256959822787487e-03,-2.097433602749407822e-01,3.750177749999999977e-01,1.073900667972658818e+00
2.615256959822787487e-03,-2.097433602749407822e-01,3.750177749999999977e-01,1.073900667972658818e+00
-5.804317463787016414e-03,-2.064138762801236981e-01,3.658782600000000107e-01,1.124757990045465839e+00
7.169110020303715546e-03,-2.197888871305037350e-01,3.482227374999999903e-01,1.238834495339010022e+00
2.855891353395290447e-02,-2.257159685183136311e-01,3.371416675000000196e-01,1.284446588486851670e+00
4.382018104719259677e-02,-2.307668366179738695e-01,3.301568049999999976e-01,1.331058964940126987e+00
5.641993738187214141e-02,-2.507291264903944161e-01,3.232824375000000194e-01,1.410536213983579756e+00
8.272051319797847635e-02,-2.798226633713969402e-01,3.026909050000000101e-01,1.499355965289085102e+00
8.272051319797847635e-02,-2.798226633713969402e-01,3.026909050000000101e-01,1.499355965289085102e+00
1.047554331558884222e-01,-2.863791662380902880e-01,2.903786050000000118e-01,1.540588490024291213e+00
1.178833858808931573e-01,-2.834903022456268240e-01,2.864560325000000129e-01,1.568046479811335159e+00
1.395805587559322269e-01,-2.534606975309750543e-01,2.782872949999999901e-01,1.640358893416093089e+00
1.395805587559322269e-01,-2.534606975309750543e-01,2.782872949999999901e-01,1.640358893416093089e+00
1.441457911084380872e-01,-2.408566718161730125e-01,2.708288824999999789e-01,1.667983330771267259e+00
1.702220164086512555e-01,-2.231830027160256469e-01,2.637414175000000194e-01,1.779341281224058546e+00
1.772719530910658314e-01,-2.129988250362104540e-01,2.598267375000000157e-01,1.821613770364940654e+00
1.781116144932541889e-01,-1.962954453897198526e-01,2.610737524999999781e-01,1.864964440273141344e+00
1.721474985215353526e-01,-1.746567455453648388e-01,2.574195250000000379e-01,1.924975047012551066e+00
1.651763248283598662e-01,-1.663779098226899900e-01,2.557778850000000381e-01,1.970418162589226974e+00
1.572716798835979979e-01,-1.707380371593677226e-01,2.589743475000000350e-01,2.016212415955630277e+00
1.572716798835979979e-01,-1.707380371593677226e-01,2.589743475000000350e-01,2.016212415955630277e+00
1.479540448882241399e-01,-1.867013576284389520e-01,2.564724250000000039e-01,2.076895337712230116e+00
1.415772554608407119e-01,-2.009307937803004318e-01,2.542625250000000170e-01,2.122172671511048936e+00
1.366095945004886791e-01,-2.373472580002074506e-01,2.702290525000000110e-01,2.223555219468730471e+00
1.371438579046721784e-01,-2.463732768562176267e-01,2.795343100000000081e-01,2.265077096656373801e+00
1.371438579046721784e-01,-2.463732768562176267e-01,2.795343100000000081e-01,2.265077096656373801e+00
1.343939526644620241e-01,-2.691062196582157950e-01,2.868348725000000043e-01,2.357475204360564014e+00
1.393135685342733743e-01,-2.799949366044114374e-01,2.960059575000000276e-01,2.392305356677165040e+00
1.470671623109573167e-01,-2.900192081055241733e-01,3.031328850000000186e-01,2.425143464498387580e+00
1.554059358029157289e-01,-2.970643677427334262e-01,3.070791350000000031e-01,2.466640574287893184e+00
1.528217041496437167e-01,-3.020951123314067344e-01,3.116094300000000206e-01,2.498903172997548605e+00
1.463576296175329583e-01,-3.083657581445937157e-01,3.208752250000000417e-01,2.533081916111517007e+00
1.446814027379234591e-01,-2.832367360203376649e-01,3.483016625000000532e-01,2.647625273544151892e+00
1.426923875882841475e-01,-2.805502722707202135e-01,3.580252225000000177e-01,2.695664971183655556e+00
1.419940734609517474e-01,-2.806733103130818474e-01,3.734077050000000342e-01,2.707950665924408806e+00
1.419940734609517474e-01,-2.806733103130818474e-01,3.734077050000000342e-01,2.707950665924408806e+00
1.419940734609517474e-01,-2.806733103130818474e-01,3.734077050000000342e-01,2.707950665924408806e+00
1.419940734609517474e-01,-2.806733103130818474e-01,3.734077050000000342e-01,2.707950665924408806e+00
1.496327851261123887e-01,-2.736030004483281930e-01,3.869749125000000456e-01,2.768898439051417082e+00
1.565557722483142677e-01,-2.611803193590037098e-01,3.975192925000000099e-01,2.819873739160514869e+00
1.601491089281309177e-01,-2.516565723400145393e-01,4.104314225000000316e-01,2.861082162287856168e+00
1.677132520827693540e-01,-2.195921793944877465e-01,4.267373274999999855e-01,2.960641510163269263e+00
1.667682460147115464e-01,-1.945219964855656458e-01,4.334933075000000358e-01,3.005720571618931025e+00
1.667682460147115464e-01,-1.945219964855656458e-01,4.334933075000000358e-01,3.005720571618931025e+00
1.571363746554651497e-01,-1.627470725057736656e-01,4.394442525000000210e-01,3.052374626543266523e+00
1.054125515101086707e-01,-1.212628041461492057e-01,4.488205425000000304e-01,-3.118853518938260461e+00
7.361277690839489185e-02,-1.194165011414245192e-01,4.495150824999999961e-01,-3.011436514266568221e+00
7.361277690839489185e-02,-1.194165011414245192e-01,4.495150824999999961e-01,-3.011436514266568221e+00
7.361277690839489185e-02,-1.194165011414245192e-01,4.495150824999999961e-01,-3.011436514266568221e+00
6.902095871806947225e-02,-1.307846869523753286e-01,4.465396100000000312e-01,-2.966704462700943790e+00
7.196104278843570845e-02,-1.738176833544217426e-01,4.488678975000000571e-01,-2.866115803064214429e+00
7.196104278843570845e-02,-1.738176833544217426e-01,4.488678975000000571e-01,-2.866115803064214429e+00
8.748433414402018160e-02,-2.165451402780304013e-01,4.429879850000000285e-01,-2.784908830892755649e+00
9.276264452315156894e-02,-2.411490369695932501e-01,4.434852125000000034e-01,-2.732011793741056405e+00
9.876406971726672812e-02,-2.493860111288833947e-01,4.380236024999999978e-01,-2.694323270626473477e+00
1.058543200006823726e-01,-2.483123078011475193e-01,4.347403224999999982e-01,-2.656377752466697384e+00
1.058543200006823726e-01,-2.483123078011475193e-01,4.347403224999999982e-01,-2.656377752466697384e+00
1.120278186907302798e-01,-2.444119918714287854e-01,4.316148925000000136e-01,-2.606644018057794554e+00
1.195538037403749143e-01,-2.331470201974753520e-01,4.278975250000000008e-01,-2.533699503168306055e+00
1.191257921413071547e-01,-2.217249553087208835e-01,4.233277675000000073e-01,-2.484279755451924032e+00
1.162190183905129209e-01,-2.155187080596434324e-01,4.199655625000000003e-01,-2.445702801797689840e+00
1.123885438603815096e-01,-2.039380186384611160e-01,4.132174750000000008e-01,-2.406330894558067701e+00
9.650461055892987916e-02,-1.836176168232089567e-01,4.110786074999999706e-01,-2.349139243832506718e+00
7.628381929082507507e-02,-1.754512330775627182e-01,4.046541124999999961e-01,-2.305554215748379043e+00
7.628381929082507507e-02,-1.754512330775627182e-01,4.046541124999999961e-01,-2.305554215748379043e+00
3.928846291252970080e-02,-1.581296005840102104e-01,3.936914300000000089e-01,-2.206691417656076126e+00
3.396652038400764517e-02,-1.487347672065376936e-01,3.860514899999999971e-01,-2.164696296742725679e+00
3.396652038400764517e-02,-1.487347672065376936e-01,3.860514899999999971e-01,-2.164696296742725679e+00
3.322949471351741707e-02,-1.427624287249532331e-01,3.799663724999999825e-01,-2.122174668881866566e+00
2.763725797910913246e-02,-1.481255857519388763e-01,3.711030950000000495e-01,-2.063091641150131217e+00
2.168825752717110436e-02,-1.571157518017738675e-01,3.604718975000000269e-01,-2.016935197875477481e+00
1.662115246723980949e-02,-1.584795233064898168e-01,3.543946725000000075e-01,-1.970303380346244859e+00
1.195389399725409196e-02,-1.555185209379988387e-01,3.449868125000000174e-01,-1.938465156356292907e+00
-9.265674225792889379e-03,-1.565078852829632772e-01,3.324771999999999728e-01,-1.855115671087864904e+00
-1.850760262539743670e-02,-1.726877873276851938e-01,3.221617025000000356e-01,-1.804189905775043012e+00
-1.512952842425403788e-02,-2.034430701498698701e-01,3.125644225000000498e-01,-1.737372791921608872e+00
-4.220296035063382002e-03,-2.180095126929240956e-01,2.987683325000000112e-01,-1.688779556249532465e+00
6.717500837412976149e-03,-2.245575433783996155e-01,2.846881125000000345e-01,-1.639875130204080378e+00
9.838573231431274949e-03,-2.376486446118203644e-01,2.740963774999999880e-01,-1.572014989309716837e+00
8.747303443473875353e-03,-2.569474744776749642e-01,2.692582749999999914e-01,-1.520916651158257471e+00
1.677746649936254913e-02,-2.786736591638390714e-01,2.627153924999999779e-01,-1.473064706375604827e+00
6.506269822869549524e-02,-2.969022478113748642e-01,2.508213950000000025e-01,-1.371148061461307854e+00
7.768405945771830745e-02,-2.996558897994895387e-01,2.436076500000000089e-01,-1.327406040030919998e+00
8.114385525362430296e-02,-3.099008041969153471e-01,2.420922900000000155e-01,-1.262856208371524680e+00
8.114385525362430296e-02,-3.099008041969153471e-01,2.420922900000000155e-01,-1.262856208371524680e+00
8.503708051694071346e-02,-3.213961393051606441e-01,2.434655849999999844e-01,-1.214711848501181413e+00
9.955439606026136867e-02,-3.322805785488553432e-01,2.427157975000000245e-01,-1.171055580857893963e+00
1.326536018592304744e-01,-3.431197107645050925e-01,2.462832075000000176e-01,-1.119991996958660030e+00
1.563491442372377249e-01,-3.463183003917447711e-01,2.557542074999999970e-01,-1.083047228157508757e+00
1.712074359462510131e-01,-3.401126024196421405e-01,2.604107824999999932e-01,-1.043432640363552766e+00
1.784232542750638917e-01,-3.226896366466120991e-01,2.637966649999999857e-01,-9.919408201610341314e-01
1.873761194248809714e-01,-3.121471139973699405e-01,2.741358399999999640e-01,-9.539054868934950804e-01
1.988493170065649407e-01,-3.091879758416420376e-01,2.797947625000000160e-01,-9.190869859066629344e-01
2.044596986064940169e-01,-3.206730244901768723e-01,2.874268099999999770e-01,-8.740572595101944176e-01
2.022049665590920364e-01,-3.266130055645168340e-01,3.004099725000000110e-01,-8.390789688579575190e-01
2.033006576105778895e-01,-3.152376791528933020e-01,3.084997850000000263e-01,-8.046165325088687759e-01
2.087487195420666131e-01,-2.857705673499799093e-01,3.218144325000000250e-01,-7.596249558950156633e-01
2.084641441348348279e-01,-2.751444713767796646e-01,3.335584725000000361e-01,-7.235793368569021222e-01
2.027217862581355556e-01,-2.818356136813333079e-01,3.388306625000000460e-01,-6.862830973708875515e-01
1.989339888844726678e-01,-2.874813820342468351e-01,3.459891600000000178e-01,-6.476178599265176583e-01
1.816407357012863044e-01,-2.465133424847990029e-01,3.679855575000000045e-01,-5.502401403265836377e-01
1.816407357012863044e-01,-2.465133424847990029e-01,3.679855575000000045e-01,-5.502401403265836377e-01
1.657489543969973556e-01,-2.291698221360373988e-01,3.738417925000000475e-01,-5.061970152454485783e-01
1.460057761032630408e-01,-2.229357282088118009e-01,3.818132175000000239e-01,-4.490754722355843054e-01
1.350273605626021445e-01,-2.210447506768010162e-01,3.894847275000000164e-01,-4.044241144509887476e-01
1.201427451706891247e-01,-2.142044547064461402e-01,3.956329850000000481e-01,-3.570247738955950045e-01
9.000754611881575662e-02,-1.991271179977738282e-01,4.022469000000000183e-01,-2.928420922819809369e-01
7.121858676603524951e-02,-2.050389860778566720e-01,4.081031350000000057e-01,-2.440776819308397572e-01
6.936177259738315892e-02,-2.215729220999909932e-01,4.138094125000000290e-01,-1.333362199808882098e-01
6.849495111326520114e-02,-2.136428606115756690e-01,4.192394524999999983e-01,-8.634207938534997628e-02
4.745793009937553791e-02,-2.071287186509714051e-01,4.186948699999999968e-01,1.611600906510062339e-02
4.745793009937553791e-02,-2.071287186509714051e-01,4.186948699999999968e-01,1.611600906510062339e-02
5.332034244577776166e-02,-2.155170269392052973e-01,4.183160300000000054e-01,5.872405858392745759e-02
5.332034244577776166e-02,-2.155170269392052973e-01,4.183160300000000054e-01,5.872405858392745759e-02
8.697189201601850106e-02,-2.111011896014744760e-01,4.252456450000000054e-01,1.354011185768379533e-01
8.697189201601850106e-02,-2.111011896014744760e-01,4.252456450000000054e-01,1.354011185768379533e-01
1.092444408445691767e-01,-1.985500276343104831e-01,4.318674525000000264e-01,2.358565202905219538e-01
1.092444408445691767e-01,-1.985500276343104831e-01,4.318674525000000264e-01,2.358565202905219538e-01
1.150463203716317467e-01,-2.014113279094916220e-01,4.356795299999999815e-01,2.722188058270026967e-01
1.270315106728834575e-01,-2.050713268403443201e-01,4.401940400000000087e-01,3.176853905107850928e-01
1.360628808182090255e-01,-2.054627948758291633e-01,4.401940400000000087e-01,3.507657794121771255e-01
1.387733130176371787e-01,-2.048866865530177828e-01,4.381656675000000223e-01,3.731003133150994078e-01
1.226716246851795311e-01,-1.921320257890580807e-01,4.447795824999999925e-01,4.464756610899353051e-01
1.111584380752523166e-01,-1.821131305443959292e-01,4.400914375000000156e-01,4.724200432714327214e-01
8.308398475250385051e-02,-1.494971137133296879e-01,4.406044500000000363e-01,5.614787134162316784e-01
8.308398475250385051e-02,-1.494971137133296879e-01,4.406044500000000363e-01,5.614787134162316784e-01
5.517208828598029607e-02,-1.529954421212577631e-01,4.354585400000000051e-01,6.412001743316446678e-01
2.401703377525567576e-02,-1.486336003746283052e-01,4.369660075000000310e-01,7.235579649891543674e-01
8.560449403491191336e-03,-1.452766025967993646e-01,4.273292650000000137e-01,7.656048843857069519e-01
-2.930997333517973945e-03,-1.503516388833520401e-01,4.215124925000000022e-01,8.093245352629381273e-01
-2.930997333517973945e-03,-1.503516388833520401e-01,4.215124925000000022e-01,8.093245352629381273e-01
-4.738781510159809432e-03,-1.726539152475707328e-01,4.006052600000000186e-01,8.795329850275064310e-01
1.252235093341800935e-02,-1.883487724340051350e-01,3.870064825000000264e-01,9.486113889625266138e-01
2.510531999055434435e-02,-1.908113642044877989e-01,3.820184225000000100e-01,1.004952226298834184e+00
2.510531999055434435e-02,-1.908113642044877989e-01,3.820184225000000100e-01,1.004952226298834184e+00
1.773765570652571094e-02,-2.023227781478144360e-01,3.574411775000000402e-01,1.081456588617431436e+00
1.773765570652571094e-02,-2.023227781478144360e-01,3.574411775000000402e-01,1.081456588617431436e+00
1.007785929567219484e-02,-2.143742811602091236e-01,3.446474350000000020e-01,1.129306269713157729e+00
1.215063606308099640e-02,-2.237688149320590236e-01,3.324298450000000571e-01,1.175539678343314742e+00
1.700907100833427485e-02,-2.293851886444407406e-01,3.324298450000000571e-01,1.206747798419353757e+00
2.724136243831204104e-02,-2.451459091335841944e-01,3.086102800000000146e-01,1.283514482105323928e+00
3.102441813687782657e-02,-2.662365803598713554e-01,2.879871775000000245e-01,1.395226100350877685e+00
3.639964885433668446e-02,-2.737860761285142996e-01,2.879871775000000245e-01,1.427127707574773474e+00
5.358476521369820444e-02,-2.876675702839569526e-01,2.852958349999999976e-01,1.470577846549688594e+00
5.358476521369820444e-02,-2.876675702839569526e-01,2.852958349999999976e-01,1.470577846549688594e+00
9.018968137024195586e-02,-3.126883349099012777e-01,2.756196300000000043e-01,1.539648793633656920e+00
1.031999390198219957e-01,-3.178523041321058007e-01,2.756196300000000043e-01,1.566636336014138209e+00
1.189579214464696888e-01,-3.122925558824019010e-01,2.676166350000000471e-01,1.648370347765324206e+00
1.111970372663016460e-01,-3.020127873642096672e-01,2.608054074999999750e-01,1.723140592740116439e+00
1.056209188982721453e-01,-3.016502312713090217e-01,2.608054074999999750e-01,1.753891714373097654e+00
9.841707647198622011e-02,-3.028139327991327678e-01,2.699291374999999715e-01,1.800249492626161629e+00
9.692481576705234969e-02,-2.986138614439687866e-01,2.676008500000000567e-01,1.904064305607412244e+00
9.022390299024947435e-02,-2.923681161869740586e-01,2.761168575000000347e-01,1.979574643049137439e+00
8.249166443655660264e-02,-2.954681022748535946e-01,2.761168575000000347e-01,2.026303665958158362e+00
8.058056339355892939e-02,-2.976096499759271485e-01,2.848143925000000132e-01,2.056848925238876635e+00
8.130111491599348317e-02,-2.927431891369980943e-01,2.862666125000000172e-01,2.131531152739642110e+00
8.130111491599348317e-02,-2.927431891369980943e-01,2.862666125000000172e-01,2.131531152739642110e+00
7.972438207023366252e-02,-2.885228777575495340e-01,2.862666125000000172e-01,2.161964292938467924e+00
7.259772138128960106e-02,-2.762204550361989641e-01,2.976318125000000370e-01,2.240548850384525892e+00
7.259772138128960106e-02,-2.762204550361989641e-01,2.976318125000000370e-01,2.240548850384525892e+00
7.610562884676355666e-02,-2.758907889827607596e-01,3.127380574999999996e-01,2.333543772489002688e+00
7.610562884676355666e-02,-2.758907889827607596e-01,3.127380574999999996e-01,2.333543772489002688e+00
7.766317028791799859e-02,-2.740142424549068534e-01,3.165027800000000391e-01,2.381064686348158599e+00
7.901893566460689577e-02,-2.674712051964752701e-01,3.165027800000000391e-01,2.413509178960266954e+00
8.266700030482468375e-02,-2.472346596660469631e-01,3.202359325000000423e-01,2.526574748304017071e+00
8.081768459911685409e-02,-2.509599559778770694e-01,3.281442175000000017e-01,2.576259746864971500e+00
8.392970484617214011e-02,-2.558602888969205291e-01,3.404249475000000191e-01,2.658547163490676102e+00
8.392970484617214011e-02,-2.558602888969205291e-01,3.404249475000000191e-01,2.658547163490676102e+00
1.024538294733010751e-01,-2.449982701406529240e-01,3.474098099999999856e-01,2.736929853326105722e+00
1.040845745549190682e-01,-2.304816453547400001e-01,3.628791100000000047e-01,2.820055100430749473e+00
1.035410067316770710e-01,-2.219407046465309286e-01,3.628791100000000047e-01,2.853484962646186673e+00
1.035410067316770710e-01,-2.219407046465309286e-01,3.628791100000000047e-01,2.853484962646186673e+00
1.257313720734636042e-01,-1.887772084743716550e-01,3.817658624999999972e-01,2.984017140315330607e+00
1.414906195016290835e-01,-1.807114089941463386e-01,4.058064175000000162e-01,3.099587945296518487e+00
1.610126555563459183e-01,-1.531599755423542208e-01,4.053565450000000125e-01,-3.102458034003297005e+00
1.719861608937469921e-01,-1.341780535238406569e-01,4.143066400000000038e-01,-3.054158944473619464e+00
1.680744266608545368e-01,-1.125282016924209483e-01,4.259954324999999931e-01,-2.973001240782326526e+00
1.522298332421304357e-01,-1.105107989100370808e-01,4.247799875000000114e-01,-2.910877415717939343e+00
1.522298332421304357e-01,-1.105107989100370808e-01,4.247799875000000114e-01,-2.910877415717939343e+00
1.459766311340834899e-01,-1.284624604160966577e-01,4.262164225000000251e-01,-2.838024247253840837e+00
1.515668559335120180e-01,-1.365485748220122142e-01,4.285604950000000413e-01,-2.799024649934611642e+00
1.460084891986235534e-01,-1.355330449193377640e-01,4.399335875000000007e-01,-2.715560382423201080e+00
1.460084891986235534e-01,-1.355330449193377640e-01,4.399335875000000007e-01,-2.715560382423201080e+00
1.251247039771435365e-01,-1.327137393655958286e-01,4.417488625000000058e-01,-2.657403602118595831e+00
1.150547010066870907e-01,-1.323438928692110550e-01,4.392942950000000013e-01,-2.615865213332194017e+00
1.150547010066870907e-01,-1.323438928692110550e-01,4.392942950000000013e-01,-2.615865213332194017e+00
1.103036798786345696e-01,-1.397643085487692838e-01,4.359320900000000498e-01,-2.548769532828737638e+00
1.192115958626781408e-01,-1.507895291455883247e-01,4.269898875000000538e-01,-2.495949727348651059e+00
1.224567408747237601e-01,-1.639176483181611632e-01,4.240223075000000286e-01,-2.457046003828664560e+00
1.193261034671731363e-01,-1.727191793390344954e-01,4.240223075000000286e-01,-2.416824814517415820e+00
9.573213571761717000e-02,-1.734141978045179167e-01,4.145907699999999974e-01,-2.317057740076976291e+00
8.610137955707725110e-02,-1.770495957848010338e-01,4.145907699999999974e-01,-2.287580008919216201e+00
7.781905675785009968e-02,-1.842479870532306996e-01,4.124361174999999768e-01,-2.244538265697464396e+00
7.781905675785009968e-02,-1.842479870532306996e-01,4.124361174999999768e-01,-2.244538265697464396e+00
7.572582878580463861e-02,-1.997351509641525635e-01,4.036596575000000464e-01,-2.174578355441628030e+00
6.963886618642749216e-02,-2.055718346777110905e-01,3.918682625000000641e-01,-2.131334877767303126e+00
5.575785472893242389e-02,-2.082572997419197547e-01,3.857910375000000447e-01,-2.070690039214291289e+00
5.575785472893242389e-02,-2.082572997419197547e-01,3.857910375000000447e-01,-2.070690039214291289e+00
3.542704161829373505e-02,-2.179876747719854402e-01,3.738812550000000234e-01,-1.943722502664218421e+00
3.200430329283725922e-02,-2.285765031346813636e-01,3.526741075000000003e-01,-1.828601905065308619e+00
4.271975040120424422e-02,-2.369504969320560817e-01,3.465258500000000241e-01,-1.781454765865145395e+00
7.059711315853003932e-02,-2.440258668028809086e-01,3.375599700000000425e-01,-1.706713016714016984e+00
8.605785351801126248e-02,-2.420285126300782963e-01,3.208752250000000417e-01,-1.663005882693909143e+00
9.540678065619355441e-02,-2.380718708433043895e-01,3.208752250000000417e-01,-1.633195522715998216e+00
9.540678065619355441e-02,-2.380718708433043895e-01,3.208752250000000417e-01,-1.633195522715998216e+00
1.227354989394493917e-01,-2.259424204347544318e-01,2.999837775000000484e-01,-1.563830962121848689e+00
1.306152849399110638e-01,-2.226308461982681453e-01,2.999837775000000484e-01,-1.535988145557288354e+00
1.306152849399110638e-01,-2.226308461982681453e-01,2.999837775000000484e-01,-1.535988145557288354e+00
1.325880215173872723e-01,-2.147805130949870800e-01,2.870242925000000556e-01,-1.463503558588056697e+00
1.268763732170079539e-01,-2.083634766456298471e-01,2.856983525000000301e-01,-1.418696006405528065e+00
1.245467147968122856e-01,-1.990399993406146151e-01,2.798263324999999968e-01,-1.344498740539266546e+00
1.237480078187623012e-01,-2.008946080789889843e-01,2.711919375000000354e-01,-1.299691720988955801e+00
1.192347903312970525e-01,-2.094887953642428358e-01,2.674114300000000055e-01,-1.224565944008638052e+00
1.165208294434245534e-01,-2.138547317210482968e-01,2.686031975000000016e-01,-1.166317817278642810e+00
1.183147097865667047e-01,-2.205864040084415667e-01,2.690530700000000053e-01,-1.123203769233295679e+00
1.262391619919360497e-01,-2.349857997721205849e-01,2.635598900000000189e-01,-1.082324179921551943e+00
1.262391619919360497e-01,-2.349857997721205849e-01,2.635598900000000189e-01,-1.082324179921551943e+00
1.528118837431240440e-01,-2.758479786682377366e-01,2.674351074999999911e-01,-9.941252114661444095e-01
1.544439853724222933e-01,-2.815882725950922261e-01,2.674351074999999911e-01,-9.687286415208761214e-01
1.517787270429846180e-01,-2.843886863498514272e-01,2.692977375000000229e-01,-9.277350023354500319e-01
1.525539732363067058e-01,-2.823644841843094278e-01,2.661091675000000212e-01,-8.618774254227714593e-01
1.621354109824097167e-01,-2.849196208026723576e-01,2.760616100000000128e-01,-8.247747977480056614e-01
1.621354109824097167e-01,-2.849196208026723576e-01,2.760616100000000128e-01,-8.247747977480056614e-01
1.737642869745656404e-01,-2.844362570648229505e-01,2.831964299999999990e-01,-7.765008085116025249e-01
1.787776877266398223e-01,-2.785037827758056195e-01,2.872610675000000224e-01,-7.402914716454763733e-01
1.809666396951168099e-01,-2.704539123278503765e-01,2.923359449999999859e-01,-7.049414037050644177e-01
1.744186589439117308e-01,-2.676596238435983710e-01,3.004888975000000184e-01,-6.565180777105351639e-01
1.603853978958482140e-01,-2.663773783577524368e-01,3.092811424999999947e-01,-6.196109926388082556e-01
1.455533882578426419e-01,-2.662696701364155594e-01,3.179234300000000069e-01,-5.832092423839240203e-01
1.431481376745807610e-01,-2.668754394158677212e-01,3.179234300000000069e-01,-5.714828114720870156e-01
1.198885464446410587e-01,-2.467236323423743771e-01,3.332348800000000111e-01,-4.760825888500778147e-01
1.198885464446410587e-01,-2.467236323423743771e-01,3.332348800000000111e-01,-4.760825888500778147e-01
9.144571968648579352e-02,-2.343708592316644523e-01,3.527451400000000126e-01,-4.138470108884479415e-01
9.030823365064251373e-02,-2.390620507813526752e-01,3.669279625000000378e-01,-3.804857583605934512e-01
1.135834792743648375e-01,-2.608654338496154690e-01,3.886244450000000406e-01,-3.078598906955331005e-01
1.135834792743648375e-01,-2.608654338496154690e-01,3.886244450000000406e-01,-3.078598906955331005e-01
1.150321390388270720e-01,-2.676751700464616857e-01,3.957040175000000604e-01,-2.755239718321159659e-01
1.133267255781459787e-01,-2.677424481534998457e-01,4.009130674999999977e-01,-2.455642584513219873e-01
1.101814158174647118e-01,-2.589039990620152776e-01,4.053407600000000222e-01,-2.053659889702047492e-01
1.095860411886422775e-01,-2.494548371983051349e-01,4.134621425000000183e-01,-1.762830215097785092e-01
1.108944522321982096e-01,-2.381200407695212018e-01,4.238328875000000329e-01,-1.479446905348952290e-01
1.134528345781396497e-01,-2.208028524260377823e-01,4.270530275000000153e-01,-1.111353517975526978e-01
1.115712530113498191e-01,-2.109313465029546697e-01,4.360425850000000381e-01,-8.368215570047085605e-02
1.175895809560085631e-01,-1.955226792651628964e-01,4.448032600000000336e-01,-3.877997391427109863e-02
1.272533769588223007e-01,-1.973227764249747274e-01,4.495940075000000591e-01,-1.324308138698831148e-02
1.491634029839859488e-01,-2.097341057901527528e-01,4.579758425000000077e-01,2.286811695267107133e-02
1.491634029839859488e-01,-2.097341057901527528e-01,4.579758425000000077e-01,2.286811695267107133e-02
1.677111049091404849e-01,-2.109347420333445300e-01,4.576917125000000142e-01,6.118190659871839548e-02
1.636405297619816235e-01,-2.027620832143798013e-01,4.588755875000000151e-01,1.040081584763905970e-01
1.525010761991549835e-01,-1.947660419099577767e-01,4.558054049999999968e-01,1.384252045736501791e-01
1.391100530927208700e-01,-1.868083168357192458e-01,4.527825775000000053e-01,1.744455235814079130e-01
1.219412361114684817e-01,-1.804769010154080588e-01,4.563736649999999839e-01,2.235352057701886497e-01
1.056544414384935210e-01,-1.820609658765439953e-01,4.509041625000000386e-01,2.619360911868545694e-01
5.326928465425389420e-02,-1.884570465770736836e-01,4.521432850000000059e-01,3.558314114111304494e-01
2.476547150713580975e-02,-1.938306065770674380e-01,4.418198950000000180e-01,3.984248780423945147e-01
2.476547150713580975e-02,-1.938306065770674380e-01,4.418198950000000180e-01,3.984248780423945147e-01
-1.237248882515490540e-02,-1.973711793777869206e-01,4.328303374999999953e-01,4.689565689842710716e-01
-1.237248882515490540e-02,-1.973711793777869206e-01,4.328303374999999953e-01,4.689565689842710716e-01
-3.750349167547169932e-02,-2.070391199250470604e-01,4.247405249999999799e-01,5.410950448803333312e-01
-4.283097066622867932e-02,-2.115443229621068455e-01,4.142987475000000086e-01,5.970845114003185961e-01
-4.152251384959151914e-02,-2.057987526473426532e-01,4.076216925000000213e-01,6.367767969190775146e-01
-4.153629154704347598e-02,-1.998722704707780184e-01,4.076216925000000213e-01,6.640693378234002742e-01
-4.381467995506590357e-02,-1.884058306603600963e-01,4.000843550000000026e-01,7.062341020981888207e-01
-3.658077709797569882e-02,-1.957753966078546182e-01,3.872037950000000173e-01,8.109974664806987033e-01
-1.945586274341218336e-02,-2.083466487964918956e-01,3.749940975000000121e-01,8.854135776095375387e-01
3.945923733720805736e-04,-2.121055675170842314e-01,3.538264125000000204e-01,9.606291696976182459e-01
3.945923733720805736e-04,-2.121055675170842314e-01,3.538264125000000204e-01,9.606291696976182459e-01
3.945923733720805736e-04,-2.121055675170842314e-01,3.538264125000000204e-01,9.606291696976182459e-01
2.341048843401712098e-02,-2.020482728184544996e-01,3.398251174999999957e-01,1.033852850448374161e+00
3.906325519166067156e-02,-1.914409354861825174e-01,3.296832550000000084e-01,1.077400394540159123e+00
5.009799658937674066e-02,-1.877197837187988827e-01,3.243242474999999958e-01,1.121839032332684560e+00
5.559273458015830810e-02,-1.905912705851495470e-01,3.187679275000000478e-01,1.182276543794833712e+00
5.741230610544132557e-02,-1.900746173336741729e-01,3.187679275000000478e-01,1.197283589695484762e+00
6.696790702778136761e-02,-1.720976807643940509e-01,3.001495200000000030e-01,1.271667809470269805e+00
7.179486985879317273e-02,-1.636749677638277001e-01,2.930225925000000120e-01,1.332021830832245346e+00
7.311990069202688181e-02,-1.665466876567737731e-01,2.867480550000000017e-01,1.378045116052394992e+00
6.995475870360293169e-02,-1.678164828645235529e-01,2.813101224999999816e-01,1.440562955800059664e+00
6.274917273904083437e-02,-1.668900024107986269e-01,2.772928399999999849e-01,1.488060167525513844e+00
5.306344310793678631e-02,-1.709403708231864993e-01,2.772928399999999849e-01,1.536351933362193334e+00
4.450602825167206816e-02,-1.868731315187490694e-01,2.665195775000000489e-01,1.587141611143312314e+00
3.703004821268286728e-02,-2.202052390774239810e-01,2.636309225000000311e-01,1.653821705358661909e+00
3.480687878538754609e-02,-2.379118315065474332e-01,2.567644475000000481e-01,1.703396182734377984e+00
3.107159770006425945e-02,-2.463900547710851374e-01,2.517448175000000510e-01,1.754038454549161186e+00
2.127175161625032354e-02,-2.614073871314465669e-01,2.499374350000000133e-01,1.823639637006164049e+00
1.695352849514661017e-02,-2.826938839216386334e-01,2.513344074999999678e-01,1.876112432596213297e+00
2.224305223888345742e-02,-3.099998072104390712e-01,2.479248475000000174e-01,1.943198525719745273e+00
4.440836930226101792e-02,-3.336434512367034144e-01,2.571590725000000299e-01,2.038545951173143411e+00
5.506765075935715625e-02,-3.415765420708586908e-01,2.604028899999999980e-01,2.084906525745352290e+00
6.368367180436043662e-02,-3.451390859505713005e-01,2.604028899999999980e-01,2.113995701700069674e+00
6.368367180436043662e-02,-3.451390859505713005e-01,2.604028899999999980e-01,2.113995701700069674e+00
8.146022214636891579e-02,-3.534603658031192919e-01,2.639781925000000418e-01,2.185718225123375102e+00
8.772595775629601911e-02,-3.595646306272035075e-01,2.827465575000000508e-01,2.229173290946306896e+00
1.094980986160208197e-01,-3.706944801653490607e-01,3.079788800000000104e-01,2.321750762549914082e+00
1.094980986160208197e-01,-3.706944801653490607e-01,3.079788800000000104e-01,2.321750762549914082e+00
1.315253453410399898e-01,-3.630952498633488457e-01,3.166448450000000636e-01,2.364936849102747818e+00
1.378621207730449660e-01,-3.615907968740494360e-01,3.277416999999999692e-01,2.399404278878880525e+00
1.392164879901615637e-01,-3.616943605509398973e-01,3.371022050000000436e-01,2.440284866876032854e+00
1.481164311356917285e-01,-3.541098775034760004e-01,3.495486775000000157e-01,2.478306285126876229e+00
1.740336990083407864e-01,-3.303338743710346748e-01,3.618136224999999873e-01,2.525553958658189657e+00
1.908969848335338448e-01,-3.090923017794809380e-01,3.707637175000000340e-01,2.564014798488896130e+00
1.957501798012829253e-01,-2.872889020664613491e-01,3.817579700000000575e-01,2.604008553843052187e+00
1.950422616492694383e-01,-2.729648238273611471e-01,3.901319125000000110e-01,2.646306476172344713e+00
1.991016015855795185e-01,-2.610044009242471486e-01,3.983716825000000461e-01,2.699362237725012381e+00
2.027635645977361734e-01,-2.402785328330304115e-01,4.074954125000000427e-01,2.757909703761532327e+00
1.969968055075490276e-01,-2.135765811899463240e-01,4.063588925000000129e-01,2.802337622330670186e+00
1.835113067614443372e-01,-1.837794205041880791e-01,4.108734025000000400e-01,2.851928078672926858e+00
1.535652254364802127e-01,-1.496344496017937009e-01,4.129491299999999976e-01,2.919721773698093159e+00
1.451210906338955275e-01,-1.428535421237475678e-01,4.129491299999999976e-01,2.937016874449284831e+00
1.088156635866880106e-01,-1.278769311609291304e-01,4.134542500000000231e-01,3.002783637568791963e+00
7.157703160400309683e-02,-1.455961153485816062e-01,4.233040900000000217e-01,3.081767935494471367e+00
5.987493948781599795e-02,-1.529776988104951108e-01,4.182213200000000630e-01,3.131161317916062004e+00
4.651080598601328026e-02,-1.523984446286460737e-01,4.187501175000000186e-01,-3.104073773836647732e+00
2.388465802432192253e-02,-1.517571387933981664e-01,4.188053650000000405e-01,-3.045003529278145216e+00
1.229192092009890290e-02,-1.534714155870821883e-01,4.264847675000000282e-01,-2.956417204042185887e+00
1.412908283244134963e-02,-1.720895747678261312e-01,4.189632150000000554e-01,-2.897250819368331065e+00
2.204211049285317164e-02,-1.925565336668167149e-01,4.123887625000000612e-01,-2.853078297947731823e+00
2.204211049285317164e-02,-1.925565336668167149e-01,4.123887625000000612e-01,-2.853078297947731823e+00
3.564396441145909616e-02,-2.115868170262504289e-01,4.145434150000000262e-01,-2.810563860621816179e+00
6.414646262278894673e-02,-2.326198807492078080e-01,4.120967400000000169e-01,-2.758478022338155089e+00
9.005500864286801466e-02,-2.397172216990257898e-01,4.090818050000000206e-01,-2.720653145375759419e+00
1.116640641753390839e-01,-2.410148802296805115e-01,4.105103474999999835e-01,-2.683807246430077509e+00
1.333845480322947419e-01,-2.384647037488479004e-01,4.100289049999999991e-01,-2.635163277539235072e+00
1.442146338226166224e-01,-2.396838489616157364e-01,4.077874349999999759e-01,-2.599773062445390082e+00
1.516578028847382076e-01,-2.331507319782446519e-01,4.094606450000000120e-01,-2.564421729503460146e+00
1.470077072396213103e-01,-2.118055624202868081e-01,4.104077450000000460e-01,-2.514906374303943704e+00
1.312715377667770245e-01,-1.953541677471881399e-01,4.075427675000000138e-01,-2.475633270340763303e+00
1.092833646083763710e-01,-1.844761034453527848e-01,4.054670400000000008e-01,-2.435003019486079001e+00
9.142437278587312033e-02,-1.776168158074742653e-01,4.033992050000000384e-01,-2.395260133906608413e+00
8.042037425399066464e-02,-1.650626078498134974e-01,3.977718525000000227e-01,-2.345991920056251345e+00
6.889885278208933428e-02,-1.543813844420486303e-01,3.935493650000000398e-01,-2.307764639453144806e+00
4.816147900272562538e-02,-1.482918502277438821e-01,3.853253799999999951e-01,-2.265971918782640149e+00
2.507686577878252832e-02,-1.573436851015710125e-01,3.789798099999999725e-01,-2.209824227204390645e+00
1.176352999417846698e-02,-1.747166167356211663e-01,3.724132500000000290e-01,-2.164866073262218027e+00
-6.776126661763085240e-04,-1.928127297636823556e-01,3.629185725000000362e-01,-2.117733315131941296e+00
-1.344901135857599038e-02,-2.108801472309979053e-01,3.500932600000000172e-01,-2.054239426844762573e+00
-1.883526506623425800e-02,-2.189390058476321788e-01,3.500932600000000172e-01,-2.021796532129308321e+00
-2.306309779516770020e-02,-2.345656195311333347e-01,3.266604275000000168e-01,-1.957928469708973385e+00
-2.206295388957224546e-02,-2.495047881135009360e-01,3.117672800000000355e-01,-1.893456535511463423e+00
-1.533301577777940877e-02,-2.594489317553159147e-01,2.860771925000000215e-01,-1.810696141476160870e+00
7.986727522687862499e-03,-2.612713661787707808e-01,2.785082850000000221e-01,-1.732592817239080096e+00
2.459731993202712852e-02,-2.693819566995798720e-01,2.722732099999999877e-01,-1.685972584460589063e+00
3.998834580819173035e-02,-2.844259040260852522e-01,2.722732099999999877e-01,-1.637158173259981586e+00
3.998834580819173035e-02,-2.844259040260852522e-01,2.722732099999999877e-01,-1.637158173259981586e+00
6.793486753007552115e-02,-2.950403653142731897e-01,2.703869024999999704e-01,-1.577551834374046225e+00
9.474128998929637335e-02,-2.929556761024728062e-01,2.676166350000000471e-01,-1.535424221196463934e+00
1.273219700016486322e-01,-2.827502763577210421e-01,2.658408225000000180e-01,-1.481054722278060565e+00
1.413388692537650149e-01,-2.684956400440446922e-01,2.669220949999999704e-01,-1.439775325907668879e+00
1.449340701463447123e-01,-2.569349243310379283e-01,2.646253774999999808e-01,-1.411748751227893006e+00
1.482206938923683326e-01,-2.411234706231284997e-01,2.668510625000000136e-01,-1.340909598338166697e+00
1.509639162627180731e-01,-2.479533469757184694e-01,2.667089974999999891e-01,-1.299216613050485636e+00
1.523103439308348683e-01,-2.551941990187781006e-01,2.673798600000000247e-01,-1.256685397809702120e+00
1.444624076725348760e-01,-2.495814205738679792e-01,2.704737200000000286e-01,-1.197949646284113490e+00
1.300209672531462690e-01,-2.387990802684641645e-01,2.735833650000000228e-01,-1.152852342174984335e+00
1.129670490281739770e-01,-2.363442615994131857e-01,2.767877200000000149e-01,-1.107407029490409034e+00
9.918281850916806086e-02,-2.609412174273850193e-01,2.796526975000000470e-01,-1.048251364039942013e+00
1.066726511470148797e-01,-2.965781411067122120e-01,2.893210100000000451e-01,-9.673009208604848030e-01
1.119573115008704323e-01,-2.960783989281588480e-01,2.893210100000000451e-01,-9.418260539791682984e-01
1.119573115008704323e-01,-2.960783989281588480e-01,2.893210100000000451e-01,-9.418260539791682984e-01
1.124489976171263034e-01,-2.890433593030918846e-01,2.890921275000000179e-01,-8.767712203980669861e-01
1.107501255458727268e-01,-2.932501884295219408e-01,3.035117250000000100e-01,-8.378260181441024024e-01
1.130110827323227429e-01,-3.005241468938826266e-01,3.126907025000000284e-01,-7.893460999764089214e-01
1.221032894637998079e-01,-3.009128019654660480e-01,3.194387900000000280e-01,-7.550810704431225595e-01
1.322058329338256788e-01,-2.917726666567460048e-01,3.250740349999999834e-01,-7.210402124945933799e-01
1.302539355918793385e-01,-2.830209866825276199e-01,3.336610749999999737e-01,-6.710869004538135840e-01
1.241395341108959827e-01,-2.846063997689654013e-01,3.392884275000000449e-01,-6.434028082902218948e-01
1.216413142384551171e-01,-2.870881995888102112e-01,3.392884275000000449e-01,-6.022310036278694101e-01
1.273761736522101562e-01,-2.862303288226684672e-01,3.593590549999999828e-01,-5.461510229203351274e-01
1.299265998043949710e-01,-2.824117220041447163e-01,3.683012574999999789e-01,-5.027765510098917145e-01
1.288728618624562783e-01,-2.684378161588762968e-01,3.683012574999999789e-01,-4.408409781450592924e-01
1.062811082101243892e-01,-2.513372426805571824e-01,3.940544850000000099e-01,-3.424150716295837893e-01
1.062811082101243892e-01,-2.513372426805571824e-01,3.940544850000000099e-01,-3.424150716295837893e-01
9.949580651627962236e-02,-2.415627590449370699e-01,4.002106350000000368e-01,-2.938103843648201541e-01
1.097834812939580268e-01,-2.113109801163454704e-01,4.088371375000000585e-01,-1.838703341659006507e-01
1.021712431145084393e-01,-1.928788260929867326e-01,4.130438400000000509e-01,-1.162572097850203268e-01
8.950704660382739764e-02,-1.799379437898032674e-01,4.162087325000000115e-01,-6.674520434281269732e-02
8.258976031083398173e-02,-1.725820431876522176e-01,4.206285325000000408e-01,-3.479379184534332758e-02
8.258976031083398173e-02,-1.725820431876522176e-01,4.206285325000000408e-01,-3.479379184534332758e-02
8.176594471713159729e-02,-1.388632696058330063e-01,4.233672300000000388e-01,8.933865159915031773e-02
8.251181291467872547e-02,-1.343621861460844169e-01,4.233672300000000388e-01,1.045233969235368765e-01
8.251181291467872547e-02,-1.343621861460844169e-01,4.233672300000000388e-01,1.045233969235368765e-01
7.680763811010844766e-02,-1.072105680753188545e-01,4.358768425000000279e-01,2.106512152457919729e-01
8.002674240012012941e-02,-1.152000763126917876e-01,4.371475349999999760e-01,2.822516660226309648e-01
8.732468595904833986e-02,-1.282861008952845827e-01,4.472183650000000066e-01,3.240103980997232624e-01
9.302088792510519732e-02,-1.414482752402968224e-01,4.225543025000000341e-01,3.779564544048043540e-01
9.827436432707159497e-02,-1.462173808966266697e-01,4.213625349999999825e-01,4.176009694715100973e-01
9.827436432707159497e-02,-1.462173808966266697e-01,4.213625349999999825e-01,4.176009694715100973e-01
1.000428364489387156e-01,-1.524865286817004284e-01,4.223964525000000192e-01,4.567616547471756161e-01
9.695859630100432669e-02,-1.655237841268311638e-01,4.329250475000000487e-01,5.227374760122536212e-01
9.521131295456014554e-02,-1.686153313230064621e-01,4.271793074999999940e-01,5.495379979051843167e-01
9.843247287203824025e-02,-1.710089805107696814e-01,4.247405249999999799e-01,5.888725210210047356e-01
1.084883444439604661e-01,-1.722546408211406144e-01,4.230278525000000234e-01,6.561120122233252694e-01
1.112636579054456648e-01,-1.743374658201779503e-01,4.170690149999999874e-01,6.832909027281289793e-01
1.130756560663787602e-01,-1.783692753287193511e-01,4.135489600000000210e-01,7.236604966911224235e-01
1.029962904202149920e-01,-1.690676692341564202e-01,4.100131200000000087e-01,7.792957294966134096e-01
8.910000739834400552e-02,-1.545368298259251760e-01,4.022074375000000424e-01,8.211738710590822388e-01
7.278703884528060775e-02,-1.461252521676667249e-01,3.970457425000000207e-01,8.643508362851826110e-01
5.822109980611998165e-02,-1.472174811097354818e-01,3.905107525000000024e-01,9.245966667278734397e-01
5.517603725453417568e-02,-1.526746144336872946e-01,3.802978575000000028e-01,9.704600957035912634e-01
5.313504052936788430e-02,-1.562450978623997067e-01,3.723264325000000263e-01,1.014995139927577616e+00
4.342872549527537068e-02,-1.552943992875118473e-01,3.506694125000000550e-01,1.119259893974997366e+00
4.261118497489148338e-02,-1.683516617303317808e-01,3.493355800000000344e-01,1.163766242638238024e+00
4.261118497489148338e-02,-1.683516617303317808e-01,3.493355800000000344e-01,1.163766242638238024e+00
3.706245971538697087e-02,-2.063894251323654117e-01,3.384202525000000183e-01,1.240579265327175440e+00
3.688874671090814489e-02,-2.246112393638783344e-01,3.283020675000000166e-01,1.287074595850541847e+00
4.422721193029758441e-02,-2.341128322115494098e-01,3.175445900000000155e-01,1.315531670520529106e+00
6.831568292120003549e-02,-2.678925505704394250e-01,2.978291250000000279e-01,1.414118831440008828e+00
6.831568292120003549e-02,-2.678925505704394250e-01,2.978291250000000279e-01,1.414118831440008828e+00
7.597179667960866911e-02,-2.945185521881857893e-01,2.856352125000000131e-01,1.473010244731312701e+00
9.567474459612596016e-02,-3.086094706738495841e-01,2.794711699999999910e-01,1.527196385008664281e+00
1.080573950453152104e-01,-3.132130775131877765e-01,2.700317400000000201e-01,1.553387109590994131e+00
1.249298604538906232e-01,-3.184834733104546234e-01,2.647200875000000342e-01,1.590108372597660802e+00
1.407914065574287776e-01,-3.272464717193058203e-01,2.599766949999999799e-01,1.639857553340885898e+00
1.489602037928128841e-01,-3.351943763870247062e-01,2.586507550000000100e-01,1.679092574100478297e+00
1.574042720163703057e-01,-3.394565659746147657e-01,2.545703324999999961e-01,1.717902021717875982e+00
1.662492957867959809e-01,-3.332371527228982222e-01,2.533943500000000459e-01,1.771448071227227139e+00
1.717453279074197536e-01,-3.239950516339417108e-01,2.576484075000000096e-01,1.812074859972494734e+00
1.748238589037673096e-01,-3.211425730798714850e-01,2.594400050000000291e-01,1.851728396497393403e+00
1.734926445433775666e-01,-3.280812728525048239e-01,2.619498199999999999e-01,1.919086132052113536e+00
1.747464441398300650e-01,-3.278565353460157206e-01,2.705289674999999949e-01,1.983127832575521277e+00
1.747464441398300650e-01,-3.278565353460157206e-01,2.705289674999999949e-01,1.983127832575521277e+00
1.803348380160091358e-01,-3.139194809923313012e-01,2.781768000000000018e-01,2.030680970683867326e+00
1.798009407964755169e-01,-3.060746739483121703e-01,2.893841500000000067e-01,2.067479065887982692e+00
1.734417615218002418e-01,-3.042062001275125382e-01,2.952482775000000448e-01,2.106207686566296200e+00
1.609680476080871114e-01,-3.017070564710685465e-01,3.009624475000000077e-01,2.170500656338553380e+00
1.549497030186715307e-01,-2.989395327557718418e-01,3.069686400000000148e-01,2.207936179149579292e+00
1.416771073569618733e-01,-3.017523302095999060e-01,3.120593025000000242e-01,2.247582525139534493e+00
1.238045500576560459e-01,-3.088950614112469517e-01,3.185469375000000158e-01,2.287361097077611927e+00
1.006048633074863030e-01,-3.171719996316451073e-01,3.243558175000000321e-01,2.341101024714320911e+00
9.108616797218987982e-02,-3.206359066824838733e-01,3.360051475000000454e-01,2.368588841905573616e+00
7.672655317729394631e-02,-3.231833534231992044e-01,3.435740549999999893e-01,2.423914681971424567e+00
6.850279495491332082e-02,-3.255366557204477096e-01,3.519085350000000223e-01,2.468494667038806156e+00
6.138036619538894678e-02,-3.340214536639265486e-01,3.620109349999999782e-01,2.515297326351967566e+00
4.717631329766727027e-02,-3.394763066561949372e-01,3.692010024999999862e-01,2.582975972818042365e+00
5.418336892534236088e-02,-3.266539183767632193e-01,3.795007150000000440e-01,2.629323231584800524e+00
6.619985969178092400e-02,-3.094977680554454880e-01,3.872906125000000199e-01,2.675064621203565363e+00
7.458330771102542056e-02,-2.860832890409824580e-01,3.872906125000000199e-01,2.737779401713841043e+00
7.617403879726497573e-02,-2.747289683124568560e-01,3.977876375000000131e-01,2.786981036536946288e+00
7.648249943052340405e-02,-2.622292719333586541e-01,4.050013825000000622e-01,2.838337168681925426e+00
8.354328849438004412e-02,-2.306821813848229652e-01,4.077795425000000362e-01,2.903840012537405091e+00
9.728564912762285855e-02,-2.058302611719896591e-01,4.139199075000000172e-01,2.950256247176396229e+00
1.071853263016119412e-01,-1.795932475209629509e-01,4.191763125000000367e-01,3.015076789160597404e+00
1.098852806266263082e-01,-1.443115562415387132e-01,4.319779475000000146e-01,3.110073875772596086e+00
1.145692982861281073e-01,-1.252695549733086333e-01,4.385050449999999822e-01,-3.128056072085029005e+00
1.136524218570842681e-01,-9.924716713900709475e-02,4.408964725000000251e-01,-3.068051324300017590e+00
1.069060855389387249e-01,-8.749686764590036692e-02,4.408806875000000347e-01,-3.021331489296757766e+00
1.006169307561757265e-01,-8.339673973302003107e-02,4.447164425000000310e-01,-2.978299599771039752e+00
1.008947733592766571e-01,-7.354436695789347278e-02,4.441323975000000535e-01,-2.894312287421537455e+00
9.980070517158007304e-02,-6.760929192562412093e-02,4.434062875000000514e-01,-2.840134269785510757e+00
9.767777463100181523e-02,-6.910833536895928664e-02,4.434062875000000514e-01,-2.789295589840333989e+00
1.004239181561722427e-01,-7.812002725054267849e-02,4.400361900000000492e-01,-2.751879508105265604e+00
1.081199044295264033e-01,-9.366603037679847865e-02,4.406675900000000534e-01,-2.716195546343184830e+00
1.172206665660053410e-01,-1.164920007246244421e-01,4.393416500000000280e-01,-2.668358515262636566e+00
1.201101214473356549e-01,-1.252033670978417723e-01,4.393416500000000280e-01,-2.633080685566793200e+00
1.163966845247348253e-01,-1.281074360756538910e-01,4.338484700000000416e-01,-2.595973264202064978e+00
1.117082227151639517e-01,-1.390441398557414054e-01,4.296180900000000080e-01,-2.546871231603728969e+00
1.065797817263767766e-01,-1.616278790576678726e-01,4.211415450000000060e-01,-2.508273505292992755e+00
1.030477809754159896e-01,-1.882485709979909161e-01,4.211415450000000060e-01,-2.467559631180079371e+00
1.024861868805455323e-01,-2.166692435848280862e-01,4.121362024999999929e-01,-2.413444464145778401e+00
9.923207034457771913e-02,-2.325448961197652542e-01,4.011735200000000057e-01,-2.370593403258076215e+00
9.800450288486249606e-02,-2.447961861481863510e-01,3.794533600000000173e-01,-2.327880826747058318e+00
9.857344563986590591e-02,-2.551216278790734426e-01,3.841730750000000305e-01,-2.284243334389456148e+00
9.412950363025633649e-02,-2.610487425563969843e-01,3.714661499999999950e-01,-2.227672466513992866e+00
8.795918408875971761e-02,-2.537173263915178389e-01,3.647890950000000077e-01,-2.167647745020806038e+00
8.806674250728528663e-02,-2.545973513289777057e-01,3.647890950000000077e-01,-2.139384681636231189e+00
1.014007157097428641e-01,-2.718003899302376403e-01,3.536448850000000199e-01,-2.093052336571577410e+00
1.048430345109952200e-01,-2.680787887544200387e-01,3.300463100000000094e-01,-2.012704233851668967e+00
9.196493623051037181e-02,-2.603441700005028614e-01,3.300463100000000094e-01,-1.987195944298671968e+00
6.050478540799814758e-02,-2.768954498592363644e-01,3.052165050000000268e-01,-1.877543215891858353e+00
6.670549827543530153e-02,-2.883008699911778216e-01,2.991708500000000437e-01,-1.838583432830925624e+00
6.670549827543530153e-02,-2.883008699911778216e-01,2.991708500000000437e-01,-1.838583432830925624e+00
6.670549827543530153e-02,-2.883008699911778216e-01,2.991708500000000437e-01,-1.838583432830925624e+00
6.709935899471200504e-02,-2.980873544964601218e-01,2.894709675000000093e-01,-1.783976779417450365e+00
5.731792201193323250e-02,-2.966912255844997293e-01,2.813101224999999816e-01,-1.738165215503961969e+00
5.372844275450797819e-02,-2.843939460930043350e-01,2.766614399999999807e-01,-1.692033406469391155e+00
5.146641198124352057e-02,-2.600861096908742010e-01,2.667958149999999917e-01,-1.583556863158011252e+00
4.311042781074046759e-02,-2.590363248786786143e-01,2.686426600000000331e-01,-1.533809280311440260e+00
3.646157983324863766e-02,-2.607135337989400781e-01,2.654619825000000266e-01,-1.448921686355436833e+00
4.398089865778967433e-02,-2.715564776639000089e-01,2.659986725000000329e-01,-1.366212957645282167e+00
5.411352336456582562e-02,-2.792651638867024722e-01,2.607422675000000134e-01,-1.285247534184693174e+00
5.180372213924807484e-02,-2.850955558821857139e-01,2.577667949999999930e-01,-1.252291448327180534e+00
4.607912837925744881e-02,-2.976799907182188787e-01,2.677744850000000620e-01,-1.201371808284865450e+00
5.237230287079078922e-02,-3.161290724592564216e-01,2.643570324999999777e-01,-1.074727446333073821e+00
5.237230287079078922e-02,-3.161290724592564216e-01,2.643570324999999777e-01,-1.074727446333073821e+00
6.809345877298973726e-02,-3.305950638949441966e-01,2.709946250000000445e-01,-1.017054296082426923e+00
7.734065315753099745e-02,-3.457077707118441090e-01,2.768903225000000079e-01,-9.747315397759693800e-01
8.297270623083057017e-02,-3.537354703437244896e-01,2.842619175000000165e-01,-9.478706972843484735e-01
8.297270623083057017e-02,-3.537354703437244896e-01,2.842619175000000165e-01,-9.478706972843484735e-01
8.297270623083057017e-02,-3.537354703437244896e-01,2.842619175000000165e-01,-9.478706972843484735e-01
1.056845684483250364e-01,-3.514990475288168326e-01,2.881844900000000154e-01,-8.846043761123170146e-01
1.270277156683300990e-01,-3.327110785390666736e-01,3.031960250000000356e-01,-8.257599010352258961e-01
1.270277156683300990e-01,-3.327110785390666736e-01,3.031960250000000356e-01,-8.257599010352258961e-01
1.388772179120423000e-01,-3.288717323535539361e-01,3.104729099999999908e-01,-7.675968623020588133e-01
1.437779419828708882e-01,-3.280564388753398064e-01,3.291071025000000261e-01,-7.066576112905387230e-01
1.437779419828708882e-01,-3.280564388753398064e-01,3.291071025000000261e-01,-7.066576112905387230e-01
1.488529616246667686e-01,-3.234167462032310203e-01,3.389569425000000247e-01,-6.706663873176901269e-01
1.610077453530860958e-01,-3.066602697825069335e-01,3.547735125000000544e-01,-5.844593301996071633e-01
1.610077453530860958e-01,-3.066602697825069335e-01,3.547735125000000544e-01,-5.844593301996071633e-01
1.574778917757541918e-01,-2.868492141704892529e-01,3.757596699999999901e-01,-5.049313146478748848e-01
1.574778917757541918e-01,-2.868492141704892529e-01,3.757596699999999901e-01,-5.049313146478748848e-01
1.524430359321480855e-01,-2.783119186640222176e-01,3.887822950000000000e-01,-4.216827964742745349e-01
1.479677102335676120e-01,-2.775979418205288263e-01,3.975192925000000099e-01,-3.765788344624199646e-01
1.387501601609102964e-01,-2.450299950471384880e-01,4.130438400000000509e-01,-3.004931543566968233e-01
1.387501601609102964e-01,-2.450299950471384880e-01,4.130438400000000509e-01,-3.004931543566968233e-01
1.155240415369215151e-01,-2.135562412971208357e-01,4.204943600000000115e-01,-2.221461508798737439e-01
9.902178880938074246e-02,-2.065292743791082020e-01,4.260980349999999861e-01,-1.764040288918090060e-01
8.943540757050426337e-02,-2.035256780779327868e-01,4.252772150000000417e-01,-1.459882824638525922e-01
7.044979873835661988e-02,-1.780503284986687251e-01,4.313939025000000371e-01,-4.134468542899067539e-02
5.801469233807123038e-02,-1.694935419819736944e-01,4.349770975000000206e-01,3.268612454676258355e-02
5.801469233807123038e-02,-1.694935419819736944e-01,4.349770975000000206e-01,3.268612454676258355e-02
5.654688694208485217e-02,-1.649884055239411729e-01,4.359320900000000498e-01,7.712404661474507594e-02
5.780235101421864891e-02,-1.585048399816023634e-01,4.272582325000000014e-01,1.069321595504862804e-01
6.215875824774867026e-02,-1.515136093564672382e-01,4.290261525000000353e-01,1.514910557109856448e-01
6.177773063597478964e-02,-1.498897468817914358e-01,4.335880175000000336e-01,2.247882064183140682e-01
5.952128417862109083e-02,-1.506918077783392373e-01,4.338721475000000272e-01,2.537710889560237937e-01
6.766348725380723350e-02,-1.566712369263260074e-01,4.259559700000000171e-01,3.237923184959594081e-01
6.885299647706953630e-02,-1.577113511348132713e-01,4.323094325000000349e-01,3.381437940047737900e-01
6.701454147518218218e-02,-1.628659327141752655e-01,4.233356600000000025e-01,3.942708793740888895e-01
5.337571122931619033e-02,-1.688023851000708953e-01,4.293023900000000337e-01,4.664312930596307138e-01
5.207151130923394489e-02,-1.700277720966436035e-01,4.241880499999999832e-01,5.088271864275244472e-01
5.434638351237962989e-02,-1.701298710349345156e-01,4.147407275000000171e-01,5.368481018899839974e-01
6.784351694349659290e-02,-1.628043970482376257e-01,4.160745599999999822e-01,6.185766874504488033e-01
6.784351694349659290e-02,-1.628043970482376257e-01,4.160745599999999822e-01,6.185766874504488033e-01
6.645727501708309504e-02,-1.559941781534437966e-01,4.082136299999999940e-01,6.925516459447160766e-01
6.472126849337972443e-02,-1.622098629796342451e-01,4.102104324999999996e-01,7.657964988261380945e-01
7.108047689637941868e-02,-1.545404084486399765e-01,4.000606775000000170e-01,8.369910505633353370e-01
6.879364959665279500e-02,-1.536648609507628160e-01,3.962486000000000064e-01,8.960680196035902823e-01
6.502012510195705197e-02,-1.591160520965323733e-01,3.856726500000000057e-01,9.257706547154075372e-01
6.075067007801811941e-02,-1.671727136052673368e-01,3.785536150000000100e-01,9.841469460728627938e-01
6.075067007801811941e-02,-1.671727136052673368e-01,3.785536150000000100e-01,9.841469460728627938e-01
5.345972147814057746e-02,-1.925501587249573432e-01,3.600930575000000355e-01,1.088893133066341612e+00
5.013904672086679642e-02,-1.967986330329334899e-01,3.486883950000000398e-01,1.118731522814725654e+00
4.536677439955328489e-02,-2.003198979157498893e-01,3.387359524999999927e-01,1.164853744469371843e+00
4.536677439955328489e-02,-2.003198979157498893e-01,3.387359524999999927e-01,1.164853744469371843e+00
3.110143134605695275e-02,-2.369347509921110040e-01,3.193677575000000157e-01,1.276580942207302671e+00
2.903814729151806343e-02,-2.493851456015291346e-01,3.193677575000000157e-01,1.308520898950895406e+00
2.903814729151806343e-02,-2.493851456015291346e-01,3.193677575000000157e-01,1.308520898950895406e+00
3.204245307545264959e-02,-2.543529730094493124e-01,3.053980325000000273e-01,1.404108408376564476e+00
3.342450260374386917e-02,-2.531042500638248094e-01,2.938434125000000119e-01,1.436566216794123330e+00
3.049620094060662492e-02,-2.526580873574524322e-01,2.898892700000000322e-01,1.518564147809336129e+00
3.052572873919287902e-02,-2.526838867305125635e-01,2.823756100000000546e-01,1.534887061604595093e+00
3.189380707473419424e-02,-2.480705260636819620e-01,2.809312825000000458e-01,1.616205087593510559e+00
3.910959419462805425e-02,-2.388844012918875659e-01,2.696529000000000287e-01,1.680266229192876049e+00
4.808845013220860998e-02,-2.330603509487501057e-01,2.739464200000000238e-01,1.727954522726543596e+00
5.617894627035519006e-02,-2.296538683089161259e-01,2.702764075000000377e-01,1.775422439680006681e+00
6.475624744982223790e-02,-2.336312827521926372e-01,2.671746550000000386e-01,1.838610197599880980e+00
6.987668647177157355e-02,-2.393510703386535210e-01,2.682796050000000321e-01,1.885795553161686788e+00
7.518309320040329757e-02,-2.431735387407578663e-01,2.700159549999999742e-01,1.932111253469527279e+00
8.943441720747388746e-02,-2.615600029066649235e-01,2.713418949999999996e-01,2.039420533275126068e+00
1.032862171167621551e-01,-2.749972152132550973e-01,2.634020400000000039e-01,2.081854276820012117e+00
1.032862171167621551e-01,-2.749972152132550973e-01,2.634020400000000039e-01,2.081854276820012117e+00
1.568554777394890465e-01,-2.956224657495372665e-01,2.710656575000000568e-01,2.166508977338688080e+00
1.568554777394890465e-01,-2.956224657495372665e-01,2.710656575000000568e-01,2.166508977338688080e+00
1.641058172939320881e-01,-2.978737356875221232e-01,2.733386975000000052e-01,2.178522896490199035e+00
1.892791477608243289e-01,-2.824436799372256890e-01,2.733150200000000196e-01,2.249716249804905477e+00
1.929767804868312286e-01,-2.646561107662069867e-01,2.689583600000000074e-01,2.287866298736399795e+00
1.925339966660919166e-01,-2.487730679592448646e-01,2.804024850000000346e-01,2.326451508190012785e+00
1.909856680978334886e-01,-2.355419343867563575e-01,2.862192574999999906e-01,2.379777846909432171e+00
1.926527403611958400e-01,-2.261400269876383262e-01,2.981606100000000481e-01,2.418619518776019994e+00
1.917800058272200459e-01,-2.179282862796766695e-01,3.098178325000000011e-01,2.444361900188835257e+00
1.757168833962981236e-01,-2.036375308437161080e-01,3.188389600000000601e-01,2.507831154235930615e+00
1.723216526120697201e-01,-2.037699398841634757e-01,3.254370900000000399e-01,2.519726962193096664e+00
1.706731392525538682e-01,-2.219116096116218184e-01,3.413167999999999758e-01,2.571728378270201620e+00
1.849674566664724074e-01,-2.378579690735005969e-01,3.491777300000000195e-01,2.610949816908234578e+00
1.899426077673903313e-01,-2.344694461262678276e-01,3.620977524999999808e-01,2.643082985988912892e+00
1.787082291564591752e-01,-2.192556557012426133e-01,3.706611150000000410e-01,2.681946495776438955e+00
1.575004121317221673e-01,-2.074640605664828386e-01,3.787509275000000009e-01,2.731927637850610324e+00
1.544023568356329978e-01,-2.128373875398812121e-01,3.852622400000000336e-01,2.769338393263498510e+00
1.641834817292215365e-01,-2.253116340858123678e-01,3.938966349999999950e-01,2.806267915467409058e+00
1.786814144532334614e-01,-2.260700357852396813e-01,4.081268124999999913e-01,2.870247431179363762e+00
1.786814144532334614e-01,-2.260700357852396813e-01,4.081268124999999913e-01,2.870247431179363762e+00
1.593628439057986623e-01,-2.235578592842111245e-01,4.191684199999999860e-01,2.940911481227417301e+00
1.369580691291255314e-01,-2.287994263626778324e-01,4.236513600000000324e-01,3.000046440600408371e+00
1.307960553212786092e-01,-2.278982792288222481e-01,4.295707350000000369e-01,3.044723098415359708e+00
1.253756819427482849e-01,-2.213565569061788640e-01,4.323173250000000301e-01,3.088358460244089887e+00
1.027198210095511405e-01,-2.123696532286792338e-01,4.348902800000000179e-01,-3.133802108452984125e+00
6.216063494407933487e-02,-1.890454054408994278e-01,4.370686100000000240e-01,-2.986844085812449645e+00
6.216063494407933487e-02,-1.890454054408994278e-01,4.370686100000000240e-01,-2.986844085812449645e+00
6.216063494407933487e-02,-1.890454054408994278e-01,4.370686100000000240e-01,-2.986844085812449645e+00
6.179267762759285687e-02,-1.918290579255479411e-01,4.457819300000000484e-01,-2.944461474960492708e+00
5.888307010695120747e-02,-1.981864395664874046e-01,4.355216799999999666e-01,-2.901431183331428354e+00
5.331810788717561422e-02,-1.874783515212263829e-01,4.327040575000000167e-01,-2.814742893004368529e+00
5.409317514936193977e-02,-1.650411860477951631e-01,4.336906200000000267e-01,-2.759056194610811641e+00
5.026587144540341223e-02,-1.462214755068026451e-01,4.314728274999999891e-01,-2.701715406864205971e+00
5.026587144540341223e-02,-1.462214755068026451e-01,4.314728274999999891e-01,-2.701715406864205971e+00
4.268394752929949298e-02,-1.432982900257908088e-01,4.284736775000000386e-01,-2.656876296222760114e+00
3.559162497366062661e-02,-1.519881680179625549e-01,4.236829300000000131e-01,-2.580751966991717161e+00
3.559162497366062661e-02,-1.519881680179625549e-01,4.236829300000000131e-01,-2.580751966991717161e+00
4.509271431743811648e-02,-1.497601341604886394e-01,4.240696624999999997e-01,-2.507388536862759310e+00
3.552703915603700607e-02,-1.357555936403059271e-01,4.103051425000000529e-01,-2.400547307618742465e+00
3.552703915603700607e-02,-1.357555936403059271e-01,4.103051425000000529e-01,-2.400547307618742465e+00
2.713799849850333928e-02,-1.350541502986926656e-01,3.952462525000000060e-01,-2.304684161020250421e+00
2.713799849850333928e-02,-1.350541502986926656e-01,3.952462525000000060e-01,-2.304684161020250421e+00
4.023194598533911398e-02,-1.368541309452067922e-01,3.888927899999999882e-01,-2.241854331950882795e+00
4.821924879243432577e-02,-1.398852160622588714e-01,3.783641950000000143e-01,-2.194325828082620333e+00
4.923952661198970071e-02,-1.422761355099047553e-01,3.691141849999999835e-01,-2.162252979600632674e+00
4.832903344718364469e-02,-1.766845429783784061e-01,3.533765400000000168e-01,-2.034366918790591505e+00
4.832903344718364469e-02,-1.766845429783784061e-01,3.533765400000000168e-01,-2.034366918790591505e+00
7.051192529316112345e-02,-2.042843960277395399e-01,3.362971699999999786e-01,-1.944394684523354400e+00
8.110792754604345678e-02,-2.133936886020851298e-01,3.274260000000000503e-01,-1.885501806493451227e+00
8.830457943738617699e-02,-2.203338198238043721e-01,3.176077300000000325e-01,-1.841863115713358034e+00
8.989043360987951370e-02,-2.269028728371347003e-01,3.093916374999999830e-01,-1.813625618675248186e+00
8.989043360987951370e-02,-2.269028728371347003e-01,3.093916374999999830e-01,-1.813625618675248186e+00
9.669814746877297695e-02,-2.412896352303926240e-01,1.725041175000000260e-01,-1.742354900530874495e+00
1.015198588790102857e-01,-2.561349440290917601e-01,1.697259574999999965e-01,-1.699778012077396205e+00
-4.312397716293489731e-03,-3.505608158767818949e-01,1.805939300000000136e-01,-1.548565323279351036e+00
-4.312397716293489731e-03,-3.505608158767818949e-01,1.805939300000000136e-01,-1.548565323279351036e+00
-1.398056541246927575e-01,-4.079087941583302013e-01,1.855977750000000204e-01,-1.419412396738759297e+00
-2.154136962889102447e-01,-4.413389226898768447e-01,1.985967225000000169e-01,-1.319050904743014341e+00
-2.442820462549897265e-01,-4.657936990051521065e-01,2.193776750000000220e-01,-1.233259833387201576e+00
-2.317898067269437423e-01,-4.811935944561034351e-01,2.360703125000000180e-01,-1.161754490750792179e+00
-2.076014630339741152e-01,-4.903240092268447148e-01,2.504188775000000255e-01,-1.093961328357843987e+00
-1.962704616097435406e-01,-5.010134384997183554e-01,2.731887400000000410e-01,-9.964370350294149414e-01
-1.938994492912460010e-01,-5.063289082984347989e-01,2.924464399999999742e-01,-9.204449317464944436e-01
-1.762338196086393194e-01,-5.059169172777995271e-01,3.147111825000000196e-01,-8.564744707822460335e-01
-1.330465762452068823e-01,-5.031739279340451398e-01,3.436608724999999920e-01,-8.063409958937223232e-01
-7.594761184795939535e-02,-5.021158207434430754e-01,3.636131125000000019e-01,-7.652105368072933400e-01
-1.076267452522925751e-02,-5.061790056185769826e-01,3.804951699999999937e-01,-7.149651425739591559e-01
4.690514108085915013e-02,-4.921262036260149464e-01,4.243301150000000077e-01,-6.528961120490001102e-01
4.690514108085915013e-02,-4.921262036260149464e-01,4.243301150000000077e-01,-6.528961120490001102e-01
8.692203264698517007e-02,-4.663298599116122989e-01,4.405649875000000049e-01,-5.989822799931090458e-01
1.461454921919513317e-01,-4.518047462997247243e-01,4.706275200000000769e-01,-5.404369444854610904e-01
1.695472546122092361e-01,-4.277779732611388663e-01,4.713378449999999775e-01,-5.211465035770402876e-01
1.695472546122092361e-01,-4.277779732611388663e-01,4.713378449999999775e-01,-5.211465035770402876e-01
1.862343556865367344e-01,-3.825869924606660200e-01,4.713378449999999775e-01,-5.012729968374601830e-01
1.818195336789714955e-01,-2.908152269553488933e-01,4.713378449999999775e-01,-4.669342976105194110e-01
1.566566394746010116e-01,-2.104168903593786333e-01,4.713378449999999775e-01,-4.381685625701920439e-01
1.228518707567074486e-01,-1.226097311569704085e-01,4.687333200000000089e-01,-4.102990478157035326e-01
8.540235802758029682e-02,-3.940534239487055584e-02,4.598226875000000491e-01,-3.876368452301606204e-01
3.184240806569566679e-02,6.591255038324260462e-02,4.486784775000000058e-01,-3.555363331623496714e-01
-2.813268292386413016e-02,1.566716863347599464e-01,4.352612275000000142e-01,-3.189942343180182105e-01
-6.217244023784895129e-02,1.948052236674955584e-01,4.238723500000000088e-01,-2.952338439674674908e-01
-1.575022929892420376e-01,2.691983150976620665e-01,3.873537524999999815e-01,-2.337413545289969696e-01
-1.796671003069422179e-01,2.725890185080373507e-01,3.682223325000000269e-01,-2.098488713883783496e-01
-2.151409386590156791e-01,2.646857883676045353e-01,3.588144724999999813e-01,-1.720348135179113613e-01
-2.288567675498985876e-01,2.509227882359136297e-01,3.447973925000000217e-01,-1.500472562155127920e-01
-2.288567675498985876e-01,2.509227882359136297e-01,3.447973925000000217e-01,-1.500472562155127920e-01
-2.375544519330156368e-01,2.279206664267357241e-01,3.288782200000000544e-01,-1.314806541689970965e-01
-2.374904361983128376e-01,1.847706823514291830e-01,3.197623824999999975e-01,-1.056245141657437547e-01
-2.066888809521880144e-01,9.656664556757191265e-02,3.173472775000000246e-01,-6.173857384557221439e-02
-1.727286834951747008e-01,3.796980285996617160e-02,3.207726224999999931e-01,-3.276364334042990850e-02
-1.631374086977952220e-01,2.512179413861000826e-02,3.295727600000000201e-01,-2.662336342379154411e-02
-1.050808631187176989e-01,-4.037264827586856814e-02,3.390200825000000417e-01,1.191722559799506323e-02
-7.589671218162524768e-02,-7.190543265592350131e-02,3.422007599999999927e-01,2.260113713398522947e-02
-6.756788809305179500e-02,-8.021352153869716617e-02,3.566203574999999848e-01,2.832372728137448614e-02
-3.776051636913741903e-04,-1.265808871716852524e-01,3.651837200000000450e-01,3.518502269304357721e-02
-3.776051636913741903e-04,-1.265808871716852524e-01,3.651837200000000450e-01,3.518502269304357721e-02
3.510049229556878175e-02,-1.428558557449445821e-01,3.716555699999999907e-01,3.248963319258518084e-02
6.253667745118772492e-02,-1.545949200272025426e-01,3.751203774999999907e-01,2.962325002479227615e-02
8.886249504100096619e-02,-1.619902021239731371e-01,3.753413675000000227e-01,2.204350241064165911e-02
1.054046119611088683e-01,-1.587219042552006354e-01,3.757991325000000216e-01,1.693327598729439665e-02
1.254325321096430856e-01,-1.422062108865333740e-01,3.647812025000000125e-01,1.166232155037704755e-02
1.254325321096430856e-01,-1.422062108865333740e-01,3.647812025000000125e-01,1.166232155037704755e-02
1.245253928633348467e-01,-1.325129619865390573e-01,3.595800450000000148e-01,1.334281781010907865e-02
1.184222265932002444e-01,-1.155281860813679590e-01,3.524373325000000334e-01,1.647549628096389024e-02
1.027489659787306914e-01,-8.099351148771093134e-02,3.482779850000000121e-01,2.229946964210110377e-02
8.421532887308313953e-02,-5.500966874899908959e-02,3.454682550000000019e-01,2.830180405605716917e-02
6.340761851261690618e-02,-3.427076573260318115e-02,3.431083975000000508e-01,3.449254255297413280e-02
3.662285920438815290e-02,-6.416697312437176677e-03,3.453814374999999992e-01,4.398682419121510007e-02
3.662285920438815290e-02,-6.416697312437176677e-03,3.453814374999999992e-01,4.398682419121510007e-02
9.325294704399737789e-03,2.127833045638065704e-02,3.445527250000000596e-01,4.973398824144414920e-02
-4.076663799201057231e-02,5.581516678782877383e-02,3.447973925000000217e-01,5.394905652249661759e-02
-4.076663799201057231e-02,5.581516678782877383e-02,3.447973925000000217e-01,5.394905652249661759e-02
-5.870292390396415760e-02,6.304948576383929970e-02,3.444737999999999967e-01,5.527251442621150535e-02
-7.567783362953436899e-02,6.194255534031547356e-02,3.401329249999999749e-01,5.457886499197594360e-02
-8.280128188041352422e-02,5.762681124767959906e-02,3.381045525000000440e-01,5.164288801535329987e-02
-8.280128188041352422e-02,5.762681124767959906e-02,3.381045525000000440e-01,5.164288801535329987e-02
-9.168146769960665299e-02,5.623045763150220228e-02,3.378756700000000168e-01,4.499998637723291728e-02
-9.100495820369927658e-02,5.087528176540840469e-02,3.334085150000000164e-01,3.111060052646631366e-02
-8.287322884173770055e-02,3.984347816726982461e-02,3.323430275000000544e-01,2.204157578004055373e-02
-8.287322884173770055e-02,3.984347816726982461e-02,3.323430275000000544e-01,2.204157578004055373e-02
-7.457662484116500679e-02,3.169434047027645807e-02,3.338741725000000105e-01,1.609930293074688171e-02
-5.874539716216171936e-02,1.403508156833995976e-02,3.389806200000000103e-01,5.284296769948915347e-03
-5.167973118455886777e-02,6.930731095309103362e-03,3.439134325000000048e-01,2.497693742080976144e-03
-4.216919594129000387e-02,-8.585056725881765266e-04,3.466363450000000124e-01,6.139181232651545663e-04
-4.216919594129000387e-02,-8.585056725881765266e-04,3.466363450000000124e-01,6.139181232651545663e-04
-2.926664235185765656e-02,-1.180474345234474275e-02,3.504326374999999771e-01,7.994477997653239585e-04
-1.934251611070489027e-02,-2.138017764272477292e-02,3.531318724999999992e-01,1.488046200493953284e-03
-1.069441645813376529e-02,-3.116904442882593995e-02,3.575122100000000525e-01,2.645155624396780536e-03
-3.171597293249820218e-03,-4.171154003033829272e-02,3.598483900000000180e-01,4.538035340022078361e-03
3.017607025222768594e-03,-4.629223120073423098e-02,3.635973275000000116e-01,5.935485429554524656e-03
9.475149530581735216e-03,-4.853169168376026549e-02,3.654047100000000214e-01,6.182861885903861120e-03
1.749555563808609035e-02,-5.311490453481336471e-02,3.668095750000000543e-01,5.243754303541662068e-03
2.358569322482530900e-02,-5.640024247337316332e-02,3.652705375000000476e-01,4.642309019820338792e-03
2.358569322482530900e-02,-5.640024247337316332e-02,3.652705375000000476e-01,4.642309019820338792e-03
2.082089300786211725e-02,-5.342739319922053948e-02,3.627528300000000261e-01,6.391675041460740531e-03
1.685317933691566142e-02,-4.921387704174087774e-02,3.615216000000000540e-01,8.562567968944294686e-03
1.263137409054312758e-02,-4.402229000679439008e-02,3.589249675000000250e-01,1.181999525107194950e-02
7.861809142954983773e-03,-3.642211095365582157e-02,3.576069199999999948e-01,1.652423212891233895e-02
3.111957048994256399e-03,-2.987898839084554212e-02,3.558942474999999828e-01,1.959559131566807402e-02
-4.202682761463330009e-03,-2.132086821301086912e-02,3.531318724999999992e-01,2.177429843632668061e-02
-1.896605956527077502e-02,-8.356293138801398207e-03,3.524610100000000190e-01,2.514822185123984088e-02
-2.836212881593666926e-02,-3.261838857887493877e-04,3.510403600000000512e-01,2.814891988413520743e-02
-3.398651489812925391e-02,3.981564449283794133e-03,3.499669800000000386e-01,3.089791798509905832e-02
-3.776718623528158014e-02,6.255769041636683250e-03,3.490672350000000312e-01,3.421198061272888447e-02
-4.052181026404822611e-02,8.840274813247462823e-03,3.486805024999999891e-01,3.918105013562623445e-02
-3.950951776657388864e-02,1.045221027936946503e-02,3.480964575000000116e-01,4.708080568307429492e-02
-3.950951776657388864e-02,1.045221027936946503e-02,3.480964575000000116e-01,4.708080568307429492e-02
-4.247701991260034032e-02,1.127393695609182206e-02,3.491303750000000483e-01,5.403571328765427451e-02
-4.618566314523902400e-02,1.316556883510479510e-02,3.498564850000000503e-01,5.946678508362613497e-02
-4.777639007028937346e-02,1.426031113545230510e-02,3.498485924999999996e-01,6.490553011248878512e-02
-4.798649683553980749e-02,1.417466553927103877e-02,3.498485924999999996e-01,6.927766248001789029e-02
-4.827931139739402577e-02,1.467832131627006334e-02,3.482227374999999903e-01,8.038548684371062125e-02
-4.817520260471794269e-02,1.498745086069291216e-02,3.482227374999999903e-01,9.074763858574876052e-02
-4.652974771926646907e-02,1.479988005586996801e-02,3.485384375000000201e-01,9.881109947764184220e-02
-4.335206390658392223e-02,1.414365219613922427e-02,3.506220575000000284e-01,1.075107479420628204e-01
-3.975776599206130857e-02,1.118633248009312520e-02,3.506220575000000284e-01,1.170439408605433579e-01
-3.380436924373004387e-02,5.076974880572750724e-03,3.535186050000000413e-01,1.289224133034885533e-01
-2.969514913244061111e-02,1.075538867304585804e-03,3.551523524999999903e-01,1.369907511091278396e-01
-2.621780352106990730e-02,-1.021310249607847295e-03,3.560757750000000388e-01,1.443260038904523868e-01
-1.943269948371230058e-02,-1.084333930797139927e-03,3.553338800000000464e-01,1.527572722960206242e-01
-1.323982629673407102e-02,-4.283929655563857011e-04,3.559337100000000143e-01,1.630652703217676802e-01
-1.323982629673407102e-02,-4.283929655563857011e-04,3.559337100000000143e-01,1.630652703217676802e-01
-1.269629384360031372e-02,-2.032063042058401652e-03,3.562336249999999982e-01,1.664984677962865200e-01
-1.042944545353579298e-02,-2.374130349582405028e-03,3.580410075000000081e-01,1.666396985578448009e-01
-7.090795919349923010e-03,2.976135833400215137e-03,3.584829875000000166e-01,1.621110097689218432e-01
-7.090795919349923010e-03,2.976135833400215137e-03,3.584829875000000166e-01,1.621110097689218432e-01
-9.017444725656886470e-03,8.627581868907203619e-03,3.582067500000000182e-01,1.557954564018534382e-01
-7.033341859872015850e-03,1.085202462009871721e-02,3.562573025000000393e-01,1.481482226212045283e-01
-7.033341859872015850e-03,1.085202462009871721e-02,3.562573025000000393e-01,1.481482226212045283e-01
-4.035343658546582113e-03,6.188331769111532314e-03,3.559021400000000335e-01,1.467610319436527255e-01
-2.392988598977203746e-03,2.928765375659081373e-03,3.579226200000000246e-01,1.451793639274978343e-01
-4.177604574506975539e-03,5.803464420000350836e-03,3.557679675000000041e-01,1.427401746850942565e-01
-1.323976179830142069e-02,1.443669354280501319e-02,3.535738525000000076e-01,1.321882976825231593e-01
-1.457749986306454762e-02,1.460595095394445937e-02,3.524452250000000286e-01,1.260972071834564334e-01
-1.457749986306454762e-02,1.460595095394445937e-02,3.524452250000000286e-01,1.260972071834564334e-01
-1.517661332038609985e-02,1.450669722877126824e-02,3.521610950000000351e-01,1.196197336221111879e-01
-1.878500622303741832e-02,1.824172552185045551e-02,3.520742775000000324e-01,1.089750204884156332e-01
-2.142581132412220424e-02,2.278055720945630636e-02,3.522636975000000281e-01,9.066384887995214414e-02
-2.142581132412220424e-02,2.278055720945630636e-02,3.522636975000000281e-01,9.066384887995214414e-02
-1.961331173989010884e-02,2.080078406103741742e-02,3.526583225000000099e-01,7.951777070391395641e-02
-1.084262657428317934e-02,1.912417227142661907e-02,3.134878450000000427e-01,6.431831141450472522e-02
-1.084262657428317934e-02,1.912417227142661907e-02,3.134878450000000427e-01,6.431831141450472522e-02
-1.804436031794036735e-02,2.365189566445439692e-02,3.134878450000000427e-01,5.116271590962281901e-02
-1.801236493415658488e-02,2.540950292131183286e-02,3.134878450000000427e-01,4.834246992712093460e-02
-1.801236493415658488e-02,2.540950292131183286e-02,3.134878450000000427e-01,4.834246992712093460e-02
-1.636987073482322474e-02,2.277096358774821638e-02,3.134878450000000427e-01,4.631550473194800260e-02
-1.764574960118815358e-02,1.841008723701390362e-02,3.134878450000000427e-01,4.648603858787554721e-02
-2.149645791382035973e-02,1.497573711308576756e-02,3.134878450000000427e-01,4.819349935364462822e-02
-2.608462882180912976e-02,1.408764258946349629e-02,3.134878450000000427e-01,5.157561406950438021e-02
-2.637912242350685249e-02,1.266675876293295311e-02,3.134878450000000427e-01,5.515435745878525392e-02
-2.412628163659777045e-02,8.851397671987745394e-03,3.134878450000000427e-01,5.839928192780308863e-02
-2.135873503476043433e-02,3.832436270766413893e-03,3.134878450000000427e-01,6.221341546793333899e-02
-2.019492947720660445e-02,4.182635452253703756e-03,3.134878450000000427e-01,6.613759997892190712e-02
-2.019492947720660445e-02,4.182635452253703756e-03,3.134878450000000427e-01,6.613759997892190712e-02
-2.076367249512824434e-02,9.644778327857570638e-03,3.134878450000000427e-01,6.937135581611823809e-02
-2.214354364087156579e-02,1.369565024413905117e-02,3.134878450000000427e-01,7.299766159799224441e-02
-2.241640321990159834e-02,1.909520831397740551e-02,3.134878450000000427e-01,7.771026662732036239e-02
-1.623520008804387946e-02,3.026972405703060379e-02,3.134878450000000427e-01,8.654524528700939523e-02
-1.124697453064936979e-02,3.924332649324206029e-02,3.134878450000000427e-01,9.596464632553790286e-02
-9.610079211388979775e-03,3.343095036641430262e-02,3.134878450000000427e-01,1.276382453482307611e-01
-9.610079211388979775e-03,3.343095036641430262e-02,3.134878450000000427e-01,1.276382453482307611e-01
-4.729434959060661858e-03,2.714642490663991825e-02,3.134878450000000427e-01,1.450627008269955442e-01
-2.191565715445294507e-03,3.315583750343071429e-02,3.134878450000000427e-01,1.908891617978317468e-01
-2.191565715445294507e-03,3.315583750343071429e-02,3.134878450000000427e-01,1.908891617978317468e-01
-7.603040911013103642e-03,3.148348885215863924e-02,3.134878450000000427e-01,2.112259420537878907e-01
-1.581428331656765593e-02,3.344858964744687468e-02,3.134878450000000427e-01,2.299567030143717383e-01
-1.622345617181501082e-02,4.233976724792037905e-02,3.134878450000000427e-01,2.554501121547778641e-01
-1.160009824792356849e-02,4.140028307793528622e-02,3.134878450000000427e-01,2.738588969395711614e-01
-2.157857066036806756e-02,2.790520111309552700e-02,3.134878450000000427e-01,2.983333307126425638e-01
-3.076544860740823562e-02,2.106805100177828322e-02,3.134878450000000427e-01,3.165475882245623596e-01
-3.428051747950099787e-02,1.494929171540181935e-02,3.134878450000000427e-01,3.304078436703116184e-01
-5.353924180381466197e-02,1.427943179984123359e-02,3.134878450000000427e-01,3.511317310354676313e-01
-5.353924180381466197e-02,1.427943179984123359e-02,3.134878450000000427e-01,3.511317310354676313e-01
-3.942269871503730622e-02,2.700717903233160189e-02,3.134878450000000427e-01,3.558129357310680363e-01
-2.400064701217328317e-02,2.300642031762484968e-02,3.134878450000000427e-01,3.613262118197501094e-01
3.924821693085317649e-03,5.442455769334646892e-03,3.134878450000000427e-01,3.626550959141859876e-01
2.277347694602697981e-02,-1.134123482877866414e-02,3.134878450000000427e-01,3.605706730184946029e-01
