7.433145504642086898e-01,-1.650133354928940310e+00,-7.927951554629802944e-01
8.957862769389963731e-01,-1.584621367623794574e+00,-7.766564891632088408e-01
9.357340666844486954e-01,-1.586224048050602464e+00,-7.634256598617492617e-01
9.530920250049326192e-01,-1.554869639284734095e+00,-7.407259925624576358e-01
9.297916784895029485e-01,-1.561499386895921271e+00,-7.191492348765566867e-01
8.468882329751029614e-01,-1.563501774266064182e+00,-6.649884444231308755e-01
7.586925007278552124e-01,-1.599380871321399500e+00,-6.328512902781163740e-01
7.048160062491889422e-01,-1.607613253245083973e+00,-5.689589651182581642e-01
5.974894645466255483e-01,-1.586786516742911823e+00,-5.122660402868364216e-01
6.939546031922242397e-01,-1.575121506481341305e+00,-3.913707180076446135e-01
6.873762202437724289e-01,-1.519592109626666021e+00,-2.732106810430035559e-01
6.537081982539136860e-01,-1.478338727826919552e+00,-1.455083637982344524e-01
6.204381791908619714e-01,-1.362924315092764793e+00,9.525156944702517503e-03
6.272830250635006433e-01,-1.353902721392403974e+00,4.923034030537609684e-02
6.574895825531716920e-01,-1.275411212140917572e+00,1.692250174102577498e-01
6.357758886467586024e-01,-1.204731959411841968e+00,2.251997529220924887e-01
6.530758689531895866e-01,-1.188766222735244238e+00,2.882104417064944024e-01
7.186891391206070567e-01,-1.031276594026418358e+00,4.991015567553455101e-01
7.442916356677115042e-01,-9.775456229939255559e-01,5.959193419837379713e-01
7.723910812774043011e-01,-9.554439850222748998e-01,6.328527532393096733e-01
7.755149779507237717e-01,-8.763079510735491962e-01,7.157906752357129365e-01
7.341621118525133438e-01,-6.375542877783678675e-01,8.536509092904286389e-01
7.843533654107481823e-01,-4.956758973172572524e-01,9.776053217296851727e-01
7.872318073842237141e-01,-4.439913284273173111e-01,1.009407643160634027e+00
7.906623259013541016e-01,-3.546771854446331695e-01,1.078345728914670953e+00
8.666080942456975134e-01,-2.455967067126736403e-01,1.156047164453184672e+00
8.646848748483776381e-01,-1.691896827075618781e-01,1.202264291138028796e+00
8.504347688671588523e-01,-8.637013157385024786e-02,1.238477146700459830e+00
8.786004964204445766e-01,2.438487756847460344e-02,1.294769510686021530e+00
8.625151745343166976e-01,1.161635418069747183e-01,1.325278068713334090e+00
8.901715163616683579e-01,1.351354678646357887e-01,1.341886036591827036e+00
9.097098358214498193e-01,2.055990690342592297e-01,1.360349761904266375e+00
9.419905758245133987e-01,2.478272861594425780e-01,1.366783407588191501e+00
9.404579428395457574e-01,3.137903077662887452e-01,1.359780376752784070e+00
8.870782024126729892e-01,3.501935725286399181e-01,1.349261656668446996e+00
9.196679655417325794e-01,3.454577055122037832e-01,1.331708583053446082e+00
9.525723752012705825e-01,3.707715130334544584e-01,1.316622327149105320e+00
9.278352979128483558e-01,4.213262679770580221e-01,1.275970656866958652e+00
9.201647142562838777e-01,4.134083895297622213e-01,1.211191282579478612e+00
9.100039888921384046e-01,4.536809163067542228e-01,1.134037206399453490e+00
9.281568467745250350e-01,4.894355115836352965e-01,1.105279907207373347e+00
8.641992719481493834e-01,4.776595967535089970e-01,1.029371971584362555e+00
8.326864599379982801e-01,4.282460909083087297e-01,8.922336934106326334e-01
8.273550814319741153e-01,4.544067683059986318e-01,8.031333737118241389e-01
8.160644762567631494e-01,4.521665187077439363e-01,7.104836252910354810e-01
8.136210869155707792e-01,5.651509478664147323e-01,5.611814383634012859e-01
8.279976337688202959e-01,5.511858025537330619e-01,4.552792756059723667e-01
7.974142099398077166e-01,5.432252088094490228e-01,3.610968843484123614e-01
7.759853261217940501e-01,5.320504145914801697e-01,2.668495780922889304e-01
8.501009627295625926e-01,5.991938019359730472e-01,1.037363621125183544e-01
8.685732941146934172e-01,5.789952320959633747e-01,4.881960778834076864e-02
9.212519990427872063e-01,5.958564077737504849e-01,-2.252874323831310921e-02
9.294421582401309889e-01,7.042933950495250395e-01,-1.580680396329784410e-01
1.032840181256598600e+00,7.065985323706515109e-01,-2.745068644886807796e-01
1.064530316345391192e+00,7.384870005680499450e-01,-3.266367809615913220e-01
1.106791898446592315e+00,7.642981618609004935e-01,-4.031939419631389576e-01
1.081409075123410002e+00,8.127802710226039729e-01,-4.966515463886032045e-01
1.129968373928509129e+00,8.227457871434210590e-01,-5.412074625223910473e-01
1.118453491438344827e+00,8.580047477635649456e-01,-6.286738386758627950e-01
1.145887057563786948e+00,8.875119513154767770e-01,-6.610903679069883854e-01
1.197820080990886105e+00,9.306105125164203518e-01,-6.975071033309524493e-01
1.264042328265260418e+00,1.018183212478206201e+00,-7.465892731368150015e-01
1.245219602583051310e+00,9.822523954750880248e-01,-7.343682001069481435e-01
1.273964429244625052e+00,1.005987821212035227e+00,-7.498162159481477351e-01
1.235749897587280044e+00,1.049508303471972104e+00,-7.401963914617438745e-01
1.209587284895455417e+00,1.093985116911846189e+00,-7.260479739876897209e-01
1.214242628922253875e+00,1.130704199014673339e+00,-6.993398755296920122e-01
1.192693571978951095e+00,1.094327639600519042e+00,-6.255102219237783645e-01
1.226190093870965114e+00,1.133512524138477806e+00,-6.161650369711968445e-01
1.231906498905933844e+00,1.118182811254321507e+00,-4.640429647822089110e-01
1.268595834553859936e+00,1.157634679182231618e+00,-3.681365229163299779e-01
1.380581938914614337e+00,1.048958548916073097e+00,-3.013717733064730231e-01
1.337005081021728436e+00,1.092758898914153232e+00,-2.483477829590192976e-01
1.383252559963871420e+00,1.071881893402603092e+00,-2.288561522173618856e-01
1.368392588365191509e+00,1.057055416009172744e+00,-1.716794802207070592e-01
1.457201266549162044e+00,1.036705010792736248e+00,-1.143016518336258114e-01
1.404064534055285973e+00,9.440441641854294685e-01,1.655433592556953583e-03
1.481466702626720533e+00,8.477245206416308410e-01,1.654591231763868908e-01
1.500585824774870236e+00,8.259752642400142175e-01,1.732871794931196141e-01
1.540643519997272337e+00,8.255242227544901112e-01,2.196451363012795477e-01
1.554164994917615061e+00,7.473027886441951928e-01,3.180600288402806175e-01
1.591494850209255407e+00,7.073119248199029041e-01,3.922926000006607405e-01
1.570986013608067777e+00,6.533865582960276530e-01,4.994919132220946856e-01
1.558581788329147955e+00,6.090892190324240785e-01,5.619738499200237491e-01
1.517782899367008831e+00,6.289308071703204606e-01,6.552269007077031748e-01
1.554618622570886233e+00,5.725486477842677280e-01,7.651231773575202233e-01
1.544598548365752944e+00,5.847254199308077327e-01,7.909889958873681515e-01
1.587498604410531255e+00,5.747668833468497773e-01,8.760436823520787453e-01
1.568880144318175018e+00,5.850030543765095681e-01,9.108983202162102000e-01
1.619695291820062000e+00,5.852015213719976572e-01,9.743458705987267932e-01
1.654423943386600593e+00,5.816744962156440435e-01,1.018147955091587953e+00
1.626236667005122705e+00,5.742541380475419954e-01,1.050075482955653783e+00
1.616405219029533269e+00,5.666085874729860361e-01,1.082779203869163265e+00
1.616464307347916352e+00,6.012800472732742207e-01,1.103021449813530452e+00
1.550712901248035180e+00,5.778259398112136624e-01,1.108294102903577993e+00
1.542515009431941753e+00,5.613801574299244201e-01,1.112096937434177368e+00
1.596861385753713058e+00,5.320657574808471679e-01,1.135704260916788888e+00
1.517814244561805026e+00,5.428994239371748298e-01,1.108347262827660495e+00
1.479275460345237381e+00,5.022772055359371324e-01,1.087634110330233828e+00
1.496593268091081175e+00,5.435155548569369222e-01,1.054411338430938150e+00
1.566496631015057650e+00,4.824097432987500267e-01,1.024401370786252929e+00
1.577090999327366072e+00,4.846556441273407456e-01,9.682705894930256907e-01
1.540105113305447970e+00,4.591544914362744589e-01,9.162449360645543717e-01
1.545150334830909467e+00,4.275880833696149019e-01,8.000169358865518721e-01
1.592984673316291566e+00,4.056409482535124900e-01,7.036813256172496089e-01
1.495735710147871433e+00,3.916477336535646447e-01,5.512390079984405000e-01
1.498482786687839186e+00,4.179878182439046297e-01,4.725944351748684324e-01
1.464452750766351841e+00,4.082384912449517622e-01,4.042911799163114717e-01
1.444019177743782523e+00,3.873285538966081409e-01,3.095024742046909583e-01
1.475863500218425939e+00,3.911947839368394852e-01,2.672420695297880178e-01
1.471674253708902036e+00,3.626412940469664892e-01,1.642881473192553121e-01
1.485442482591837088e+00,2.938324121297367642e-01,-8.810085193228178735e-03
1.423920447258926858e+00,2.848531484001869951e-01,-7.063305952155846112e-02
1.440322027298872376e+00,2.461508675772185739e-01,-1.648224914045207656e-01
1.463503598736004330e+00,2.319652204310244104e-01,-1.976604654389435001e-01
1.501346441731352233e+00,2.340779116800931481e-01,-3.024493761238469802e-01
1.529731799734469266e+00,2.159909649036647616e-01,-3.924785309519756016e-01
1.534873951224657196e+00,1.866475389622874737e-01,-5.039353361636043083e-01
1.524165435377665467e+00,1.874330523460199793e-01,-5.648035354077678427e-01
1.559717172329947443e+00,1.822361431592082470e-01,-6.147701092352914065e-01
1.611913056348361906e+00,2.009896721908290274e-01,-6.724578431335619388e-01
1.643334252817090002e+00,2.037490324508780259e-01,-7.312977191445693137e-01
1.678748702705535667e+00,1.843202055808322026e-01,-7.902890118947003550e-01
1.627063067642190219e+00,1.732095110881231859e-01,-8.363923185915431713e-01
1.651151890947893941e+00,1.829696201395419053e-01,-8.613777464853338284e-01
1.642637524187892328e+00,2.058356693388922465e-01,-8.867114357427443583e-01
1.625779545386462077e+00,2.734021821808274577e-01,-9.055535993557124463e-01
1.600394640757993647e+00,2.348996156467131891e-01,-8.875824934224628704e-01
1.635010650668490051e+00,2.538636895218103762e-01,-9.047498393983327558e-01
1.616332666577773969e+00,2.391832317750969272e-01,-8.918169704137620668e-01
1.622258818112413792e+00,2.478473443222369288e-01,-8.725980064726756025e-01
1.588590761615096492e+00,3.037932441287559682e-01,-8.102199697677070489e-01
1.623380367640866684e+00,2.752476791497508457e-01,-8.067206474430057561e-01
1.596128166012409366e+00,2.211673001832060448e-01,-7.611658976170403434e-01
1.606886925322501325e+00,1.917443049961821688e-01,-7.045798335362210008e-01
1.603185344068637885e+00,1.849489165809915237e-01,-6.494347745365929292e-01
1.609367539181978390e+00,1.562124824550597257e-01,-5.828718805217620869e-01
1.609612513913187160e+00,1.169477184960960314e-01,-5.090256767179979214e-01
1.613769479504004511e+00,1.406728652613410679e-01,-3.620763599453322157e-01
1.648617062293691538e+00,4.825669238191682142e-02,-2.651826767539303686e-01
1.622026325640995692e+00,5.173318947882307728e-02,-1.856236667136572094e-01
1.610340540133080367e+00,1.339970370506088360e-02,-8.319099328320168907e-02
1.602554610860172923e+00,-1.614511223337154223e-03,-1.611767569071545503e-02
1.631829511880769301e+00,5.263061938810492321e-03,3.370547545802099476e-02
1.618884350907148884e+00,-2.668853789029978010e-02,1.744829931197086070e-01
1.625307738860126916e+00,-2.854728118138829054e-02,2.398703318842270726e-01
1.628387815362705604e+00,-2.614960103955722877e-03,3.385591627047949692e-01
1.654830406350682015e+00,1.444851891365360734e-04,3.887334858233557622e-01
1.659763913678997671e+00,-2.126483044870892264e-02,4.799391622394688084e-01
1.608775879975400835e+00,5.026232574040243040e-02,6.474962440930058793e-01
1.600816344740743302e+00,2.021992132015679872e-02,6.711392863214277194e-01
1.618680202706153981e+00,1.437196286899146934e-02,7.034439870601005840e-01
1.569070617868344453e+00,-2.294169153896201060e-02,8.242188001344895598e-01
1.505501295545145002e+00,-2.394533707450149929e-02,8.517232977078811329e-01
1.532955335399010854e+00,-2.602959764649483490e-02,8.970142672277894302e-01
1.509975054041668319e+00,-3.621877868064639350e-02,9.482388861518630252e-01
1.449941092844210466e+00,-5.677749293890824167e-02,9.835974516195591377e-01
1.488722023036435749e+00,-3.302550445427562126e-02,1.026831704221076169e+00
1.456848689432034938e+00,-7.757237089955648646e-02,1.043300783677267862e+00
1.364771300483156757e+00,-1.426222942185943407e-02,1.066638802281041132e+00
1.338952822772839335e+00,-7.298785078372271862e-02,1.062946541819426827e+00
1.369235530003033219e+00,-6.346380315823624274e-02,1.081321341473882702e+00
1.335119849966239780e+00,-8.109515802840029652e-02,1.075084513660506280e+00
1.335649118180020745e+00,-7.605777849192332796e-02,1.057379187874366133e+00
1.376988817715961932e+00,-6.979800236303232430e-02,1.001676414366501566e+00
1.381587750459589037e+00,-6.340935950913330343e-02,1.001061398437732120e+00
1.377404540644531439e+00,-7.220376136932331324e-02,9.632067490840909851e-01
1.331040442169924010e+00,2.811703278623197549e-02,8.747459531320395110e-01
1.348117566746491303e+00,8.686088475861752922e-02,8.112191335080616295e-01
1.374583587371259519e+00,7.720083576725145225e-02,7.568416758882716699e-01
1.349581968768926110e+00,1.726369239629858224e-03,6.132076556113186250e-01
1.389755550070536083e+00,-2.242993173600801166e-02,5.358237888669095117e-01
1.400432666630056167e+00,-7.550015258681561613e-03,5.229847561269865830e-01
1.397330152550791960e+00,-2.421405437315737527e-02,4.380690689187996534e-01
1.444740771782105693e+00,-5.080539887349905248e-02,3.337066486647465302e-01
1.472268518763675038e+00,-5.146497750608764604e-02,2.926252699045281958e-01
1.466701832350055135e+00,-4.092301474453321347e-02,2.107276968078856672e-01
1.464519084695154572e+00,-4.083798290761168903e-02,1.185899417643563325e-01
1.457624275261674374e+00,-7.152553845467110594e-02,-2.667404662367039991e-02
1.498588418114119136e+00,-7.235665147171159439e-02,-9.844680759078527910e-02
1.453595813785837798e+00,-8.220377995937379334e-02,-2.390155176711566964e-01
1.425814232148286731e+00,-8.945621092797008400e-02,-2.972203034311630687e-01
1.468825126149139182e+00,-6.300165999483355039e-02,-3.705647871019957518e-01
1.488535654381168971e+00,3.375571276811208804e-02,-4.600412524910197920e-01
1.496689831731067732e+00,-6.932496195182942522e-02,-5.179186351691981161e-01
1.511842190155807231e+00,-2.742310061216915451e-02,-5.897467997267483719e-01
1.511941378469401798e+00,-1.814657137509214854e-02,-6.517710896095911810e-01
1.524277950468217568e+00,-1.529235448568985441e-03,-7.382415036043279422e-01
1.561773482607696106e+00,-2.532424645973135532e-02,-7.919408310797593220e-01
1.561043322785990117e+00,8.907606670416479480e-03,-8.225427452110075643e-01
1.562738013078480481e+00,-6.204394939530234222e-03,-8.569839253773963161e-01
1.609519693808422858e+00,2.166643129781676072e-02,-9.022777350833496302e-01
1.585267682256346955e+00,5.277392258321274288e-02,-9.209727027443049829e-01
1.529688493823172513e+00,5.964631938449924120e-02,-9.052308810601497058e-01
1.545367902037670715e+00,3.106103076656558867e-02,-9.090712166311828435e-01
1.577681272916377164e+00,1.035839033962210748e-01,-9.007148353033284094e-01
1.635145121046879257e+00,1.615471350031539022e-01,-8.544815846489729472e-01
1.633153707357446915e+00,1.795447598680605661e-01,-8.121946756333091599e-01
1.682126182135594394e+00,1.674856669343150473e-01,-7.139149842255367862e-01
1.689756586136424321e+00,1.545855714459022645e-01,-7.107719682033246666e-01
1.700427930121438669e+00,1.717979153579589635e-01,-7.043611190504894815e-01
1.704224457467120812e+00,1.780316895308127201e-01,-7.019407625861358024e-01
1.691197908963673502e+00,1.214614616181133866e-01,-6.334357219074243650e-01
1.696679200799549037e+00,9.855158363296706581e-02,-5.579671594088403408e-01
1.668400261936344942e+00,7.446934008434433205e-02,-4.806755301989983353e-01
1.611900900227612343e+00,9.232052660268795508e-02,-3.361219306511047389e-01
1.613276007300028958e+00,5.081636901051286154e-02,-2.543816728037802677e-01
1.647694921158587622e+00,2.742491069234806456e-02,-2.072739687958588262e-01
1.646253240767328041e+00,5.892566353145165664e-02,-1.321346695864868137e-01
1.605843264479978494e+00,4.213437851013689811e-02,4.077767394358305930e-04
1.605255828945753249e+00,1.539433947769572320e-01,2.010604811454158591e-01
1.629394444743300863e+00,1.073685290132418563e-01,2.341542306557193864e-01
1.633327391259547845e+00,1.134588322870436067e-01,2.412708805156048020e-01
1.600636349173132800e+00,1.482750420163813088e-01,3.199206620144112168e-01
1.524906866776808423e+00,1.513058551316136258e-01,4.503155273984645324e-01
1.556495489539670762e+00,1.656686557890239553e-01,5.026313574398858508e-01
1.558176956370745270e+00,1.453033368933808467e-01,6.629514574791938175e-01
1.563676170257568776e+00,1.650255148897931678e-01,7.138131756958145946e-01
1.544194338468826810e+00,1.647382815262340705e-01,7.492247640097254857e-01
1.560296003041239832e+00,1.569663609121089709e-01,8.311689149870985505e-01
1.582522128545237550e+00,1.286857695415229430e-01,8.597590863131422401e-01
1.557230105116850227e+00,1.517220172523461030e-01,9.237677875283508699e-01
1.522657155498954529e+00,1.145700172829968999e-01,9.786834021921065885e-01
1.558243894181706057e+00,9.051497699248929607e-02,1.018551602676651457e+00
1.466101787956010094e+00,1.753027610144601567e-01,1.034508277196823478e+00
1.496427073755407955e+00,1.624434282202443514e-01,1.063376094724119536e+00
1.522514685100458509e+00,1.122116418984818731e-01,1.079298728230162263e+00
1.515237037263222897e+00,1.096583307983589328e-01,1.058982597067245957e+00
1.559307951862534791e+00,8.948578405798578161e-02,1.079608114047122758e+00
1.534726683094157940e+00,7.352890955243761295e-02,1.054353232089590087e+00
1.548833339900563599e+00,9.773438065774400774e-02,1.056014053156257848e+00
1.529209951587429339e+00,7.018705661069858659e-02,1.030286024830691982e+00
1.514205053685914404e+00,7.077696095664140485e-02,9.868508632637953415e-01
1.467484474945478068e+00,5.210668478964110284e-02,9.463328237947716826e-01
1.443792000144446863e+00,5.640364340785644637e-02,8.915552282789187544e-01
1.437786277583672279e+00,5.526936677108188617e-02,8.323523099649794421e-01
1.438999254440573861e+00,5.796936542996719566e-02,7.607428579661565937e-01
1.433324144047912974e+00,-4.344814599263804172e-03,6.990536373751476962e-01
1.415015007148385795e+00,4.589758831360550573e-02,6.127264589707944742e-01
1.365880656799067561e+00,4.751159106594050885e-02,5.187982499261160063e-01
1.392110750925807272e+00,7.435022958354373102e-02,4.244412148965747145e-01
1.375548204010800024e+00,6.556598337235879093e-02,3.438583559468157413e-01
1.371087263424111136e+00,6.965126763791398834e-02,2.450820677003374692e-01
1.380167439588681377e+00,5.921469478818160159e-02,1.484133505265897712e-01
1.357686000192095843e+00,8.902450680044964038e-02,5.897903348131686152e-02
1.355035980661285278e+00,1.299474667898897207e-01,-1.087461319089952916e-01
1.399792594200182316e+00,9.196172999186810748e-02,-2.103346280708726090e-01
1.420680720491567239e+00,1.420668959212949556e-01,-3.124890516291168319e-01
1.426566417943919252e+00,1.499239845698951967e-01,-3.222918368892133123e-01
1.437730903786893943e+00,7.937220770700306738e-02,-3.959685362432055489e-01
1.426218994346124758e+00,4.785026016000763771e-02,-4.770134928875372493e-01
1.492374748306983356e+00,1.061696091521295432e-01,-5.521810306945570401e-01
1.522404467879753032e+00,9.563849841762188386e-02,-6.293883620666912426e-01
1.530344487261163566e+00,1.123263045262571369e-01,-6.891707533395470264e-01
1.497048084898227716e+00,1.643738652177448856e-01,-7.400714335432124757e-01
1.532620771610237131e+00,1.715789371102223737e-01,-7.898967103116186772e-01
1.567006793234767548e+00,1.544399326111661752e-01,-8.236432805517466260e-01
1.587552566588370295e+00,1.327479592324083690e-01,-8.625710391681495892e-01
1.606472461283092956e+00,1.854617335699251524e-01,-8.788173461163029110e-01
1.613025944718920579e+00,2.286156291103175475e-01,-8.942190377010387214e-01
1.604690887765664709e+00,1.965356385142702778e-01,-8.994196872089867956e-01
1.645826496253595783e+00,1.725605739187427157e-01,-9.080837112563368008e-01
1.617808757100663630e+00,1.916031987784888035e-01,-8.809293069378745233e-01
1.645953507955031592e+00,2.016478826952080861e-01,-8.570470615852071594e-01
1.669643549873555788e+00,1.686950421977201908e-01,-8.273859008651391900e-01
1.624434902225430299e+00,1.706170161802194885e-01,-7.914271376079827780e-01
1.615712697887420557e+00,1.851407990928198855e-01,-7.482919092540591954e-01
1.619236732389037536e+00,2.116305305758685307e-01,-6.938611869192687909e-01
1.641315216820861123e+00,1.694405979490489766e-01,-6.404241203932655724e-01
1.613274140589728622e+00,1.761615502223662644e-01,-5.799645552040082475e-01
1.586562227080292153e+00,1.162059541224464698e-01,-5.229890649588825324e-01
1.601958318746392163e+00,1.298049772167946536e-01,-4.357628219741627174e-01
1.580638547972084806e+00,1.085071560350622522e-01,-2.823733930244382018e-01
1.568513505555618526e+00,6.244542758398599624e-02,-2.278103235126000548e-01
1.601482633088208818e+00,8.847408608156114018e-02,-9.839982176463756003e-02
1.609295177582074965e+00,7.091141099458936337e-02,1.410162677616733085e-03
1.592370751373292759e+00,9.711479649112010615e-02,4.259893366684447402e-02
1.617394275360777733e+00,9.563222972595072924e-02,8.153052374060074103e-02
1.607935539158991123e+00,1.345086780847201402e-01,1.871430593533872644e-01
1.615118522999774431e+00,1.656256476265133004e-01,2.686722898615279131e-01
1.570445882662866444e+00,1.454144543862698757e-01,3.917221921593501688e-01
1.592627703607672363e+00,1.401805200500967075e-01,4.277735949334556809e-01
1.573751441455840006e+00,1.747339906020368983e-01,5.176487439952821568e-01
1.535877770630663219e+00,1.608714868996734548e-01,6.031013502255339054e-01
1.571832275490232522e+00,1.898450566199348100e-01,6.675411987369745948e-01
1.593522318583515229e+00,1.724964134215001832e-01,7.343276329316161810e-01
1.594735024472968554e+00,1.650596777761639822e-01,8.025782962853269531e-01
1.556761556340888308e+00,1.605521245292149402e-01,8.694457883355632966e-01
1.539134961209146502e+00,1.897965887623391246e-01,9.498467281710800680e-01
1.512551349957757196e+00,1.746672022525658785e-01,9.752550722374805359e-01
1.486550764230814226e+00,1.737704283298097396e-01,1.028468730386227881e+00
1.480361388224157526e+00,1.819298354208732649e-01,1.076296379587058816e+00
1.453360794640327747e+00,1.238928560944539681e-01,1.078280312607271085e+00
1.480645672282796754e+00,1.458686436106393369e-01,1.088179455213939884e+00
1.507540712464629840e+00,1.162202661351047633e-01,1.098071893419736433e+00
1.515636488603063103e+00,1.303482119764218794e-01,1.101303502431974612e+00
1.349291684248930423e+00,1.516414954456970221e-01,1.037609749049929642e+00
1.393494134054145128e+00,1.325931228747466439e-01,1.033915392291228752e+00
1.417778628562002430e+00,2.082457051794899816e-01,9.889023059944456184e-01
1.357190366725759212e+00,1.985802553524204095e-01,9.550795732282741923e-01
1.376708135866947735e+00,1.902236469601003011e-01,9.487044322059072776e-01
1.393568141715289865e+00,2.122033351827083414e-01,8.842219075735324729e-01
1.375912497301867710e+00,2.531812667284584761e-01,8.226336476222211314e-01
1.393012558827590119e+00,2.661654689663811024e-01,7.544500084221239522e-01
1.457214943320701117e+00,3.285852210449521360e-01,6.184188874595366592e-01
1.463899421980222160e+00,3.050616115669791961e-01,5.482351305549626463e-01
1.515812806050555128e+00,3.006837951055396640e-01,4.955523494550552743e-01
1.428666594947937352e+00,3.022710888215585090e-01,3.709535627455519124e-01
1.471138151845904574e+00,3.154597213931729094e-01,3.177712115466788112e-01
1.472159579650754724e+00,3.154222583216841902e-01,2.348408938027063686e-01
1.422756621682437661e+00,3.306165096457193142e-01,1.476594596715304075e-01
1.411651406016677601e+00,2.950340239528722597e-01,-2.348804616949973223e-03
1.397688857039756538e+00,2.837131374693973029e-01,-9.082151163885521239e-02
1.408431880756974008e+00,2.866244211996464841e-01,-1.817110349773189415e-01
1.396165477889758755e+00,2.924995545730584845e-01,-2.717842287087817166e-01
1.425085381177241040e+00,2.812118072248400158e-01,-3.678660461975771789e-01
1.421615350769765751e+00,2.731255501032792132e-01,-5.074863424816739021e-01
1.428585951195189496e+00,2.302791553958213056e-01,-6.065736448332134101e-01
1.432749477785869585e+00,2.186139360255534569e-01,-6.586760455538327452e-01
1.457158717970829853e+00,2.179335187798674411e-01,-6.888912545525022191e-01
1.452148389613852064e+00,2.395221443542298878e-01,-7.007497467388971168e-01
1.481011363152732407e+00,1.732445246206179013e-01,-7.874423551101958907e-01
1.416042028346180315e+00,1.761617056867526010e-01,-7.758205181352286761e-01
1.438292026085163267e+00,1.693066142318789269e-01,-7.978981771319755278e-01
1.443373387524832685e+00,1.643423283837304461e-01,-8.358031089013334691e-01
1.491311406563274211e+00,1.376188839177551471e-01,-8.714496109970489846e-01
1.457187883601065215e+00,1.707745188875922360e-01,-8.708686052307476055e-01
1.449345051955300834e+00,2.125353119391835688e-01,-8.896927030345694876e-01
1.477812162049691125e+00,1.860011679236228677e-01,-8.632283484121788808e-01
1.518726037122697825e+00,1.463169057652866922e-01,-8.719205897630645241e-01
1.506656615567658175e+00,1.194167556091306759e-01,-8.515903617162964290e-01
1.496223947951518030e+00,1.157403766426027963e-01,-8.226125147177725250e-01
1.517338223969242117e+00,9.168642905132359799e-02,-7.872475653332382528e-01
1.533857618634151709e+00,5.499893366668218153e-02,-7.384305911227725394e-01
1.554937474228234917e+00,-3.987265796484863560e-03,-6.487262018429031940e-01
1.578093757690066878e+00,-1.704426273139277373e-02,-6.340367249288362261e-01
1.601853778417719587e+00,-5.369475185600757275e-03,-5.287840623826691733e-01
1.648675770257620687e+00,1.283597783365366014e-02,-4.170785562655606182e-01
1.646663476013968674e+00,-1.258205403954538171e-01,-2.655856088790264913e-01
1.612303800350220584e+00,-6.027189717604354569e-02,-1.769429904663650244e-01
1.629343659569528757e+00,-4.498131909468653516e-02,-4.497590793161689027e-02
1.605927709723521390e+00,-1.490340707087755012e-01,4.752947455805775490e-02
1.636789476094913542e+00,-1.553663467785067476e-01,9.808677557276099246e-02
1.626659685185588566e+00,-1.542405141680480152e-01,1.922839194167031418e-01
1.584172520491447855e+00,-1.516012445338106862e-01,3.366078338594900576e-01
1.624261246879138865e+00,-1.465878588573175378e-01,4.615020353439136525e-01
1.635749932308914190e+00,-1.380683113468202938e-01,5.405965530680284514e-01
1.620480056278705172e+00,-1.745340155771073487e-01,5.983800003707741011e-01
1.641429315219541385e+00,-1.803215971129181194e-01,6.342433955316573169e-01
1.599161912643883632e+00,-1.996896582607692594e-01,6.908587108330696003e-01
1.548831465459424850e+00,-2.095763912933724660e-01,7.506766324823225256e-01
1.566840530082036942e+00,-2.284032569393210921e-01,8.341900438945495377e-01
1.527311049850172742e+00,-1.783714800847855664e-01,8.646039929075771679e-01
1.510833853585756392e+00,-1.665018436407461333e-01,9.162390847707909680e-01
1.448410696100731920e+00,-1.595302588429958757e-01,9.724530898353722641e-01
1.430231021417014858e+00,-1.606788204885123417e-01,1.001928067374606712e+00
1.463050236718918207e+00,-1.679897335633537547e-01,1.033615014304705593e+00
1.461359623000809682e+00,-1.328137772487859580e-01,1.051390174148480572e+00
1.418894744702655863e+00,-1.412154398800968824e-01,1.058086390252924502e+00
1.384808300755997701e+00,-1.464556862935490478e-01,1.046850131318249666e+00
1.367116551075925335e+00,-1.644393538744857441e-01,1.044836871105119247e+00
1.395455275116554983e+00,-8.128970218131111036e-02,1.025954090024945753e+00
1.384266402501793225e+00,-1.187929798052732855e-01,9.748448291431692780e-01
1.408457319649161210e+00,-1.421276630500890592e-01,9.265539267003715107e-01
1.446542615224287287e+00,-1.261723777903729082e-01,8.658026489178829443e-01
1.434663860873830910e+00,-1.548500415276280739e-01,7.669677642122227912e-01
1.402814404058331466e+00,-1.534033938209289905e-01,7.006931161908973582e-01
1.388002908656553958e+00,-1.686213798107391859e-01,6.281505194983342255e-01
1.396861788314878838e+00,-1.592675350886666175e-01,6.206340276706194814e-01
1.421014977017815539e+00,-1.584822259521622700e-01,5.963171791424908275e-01
1.385983871961326441e+00,-1.935452430760462028e-01,4.542335716581161753e-01
1.392503307019214320e+00,-1.867887158277571624e-01,4.472714362733947735e-01
1.384516279557901797e+00,-1.427046428392193256e-01,3.564271453080800622e-01
1.393399619902106590e+00,-1.245630873123520915e-01,2.592117944828216669e-01
1.366073507800019904e+00,-1.139658048586621869e-01,1.054087897046994959e-01
1.436462710527822484e+00,-1.043428692929997820e-01,-2.176727170689574109e-02
1.446400765510623243e+00,-8.023486625416192952e-02,-7.913258162333858259e-02
1.483912514572519381e+00,-8.213103397162427322e-02,-1.358667790196866343e-01
1.489577628582152702e+00,-5.882115413269159432e-02,-2.380906611856202781e-01
1.438049194519980034e+00,-4.220437308904959051e-02,-3.627571051632267896e-01
1.451948319869292625e+00,-4.006987092723603844e-02,-3.831962762067083195e-01
1.485896947329243600e+00,-6.530605050794455191e-02,-4.962421091056358202e-01
1.512714990441393681e+00,-1.191847471074420489e-01,-6.277168216971712456e-01
1.504750162554720827e+00,-1.066465997731343984e-01,-6.645152333881025886e-01
1.536894510447446294e+00,-6.751701852092942269e-02,-7.112728716882996682e-01
1.544728303302625338e+00,-8.315961337413542431e-02,-7.553906726784133108e-01
1.587763898404779495e+00,-8.696431350670932869e-02,-8.076512690933531635e-01
1.529157635032541984e+00,-3.315540110095675091e-02,-8.355547811609275177e-01
1.484387295030462850e+00,-4.536687653870986880e-02,-8.648856784475090764e-01
1.478436099369073720e+00,-3.018557814905275388e-02,-8.931208689523632005e-01
1.494402973182466399e+00,-5.681671728514411934e-02,-9.087478632624852448e-01
1.512220179825723543e+00,-3.333456390758755133e-02,-9.362247334537486809e-01
1.498329005397035951e+00,-4.086190259001400843e-02,-9.337756777301400302e-01
1.502930207363172954e+00,-2.719616719204510404e-03,-9.206254528798866188e-01
1.484702709334446702e+00,5.805955265824901124e-02,-8.782286051181573683e-01
1.502223754766348840e+00,4.313973936090597511e-02,-8.795354374085522231e-01
1.534858170635498897e+00,9.923119408377968631e-02,-8.462420420887931671e-01
1.501228599096721572e+00,1.383498878514446695e-01,-8.037608302758255663e-01
1.579864784148620194e+00,1.351316008901225219e-01,-7.533213309646724642e-01
1.524071370196683262e+00,1.383084076104420523e-01,-7.017343925677411720e-01
1.559073901134010898e+00,1.494231552624916415e-01,-6.352062541418752595e-01
1.560263237711414952e+00,1.565453096073555761e-01,-5.657188233709565806e-01
1.583896082836085739e+00,1.807709170164078227e-01,-4.904937885957596500e-01
1.636648845770866556e+00,1.839365502120408058e-01,-3.927264382050186797e-01
1.619878768536419322e+00,2.107668542088215469e-01,-3.276694450173608386e-01
1.621997423307678599e+00,2.752776402446832082e-01,-2.306176760032778994e-01
1.685170149206373980e+00,3.034570717549657237e-01,-1.189974162332371743e-01
1.662526704554215806e+00,3.350241026946777501e-01,-1.983114860342699570e-02
1.672105088705009290e+00,3.324733738491260637e-01,8.770921054586558463e-02
1.629209358675371089e+00,3.767855641801553523e-01,2.111375078953227624e-01
1.652990638905096565e+00,3.846587184797754522e-01,2.500130513767699902e-01
1.637603931116081490e+00,3.996843973598908084e-01,3.317600890411344650e-01
1.656417594837881424e+00,3.949513516695068449e-01,4.210847617751597438e-01
1.598224886001697653e+00,4.123363029487578935e-01,5.131757001617680558e-01
1.588792517898484968e+00,4.203214434209265327e-01,5.962895197689047633e-01
1.544946551144801727e+00,4.676220467082456422e-01,6.740713859714920764e-01
1.525924113740036780e+00,4.735673978282191610e-01,7.500728413272083062e-01
1.531815167377941878e+00,4.796213458837050858e-01,8.500227599702956383e-01
1.476431673934892164e+00,4.568968068466346399e-01,9.164447122361084608e-01
1.494726242138920691e+00,4.486270621646350487e-01,9.354036875105100624e-01
1.471367321683138218e+00,3.939534317709189604e-01,1.004927809159559926e+00
1.490725789138942270e+00,3.863072667244886738e-01,1.023552221146341701e+00
1.483212364756062218e+00,3.756997282662525861e-01,1.050600304227838011e+00
1.449605393682855681e+00,3.381242045291432685e-01,1.071112967275222871e+00
1.463515391731506687e+00,3.847065231343158032e-01,1.099915618016748864e+00
1.435992836772052472e+00,3.778293584713670605e-01,1.097205956931259330e+00
1.432437449597048218e+00,3.730156076251752717e-01,1.102944534237841889e+00
1.472860659489863000e+00,3.369283631280438618e-01,1.061918434277695944e+00
1.464233476333387074e+00,3.176325530837675881e-01,1.031032767032184161e+00
1.497881125425956750e+00,2.934365216515024688e-01,9.586281441090002131e-01
1.501211614847195897e+00,3.004308627685017830e-01,9.569659418392968409e-01
1.504352580034496123e+00,3.071020483291123648e-01,9.553210004686714107e-01
1.498452995202292026e+00,3.094818219636711887e-01,8.979292455240747151e-01
1.512090840443468531e+00,2.898554042884566861e-01,8.323612077116588903e-01
1.511508694707859979e+00,2.518016842808516453e-01,7.673992549219158521e-01
1.525180332542380279e+00,2.412173084924643940e-01,6.937311939883026302e-01
1.558552781508439899e+00,2.328574059206462710e-01,6.070811047004949224e-01
1.513870386959218495e+00,1.839857477276641839e-01,5.371412695674350202e-01
1.483579562924300932e+00,2.056437596401424206e-01,4.481722454120679044e-01
1.487870877681748638e+00,1.971573044884789294e-01,3.520873258989511423e-01
1.477585031751475153e+00,2.456838404929001518e-01,2.528140605888440917e-01
1.441554657430580866e+00,2.623516259023844222e-01,1.544205673879228968e-01
1.431826593982763685e+00,1.684604342959356571e-01,6.720314639279906244e-02
1.382353056200926078e+00,2.005193542313395416e-01,-1.981573328399477418e-02
1.364169053443092583e+00,2.183163212192970326e-01,-1.148375057354807938e-01
1.385337538632086973e+00,1.876831635976949075e-01,-2.076401780845911760e-01
1.357759939705671881e+00,2.015817179993625308e-01,-3.035106126629711354e-01
1.360566948065729864e+00,2.032559594412579884e-01,-4.009681565879834042e-01
1.349871233692174322e+00,1.823579675418613988e-01,-4.757010829899738225e-01
1.378069791332661831e+00,2.168454637908831251e-01,-5.555025196476146565e-01
1.414156830668465981e+00,2.009069052626236696e-01,-6.419959159888192213e-01
1.404825391324151296e+00,2.167701173052247743e-01,-7.084215326262436330e-01
1.392653935487508710e+00,2.834149687817612562e-01,-7.909994656842421756e-01
1.414522421978918754e+00,2.570300407146545174e-01,-8.093768128605838275e-01
1.456409650523458055e+00,2.452548470119288448e-01,-8.632063210883227367e-01
1.469861564103200902e+00,2.646818792722144265e-01,-8.814885918643245999e-01
1.493460911963249815e+00,3.069615141249864565e-01,-9.307949326311589777e-01
1.471693714873403280e+00,3.304042493163372729e-01,-9.222975693305547340e-01
1.475256605644128971e+00,3.538264839297758924e-01,-9.273901297332630689e-01
1.546552581176003915e+00,3.246732738106091198e-01,-9.229805639148469520e-01
1.560658485747030477e+00,3.059522160024050752e-01,-9.082342188669877414e-01
1.628077410485147425e+00,3.230823986096441613e-01,-8.866175855962847852e-01
1.618405289908408040e+00,3.541391595248924995e-01,-8.549041387176552487e-01
1.692004999715848834e+00,3.821523420497928702e-01,-8.164952336278972211e-01
1.705057299830312401e+00,3.762104889008485720e-01,-7.635968753883702886e-01
1.674069636448270115e+00,3.292412181806319005e-01,-7.165996117733413051e-01
1.716728331157065579e+00,3.229723599369659359e-01,-6.419226059272189477e-01
1.701311006372213885e+00,2.851881427617907194e-01,-5.775411654170186093e-01
1.635823613136373922e+00,2.271298752496265505e-01,-5.232360416149386406e-01
1.657025478314975153e+00,2.357478866256291772e-01,-4.321003067341178117e-01
1.638938212929546223e+00,1.976910590750518837e-01,-3.494097224782780620e-01
1.632660469299228367e+00,2.209729246157230431e-01,-2.784134055807980790e-01
1.608913749595291875e+00,1.871115164217702631e-01,-1.751541040061367904e-01
1.609883701516628518e+00,1.980772410564610175e-01,-1.050021629158064823e-01
1.613924523975297287e+00,1.587908834283107695e-01,-3.779508120161961804e-02
1.599192820321757358e+00,1.582448378926976373e-01,8.497855388980263269e-02
1.586431930122223832e+00,1.323113971576065084e-01,2.215405012116064554e-01
1.620695784033504339e+00,1.290322894728400671e-01,2.774877408540663559e-01
1.580736691969538033e+00,1.395095131125018151e-01,3.842812883006608837e-01
1.600035423291032766e+00,1.609116553356020329e-01,4.703830478828359696e-01
1.621049282684978277e+00,1.542202314456220802e-01,5.023961444256634934e-01
1.637634660040946155e+00,1.877829964405074992e-01,5.932638228164647254e-01
1.633677490599489968e+00,1.691410712500731883e-01,6.282331652816298684e-01
1.641561815364222188e+00,1.716996846949795652e-01,7.225602865092127791e-01
1.616496930924081976e+00,1.775101762278198658e-01,7.793413048653080599e-01
1.618681267912903676e+00,1.760214356359155741e-01,8.511131199192777386e-01
1.555695011504873992e+00,1.396661238820856299e-01,8.635856347269501576e-01
1.553160265802579154e+00,1.736519041399125496e-01,9.067997041513945478e-01
1.575242888384667639e+00,1.775876824826548850e-01,9.441544316429379968e-01
1.575630299773115084e+00,1.382753826174805967e-01,9.858209421503175696e-01
1.533206161295076253e+00,1.237502790295224586e-01,1.004417804078604259e+00
1.559400757369404422e+00,1.429750541130179187e-01,1.021661767764762141e+00
1.538580757454835801e+00,1.597360650740830279e-01,1.018406445585189779e+00
1.515782973548009727e+00,1.547842341478623818e-01,1.021259248246037865e+00
1.486294304946360612e+00,2.066094207952786366e-01,1.003642756132910652e+00
1.459100225913573246e+00,1.837500913116363876e-01,9.816610274656898394e-01
1.419171450609828300e+00,1.417418578853787414e-01,9.516651119428656269e-01
1.414277498712871894e+00,1.688391233007956738e-01,9.126937404068593551e-01
1.397923909931196418e+00,1.843935044416358526e-01,8.639233333446869612e-01
1.395228810868663460e+00,1.952651685713795993e-01,8.150802952956326397e-01
1.399836242844620715e+00,1.464969498426812733e-01,7.492866359304694024e-01
1.385433160027925048e+00,1.583831556651348893e-01,6.688852100707981529e-01
1.438488368999024880e+00,1.864379348080254795e-01,5.210716663350138944e-01
1.466441837389692804e+00,1.710592395989608827e-01,4.398676897985645540e-01
1.506544099086402078e+00,1.911035903077262510e-01,3.498665355693337808e-01
1.541344556936627308e+00,1.195185238517325055e-01,2.160011335839592261e-01
1.545849093255018181e+00,1.264583504608031705e-01,2.087950558016427038e-01
1.500913106423896748e+00,8.133506591216656256e-02,1.630062461877587743e-01
1.506804568122884991e+00,6.195835237874261492e-02,7.218629911832219470e-02
1.531255822526840893e+00,1.116232983281980201e-01,-3.089171921514743957e-02
1.531018737268146745e+00,1.596666012903951160e-01,-1.135725742138089522e-01
1.543772730115677616e+00,1.525832278567144928e-01,-2.425676238817271457e-01
1.492528256472517301e+00,1.267824066572444119e-01,-3.018422934624380716e-01
1.470714129376488932e+00,1.222621873172076989e-01,-3.886430457381897519e-01
1.479463896730630834e+00,1.295037775390998347e-01,-4.803399688915201970e-01
1.458616403025996489e+00,1.555475550530038276e-01,-5.242700304716073623e-01
1.455203905027468769e+00,1.624507254320652627e-01,-5.955702431509453110e-01
1.498719914192302882e+00,1.531888100070482872e-01,-6.626565132837265448e-01
1.530254802707385897e+00,1.743099495416167155e-01,-7.233923412616113380e-01
1.563860537474025536e+00,1.797513882692864939e-01,-8.173498374516786624e-01
1.559717021622021527e+00,1.658520941910600899e-01,-8.749345254321273524e-01
1.572545264025669853e+00,1.491718372361535427e-01,-8.862977680379463541e-01
1.560495644065921894e+00,1.805105099357223464e-01,-8.918796599938497716e-01
1.588754051557086377e+00,1.662192845324157453e-01,-9.079338427150719371e-01
1.582172982514371329e+00,1.816945141837507938e-01,-9.249893522212008223e-01
1.554593407988708487e+00,2.060086143508817469e-01,-9.216773400782775072e-01
1.585171198561367012e+00,2.458480591538831916e-01,-9.183159680349719522e-01
1.582412404600044287e+00,2.689147068649805905e-01,-9.050496574990060106e-01
1.599080016690709760e+00,2.659624882789860534e-01,-8.852269601439769486e-01
1.597158867780418490e+00,2.694295594944932648e-01,-8.542889604566731299e-01
1.583564701250709916e+00,2.702873833869766096e-01,-8.121069104622045121e-01
1.585432114402870463e+00,2.189390518606036673e-01,-7.639767308908849142e-01
1.624955754520404971e+00,2.148565060624183509e-01,-7.039451992685357151e-01
1.641818529001813909e+00,1.934345796766867853e-01,-6.334002919770980178e-01
1.619382189181187037e+00,1.938874995383635946e-01,-5.832263818465549532e-01
1.615045481319149934e+00,1.605214136014604664e-01,-5.151312395733855798e-01
1.633316864418622893e+00,1.455445664446547438e-01,-4.179884265579672520e-01
1.584250727852127838e+00,8.294588916145401170e-02,-2.907044308139932753e-01
1.597521267980122284e+00,3.351051769243898470e-02,-2.083273297721138784e-01
1.568736340015140840e+00,5.844663114860570649e-03,-1.197840606384855539e-01
1.589819217089466274e+00,-1.915530665781937751e-03,-8.675066039621599778e-02
1.583649377339011677e+00,2.682829244616993097e-02,6.309398271592203677e-02
1.580467670347631026e+00,-8.912843558838942941e-04,1.467851118471207861e-01
1.600588462283295765e+00,-1.215784495096724344e-02,1.817616552668393504e-01
1.557097215674642543e+00,1.205408667707494851e-02,3.413394031922734606e-01
1.553863941874889409e+00,4.877570641534552387e-03,4.059039219465708781e-01
1.560262182828434874e+00,2.173305793579970863e-02,5.159348182771458236e-01
1.546625550253932113e+00,2.705306454762071086e-02,6.239725455117101083e-01
1.482817021128354451e+00,-1.042438084886970935e-02,6.272647610414039399e-01
1.507563184054024008e+00,-3.055916752127413837e-03,6.691725845869542777e-01
1.519635942470006551e+00,1.482079389021766485e-03,7.053687834021854508e-01
1.526722809197731401e+00,1.718114219740982107e-02,7.782416771304904168e-01
1.522900804974382849e+00,1.414202506119882977e-02,8.591112052065655869e-01
1.470758250141771528e+00,-6.354998413421582282e-02,8.731228789397520451e-01
1.454486374815226135e+00,-6.216130321848228196e-02,9.118543705913246811e-01
1.462907457766909225e+00,-7.388680316184485786e-02,9.742725940980500043e-01
1.439052439682994233e+00,-8.512122404406981258e-02,9.757800699687976254e-01
1.445327192750003542e+00,-6.523452750758834684e-02,1.006303458708921461e+00
1.417369816942136040e+00,-1.252134353548390866e-01,1.002952776356235809e+00
1.433845200433156553e+00,-9.431491909768237314e-02,1.002612469430593567e+00
1.455742621180571517e+00,-8.840329023401147235e-02,9.942622976840789217e-01
1.414240756126369680e+00,-7.115990487341393445e-02,9.770852238480819407e-01
1.438292209299105728e+00,-7.418371923052537176e-02,9.521361275941622182e-01
1.479076918495199511e+00,3.880065871709711608e-03,8.787210389519992670e-01
1.408839589167776740e+00,3.630234048733874813e-02,8.377107388655206099e-01
1.414432640631635207e+00,2.834780943132737992e-03,8.350567057115056979e-01
1.402860974516527914e+00,2.810994891558159584e-02,7.788157459097693192e-01
1.406542560551004906e+00,4.030327595765653692e-02,7.171544996383975024e-01
1.429292247318226794e+00,6.853189432848992568e-02,6.477077237699000456e-01
1.451901204737800599e+00,1.646436217674087932e-01,5.001964761801824810e-01
1.474317226038765138e+00,7.903031326579891547e-02,4.832818666716460765e-01
1.496820019382725464e+00,1.149066393220082999e-01,3.820274393108753497e-01
1.478267621268819720e+00,1.633290162771595666e-01,3.135446443739889899e-01
1.494788872988480843e+00,1.770460344986836687e-01,1.923460577244478498e-01
1.479563625288487172e+00,1.443531285186678004e-01,9.607025614526612523e-02
1.482489244356758329e+00,2.023641370388716276e-01,3.944848236663120455e-02
1.514102230747849331e+00,2.223746536890865155e-01,-5.569899964440944151e-02
1.513142492132896200e+00,2.002937206889220390e-01,-1.813291255822200854e-01
1.495068946649452890e+00,2.471754178533093205e-01,-2.204085113356211156e-01
1.545283018175759082e+00,2.366213970490343987e-01,-2.965945490767347148e-01
1.554601379433628194e+00,2.094036259723157933e-01,-3.757550659434570339e-01
1.565258499735912467e+00,1.745114683009047762e-01,-4.500345456202540229e-01
1.588635466853204115e+00,2.311899270829940178e-01,-5.931998828091770148e-01
1.616382898292443526e+00,2.290093039730158320e-01,-6.309061950764881521e-01
1.579745302597163059e+00,2.183615147628469033e-01,-6.528948445668688594e-01
1.541986666178672305e+00,2.614322820156093075e-01,-6.999815388558355833e-01
1.538331506209441368e+00,3.062889718304684927e-01,-7.505144156878009731e-01
1.511007768015159680e+00,2.791088241628413291e-01,-7.836164889814313250e-01
1.484588628042981640e+00,3.203313814035845808e-01,-8.158218690522064387e-01
1.520386356503225622e+00,3.508013509699188792e-01,-8.418765390681718364e-01
1.499690761480777734e+00,3.857742481515769040e-01,-8.537770261639560099e-01
1.516996056844765572e+00,3.756037246439983823e-01,-8.608171859518241043e-01
1.497930097202303301e+00,3.738514586751622293e-01,-8.598146955926332380e-01
1.518686082849842744e+00,3.633926818303072070e-01,-8.510454972705532306e-01
1.538775945199431172e+00,3.425802711811239964e-01,-8.319734024183698118e-01
1.524798356530464583e+00,3.258659067749682947e-01,-8.066644112029350833e-01
1.545902592192882175e+00,3.141138261008644128e-01,-7.720652045013431941e-01
1.557251235360738617e+00,2.741430781138101680e-01,-7.304237072803313469e-01
1.599944589802860806e+00,2.574835747749329995e-01,-6.733388442084216052e-01
1.602845536276843230e+00,2.266628347752982220e-01,-6.231887354193124118e-01
1.645450053509977639e+00,2.216207141026821925e-01,-5.384410559537842200e-01
1.605885544957552424e+00,1.835322913016869395e-01,-5.000259981342587423e-01
1.608373515793252606e+00,1.555106129551491745e-01,-4.336335530049872933e-01
1.608743003012032657e+00,1.258798556459489459e-01,-3.506154286910364570e-01
1.584526688239017211e+00,4.211162372715478858e-02,-2.635370855467906726e-01
1.616167567246164838e+00,4.392474659265521719e-02,-1.500665478342004533e-01
1.600857894053961283e+00,5.770991235552735271e-02,-6.798908578812226655e-03
1.599131243856982243e+00,1.752487074114908059e-03,9.395246273519186619e-02
1.613874953693639647e+00,-4.696930700494427596e-02,2.015805547917498552e-01
1.618829374508257146e+00,-4.531546619444735274e-02,2.615576622992561995e-01
1.611460004757396369e+00,-1.056115276925954048e-02,4.431828865300586617e-01
1.620550359043113842e+00,-4.071364621577019949e-02,5.412390821143371333e-01
1.596191524018861774e+00,-9.435459307413822383e-02,6.178512628668885176e-01
1.598034824409116705e+00,-8.191817521339685160e-02,6.912298859893331038e-01
1.578615152330339999e+00,-6.981493362692553495e-02,7.575883547200830126e-01
1.564618725488692741e+00,-2.364133343646250551e-02,8.325604844293263973e-01
1.538933691463069575e+00,-3.073182400323948293e-02,8.761703938686963289e-01
1.515047705941591216e+00,1.589085475544021325e-02,9.237412664731400325e-01
1.511157750980839376e+00,3.930805683724857003e-02,9.650577565226494681e-01
1.548995597572113914e+00,6.474226723547533979e-02,1.008291889736842473e+00
1.537054567068290911e+00,7.960864451966835620e-02,1.037693713506335769e+00
1.521210434382635812e+00,6.165896710322204405e-02,1.046422375878774957e+00
1.527939388849167690e+00,4.249716043668983617e-02,1.060995584876701869e+00
1.569669455785260181e+00,5.806025862707446528e-02,1.053788266306134647e+00
1.581357306992287493e+00,6.923876359447461715e-02,1.043091208937165337e+00
1.573287011570348115e+00,6.362346578117790419e-02,1.029638019105641122e+00
1.500796441789362223e+00,8.121070971747124112e-02,9.959576879885538858e-01
1.504801186844574978e+00,7.419476408513528409e-02,9.667066284335215087e-01
1.484691072120634336e+00,1.481438223758260175e-01,9.201146939180755435e-01
1.487989638456847175e+00,1.704820565980546820e-01,8.294158361198451512e-01
1.521007551584809825e+00,1.921819096874608779e-01,8.096392224904167545e-01
1.509982049588974418e+00,1.557801142954889917e-01,6.260418744468012608e-01
1.467917650788789663e+00,1.580146823555926283e-01,5.506354579608252475e-01
1.487335322668555948e+00,1.442108721936283255e-01,5.313458136330823089e-01
1.492082841687136119e+00,1.521128726291165467e-01,5.252517861272607558e-01
1.491194083577830787e+00,1.197034316543844207e-01,4.403178988315319398e-01
1.487377700248140311e+00,1.468158149356997566e-01,3.527986292730581619e-01
1.482951998589863152e+00,1.520133164779670087e-01,2.663573272476973952e-01
1.516039570937290470e+00,1.498313449356004357e-01,1.364652593651417833e-01
1.485261343512706667e+00,1.611069828952855498e-01,-4.692102664234448772e-03
1.446301188509392599e+00,1.699220052745760434e-01,-7.238147720250581729e-02
1.430565832393758008e+00,2.176879515043620705e-01,-1.896197230577644777e-01
1.450883599960151260e+00,1.501525928538476051e-01,-3.194701188499058930e-01
1.463047137862835800e+00,1.909203677485152850e-01,-4.693879129367993785e-01
1.418788090531839075e+00,1.478262540039965434e-01,-5.056336584548225543e-01
1.489194779337522867e+00,1.776495282097794448e-01,-6.263801656871391677e-01
1.483018613512430584e+00,1.748703090395435644e-01,-6.729960716551799393e-01
1.500826130344461884e+00,1.145906308486164676e-01,-6.948301490260896385e-01
1.545505829067966630e+00,1.134200221595794700e-01,-7.535127042984341994e-01
1.527537227608947612e+00,1.582079231357955140e-01,-8.021472854408059350e-01
1.505393725328974419e+00,1.567991870179631098e-01,-8.059082178571512767e-01
1.517004230800832465e+00,1.325035366665297809e-01,-8.162767316692438602e-01
1.501001069684863465e+00,1.601827973330090527e-01,-8.472354721664349109e-01
1.545921080105881806e+00,2.124149850890533209e-01,-8.924647828713788700e-01
1.563751280046441927e+00,2.236432918133746117e-01,-8.912627837327552482e-01
1.558174865359087446e+00,2.360968843756411917e-01,-9.066952855196356298e-01
1.560000453633412443e+00,2.637806259932297670e-01,-9.146126403425030027e-01
1.569701121003482136e+00,2.587771873160495950e-01,-8.931711457560036482e-01
1.571466696905626348e+00,2.811630548866767554e-01,-8.759674481236785493e-01
1.559254432561953063e+00,3.506221429217932783e-01,-8.176161845891942725e-01
1.573306835551427474e+00,3.233381080683209174e-01,-8.172678594077211756e-01
1.613441373909051624e+00,2.663219111682302853e-01,-7.293636800474465609e-01
1.619071178591100058e+00,2.750877928440836895e-01,-7.271092275065638155e-01
1.563536059885638485e+00,2.751088467225957790e-01,-6.745990296861186231e-01
1.569948700313464229e+00,2.608239945727420239e-01,-6.086904496931950792e-01
1.620083759386164557e+00,2.569196061434104172e-01,-5.254079132590467882e-01
1.571937317353215402e+00,2.364493945403018382e-01,-4.572895870197076773e-01
1.548355526085685829e+00,2.150777617918912810e-01,-3.903502857583519003e-01
1.582594690049892838e+00,2.451616377301091276e-01,-3.107925001560761791e-01
1.596531006731151336e+00,1.967407484902238823e-01,-2.046980140358357625e-01
1.614899506209104274e+00,1.626602532300034376e-01,-1.130127996978747135e-01
1.537162703298736943e+00,1.617282992596869029e-01,4.445242611276128963e-03
1.567924437664073967e+00,1.637589002705278629e-01,4.953214267921141056e-02
1.566466863230015827e+00,1.480222442286416584e-01,1.522924513469602337e-01
1.555336699250505994e+00,1.565508535534393675e-01,2.243208269409180389e-01
1.549776525625794266e+00,1.354330209224080817e-01,3.145825146562153951e-01
1.479627833856844488e+00,1.232296929129339802e-01,3.859926348071828217e-01
1.446433628542778127e+00,1.288982105386896893e-01,4.791887597107406527e-01
1.433354623133536565e+00,1.256023866707031977e-01,5.383070077819098742e-01
1.456924218600090803e+00,1.327910278534303601e-01,6.122456951279722226e-01
1.458841322677145946e+00,1.103248963116091608e-01,6.836264006797843074e-01
1.471060080407527337e+00,7.525529804731267980e-02,7.537026293292485857e-01
1.456592324296923646e+00,4.838104736204733997e-02,8.080537163006635826e-01
1.459388383226562835e+00,6.689851488193779283e-02,8.749594836721055202e-01
1.470909958605856938e+00,6.580982501447991961e-02,9.402612359030523281e-01
1.461674467098627028e+00,5.408218042739812437e-02,9.487188544907128041e-01
1.459339986369147857e+00,7.622171095596023960e-02,9.899707235036465658e-01
1.428593693959776756e+00,1.009251259559689334e-01,1.014311124564224231e+00
1.422599006684286849e+00,8.861694836745771797e-02,1.017534839522791890e+00
1.447528969545070598e+00,9.390361020170012729e-02,1.037870063529007680e+00
1.389326761442225777e+00,7.741509057852308251e-02,1.017213500410344418e+00
1.389612355883116823e+00,1.008895599713533903e-01,9.949890477386799104e-01
1.418955857492130823e+00,6.595992267011462074e-02,9.984648114928821316e-01
1.400878134740949799e+00,1.196614427114288948e-01,9.672919368540554563e-01
1.340488677073183643e+00,1.095673780972744454e-01,8.939460627945619020e-01
1.342316660599124578e+00,9.910702056761808154e-02,8.468969778444732643e-01
1.362200891233211308e+00,9.063867220943558345e-02,8.387112246955189532e-01
1.336734972184613346e+00,5.223032368661610636e-02,7.260628189964908330e-01
1.319507339572552063e+00,5.907508782516208284e-02,6.605760831686748880e-01
1.340471634054772654e+00,4.349478969436439135e-02,6.429032421307769862e-01
1.322775427884816057e+00,2.472510301154716428e-02,5.618783922891603666e-01
1.303116493768902373e+00,3.174206127042897285e-02,4.774287620148661704e-01
1.341435171968553108e+00,-3.703975698435574434e-04,3.781032812776615182e-01
1.326790892351410456e+00,3.727028923416630772e-03,2.975016826659831470e-01
1.336972123156990433e+00,8.754997395148143846e-03,2.096254735975654482e-01
1.301983104421859050e+00,-1.925668913535688240e-02,1.184456940275617209e-01
1.322044622673849590e+00,-2.667137397671897128e-02,1.810833077984663753e-02
1.303749096786996464e+00,3.023372468954700631e-02,-6.878397557386112249e-02
1.297699810878149895e+00,5.581083293419920877e-02,-1.586072248291244824e-01
1.313485976602473571e+00,4.018967365019724541e-02,-2.265588355457636704e-01
1.367931920899499998e+00,3.845502270722510330e-02,-3.195279016882812129e-01
1.447571521708209907e+00,9.380617396916741957e-02,-4.354190857170624485e-01
1.454760789438678703e+00,6.203870880884929107e-02,-5.246520684791093903e-01
1.449704682358043284e+00,2.483393045298108379e-02,-5.561154019244836100e-01
1.483283457588489895e+00,1.533374503748409848e-02,-6.660495359313026720e-01
1.456483976618262677e+00,-6.192129665096216158e-03,-6.835669371333465971e-01
1.461625219180721080e+00,3.816552930257007675e-02,-7.405895484767822667e-01
1.480190185850060125e+00,1.741757089376405263e-02,-8.163384249351461897e-01
1.506351508035181919e+00,-2.256340977235528691e-02,-8.329472848005040619e-01
1.476192884698247054e+00,9.065048575499464953e-03,-8.672561049484643902e-01
1.497196496429245016e+00,9.194543697348419795e-03,-8.978568237215203141e-01
1.563911133800325537e+00,7.836785266317707055e-02,-9.258712908541710807e-01
1.620691387814552353e+00,8.604120047741034560e-02,-9.317512979022649633e-01
1.619856522528399401e+00,9.943558761180747163e-02,-9.150856886358915698e-01
1.667663023488865859e+00,7.508982239203636222e-02,-9.124380757278894860e-01
1.633563329188552959e+00,1.028361815541737612e-01,-8.865290405285682906e-01
1.657154591887640471e+00,1.366253436839618141e-01,-8.581351736365854244e-01
1.657558872407069783e+00,1.655412797264433356e-01,-8.208573206013007884e-01
1.671814966906641109e+00,1.611444171612050891e-01,-7.791410685162459826e-01
1.653896884780392762e+00,1.607075814754024556e-01,-7.283941936214697321e-01
1.642616293665140281e+00,1.707951810679663174e-01,-6.709740198130661470e-01
1.656051838658786357e+00,1.960038139871832508e-01,-6.024400004604831826e-01
1.662146708675156015e+00,2.171893182441455294e-01,-5.098870553688541474e-01
1.641244205769188058e+00,1.686513557592181078e-01,-4.550709926432886521e-01
1.605539641196743528e+00,1.732193460240728511e-01,-3.850204557986414700e-01
1.583765433895354402e+00,1.441457441670312423e-01,-2.877061590059638574e-01
1.572305819975496677e+00,1.124682285636842832e-01,-2.123649208616104622e-01
1.579988733988280547e+00,1.039398344447194644e-01,-1.238454064193561105e-01
1.617917227509249045e+00,1.012267653912355264e-01,4.264949695696018672e-03
1.540444015367817610e+00,1.082627351600004423e-01,1.615377619452451619e-01
1.535423069993033796e+00,6.440256089067755707e-02,2.238271846585226932e-01
1.540475386687549575e+00,7.197321657776180326e-02,2.327721087834720426e-01
1.545638516792371631e+00,6.752235809326427585e-02,3.199643539661611302e-01
1.525102505903000782e+00,4.517613533365322231e-02,4.044679839525274212e-01
1.527758419986816385e+00,7.683610344982415297e-02,5.339637982098264235e-01
1.487457254078105251e+00,8.092325245039443116e-02,5.922513756144018870e-01
1.434949712005076483e+00,3.770294796876202253e-02,6.818477009014920487e-01
1.462112908123343713e+00,3.881835107657119477e-02,7.262016286653699693e-01
1.455169164546826766e+00,1.457063138383686736e-02,7.795246800779921381e-01
1.362993841136691087e+00,-2.013574209798793188e-02,8.622162795508023780e-01
1.373923341399114317e+00,-3.757478738161487697e-02,8.788138336137831796e-01
1.404266889733055024e+00,-2.786549135114065393e-02,9.306263769417331133e-01
1.408692282318219080e+00,-3.643899862092131459e-02,9.906351991439480420e-01
1.393681898926970142e+00,-6.668393267765748700e-02,9.833219944560233072e-01
1.403486445068074850e+00,-6.016433972686272696e-02,1.027872282622815270e+00
1.389680158367814444e+00,-6.324511220113004928e-02,1.021461712997174809e+00
1.352725954623231308e+00,-9.095120339997377415e-03,1.019159081322907001e+00
1.355546319475215089e+00,-9.677247420494142910e-03,1.014690032503746453e+00
1.387452357372523926e+00,-6.660617703199014396e-03,9.992949780606265042e-01
1.350636116176701762e+00,-3.250044339765409407e-02,9.434636919225313223e-01
1.373811663171128350e+00,-8.414228245668163575e-02,9.412093565936485717e-01
1.382551970644895212e+00,-2.572179771948761989e-02,8.879897594915883152e-01
1.372416150615074493e+00,2.283410348927236710e-02,7.970574892341821815e-01
1.418960185433423726e+00,1.776891101657878877e-02,7.716620601834003335e-01
8.151877960593206796e-02,9.352002517245626700e-01,-7.812952995300292969e-02
8.451442371463802061e-02,9.456359494592437853e-01,-1.231188774108886719e-01
8.936666342683102782e-02,9.485982588690282657e-01,-1.372709274291992188e-01
9.501624414121866147e-02,9.544891672784876491e-01,-1.645566225051879883e-01
1.576150745438380241e-01,9.546982459569161028e-01,-2.015943527221679688e-01
1.937038191485061789e-01,9.514535499342132718e-01,-2.156019210815429688e-01
2.345295661533909892e-01,9.463599287506052615e-01,-2.301164865493774414e-01
3.007793804059569198e-01,9.318298193851461964e-01,-2.423743009567260742e-01
3.513309687063167486e-01,9.177692984246886843e-01,-2.482810020446777344e-01
4.003890773490602073e-01,9.005703741889428127e-01,-2.485281229019165039e-01
4.534095338613550741e-01,8.762775635753966563e-01,-2.444343566894531250e-01
5.005402721993512660e-01,8.506214730737792218e-01,-2.355302572250366211e-01
5.439418726115460290e-01,8.222217322124431016e-01,-2.222548723220825195e-01
5.670825691994495488e-01,8.038203701895059172e-01,-2.040659189224243164e-01
6.036582180294831623e-01,7.675612925348341831e-01,-1.699582338333129883e-01
6.108002724579275622e-01,7.573244379389804104e-01,-1.571768522262573242e-01
6.239209705619603863e-01,7.346225451464795109e-01,-1.303857564926147461e-01
6.463331397043603488e-01,6.881287787813840096e-01,-8.795773983001708984e-02
6.556192022191997815e-01,6.681384238321198543e-01,-7.347857952117919922e-02
6.573124468170272738e-01,6.390289401477164954e-01,-4.501032829284667969e-02
6.570014989683403694e-01,5.859687914143789644e-01,-4.042029380798339844e-03
6.538032397824493636e-01,5.449803977125121657e-01,2.150505781173706055e-02
6.473403133225674733e-01,5.275041092020696931e-01,3.366833925247192383e-02
6.359937772559793867e-01,4.526628112129616466e-01,6.555080413818359375e-02
6.232614472654181004e-01,4.006130561141867386e-01,8.276301622390747070e-02
6.132850945041028456e-01,3.774500971759590651e-01,9.029036760330200195e-02
5.964757471084244367e-01,3.233253658955437815e-01,1.028465628623962402e-01
5.728444253766309391e-01,2.782653004239309946e-01,1.124329566955566406e-01
5.472344376898394813e-01,2.375247152802943962e-01,1.186693310737609863e-01
5.208233611118606721e-01,2.009125636756501077e-01,1.219727993011474609e-01
4.967274003683605499e-01,1.618102712006782018e-01,1.226479411125183105e-01
4.594470560440626627e-01,1.220051643376922901e-01,1.198406219482421875e-01
4.248547606888097850e-01,9.789769385411087321e-02,1.137512326240539551e-01
4.067291230044475792e-01,8.135951135467872630e-02,1.088483929634094238e-01
3.985055844014773196e-01,7.504951340497949264e-02,1.061515212059020996e-01
3.889397189335134231e-01,7.668616756620144637e-02,1.033234596252441406e-01
3.746051080994896587e-01,7.350162311414075444e-02,9.766370058059692383e-02
3.639944896865834334e-01,6.726723507454400452e-02,9.264665842056274414e-02
3.516152880094787769e-01,6.739149037306520207e-02,8.681392669677734375e-02
3.434965520115690341e-01,7.328665172067763689e-02,8.367156982421875000e-02
3.395574383416281039e-01,7.975494916163947123e-02,8.269804716110229492e-02
3.377861277241070437e-01,8.462252630565769707e-02,8.305007219314575195e-02
3.374771292789005561e-01,8.607237323856173350e-02,8.326387405395507812e-02
3.369161251261232892e-01,8.893183712537627850e-02,8.390814065933227539e-02
3.344094197387795231e-01,1.016059509487779733e-01,8.671301603317260742e-02
3.324171716320269421e-01,1.090774222845794922e-01,8.896875381469726562e-02
3.310708881922745928e-01,1.134479806798559393e-01,9.032505750656127930e-02
3.283368444518796059e-01,1.183206212175846456e-01,9.170848131179809570e-02
3.222000687762201498e-01,1.226063754110836845e-01,9.365922212600708008e-02
3.164672395578856379e-01,1.236979788017055076e-01,9.435337781906127930e-02
3.092508307309058124e-01,1.228449953798056576e-01,9.403204917907714844e-02
3.059781286716614646e-01,1.202760299950760003e-01,9.371763467788696289e-02
2.962882310552785170e-01,1.179382790585548207e-01,9.253627061843872070e-02
2.810402436424118133e-01,1.083895103988686687e-01,8.961844444274902344e-02
2.776891041755518708e-01,1.049243519453738477e-01,8.881855010986328125e-02
2.603760247977862652e-01,9.212714746907005314e-02,8.487397432327270508e-02
2.555775113034013390e-01,9.106095794232382801e-02,8.378750085830688477e-02
2.413008992509241557e-01,7.996416411357225307e-02,8.033752441406250000e-02
2.209649951022479020e-01,7.037640130127759130e-02,7.531708478927612305e-02
2.048859959764504357e-01,6.404521598119011783e-02,7.107305526733398438e-02
1.921770909390247140e-01,5.795665951031878788e-02,6.734639406204223633e-02
1.795003306143432009e-01,5.411494859877740565e-02,6.356382369995117188e-02
1.731510235552459753e-01,5.298994516496489254e-02,6.163650751113891602e-02
1.559697705852752803e-01,4.961734373587493169e-02,5.644446611404418945e-02
1.455968987725995145e-01,4.813726457877081505e-02,5.316704511642456055e-02
1.357284095267409230e-01,4.864600082922616864e-02,4.993158578872680664e-02
1.268377175815657842e-01,4.965938442769776695e-02,4.709988832473754883e-02
1.154722734328538503e-01,5.187210185427803405e-02,4.419112205505371094e-02
1.108213502655628485e-01,5.305278475735419885e-02,4.298049211502075195e-02
1.074242775979628722e-01,5.462841893681318756e-02,4.237461090087890625e-02
9.960070663770033417e-02,5.883582650936639014e-02,4.168897867202758789e-02
9.254685290275690979e-02,6.222877322838622077e-02,4.206371307373046875e-02
8.940658882990124012e-02,6.494491332238867820e-02,4.267483949661254883e-02
8.614777519985430954e-02,6.719375090223619895e-02,4.388046264648437500e-02
8.251189347510493044e-02,7.013750349087963243e-02,4.574364423751831055e-02
7.902951495489132783e-02,7.282279452650826379e-02,4.819995164871215820e-02
7.558938100142581495e-02,7.537182182500171135e-02,5.068892240524291992e-02
7.395243821449117017e-02,7.639251538734452562e-02,5.200409889221191406e-02
7.013219881502150144e-02,7.881171535905348580e-02,5.476802587509155273e-02
6.496022435346442137e-02,8.056114865523676671e-02,5.898976325988769531e-02
6.215815040643015571e-02,8.156602481389896298e-02,6.035822629928588867e-02
5.733476646443114860e-02,8.280309675884293952e-02,6.257027387619018555e-02
5.025184903690112920e-02,8.243484259521492719e-02,6.543964147567749023e-02
4.770708458262605534e-02,8.194202577679403354e-02,6.614947319030761719e-02
4.160928631604433880e-02,8.141054401699694687e-02,6.742858886718750000e-02
3.558254900337745608e-02,7.964479377769360935e-02,6.807613372802734375e-02
2.616093412263960361e-02,7.655448073896059524e-02,6.890302896499633789e-02
2.271618639310329230e-02,7.531295123499266719e-02,6.900453567504882812e-02
1.635722337143034194e-02,7.266121884960914656e-02,6.887650489807128906e-02
6.220938745721427826e-03,6.860845423808778487e-02,6.828242540359497070e-02
-2.058292467986934989e-04,6.577890772963175536e-02,6.775349378585815430e-02
-3.855095695528303577e-03,6.466098229927771945e-02,6.737160682678222656e-02
-1.292030162890122832e-02,6.088279540937363565e-02,6.631755828857421875e-02
-1.589138997611729345e-02,5.961642860150784262e-02,6.601041555404663086e-02
-2.435816632442016488e-02,5.634798924729034209e-02,6.506901979446411133e-02
-2.929054900219283525e-02,5.418962499457304072e-02,6.461906433105468750e-02
-3.414862493846471114e-02,5.247182134870987530e-02,6.389355659484863281e-02
-3.859476502856670072e-02,5.057043079862188345e-02,6.347006559371948242e-02
-4.150367439733549518e-02,4.929767598648135407e-02,6.330984830856323242e-02
-4.457587651906808751e-02,4.810101988776921411e-02,6.320619583129882812e-02
-4.890851151423787624e-02,4.618835174020721746e-02,6.323552131652832031e-02
-5.294983621393244827e-02,4.465611838187098781e-02,6.328105926513671875e-02
-5.430956756873071140e-02,4.414545234573827998e-02,6.342715024948120117e-02
-5.684983082160522533e-02,4.298563841656635048e-02,6.366497278213500977e-02
-5.961908578072453585e-02,4.160076948035509176e-02,6.442791223526000977e-02
-6.076707484582426905e-02,4.103057680681467673e-02,6.461936235427856445e-02
-6.335969369445995647e-02,3.956939960850328064e-02,6.534624099731445312e-02
-6.441788750102610261e-02,3.861508302772408141e-02,6.575781106948852539e-02
-6.596217584254979172e-02,3.703329884736834832e-02,6.642359495162963867e-02
-6.768318842125616019e-02,3.530003983156743130e-02,6.699275970458984375e-02
-6.926470866327216758e-02,3.374610357932752297e-02,6.776404380798339844e-02
-7.227647174594516166e-02,3.081566612758203719e-02,6.856441497802734375e-02
-7.446676720483760836e-02,2.859193902917299759e-02,6.950420141220092773e-02
-7.560939094503424385e-02,2.715626573167852220e-02,6.983226537704467773e-02
-8.013965861370234145e-02,2.076512055511414018e-02,7.166534662246704102e-02
-8.134186213674710064e-02,1.973985770074964882e-02,7.204008102416992188e-02
-8.260109318321363914e-02,1.765313479931408455e-02,7.240599393844604492e-02
-8.617663703826752841e-02,1.353326099978382352e-02,7.353258132934570312e-02
-8.864616738372246840e-02,9.667113113877686542e-03,7.418823242187500000e-02
-9.081193488920817625e-02,6.840017127778269188e-03,7.455474138259887695e-02
-9.350057817645983371e-02,3.566331964676799221e-03,7.459211349487304688e-02
-9.516981715674066589e-02,8.824991611688034771e-04,7.468158006668090820e-02
-9.966871764820073309e-02,-5.644555426899815730e-03,7.453227043151855469e-02
-1.019551436837532327e-01,-9.518291943561999272e-03,7.459050416946411133e-02
-1.019551436837532327e-01,-9.518291943561999272e-03,7.459050416946411133e-02
-1.053301500162371757e-01,-1.489921256743092018e-02,7.468563318252563477e-02
-1.063766489790082398e-01,-1.752379399218755712e-02,7.474261522293090820e-02
-1.089386011630040230e-01,-2.223900621827900811e-02,7.516384124755859375e-02
-1.102422703478077026e-01,-2.613788362388571457e-02,7.568103075027465820e-02
-1.117921838484977892e-01,-2.930343883853196718e-02,7.617312669754028320e-02
-1.131141281613924909e-01,-3.271397237691579807e-02,7.691842317581176758e-02
-1.139536573152240689e-01,-3.616396004314954837e-02,7.828110456466674805e-02
-1.159727822708938455e-01,-3.972446068780623174e-02,8.207994699478149414e-02
-1.170746307952504200e-01,-4.207051241334343328e-02,8.614063262939453125e-02
-1.170746307952504200e-01,-4.207051241334343328e-02,8.614063262939453125e-02
-1.179740764993981172e-01,-4.395886769452349990e-02,9.147030115127563477e-02
-1.193115140114755501e-01,-4.576716964638417873e-02,9.791654348373413086e-02
-1.202705378698932376e-01,-4.702023319436282600e-02,1.060039997100830078e-01
-1.213577466653297937e-01,-4.765272766578163011e-02,1.155686378479003906e-01
-1.222185397272215063e-01,-4.963807981018206195e-02,1.263391375541687012e-01
-1.229177376482987055e-01,-5.054237012782871602e-02,1.411020159721374512e-01
-1.238183265751049977e-01,-5.170162649998723270e-02,1.597931981086730957e-01
-1.243140427645840207e-01,-5.265423125375950225e-02,1.754781603813171387e-01
-1.242496312467783331e-01,-5.434237995847107650e-02,1.927090287208557129e-01
-1.253551853248366099e-01,-5.394794566831178501e-02,2.108623981475830078e-01
-1.254954805200829415e-01,-5.413828333183417357e-02,2.205056548118591309e-01
-1.258785702198828016e-01,-5.465913152134487668e-02,2.517471909523010254e-01
-1.265900889423298425e-01,-5.308145852665999143e-02,2.738654017448425293e-01
-1.272718265109504532e-01,-5.178079444544141097e-02,2.969854474067687988e-01
-1.283056104360912608e-01,-4.937937701482826569e-02,3.212871551513671875e-01
-1.292665238116643689e-01,-4.684122066877081936e-02,3.464860320091247559e-01
-1.299019290145957406e-01,-4.504240218245710026e-02,3.636063933372497559e-01
-1.319294261649550104e-01,-3.829961604585151169e-02,4.125815629959106445e-01
-1.324835818401883802e-01,-3.661126303070533217e-02,4.263759255409240723e-01
-1.333969945260413681e-01,-3.346797583233415002e-02,4.450888633728027344e-01
-1.343258175664945597e-01,-2.827956850627404498e-02,4.848067760467529297e-01
-1.348063021588575827e-01,-2.543429562525811871e-02,5.053901672363281250e-01
-1.352376712896260491e-01,-1.953256282733694532e-02,5.477643311023712158e-01
-1.351349720035576463e-01,-1.470401395902724839e-02,5.804742574691772461e-01
-1.347341230218499497e-01,-1.224662838111609600e-02,6.032984554767608643e-01
-1.338884770039251160e-01,-8.769456557479231307e-03,6.379296779632568359e-01
-1.320204802172272596e-01,-4.357541746842751203e-03,6.864700019359588623e-01
-1.311647908065242674e-01,-2.958436257015135355e-03,7.056138515472412109e-01
-1.285994613164692657e-01,7.291637952216120959e-04,7.507355064153671265e-01
-1.253852128447147107e-01,4.914328364270109661e-03,8.037828654050827026e-01
-1.235915407411411204e-01,7.299968405131005561e-03,8.312721848487854004e-01
-1.210273433076339833e-01,9.847576114127039662e-03,8.877486288547515869e-01
