5.525491366225586676e-01,0.000000000000000000e+00,0.000000000000000000e+00
4.194440648056582122e-01,0.000000000000000000e+00,0.000000000000000000e+00
2.575460810391267397e-01,0.000000000000000000e+00,0.000000000000000000e+00
1.352751297562805044e-01,0.000000000000000000e+00,0.000000000000000000e+00
5.165423534298947683e-04,0.000000000000000000e+00,0.000000000000000000e+00
-1.221738415354548246e-01,0.000000000000000000e+00,0.000000000000000000e+00
-2.623995051564332326e-01,0.000000000000000000e+00,0.000000000000000000e+00
-4.985985883620181469e-01,0.000000000000000000e+00,0.000000000000000000e+00
-5.468739282082122344e-01,0.000000000000000000e+00,0.000000000000000000e+00
-7.101091305007332100e-01,0.000000000000000000e+00,0.000000000000000000e+00
-7.809948562532652572e-01,0.000000000000000000e+00,0.000000000000000000e+00
-9.657644682489038290e-01,0.000000000000000000e+00,0.000000000000000000e+00
-1.148030869363006801e+00,0.000000000000000000e+00,0.000000000000000000e+00
-1.156465008470218603e+00,0.000000000000000000e+00,0.000000000000000000e+00
-1.228921582125499512e+00,0.000000000000000000e+00,0.000000000000000000e+00
-1.398138808671450795e+00,0.000000000000000000e+00,0.000000000000000000e+00
-1.428669566086115950e+00,0.000000000000000000e+00,0.000000000000000000e+00
-1.526801668155705061e+00,0.000000000000000000e+00,0.000000000000000000e+00
-1.621592330579556096e+00,0.000000000000000000e+00,0.000000000000000000e+00
-1.667849360944873904e+00,0.000000000000000000e+00,0.000000000000000000e+00
-1.758201192437855331e+00,0.000000000000000000e+00,0.000000000000000000e+00
-1.806144916459580196e+00,0.000000000000000000e+00,0.000000000000000000e+00
-1.853856860469534240e+00,0.000000000000000000e+00,0.000000000000000000e+00
-1.921436142123600366e+00,0.000000000000000000e+00,0.000000000000000000e+00
-1.940805966826614215e+00,0.000000000000000000e+00,0.000000000000000000e+00
-1.970558657510030676e+00,0.000000000000000000e+00,0.000000000000000000e+00
-1.992454317878496139e+00,0.000000000000000000e+00,0.000000000000000000e+00
-1.998097118098691727e+00,0.000000000000000000e+00,0.000000000000000000e+00
-1.999026800669144066e+00,0.000000000000000000e+00,0.000000000000000000e+00
-1.986212830066031332e+00,0.000000000000000000e+00,0.000000000000000000e+00
-1.976979910683930752e+00,0.000000000000000000e+00,0.000000000000000000e+00
-1.952772637880292539e+00,0.000000000000000000e+00,0.000000000000000000e+00
-1.918211281253684009e+00,0.000000000000000000e+00,0.000000000000000000e+00
-1.857510348102740405e+00,0.000000000000000000e+00,0.000000000000000000e+00
-1.800128876253886290e+00,0.000000000000000000e+00,0.000000000000000000e+00
-1.771025884677596807e+00,0.000000000000000000e+00,0.000000000000000000e+00
-1.694281923680593493e+00,0.000000000000000000e+00,0.000000000000000000e+00
-1.614686410402961014e+00,0.000000000000000000e+00,0.000000000000000000e+00
-1.542725216025751633e+00,0.000000000000000000e+00,0.000000000000000000e+00
-1.456008412020214804e+00,0.000000000000000000e+00,0.000000000000000000e+00
-1.358250951014948527e+00,0.000000000000000000e+00,0.000000000000000000e+00
-1.259422429336661597e+00,0.000000000000000000e+00,0.000000000000000000e+00
-1.164443178707710969e+00,0.000000000000000000e+00,0.000000000000000000e+00
-1.044259853435587360e+00,0.000000000000000000e+00,0.000000000000000000e+00
-9.371399405732538934e-01,0.000000000000000000e+00,0.000000000000000000e+00
-7.436377296496846645e-01,0.000000000000000000e+00,0.000000000000000000e+00
-6.536911872403120549e-01,0.000000000000000000e+00,0.000000000000000000e+00
-5.602449597186937025e-01,0.000000000000000000e+00,0.000000000000000000e+00
-4.405044831334418154e-01,0.000000000000000000e+00,0.000000000000000000e+00
-2.876673530116519717e-01,0.000000000000000000e+00,0.000000000000000000e+00
-1.505427408796109479e-01,0.000000000000000000e+00,0.000000000000000000e+00
-1.215159477419598157e-02,0.000000000000000000e+00,0.000000000000000000e+00
1.151630595887965097e-01,0.000000000000000000e+00,0.000000000000000000e+00
3.015212505569498935e-01,0.000000000000000000e+00,0.000000000000000000e+00
3.560057358933873539e-01,0.000000000000000000e+00,0.000000000000000000e+00
4.963583245029570268e-01,0.000000000000000000e+00,0.000000000000000000e+00
6.321662196012476365e-01,0.000000000000000000e+00,0.000000000000000000e+00
7.561822369829449553e-01,0.000000000000000000e+00,0.000000000000000000e+00
9.098460432788644248e-01,0.000000000000000000e+00,0.000000000000000000e+00
9.995951398166534885e-01,0.000000000000000000e+00,0.000000000000000000e+00
1.113757057698925745e+00,0.000000000000000000e+00,0.000000000000000000e+00
1.223507400034156589e+00,0.000000000000000000e+00,0.000000000000000000e+00
1.314731324839564452e+00,0.000000000000000000e+00,0.000000000000000000e+00
1.423697036247923320e+00,0.000000000000000000e+00,0.000000000000000000e+00
1.506122087340731275e+00,0.000000000000000000e+00,0.000000000000000000e+00
1.610384297099207274e+00,0.000000000000000000e+00,0.000000000000000000e+00
1.659951813118418995e+00,0.000000000000000000e+00,0.000000000000000000e+00
1.733019695108221070e+00,0.000000000000000000e+00,0.000000000000000000e+00
1.796248107168356034e+00,0.000000000000000000e+00,0.000000000000000000e+00
1.849701229799272539e+00,0.000000000000000000e+00,0.000000000000000000e+00
1.897336800807061241e+00,0.000000000000000000e+00,0.000000000000000000e+00
1.945439861119065750e+00,0.000000000000000000e+00,0.000000000000000000e+00
1.975754799054396882e+00,0.000000000000000000e+00,0.000000000000000000e+00
1.994392831658547083e+00,0.000000000000000000e+00,0.000000000000000000e+00
1.998425718651575256e+00,0.000000000000000000e+00,0.000000000000000000e+00
1.999861200162126762e+00,0.000000000000000000e+00,0.000000000000000000e+00
1.994294727667014655e+00,0.000000000000000000e+00,0.000000000000000000e+00
1.972988707471220904e+00,0.000000000000000000e+00,0.000000000000000000e+00
1.939475566388100036e+00,0.000000000000000000e+00,0.000000000000000000e+00
1.917158561207150669e+00,0.000000000000000000e+00,0.000000000000000000e+00
1.868604411730610870e+00,0.000000000000000000e+00,0.000000000000000000e+00
1.829344344299146385e+00,0.000000000000000000e+00,0.000000000000000000e+00
1.771753922606687404e+00,0.000000000000000000e+00,0.000000000000000000e+00
1.713586592521900487e+00,0.000000000000000000e+00,0.000000000000000000e+00
1.639908416125176682e+00,0.000000000000000000e+00,0.000000000000000000e+00
1.556842847727728518e+00,0.000000000000000000e+00,0.000000000000000000e+00
1.417699642292413964e+00,0.000000000000000000e+00,0.000000000000000000e+00
1.304153012421646496e+00,0.000000000000000000e+00,0.000000000000000000e+00
1.270650284460887791e+00,0.000000000000000000e+00,0.000000000000000000e+00
1.168782089892160148e+00,0.000000000000000000e+00,0.000000000000000000e+00
1.019340722024325352e+00,0.000000000000000000e+00,0.000000000000000000e+00
9.482425836159065202e-01,0.000000000000000000e+00,0.000000000000000000e+00
7.754794684554600082e-01,0.000000000000000000e+00,0.000000000000000000e+00
6.085641539337800499e-01,0.000000000000000000e+00,0.000000000000000000e+00
5.643014620863816555e-01,0.000000000000000000e+00,0.000000000000000000e+00
4.419046951253317590e-01,0.000000000000000000e+00,0.000000000000000000e+00
3.183633280287155864e-01,0.000000000000000000e+00,0.000000000000000000e+00
1.182678970297024734e-01,0.000000000000000000e+00,0.000000000000000000e+00
-1.408539884065996596e-02,0.000000000000000000e+00,0.000000000000000000e+00
-8.227384898699527382e-02,0.000000000000000000e+00,0.000000000000000000e+00
-2.580265999881174444e-01,0.000000000000000000e+00,0.000000000000000000e+00
-4.529281081218595184e-01,0.000000000000000000e+00,0.000000000000000000e+00
-4.924713714287665689e-01,0.000000000000000000e+00,0.000000000000000000e+00
-6.046051385506694409e-01,0.000000000000000000e+00,0.000000000000000000e+00
-7.446130361072480497e-01,0.000000000000000000e+00,0.000000000000000000e+00
-8.571833116158158461e-01,0.000000000000000000e+00,0.000000000000000000e+00
-9.721653291196002966e-01,0.000000000000000000e+00,0.000000000000000000e+00
-1.108732090249261892e+00,0.000000000000000000e+00,0.000000000000000000e+00
-1.198591985194178866e+00,0.000000000000000000e+00,0.000000000000000000e+00
-1.302096575976347648e+00,0.000000000000000000e+00,0.000000000000000000e+00
-1.395235944940641071e+00,0.000000000000000000e+00,0.000000000000000000e+00
-1.495893035048355246e+00,0.000000000000000000e+00,0.000000000000000000e+00
-1.590010499305166247e+00,0.000000000000000000e+00,0.000000000000000000e+00
-1.652719742037651818e+00,0.000000000000000000e+00,0.000000000000000000e+00
-1.739067771385866212e+00,0.000000000000000000e+00,0.000000000000000000e+00
-1.790123358411696453e+00,0.000000000000000000e+00,0.000000000000000000e+00
-1.841442734378104351e+00,0.000000000000000000e+00,0.000000000000000000e+00
-1.891742398011663218e+00,0.000000000000000000e+00,0.000000000000000000e+00
-1.934476812054829686e+00,0.000000000000000000e+00,0.000000000000000000e+00
-1.960209753474212224e+00,0.000000000000000000e+00,0.000000000000000000e+00
-1.983871446483948642e+00,0.000000000000000000e+00,0.000000000000000000e+00
-1.995471034224210571e+00,0.000000000000000000e+00,0.000000000000000000e+00
-1.997400520296818582e+00,0.000000000000000000e+00,0.000000000000000000e+00
-1.989370505087282304e+00,0.000000000000000000e+00,0.000000000000000000e+00
-1.981481589045355873e+00,0.000000000000000000e+00,0.000000000000000000e+00
-1.953766556540415866e+00,0.000000000000000000e+00,0.000000000000000000e+00
-1.929916540651278156e+00,0.000000000000000000e+00,0.000000000000000000e+00
-1.889674930655417251e+00,0.000000000000000000e+00,0.000000000000000000e+00
-1.840086050053825861e+00,0.000000000000000000e+00,0.000000000000000000e+00
-1.786600003163349992e+00,0.000000000000000000e+00,0.000000000000000000e+00
-1.722195060013868906e+00,0.000000000000000000e+00,0.000000000000000000e+00
-1.639181104679974466e+00,0.000000000000000000e+00,0.000000000000000000e+00
-1.560411924583822607e+00,0.000000000000000000e+00,0.000000000000000000e+00
-1.484999697964703547e+00,0.000000000000000000e+00,0.000000000000000000e+00
-1.376834054781281180e+00,0.000000000000000000e+00,0.000000000000000000e+00
-1.280809659143252288e+00,0.000000000000000000e+00,0.000000000000000000e+00
-1.184373316900965811e+00,0.000000000000000000e+00,0.000000000000000000e+00
-1.031184535975086414e+00,0.000000000000000000e+00,0.000000000000000000e+00
-9.253458043903497465e-01,0.000000000000000000e+00,0.000000000000000000e+00
-8.237039662734300105e-01,0.000000000000000000e+00,0.000000000000000000e+00
-6.207161411154816788e-01,0.000000000000000000e+00,0.000000000000000000e+00
-5.651708727678835809e-01,0.000000000000000000e+00,0.000000000000000000e+00
-4.699630949122971524e-01,0.000000000000000000e+00,0.000000000000000000e+00
-3.358301337179028789e-01,0.000000000000000000e+00,0.000000000000000000e+00
-1.171000672265705839e-01,0.000000000000000000e+00,0.000000000000000000e+00
3.277222635481496626e-03,0.000000000000000000e+00,0.000000000000000000e+00
1.344851780704273136e-01,0.000000000000000000e+00,0.000000000000000000e+00
2.097418591206968164e-01,0.000000000000000000e+00,0.000000000000000000e+00
3.309270888225220864e-01,0.000000000000000000e+00,0.000000000000000000e+00
4.625938739092587682e-01,0.000000000000000000e+00,0.000000000000000000e+00
7.390969892175742739e-01,0.000000000000000000e+00,0.000000000000000000e+00
7.934097418489161058e-01,0.000000000000000000e+00,0.000000000000000000e+00
8.610214440961182492e-01,0.000000000000000000e+00,0.000000000000000000e+00
1.070132832641800924e+00,0.000000000000000000e+00,0.000000000000000000e+00
1.208930295501065677e+00,0.000000000000000000e+00,0.000000000000000000e+00
1.217456006688709680e+00,0.000000000000000000e+00,0.000000000000000000e+00
1.297547491675564935e+00,0.000000000000000000e+00,0.000000000000000000e+00
1.385398774602629501e+00,0.000000000000000000e+00,0.000000000000000000e+00
1.501321608869282453e+00,0.000000000000000000e+00,0.000000000000000000e+00
1.581719523105178160e+00,0.000000000000000000e+00,0.000000000000000000e+00
1.646563017740366952e+00,0.000000000000000000e+00,0.000000000000000000e+00
1.713113403249636457e+00,0.000000000000000000e+00,0.000000000000000000e+00
1.783039472087367683e+00,0.000000000000000000e+00,0.000000000000000000e+00
1.848753617853307496e+00,0.000000000000000000e+00,0.000000000000000000e+00
1.901077000745688084e+00,0.000000000000000000e+00,0.000000000000000000e+00
1.942348428900468216e+00,0.000000000000000000e+00,0.000000000000000000e+00
1.981545344848393730e+00,0.000000000000000000e+00,0.000000000000000000e+00
1.992539492673759183e+00,0.000000000000000000e+00,0.000000000000000000e+00
1.994291210948695658e+00,0.000000000000000000e+00,0.000000000000000000e+00
1.999962179036839816e+00,0.000000000000000000e+00,0.000000000000000000e+00
1.995208466167242456e+00,0.000000000000000000e+00,0.000000000000000000e+00
1.984133053437730165e+00,0.000000000000000000e+00,0.000000000000000000e+00
1.961461657506536449e+00,0.000000000000000000e+00,0.000000000000000000e+00
1.931048715745514510e+00,0.000000000000000000e+00,0.000000000000000000e+00
1.886399716112477476e+00,0.000000000000000000e+00,0.000000000000000000e+00
1.841212359945433308e+00,0.000000000000000000e+00,0.000000000000000000e+00
1.788308881832769037e+00,0.000000000000000000e+00,0.000000000000000000e+00
1.718752413519722078e+00,0.000000000000000000e+00,0.000000000000000000e+00
1.628375899213554412e+00,0.000000000000000000e+00,0.000000000000000000e+00
1.558039839807361826e+00,0.000000000000000000e+00,0.000000000000000000e+00
1.492252160780403569e+00,0.000000000000000000e+00,0.000000000000000000e+00
1.398730285542615803e+00,0.000000000000000000e+00,0.000000000000000000e+00
1.220944488295179209e+00,0.000000000000000000e+00,0.000000000000000000e+00
1.155403880369706426e+00,0.000000000000000000e+00,0.000000000000000000e+00
9.539462108112375383e-01,0.000000000000000000e+00,0.000000000000000000e+00
9.184214942770760892e-01,0.000000000000000000e+00,0.000000000000000000e+00
8.449086882367633500e-01,0.000000000000000000e+00,0.000000000000000000e+00
7.053580964952421706e-01,0.000000000000000000e+00,0.000000000000000000e+00
6.116426802233004834e-01,0.000000000000000000e+00,0.000000000000000000e+00
4.201324458589049682e-01,0.000000000000000000e+00,0.000000000000000000e+00
2.460466754910133891e-01,0.000000000000000000e+00,0.000000000000000000e+00
2.215681239401691982e-01,0.000000000000000000e+00,0.000000000000000000e+00
8.759737616594924503e-02,0.000000000000000000e+00,0.000000000000000000e+00
-1.139710665989095706e-01,0.000000000000000000e+00,0.000000000000000000e+00
-2.442759963501720810e-01,0.000000000000000000e+00,0.000000000000000000e+00
-3.321889126887830890e-01,0.000000000000000000e+00,0.000000000000000000e+00
-5.253929728949111588e-01,0.000000000000000000e+00,0.000000000000000000e+00
-5.728008946267818535e-01,0.000000000000000000e+00,0.000000000000000000e+00
-7.004709059652278746e-01,0.000000000000000000e+00,0.000000000000000000e+00
-8.396316157492674792e-01,0.000000000000000000e+00,0.000000000000000000e+00
-9.591357040463183159e-01,0.000000000000000000e+00,0.000000000000000000e+00
-1.068963289174246656e+00,0.000000000000000000e+00,0.000000000000000000e+00
-1.177226873992715639e+00,0.000000000000000000e+00,0.000000000000000000e+00
-1.275450938958552882e+00,0.000000000000000000e+00,0.000000000000000000e+00
-1.377250767653400709e+00,0.000000000000000000e+00,0.000000000000000000e+00
-1.468506349723659676e+00,0.000000000000000000e+00,0.000000000000000000e+00
-1.565966094619543281e+00,0.000000000000000000e+00,0.000000000000000000e+00
-1.647442026383466152e+00,0.000000000000000000e+00,0.000000000000000000e+00
-1.718267588202134100e+00,0.000000000000000000e+00,0.000000000000000000e+00
-1.776205762070514060e+00,0.000000000000000000e+00,0.000000000000000000e+00
-1.836729715735828217e+00,0.000000000000000000e+00,0.000000000000000000e+00
-1.885672466968916883e+00,0.000000000000000000e+00,0.000000000000000000e+00
-1.925660169071306438e+00,0.000000000000000000e+00,0.000000000000000000e+00
-1.957984720327012207e+00,0.000000000000000000e+00,0.000000000000000000e+00
-1.978627476972212751e+00,0.000000000000000000e+00,0.000000000000000000e+00
-1.993745936684031772e+00,0.000000000000000000e+00,0.000000000000000000e+00
-1.999807360730959660e+00,0.000000000000000000e+00,0.000000000000000000e+00
-1.995885262861083476e+00,0.000000000000000000e+00,0.000000000000000000e+00
-1.984856963174873590e+00,0.000000000000000000e+00,0.000000000000000000e+00
-1.960080648685147420e+00,0.000000000000000000e+00,0.000000000000000000e+00
-1.920884380049405982e+00,0.000000000000000000e+00,0.000000000000000000e+00
-1.880287013394713158e+00,0.000000000000000000e+00,0.000000000000000000e+00
-1.852053265407510141e+00,0.000000000000000000e+00,0.000000000000000000e+00
-1.793536854262628211e+00,0.000000000000000000e+00,0.000000000000000000e+00
-1.697079009961394380e+00,0.000000000000000000e+00,0.000000000000000000e+00
-1.653520332666909010e+00,0.000000000000000000e+00,0.000000000000000000e+00
-1.578959420807890535e+00,0.000000000000000000e+00,0.000000000000000000e+00
-1.499897258501976749e+00,0.000000000000000000e+00,0.000000000000000000e+00
-1.409339017966904750e+00,0.000000000000000000e+00,0.000000000000000000e+00
-1.293400815118296299e+00,0.000000000000000000e+00,0.000000000000000000e+00
-1.154637243445139294e+00,0.000000000000000000e+00,0.000000000000000000e+00
-1.081023123177284884e+00,0.000000000000000000e+00,0.000000000000000000e+00
-9.821110215550560296e-01,0.000000000000000000e+00,0.000000000000000000e+00
-8.063450699685761336e-01,0.000000000000000000e+00,0.000000000000000000e+00
-6.849767533382201679e-01,0.000000000000000000e+00,0.000000000000000000e+00
-6.297944478770062249e-01,0.000000000000000000e+00,0.000000000000000000e+00
-4.983324606544353164e-01,0.000000000000000000e+00,0.000000000000000000e+00
-3.026234632768139976e-01,0.000000000000000000e+00,0.000000000000000000e+00
-1.112146704719654960e-01,0.000000000000000000e+00,0.000000000000000000e+00
-7.620703364610924291e-02,0.000000000000000000e+00,0.000000000000000000e+00
2.812558263134107631e-02,0.000000000000000000e+00,0.000000000000000000e+00
1.740119801247672626e-01,0.000000000000000000e+00,0.000000000000000000e+00
3.002481936013640107e-01,0.000000000000000000e+00,0.000000000000000000e+00
4.253736816760396722e-01,0.000000000000000000e+00,0.000000000000000000e+00
5.613790061241425988e-01,0.000000000000000000e+00,0.000000000000000000e+00
6.983844036329180938e-01,0.000000000000000000e+00,0.000000000000000000e+00
8.044591680898161012e-01,0.000000000000000000e+00,0.000000000000000000e+00
9.253721819363460721e-01,0.000000000000000000e+00,0.000000000000000000e+00
1.134110218286749960e+00,0.000000000000000000e+00,0.000000000000000000e+00
1.165310516286727660e+00,0.000000000000000000e+00,0.000000000000000000e+00
1.270504838130125380e+00,0.000000000000000000e+00,0.000000000000000000e+00
1.364115195701546490e+00,0.000000000000000000e+00,0.000000000000000000e+00
1.494898189279058487e+00,0.000000000000000000e+00,0.000000000000000000e+00
1.550446762743531881e+00,0.000000000000000000e+00,0.000000000000000000e+00
1.625742118928972246e+00,0.000000000000000000e+00,0.000000000000000000e+00
1.714191923737484968e+00,0.000000000000000000e+00,0.000000000000000000e+00
1.772373156554127860e+00,0.000000000000000000e+00,0.000000000000000000e+00
1.852338074946726199e+00,0.000000000000000000e+00,0.000000000000000000e+00
1.872644877514804573e+00,0.000000000000000000e+00,0.000000000000000000e+00
1.926193141094265204e+00,0.000000000000000000e+00,0.000000000000000000e+00
1.953947051784158839e+00,0.000000000000000000e+00,0.000000000000000000e+00
1.978153193568309876e+00,0.000000000000000000e+00,0.000000000000000000e+00
1.992404944621258611e+00,0.000000000000000000e+00,0.000000000000000000e+00
1.999426628554715757e+00,0.000000000000000000e+00,0.000000000000000000e+00
1.997787103902295636e+00,0.000000000000000000e+00,0.000000000000000000e+00
1.987895397075604587e+00,0.000000000000000000e+00,0.000000000000000000e+00
1.968938450678078489e+00,0.000000000000000000e+00,0.000000000000000000e+00
1.938263376027029361e+00,0.000000000000000000e+00,0.000000000000000000e+00
1.903973798540145479e+00,0.000000000000000000e+00,0.000000000000000000e+00
1.838230885185949015e+00,0.000000000000000000e+00,0.000000000000000000e+00
1.779840785384753987e+00,0.000000000000000000e+00,0.000000000000000000e+00
1.718406388200350188e+00,0.000000000000000000e+00,0.000000000000000000e+00
1.666277772691868053e+00,0.000000000000000000e+00,0.000000000000000000e+00
1.589752335829259122e+00,0.000000000000000000e+00,0.000000000000000000e+00
1.508797313765925852e+00,0.000000000000000000e+00,0.000000000000000000e+00
1.303693299947361384e+00,0.000000000000000000e+00,0.000000000000000000e+00
1.205496655876119760e+00,0.000000000000000000e+00,0.000000000000000000e+00
1.149316804991668217e+00,0.000000000000000000e+00,0.000000000000000000e+00
1.093921381775288637e+00,0.000000000000000000e+00,0.000000000000000000e+00
9.952756724076265993e-01,0.000000000000000000e+00,0.000000000000000000e+00
8.632193202512710162e-01,0.000000000000000000e+00,0.000000000000000000e+00
6.785801386696586057e-01,0.000000000000000000e+00,0.000000000000000000e+00
6.163819331085803599e-01,0.000000000000000000e+00,0.000000000000000000e+00
4.893861397298318039e-01,0.000000000000000000e+00,0.000000000000000000e+00
3.909594781272349717e-01,0.000000000000000000e+00,0.000000000000000000e+00
2.585304633975833433e-01,0.000000000000000000e+00,0.000000000000000000e+00
1.033603961540376370e-01,0.000000000000000000e+00,0.000000000000000000e+00
-1.070792714721953282e-01,0.000000000000000000e+00,0.000000000000000000e+00
-2.803461023318748468e-01,0.000000000000000000e+00,0.000000000000000000e+00
-3.740549849170021757e-01,0.000000000000000000e+00,0.000000000000000000e+00
-4.529241451098223736e-01,0.000000000000000000e+00,0.000000000000000000e+00
-5.879855964866885776e-01,0.000000000000000000e+00,0.000000000000000000e+00
-8.085561965339039814e-01,0.000000000000000000e+00,0.000000000000000000e+00
-8.872035802147424377e-01,0.000000000000000000e+00,0.000000000000000000e+00
-9.174543637596944690e-01,0.000000000000000000e+00,0.000000000000000000e+00
-1.036014535984175922e+00,0.000000000000000000e+00,0.000000000000000000e+00
-1.137022480748165254e+00,0.000000000000000000e+00,0.000000000000000000e+00
-1.245728098440655796e+00,0.000000000000000000e+00,0.000000000000000000e+00
-1.360229728902642155e+00,0.000000000000000000e+00,0.000000000000000000e+00
-1.457060959813086365e+00,0.000000000000000000e+00,0.000000000000000000e+00
-1.530869595299090502e+00,0.000000000000000000e+00,0.000000000000000000e+00
-1.657183417568905526e+00,0.000000000000000000e+00,0.000000000000000000e+00
-1.690668429297713660e+00,0.000000000000000000e+00,0.000000000000000000e+00
-1.755740810458610301e+00,0.000000000000000000e+00,0.000000000000000000e+00
-1.815652369264257882e+00,0.000000000000000000e+00,0.000000000000000000e+00
-1.868373884858087752e+00,0.000000000000000000e+00,0.000000000000000000e+00
-1.912687101832153180e+00,0.000000000000000000e+00,0.000000000000000000e+00
-1.958135939305538420e+00,0.000000000000000000e+00,0.000000000000000000e+00
-1.974048844064690389e+00,0.000000000000000000e+00,0.000000000000000000e+00
-1.992672058493888176e+00,0.000000000000000000e+00,0.000000000000000000e+00
-1.999146018048655327e+00,0.000000000000000000e+00,0.000000000000000000e+00
-1.998824426672099142e+00,0.000000000000000000e+00,0.000000000000000000e+00
-1.989924887148262878e+00,0.000000000000000000e+00,0.000000000000000000e+00
-1.969377447420630256e+00,0.000000000000000000e+00,0.000000000000000000e+00
-1.933445125483366001e+00,0.000000000000000000e+00,0.000000000000000000e+00
-1.906823185329645121e+00,0.000000000000000000e+00,0.000000000000000000e+00
-1.861909188836540219e+00,0.000000000000000000e+00,0.000000000000000000e+00
-1.806316287091327188e+00,0.000000000000000000e+00,0.000000000000000000e+00
-1.752707426748449260e+00,0.000000000000000000e+00,0.000000000000000000e+00
-1.648770950337596020e+00,0.000000000000000000e+00,0.000000000000000000e+00
-1.610777148180982055e+00,0.000000000000000000e+00,0.000000000000000000e+00
-1.502632340094203878e+00,0.000000000000000000e+00,0.000000000000000000e+00
-1.376046174675811695e+00,0.000000000000000000e+00,0.000000000000000000e+00
-1.329833138392429781e+00,0.000000000000000000e+00,0.000000000000000000e+00
-1.237286291366017199e+00,0.000000000000000000e+00,0.000000000000000000e+00
-1.066192951408002854e+00,0.000000000000000000e+00,0.000000000000000000e+00
-8.989412195981054676e-01,0.000000000000000000e+00,0.000000000000000000e+00
-8.584859958858529483e-01,0.000000000000000000e+00,0.000000000000000000e+00
-7.502301963798559958e-01,0.000000000000000000e+00,0.000000000000000000e+00
-6.498123486403515336e-01,0.000000000000000000e+00,0.000000000000000000e+00
-5.084026893022213223e-01,0.000000000000000000e+00,0.000000000000000000e+00
-3.964408285983908042e-01,0.000000000000000000e+00,0.000000000000000000e+00
-2.571575840637451149e-01,0.000000000000000000e+00,0.000000000000000000e+00
-1.304899063189693398e-01,0.000000000000000000e+00,0.000000000000000000e+00
1.462365307699783033e-02,0.000000000000000000e+00,0.000000000000000000e+00
1.511648574567972525e-01,0.000000000000000000e+00,0.000000000000000000e+00
2.847245874647703623e-01,0.000000000000000000e+00,0.000000000000000000e+00
3.993290572160018148e-01,0.000000000000000000e+00,0.000000000000000000e+00
5.290801381235531453e-01,0.000000000000000000e+00,0.000000000000000000e+00
6.954348482119797614e-01,0.000000000000000000e+00,0.000000000000000000e+00
8.023809319781023408e-01,0.000000000000000000e+00,0.000000000000000000e+00
8.983493468769183643e-01,0.000000000000000000e+00,0.000000000000000000e+00
1.019935437027662539e+00,0.000000000000000000e+00,0.000000000000000000e+00
1.127623552094536796e+00,0.000000000000000000e+00,0.000000000000000000e+00
1.240095814029468668e+00,0.000000000000000000e+00,0.000000000000000000e+00
1.331767597928761093e+00,0.000000000000000000e+00,0.000000000000000000e+00
1.429838181113063600e+00,0.000000000000000000e+00,0.000000000000000000e+00
1.519786964283148745e+00,0.000000000000000000e+00,0.000000000000000000e+00
1.612948139698034522e+00,0.000000000000000000e+00,0.000000000000000000e+00
1.706125882159799323e+00,0.000000000000000000e+00,0.000000000000000000e+00
1.771776876219900210e+00,0.000000000000000000e+00,0.000000000000000000e+00
1.807329691093795931e+00,0.000000000000000000e+00,0.000000000000000000e+00
1.867310453721131358e+00,0.000000000000000000e+00,0.000000000000000000e+00
1.905645858965822059e+00,0.000000000000000000e+00,0.000000000000000000e+00
1.969332927482856599e+00,0.000000000000000000e+00,0.000000000000000000e+00
1.970859141370315815e+00,0.000000000000000000e+00,0.000000000000000000e+00
1.992986124329465980e+00,0.000000000000000000e+00,0.000000000000000000e+00
1.998959893686806266e+00,0.000000000000000000e+00,0.000000000000000000e+00
1.998924509546067485e+00,0.000000000000000000e+00,0.000000000000000000e+00
1.990470043989364113e+00,0.000000000000000000e+00,0.000000000000000000e+00
1.958353580705445962e+00,0.000000000000000000e+00,0.000000000000000000e+00
1.934619201661491150e+00,0.000000000000000000e+00,0.000000000000000000e+00
1.913437385824676262e+00,0.000000000000000000e+00,0.000000000000000000e+00
1.859321589967836585e+00,0.000000000000000000e+00,0.000000000000000000e+00
1.818930794134274276e+00,0.000000000000000000e+00,0.000000000000000000e+00
1.728080333030636240e+00,0.000000000000000000e+00,0.000000000000000000e+00
1.684788902490940821e+00,0.000000000000000000e+00,0.000000000000000000e+00
1.603030505175873310e+00,0.000000000000000000e+00,0.000000000000000000e+00
1.533679577239025038e+00,0.000000000000000000e+00,0.000000000000000000e+00
1.377198949075965739e+00,0.000000000000000000e+00,0.000000000000000000e+00
1.215596710110200318e+00,0.000000000000000000e+00,0.000000000000000000e+00
1.199479253435026482e+00,0.000000000000000000e+00,0.000000000000000000e+00
1.150367589962648873e+00,0.000000000000000000e+00,0.000000000000000000e+00
1.031800251950332425e+00,0.000000000000000000e+00,0.000000000000000000e+00
8.962543943989456086e-01,0.000000000000000000e+00,0.000000000000000000e+00
7.787447763097404829e-01,0.000000000000000000e+00,0.000000000000000000e+00
5.763360932933080383e-01,0.000000000000000000e+00,0.000000000000000000e+00
5.447140047664810192e-01,0.000000000000000000e+00,0.000000000000000000e+00
4.120816583360984442e-01,0.000000000000000000e+00,0.000000000000000000e+00
2.139416824918469184e-01,0.000000000000000000e+00,0.000000000000000000e+00
1.320936826019270816e-01,0.000000000000000000e+00,0.000000000000000000e+00
2.140973886935497103e-02,0.000000000000000000e+00,0.000000000000000000e+00
-1.109952957085804520e-01,0.000000000000000000e+00,0.000000000000000000e+00
-2.445218392649539940e-01,0.000000000000000000e+00,0.000000000000000000e+00
-3.714440102203340199e-01,0.000000000000000000e+00,0.000000000000000000e+00
-5.430838071336959727e-01,0.000000000000000000e+00,0.000000000000000000e+00
-6.961435906616163516e-01,0.000000000000000000e+00,0.000000000000000000e+00
-7.584919561797135446e-01,0.000000000000000000e+00,0.000000000000000000e+00
-9.133185143941491280e-01,0.000000000000000000e+00,0.000000000000000000e+00
-9.965834428943234347e-01,0.000000000000000000e+00,0.000000000000000000e+00
-1.146757218153524605e+00,0.000000000000000000e+00,0.000000000000000000e+00
-1.238728860160086764e+00,0.000000000000000000e+00,0.000000000000000000e+00
-1.341134774339218572e+00,0.000000000000000000e+00,0.000000000000000000e+00
-1.447056300129297313e+00,0.000000000000000000e+00,0.000000000000000000e+00
-1.514778266249416028e+00,0.000000000000000000e+00,0.000000000000000000e+00
-1.596227490273685490e+00,0.000000000000000000e+00,0.000000000000000000e+00
-1.672613392593063519e+00,0.000000000000000000e+00,0.000000000000000000e+00
-1.750965446951052273e+00,0.000000000000000000e+00,0.000000000000000000e+00
-1.829964632618408915e+00,0.000000000000000000e+00,0.000000000000000000e+00
-1.871161937973319311e+00,0.000000000000000000e+00,0.000000000000000000e+00
-1.902979612439684720e+00,0.000000000000000000e+00,0.000000000000000000e+00
-1.954348669020829155e+00,0.000000000000000000e+00,0.000000000000000000e+00
-1.966481716136999403e+00,0.000000000000000000e+00,0.000000000000000000e+00
-1.987182172338845199e+00,0.000000000000000000e+00,0.000000000000000000e+00
-1.997610287682933361e+00,0.000000000000000000e+00,0.000000000000000000e+00
-1.998412466240611973e+00,0.000000000000000000e+00,0.000000000000000000e+00
-1.992191458944110316e+00,0.000000000000000000e+00,0.000000000000000000e+00
-1.969250077050895387e+00,0.000000000000000000e+00,0.000000000000000000e+00
-1.948647952106898451e+00,0.000000000000000000e+00,0.000000000000000000e+00
-1.913319204825033371e+00,0.000000000000000000e+00,0.000000000000000000e+00
-1.876890995879682444e+00,0.000000000000000000e+00,0.000000000000000000e+00
-1.828955660739380651e+00,0.000000000000000000e+00,0.000000000000000000e+00
-1.762348642058380266e+00,0.000000000000000000e+00,0.000000000000000000e+00
-1.688216931989863445e+00,0.000000000000000000e+00,0.000000000000000000e+00
-1.630298660927060661e+00,0.000000000000000000e+00,0.000000000000000000e+00
-1.547113417429520021e+00,0.000000000000000000e+00,0.000000000000000000e+00
-1.333732535834411648e+00,0.000000000000000000e+00,0.000000000000000000e+00
-1.224822228188608308e+00,0.000000000000000000e+00,0.000000000000000000e+00
-1.048659502573193958e+00,0.000000000000000000e+00,0.000000000000000000e+00
-9.560691695185684624e-01,0.000000000000000000e+00,0.000000000000000000e+00
-8.830422112807829738e-01,0.000000000000000000e+00,0.000000000000000000e+00
-8.360953979862177921e-01,0.000000000000000000e+00,0.000000000000000000e+00
-7.965977625986027100e-01,0.000000000000000000e+00,0.000000000000000000e+00
-6.429467469414530401e-01,0.000000000000000000e+00,0.000000000000000000e+00
-5.420958189412125039e-01,0.000000000000000000e+00,0.000000000000000000e+00
-4.062083401031569840e-01,0.000000000000000000e+00,0.000000000000000000e+00
-2.884464338073325362e-01,0.000000000000000000e+00,0.000000000000000000e+00
-1.758290833838016265e-01,0.000000000000000000e+00,0.000000000000000000e+00
-1.935593280682314926e-02,0.000000000000000000e+00,0.000000000000000000e+00
9.434965463317855627e-02,0.000000000000000000e+00,0.000000000000000000e+00
3.057738441910456961e-01,0.000000000000000000e+00,0.000000000000000000e+00
4.020090915461226322e-01,0.000000000000000000e+00,0.000000000000000000e+00
5.548720928777058914e-01,0.000000000000000000e+00,0.000000000000000000e+00
6.245134137432336585e-01,0.000000000000000000e+00,0.000000000000000000e+00
7.450412217967256057e-01,0.000000000000000000e+00,0.000000000000000000e+00
8.656943555611674723e-01,0.000000000000000000e+00,0.000000000000000000e+00
9.795481072885324769e-01,0.000000000000000000e+00,0.000000000000000000e+00
1.158351186393824950e+00,0.000000000000000000e+00,0.000000000000000000e+00
1.237839676927284360e+00,0.000000000000000000e+00,0.000000000000000000e+00
1.315649147203943992e+00,0.000000000000000000e+00,0.000000000000000000e+00
1.447630017809131253e+00,0.000000000000000000e+00,0.000000000000000000e+00
1.568806174810030152e+00,0.000000000000000000e+00,0.000000000000000000e+00
1.610111360438954087e+00,0.000000000000000000e+00,0.000000000000000000e+00
1.669839337019442427e+00,0.000000000000000000e+00,0.000000000000000000e+00
1.742082363884113416e+00,0.000000000000000000e+00,0.000000000000000000e+00
1.804515250555544181e+00,0.000000000000000000e+00,0.000000000000000000e+00
1.853120632711976468e+00,0.000000000000000000e+00,0.000000000000000000e+00
1.895472601731999163e+00,0.000000000000000000e+00,0.000000000000000000e+00
1.949576097725224777e+00,0.000000000000000000e+00,0.000000000000000000e+00
1.965260727886954495e+00,0.000000000000000000e+00,0.000000000000000000e+00
1.987914350045030476e+00,0.000000000000000000e+00,0.000000000000000000e+00
1.997782795491084507e+00,0.000000000000000000e+00,0.000000000000000000e+00
1.999475654877990172e+00,0.000000000000000000e+00,0.000000000000000000e+00
1.994412136338469477e+00,0.000000000000000000e+00,0.000000000000000000e+00
1.977646917043766939e+00,0.000000000000000000e+00,0.000000000000000000e+00
1.946326038606803754e+00,0.000000000000000000e+00,0.000000000000000000e+00
1.911319965560735801e+00,0.000000000000000000e+00,0.000000000000000000e+00
1.882091740843002903e+00,0.000000000000000000e+00,0.000000000000000000e+00
1.830176198208002480e+00,0.000000000000000000e+00,0.000000000000000000e+00
1.773556795820764309e+00,0.000000000000000000e+00,0.000000000000000000e+00
1.711188791286224697e+00,0.000000000000000000e+00,0.000000000000000000e+00
1.617022488164439942e+00,0.000000000000000000e+00,0.000000000000000000e+00
1.559509075985259230e+00,0.000000000000000000e+00,0.000000000000000000e+00
1.474684140173909475e+00,0.000000000000000000e+00,0.000000000000000000e+00
1.356632280415476677e+00,0.000000000000000000e+00,0.000000000000000000e+00
1.257652372411500297e+00,0.000000000000000000e+00,0.000000000000000000e+00
1.168545683829402826e+00,0.000000000000000000e+00,0.000000000000000000e+00
9.890663489099986716e-01,0.000000000000000000e+00,0.000000000000000000e+00
9.411031053463221330e-01,0.000000000000000000e+00,0.000000000000000000e+00
7.593725094821597299e-01,0.000000000000000000e+00,0.000000000000000000e+00
6.453016931853604587e-01,0.000000000000000000e+00,0.000000000000000000e+00
5.839866516774886440e-01,0.000000000000000000e+00,0.000000000000000000e+00
4.218384779504132376e-01,0.000000000000000000e+00,0.000000000000000000e+00
3.176482557589842548e-01,0.000000000000000000e+00,0.000000000000000000e+00
1.173782662665547177e-01,0.000000000000000000e+00,0.000000000000000000e+00
3.425125569195838771e-02,0.000000000000000000e+00,0.000000000000000000e+00
-1.778103852496490112e-01,0.000000000000000000e+00,0.000000000000000000e+00
-3.641175521035287521e-01,0.000000000000000000e+00,0.000000000000000000e+00
-3.751807640702164437e-01,0.000000000000000000e+00,0.000000000000000000e+00
-4.699034157937128642e-01,0.000000000000000000e+00,0.000000000000000000e+00
-6.267160694181231895e-01,0.000000000000000000e+00,0.000000000000000000e+00
-7.950935285816568276e-01,0.000000000000000000e+00,0.000000000000000000e+00
-8.895086141241470568e-01,0.000000000000000000e+00,0.000000000000000000e+00
-9.872168593898608124e-01,0.000000000000000000e+00,0.000000000000000000e+00
-1.096625383906723705e+00,0.000000000000000000e+00,0.000000000000000000e+00
-1.199324357270081132e+00,0.000000000000000000e+00,0.000000000000000000e+00
-1.340220002510924546e+00,0.000000000000000000e+00,0.000000000000000000e+00
-1.445066265698987218e+00,0.000000000000000000e+00,0.000000000000000000e+00
-1.530709245144306951e+00,0.000000000000000000e+00,0.000000000000000000e+00
-1.584994387635749291e+00,0.000000000000000000e+00,0.000000000000000000e+00
-1.659885927095947844e+00,0.000000000000000000e+00,0.000000000000000000e+00
-1.763914732312009015e+00,0.000000000000000000e+00,0.000000000000000000e+00
-1.786262372532234410e+00,0.000000000000000000e+00,0.000000000000000000e+00
-1.851281594031385147e+00,0.000000000000000000e+00,0.000000000000000000e+00
-1.906518082866994090e+00,0.000000000000000000e+00,0.000000000000000000e+00
-1.931507554438629759e+00,0.000000000000000000e+00,0.000000000000000000e+00
-1.961770008065657711e+00,0.000000000000000000e+00,0.000000000000000000e+00
-1.989582286395464417e+00,0.000000000000000000e+00,0.000000000000000000e+00
-1.998538304770802743e+00,0.000000000000000000e+00,0.000000000000000000e+00
-1.999765591756353489e+00,0.000000000000000000e+00,0.000000000000000000e+00
-1.994997331515309558e+00,0.000000000000000000e+00,0.000000000000000000e+00
-1.981277172336191716e+00,0.000000000000000000e+00,0.000000000000000000e+00
-1.957592196015086605e+00,0.000000000000000000e+00,0.000000000000000000e+00
-1.919266928029543795e+00,0.000000000000000000e+00,0.000000000000000000e+00
-1.876939295284348219e+00,0.000000000000000000e+00,0.000000000000000000e+00
-1.838958870098418519e+00,0.000000000000000000e+00,0.000000000000000000e+00
-1.729704637397071032e+00,0.000000000000000000e+00,0.000000000000000000e+00
-1.647752351747264088e+00,0.000000000000000000e+00,0.000000000000000000e+00
-1.609396906881659373e+00,0.000000000000000000e+00,0.000000000000000000e+00
-1.568911813012344725e+00,0.000000000000000000e+00,0.000000000000000000e+00
-1.457357938312895396e+00,0.000000000000000000e+00,0.000000000000000000e+00
-1.290429736637550340e+00,0.000000000000000000e+00,0.000000000000000000e+00
-1.282956362538703710e+00,0.000000000000000000e+00,0.000000000000000000e+00
-1.175469164728745408e+00,0.000000000000000000e+00,0.000000000000000000e+00
-1.068069267506908337e+00,0.000000000000000000e+00,0.000000000000000000e+00
-9.078301855840544832e-01,0.000000000000000000e+00,0.000000000000000000e+00
-8.278502044688286210e-01,0.000000000000000000e+00,0.000000000000000000e+00
-7.088605941913294073e-01,0.000000000000000000e+00,0.000000000000000000e+00
-5.696861829047342729e-01,0.000000000000000000e+00,0.000000000000000000e+00
-4.582688426951455618e-01,0.000000000000000000e+00,0.000000000000000000e+00
-2.920826325181495320e-01,0.000000000000000000e+00,0.000000000000000000e+00
-1.300676297883535670e-01,0.000000000000000000e+00,0.000000000000000000e+00
-3.122786033033198017e-02,0.000000000000000000e+00,0.000000000000000000e+00
6.767590910622110767e-02,0.000000000000000000e+00,0.000000000000000000e+00
2.430954201354570410e-01,0.000000000000000000e+00,0.000000000000000000e+00
3.526397993079573578e-01,0.000000000000000000e+00,0.000000000000000000e+00
5.558756350735498675e-01,0.000000000000000000e+00,0.000000000000000000e+00
6.115228106243044692e-01,0.000000000000000000e+00,0.000000000000000000e+00
7.245702886109358642e-01,0.000000000000000000e+00,0.000000000000000000e+00
8.508131792396861348e-01,0.000000000000000000e+00,0.000000000000000000e+00
9.548077552662207479e-01,0.000000000000000000e+00,0.000000000000000000e+00
1.074591289535150151e+00,0.000000000000000000e+00,0.000000000000000000e+00
1.183160563281664635e+00,0.000000000000000000e+00,0.000000000000000000e+00
1.312795482915164680e+00,0.000000000000000000e+00,0.000000000000000000e+00
1.385606114734125649e+00,0.000000000000000000e+00,0.000000000000000000e+00
1.481439018924050055e+00,0.000000000000000000e+00,0.000000000000000000e+00
1.603016657698824066e+00,0.000000000000000000e+00,0.000000000000000000e+00
1.676797660424996117e+00,0.000000000000000000e+00,0.000000000000000000e+00
1.726422472926252283e+00,0.000000000000000000e+00,0.000000000000000000e+00
1.778095139376528744e+00,0.000000000000000000e+00,0.000000000000000000e+00
1.847058633123488391e+00,0.000000000000000000e+00,0.000000000000000000e+00
1.924952659648944131e+00,0.000000000000000000e+00,0.000000000000000000e+00
1.945234991742622377e+00,0.000000000000000000e+00,0.000000000000000000e+00
1.958508846388897551e+00,0.000000000000000000e+00,0.000000000000000000e+00
1.984867932858030093e+00,0.000000000000000000e+00,0.000000000000000000e+00
1.994577179513252307e+00,0.000000000000000000e+00,0.000000000000000000e+00
1.999947883269965310e+00,0.000000000000000000e+00,0.000000000000000000e+00
1.995918044515225143e+00,0.000000000000000000e+00,0.000000000000000000e+00
1.981466029151253583e+00,0.000000000000000000e+00,0.000000000000000000e+00
1.962276849039246596e+00,0.000000000000000000e+00,0.000000000000000000e+00
1.929582281878273742e+00,0.000000000000000000e+00,0.000000000000000000e+00
1.893165179587444458e+00,0.000000000000000000e+00,0.000000000000000000e+00
1.829065990217156434e+00,0.000000000000000000e+00,0.000000000000000000e+00
1.786333245285411042e+00,0.000000000000000000e+00,0.000000000000000000e+00
1.717411610497253438e+00,0.000000000000000000e+00,0.000000000000000000e+00
1.618136697082596331e+00,0.000000000000000000e+00,0.000000000000000000e+00
1.580111393582299462e+00,0.000000000000000000e+00,0.000000000000000000e+00
1.494897335476800704e+00,0.000000000000000000e+00,0.000000000000000000e+00
1.370930587720406102e+00,0.000000000000000000e+00,0.000000000000000000e+00
1.298565409814747218e+00,0.000000000000000000e+00,0.000000000000000000e+00
1.201936830655000232e+00,0.000000000000000000e+00,0.000000000000000000e+00
1.094459352752885861e+00,0.000000000000000000e+00,0.000000000000000000e+00
9.663089742317501063e-01,0.000000000000000000e+00,0.000000000000000000e+00
8.596121128124469823e-01,0.000000000000000000e+00,0.000000000000000000e+00
7.192175793897979119e-01,0.000000000000000000e+00,0.000000000000000000e+00
6.083626259029504268e-01,0.000000000000000000e+00,0.000000000000000000e+00
4.744399062238252585e-01,0.000000000000000000e+00,0.000000000000000000e+00
3.488856844827148418e-01,0.000000000000000000e+00,0.000000000000000000e+00
1.934592755657644214e-01,0.000000000000000000e+00,0.000000000000000000e+00
3.613882547633050571e-03,0.000000000000000000e+00,0.000000000000000000e+00
-4.937868553395281801e-02,0.000000000000000000e+00,0.000000000000000000e+00
-1.840468834567368928e-01,0.000000000000000000e+00,0.000000000000000000e+00
-3.210042727051321543e-01,0.000000000000000000e+00,0.000000000000000000e+00
-4.494364307203122522e-01,0.000000000000000000e+00,0.000000000000000000e+00
-6.321178274711068967e-01,0.000000000000000000e+00,0.000000000000000000e+00
-6.958089703687100336e-01,0.000000000000000000e+00,0.000000000000000000e+00
-8.283367234923267874e-01,0.000000000000000000e+00,0.000000000000000000e+00
-9.361765007900362257e-01,0.000000000000000000e+00,0.000000000000000000e+00
-1.078150180967962113e+00,0.000000000000000000e+00,0.000000000000000000e+00
-1.196053433761464557e+00,0.000000000000000000e+00,0.000000000000000000e+00
-1.291321660770627489e+00,0.000000000000000000e+00,0.000000000000000000e+00
-1.376641044652692436e+00,0.000000000000000000e+00,0.000000000000000000e+00
-1.465511982348608910e+00,0.000000000000000000e+00,0.000000000000000000e+00
-1.570681292907777582e+00,0.000000000000000000e+00,0.000000000000000000e+00
-1.668062589839754750e+00,0.000000000000000000e+00,0.000000000000000000e+00
-1.751082370482270889e+00,0.000000000000000000e+00,0.000000000000000000e+00
-1.793661896292714220e+00,0.000000000000000000e+00,0.000000000000000000e+00
-1.858834353918426219e+00,0.000000000000000000e+00,0.000000000000000000e+00
-1.880847750384700312e+00,0.000000000000000000e+00,0.000000000000000000e+00
-1.952279100057876304e+00,0.000000000000000000e+00,0.000000000000000000e+00
-1.954408564026755002e+00,0.000000000000000000e+00,0.000000000000000000e+00
-1.981535281342792443e+00,0.000000000000000000e+00,0.000000000000000000e+00
-1.993335920284317941e+00,0.000000000000000000e+00,0.000000000000000000e+00
-1.998449338602720005e+00,0.000000000000000000e+00,0.000000000000000000e+00
-1.996154661287824927e+00,0.000000000000000000e+00,0.000000000000000000e+00
-1.986340395782220769e+00,0.000000000000000000e+00,0.000000000000000000e+00
-1.950524181243479704e+00,0.000000000000000000e+00,0.000000000000000000e+00
-1.934889696978618234e+00,0.000000000000000000e+00,0.000000000000000000e+00
-1.878080477490540190e+00,0.000000000000000000e+00,0.000000000000000000e+00
-1.843877943412479015e+00,0.000000000000000000e+00,0.000000000000000000e+00
-1.793707955644776808e+00,0.000000000000000000e+00,0.000000000000000000e+00
-1.731422620882070218e+00,0.000000000000000000e+00,0.000000000000000000e+00
-1.649260347139993144e+00,0.000000000000000000e+00,0.000000000000000000e+00
-1.561625853789021079e+00,0.000000000000000000e+00,0.000000000000000000e+00
-1.483772018623816580e+00,0.000000000000000000e+00,0.000000000000000000e+00
-1.367898282526164744e+00,0.000000000000000000e+00,0.000000000000000000e+00
-1.297841629036949440e+00,0.000000000000000000e+00,0.000000000000000000e+00
-1.135491527298942094e+00,0.000000000000000000e+00,0.000000000000000000e+00
-1.094730981994301855e+00,0.000000000000000000e+00,0.000000000000000000e+00
-9.729286694923119372e-01,0.000000000000000000e+00,0.000000000000000000e+00
-7.784431045691366791e-01,0.000000000000000000e+00,0.000000000000000000e+00
-6.949203203001396156e-01,0.000000000000000000e+00,0.000000000000000000e+00
-5.203114424519235115e-01,0.000000000000000000e+00,0.000000000000000000e+00
-4.797340324762224828e-01,0.000000000000000000e+00,0.000000000000000000e+00
-3.429514772385951482e-01,0.000000000000000000e+00,0.000000000000000000e+00
-2.183669636645572953e-01,0.000000000000000000e+00,0.000000000000000000e+00
-8.847948090770499374e-02,0.000000000000000000e+00,0.000000000000000000e+00
8.663922369849809402e-02,0.000000000000000000e+00,0.000000000000000000e+00
2.134363642290732221e-01,0.000000000000000000e+00,0.000000000000000000e+00
3.048716242288980194e-01,0.000000000000000000e+00,0.000000000000000000e+00
4.210101135761685764e-01,0.000000000000000000e+00,0.000000000000000000e+00
5.745405279706483626e-01,0.000000000000000000e+00,0.000000000000000000e+00
6.788696413268828778e-01,0.000000000000000000e+00,0.000000000000000000e+00
8.137052647325870858e-01,0.000000000000000000e+00,0.000000000000000000e+00
9.711513122715685897e-01,0.000000000000000000e+00,0.000000000000000000e+00
1.074082398834806718e+00,0.000000000000000000e+00,0.000000000000000000e+00
1.159974472189962968e+00,0.000000000000000000e+00,0.000000000000000000e+00
1.272272013410786995e+00,0.000000000000000000e+00,0.000000000000000000e+00
1.386071193735745943e+00,0.000000000000000000e+00,0.000000000000000000e+00
1.493784190296776337e+00,0.000000000000000000e+00,0.000000000000000000e+00
1.543810604626971505e+00,0.000000000000000000e+00,0.000000000000000000e+00
1.629160874444151252e+00,0.000000000000000000e+00,0.000000000000000000e+00
1.700736904864188492e+00,0.000000000000000000e+00,0.000000000000000000e+00
1.784987025478406597e+00,0.000000000000000000e+00,0.000000000000000000e+00
1.828589173147009195e+00,0.000000000000000000e+00,0.000000000000000000e+00
1.879668767698176257e+00,0.000000000000000000e+00,0.000000000000000000e+00
1.916665917887752979e+00,0.000000000000000000e+00,0.000000000000000000e+00
1.952717262994158265e+00,0.000000000000000000e+00,0.000000000000000000e+00
1.976067967510569678e+00,0.000000000000000000e+00,0.000000000000000000e+00
1.992436751879048895e+00,0.000000000000000000e+00,0.000000000000000000e+00
1.999999848449683704e+00,0.000000000000000000e+00,0.000000000000000000e+00
1.998090820139176937e+00,0.000000000000000000e+00,0.000000000000000000e+00
1.987583474537883088e+00,0.000000000000000000e+00,0.000000000000000000e+00
1.950930497518324591e+00,0.000000000000000000e+00,0.000000000000000000e+00
1.940509361792370102e+00,0.000000000000000000e+00,0.000000000000000000e+00
1.903607208643760318e+00,0.000000000000000000e+00,0.000000000000000000e+00
1.848388014027741555e+00,0.000000000000000000e+00,0.000000000000000000e+00
1.806091541859906613e+00,0.000000000000000000e+00,0.000000000000000000e+00
1.747082131981344766e+00,0.000000000000000000e+00,0.000000000000000000e+00
1.670148710905108747e+00,0.000000000000000000e+00,0.000000000000000000e+00
1.572052678084761013e+00,0.000000000000000000e+00,0.000000000000000000e+00
1.433572513738566645e+00,0.000000000000000000e+00,0.000000000000000000e+00
1.424878064793380306e+00,0.000000000000000000e+00,0.000000000000000000e+00
1.272892818871727227e+00,0.000000000000000000e+00,0.000000000000000000e+00
1.228163550132269410e+00,0.000000000000000000e+00,0.000000000000000000e+00
1.111010076362844989e+00,0.000000000000000000e+00,0.000000000000000000e+00
1.009447310397975306e+00,0.000000000000000000e+00,0.000000000000000000e+00
8.846074233770734319e-01,0.000000000000000000e+00,0.000000000000000000e+00
7.670788278298450447e-01,0.000000000000000000e+00,0.000000000000000000e+00
4.515070837880645893e-01,0.000000000000000000e+00,0.000000000000000000e+00
3.907411205742565286e-01,0.000000000000000000e+00,0.000000000000000000e+00
2.820481222657960085e-01,0.000000000000000000e+00,0.000000000000000000e+00
2.307036891865529293e-01,0.000000000000000000e+00,0.000000000000000000e+00
1.230616614828568545e-01,0.000000000000000000e+00,0.000000000000000000e+00
-8.735565350878486679e-03,0.000000000000000000e+00,0.000000000000000000e+00
-1.654068026870449959e-01,0.000000000000000000e+00,0.000000000000000000e+00
-3.727446907679136667e-01,0.000000000000000000e+00,0.000000000000000000e+00
-4.608294585970673651e-01,0.000000000000000000e+00,0.000000000000000000e+00
-5.964246659428535935e-01,0.000000000000000000e+00,0.000000000000000000e+00
-6.961132812239683165e-01,0.000000000000000000e+00,0.000000000000000000e+00
-8.050957589611410503e-01,0.000000000000000000e+00,0.000000000000000000e+00
-9.304657179859076033e-01,0.000000000000000000e+00,0.000000000000000000e+00
-1.037517943850366997e+00,0.000000000000000000e+00,0.000000000000000000e+00
-1.136763928238702093e+00,0.000000000000000000e+00,0.000000000000000000e+00
-1.293539539857754272e+00,0.000000000000000000e+00,0.000000000000000000e+00
-1.380200611959994772e+00,0.000000000000000000e+00,0.000000000000000000e+00
-1.447902029576240368e+00,0.000000000000000000e+00,0.000000000000000000e+00
-1.556813911172784115e+00,0.000000000000000000e+00,0.000000000000000000e+00
-1.616737415389423838e+00,0.000000000000000000e+00,0.000000000000000000e+00
-1.719602305636826589e+00,0.000000000000000000e+00,0.000000000000000000e+00
-1.797445787056479505e+00,0.000000000000000000e+00,0.000000000000000000e+00
-1.858774648120798068e+00,0.000000000000000000e+00,0.000000000000000000e+00
-1.878675917361228853e+00,0.000000000000000000e+00,0.000000000000000000e+00
-1.937545952405264060e+00,0.000000000000000000e+00,0.000000000000000000e+00
-1.948593280678763140e+00,0.000000000000000000e+00,0.000000000000000000e+00
-1.973207061913102356e+00,0.000000000000000000e+00,0.000000000000000000e+00
-1.990376620633026450e+00,0.000000000000000000e+00,0.000000000000000000e+00
-1.999996338839441723e+00,0.000000000000000000e+00,0.000000000000000000e+00
-1.998651693258255202e+00,0.000000000000000000e+00,0.000000000000000000e+00
-1.986886696653594520e+00,0.000000000000000000e+00,0.000000000000000000e+00
-1.956897337660884473e+00,0.000000000000000000e+00,0.000000000000000000e+00
-1.916771347870308562e+00,0.000000000000000000e+00,0.000000000000000000e+00
-1.886612685863398253e+00,0.000000000000000000e+00,0.000000000000000000e+00
-1.833162280458497939e+00,0.000000000000000000e+00,0.000000000000000000e+00
-1.786923852330899898e+00,0.000000000000000000e+00,0.000000000000000000e+00
-1.751035748270255210e+00,0.000000000000000000e+00,0.000000000000000000e+00
-1.651053418776200710e+00,0.000000000000000000e+00,0.000000000000000000e+00
-1.568242217324910648e+00,0.000000000000000000e+00,0.000000000000000000e+00
-1.486086983788639904e+00,0.000000000000000000e+00,0.000000000000000000e+00
-1.413321152175109896e+00,0.000000000000000000e+00,0.000000000000000000e+00
-1.324429061049516854e+00,0.000000000000000000e+00,0.000000000000000000e+00
-1.166180443697309554e+00,0.000000000000000000e+00,0.000000000000000000e+00
-1.051533457035493724e+00,0.000000000000000000e+00,0.000000000000000000e+00
-1.010566210120259933e+00,0.000000000000000000e+00,0.000000000000000000e+00
-9.003138391652955042e-01,0.000000000000000000e+00,0.000000000000000000e+00
-7.051559481848125310e-01,0.000000000000000000e+00,0.000000000000000000e+00
-6.573036808722784174e-01,0.000000000000000000e+00,0.000000000000000000e+00
-5.344052252915189039e-01,0.000000000000000000e+00,0.000000000000000000e+00
-3.089334017976994029e-01,0.000000000000000000e+00,0.000000000000000000e+00
-2.237256561956661172e-01,0.000000000000000000e+00,0.000000000000000000e+00
-3.025262027439679091e-02,0.000000000000000000e+00,0.000000000000000000e+00
1.001193227231276378e-01,0.000000000000000000e+00,0.000000000000000000e+00
3.188758312193437083e-01,0.000000000000000000e+00,0.000000000000000000e+00
3.357032466210219668e-01,0.000000000000000000e+00,0.000000000000000000e+00
3.911204232199939068e-01,0.000000000000000000e+00,0.000000000000000000e+00
5.321654803575204262e-01,0.000000000000000000e+00,0.000000000000000000e+00
7.325225342016605801e-01,0.000000000000000000e+00,0.000000000000000000e+00
7.986399554722576344e-01,0.000000000000000000e+00,0.000000000000000000e+00
8.980855947251097371e-01,0.000000000000000000e+00,0.000000000000000000e+00
1.078846536928697475e+00,0.000000000000000000e+00,0.000000000000000000e+00
1.128975137137324669e+00,0.000000000000000000e+00,0.000000000000000000e+00
1.292727399443222014e+00,0.000000000000000000e+00,0.000000000000000000e+00
1.356875987810175932e+00,0.000000000000000000e+00,0.000000000000000000e+00
1.501062113194278735e+00,0.000000000000000000e+00,0.000000000000000000e+00
1.527218776217643459e+00,0.000000000000000000e+00,0.000000000000000000e+00
1.645624426918246730e+00,0.000000000000000000e+00,0.000000000000000000e+00
1.702181702594543600e+00,0.000000000000000000e+00,0.000000000000000000e+00
1.770400579511481221e+00,0.000000000000000000e+00,0.000000000000000000e+00
1.813810037684332466e+00,0.000000000000000000e+00,0.000000000000000000e+00
1.884577758897285626e+00,0.000000000000000000e+00,0.000000000000000000e+00
1.909000505457346675e+00,0.000000000000000000e+00,0.000000000000000000e+00
1.943535184408362149e+00,0.000000000000000000e+00,0.000000000000000000e+00
1.971554797378281654e+00,0.000000000000000000e+00,0.000000000000000000e+00
1.993699921575323941e+00,0.000000000000000000e+00,0.000000000000000000e+00
1.998936933574302577e+00,0.000000000000000000e+00,0.000000000000000000e+00
1.998621708997388779e+00,0.000000000000000000e+00,0.000000000000000000e+00
1.989064245150192534e+00,0.000000000000000000e+00,0.000000000000000000e+00
1.960576875879250558e+00,0.000000000000000000e+00,0.000000000000000000e+00
1.947189851861396814e+00,0.000000000000000000e+00,0.000000000000000000e+00
1.909073604861168283e+00,0.000000000000000000e+00,0.000000000000000000e+00
1.859569021750770546e+00,0.000000000000000000e+00,0.000000000000000000e+00
1.815925112980047329e+00,0.000000000000000000e+00,0.000000000000000000e+00
1.758066322809157755e+00,0.000000000000000000e+00,0.000000000000000000e+00
1.682820715851538917e+00,0.000000000000000000e+00,0.000000000000000000e+00
1.609938338068516606e+00,0.000000000000000000e+00,0.000000000000000000e+00
1.536519975188952447e+00,0.000000000000000000e+00,0.000000000000000000e+00
1.445473327804928543e+00,0.000000000000000000e+00,0.000000000000000000e+00
1.348212539561315371e+00,0.000000000000000000e+00,0.000000000000000000e+00
1.240512939992796770e+00,0.000000000000000000e+00,0.000000000000000000e+00
1.141683893004446837e+00,0.000000000000000000e+00,0.000000000000000000e+00
9.948960981227207290e-01,0.000000000000000000e+00,0.000000000000000000e+00
8.528760878602836826e-01,0.000000000000000000e+00,0.000000000000000000e+00
7.186705118392801017e-01,0.000000000000000000e+00,0.000000000000000000e+00
6.723075704411362041e-01,0.000000000000000000e+00,0.000000000000000000e+00
5.032355989744587976e-01,0.000000000000000000e+00,0.000000000000000000e+00
3.206504604807955960e-01,0.000000000000000000e+00,0.000000000000000000e+00
2.648860982520397922e-01,0.000000000000000000e+00,0.000000000000000000e+00
9.261413381836207381e-02,0.000000000000000000e+00,0.000000000000000000e+00
1.305446853363545663e-02,0.000000000000000000e+00,0.000000000000000000e+00
-1.267273124892608904e-01,0.000000000000000000e+00,0.000000000000000000e+00
-2.975310546948573553e-01,0.000000000000000000e+00,0.000000000000000000e+00
-3.783896421413862066e-01,0.000000000000000000e+00,0.000000000000000000e+00
-5.131110981893094447e-01,0.000000000000000000e+00,0.000000000000000000e+00
-6.445935054686261489e-01,0.000000000000000000e+00,0.000000000000000000e+00
-7.621397448287507981e-01,0.000000000000000000e+00,0.000000000000000000e+00
-8.961726586716192156e-01,0.000000000000000000e+00,0.000000000000000000e+00
-1.012454265621991256e+00,0.000000000000000000e+00,0.000000000000000000e+00
-1.132473822173455602e+00,0.000000000000000000e+00,0.000000000000000000e+00
-1.225777080510839445e+00,0.000000000000000000e+00,0.000000000000000000e+00
-1.320560034637856317e+00,0.000000000000000000e+00,0.000000000000000000e+00
-1.504539302335620388e+00,0.000000000000000000e+00,0.000000000000000000e+00
-1.526330900063814777e+00,0.000000000000000000e+00,0.000000000000000000e+00
-1.603424554342316011e+00,0.000000000000000000e+00,0.000000000000000000e+00
-1.682230683664174942e+00,0.000000000000000000e+00,0.000000000000000000e+00
-1.750923722803452209e+00,0.000000000000000000e+00,0.000000000000000000e+00
-1.846511137764498711e+00,0.000000000000000000e+00,0.000000000000000000e+00
-1.876207450321845105e+00,0.000000000000000000e+00,0.000000000000000000e+00
-1.901799335927276458e+00,0.000000000000000000e+00,0.000000000000000000e+00
-1.960352077263743720e+00,0.000000000000000000e+00,0.000000000000000000e+00
-1.982273372587287863e+00,0.000000000000000000e+00,0.000000000000000000e+00
-1.989960368132813961e+00,0.000000000000000000e+00,0.000000000000000000e+00
-1.998612617643959588e+00,0.000000000000000000e+00,0.000000000000000000e+00
-1.999651871724463792e+00,0.000000000000000000e+00,0.000000000000000000e+00
-1.992437892814908018e+00,0.000000000000000000e+00,0.000000000000000000e+00
-1.977027363513283786e+00,0.000000000000000000e+00,0.000000000000000000e+00
-1.952205442965532889e+00,0.000000000000000000e+00,0.000000000000000000e+00
-1.917995481543008252e+00,0.000000000000000000e+00,0.000000000000000000e+00
-1.876829231995505554e+00,0.000000000000000000e+00,0.000000000000000000e+00
-1.823772292448730514e+00,0.000000000000000000e+00,0.000000000000000000e+00
-1.768299977605913842e+00,0.000000000000000000e+00,0.000000000000000000e+00
-1.681513205075727768e+00,0.000000000000000000e+00,0.000000000000000000e+00
-1.625543369373520841e+00,0.000000000000000000e+00,0.000000000000000000e+00
-1.526630191818616700e+00,0.000000000000000000e+00,0.000000000000000000e+00
-1.453602802076432887e+00,0.000000000000000000e+00,0.000000000000000000e+00
-1.281103668488870806e+00,0.000000000000000000e+00,0.000000000000000000e+00
-1.204930028688771193e+00,0.000000000000000000e+00,0.000000000000000000e+00
-1.161380800294532278e+00,0.000000000000000000e+00,0.000000000000000000e+00
-1.038844217880775966e+00,0.000000000000000000e+00,0.000000000000000000e+00
-9.323629730592933873e-01,0.000000000000000000e+00,0.000000000000000000e+00
-8.057609987710023791e-01,0.000000000000000000e+00,0.000000000000000000e+00
-6.876611790874329611e-01,0.000000000000000000e+00,0.000000000000000000e+00
-5.009797601986835103e-01,0.000000000000000000e+00,0.000000000000000000e+00
-4.100739646421019957e-01,0.000000000000000000e+00,0.000000000000000000e+00
-2.938532754074188458e-01,0.000000000000000000e+00,0.000000000000000000e+00
-1.323951939226274688e-01,0.000000000000000000e+00,0.000000000000000000e+00
-3.473966928396536591e-02,0.000000000000000000e+00,0.000000000000000000e+00
1.063902877407572334e-01,0.000000000000000000e+00,0.000000000000000000e+00
2.857901213965589049e-01,0.000000000000000000e+00,0.000000000000000000e+00
3.573485006828406862e-01,0.000000000000000000e+00,0.000000000000000000e+00
4.997895403948873772e-01,0.000000000000000000e+00,0.000000000000000000e+00
6.327361406968624591e-01,0.000000000000000000e+00,0.000000000000000000e+00
7.455858975783031806e-01,0.000000000000000000e+00,0.000000000000000000e+00
8.827825022939177479e-01,0.000000000000000000e+00,0.000000000000000000e+00
9.966273890141819081e-01,0.000000000000000000e+00,0.000000000000000000e+00
1.113208799349798772e+00,0.000000000000000000e+00,0.000000000000000000e+00
1.227186271271378804e+00,0.000000000000000000e+00,0.000000000000000000e+00
1.371793142409528876e+00,0.000000000000000000e+00,0.000000000000000000e+00
1.423074610620202352e+00,0.000000000000000000e+00,0.000000000000000000e+00
1.499149312349038254e+00,0.000000000000000000e+00,0.000000000000000000e+00
1.597599248651793147e+00,0.000000000000000000e+00,0.000000000000000000e+00
1.669838008730667234e+00,0.000000000000000000e+00,0.000000000000000000e+00
1.737581824874638414e+00,0.000000000000000000e+00,0.000000000000000000e+00
1.797116556338613114e+00,0.000000000000000000e+00,0.000000000000000000e+00
1.851218717338891429e+00,0.000000000000000000e+00,0.000000000000000000e+00
1.901032730569119922e+00,0.000000000000000000e+00,0.000000000000000000e+00
1.940404943721706355e+00,0.000000000000000000e+00,0.000000000000000000e+00
1.965348712164687761e+00,0.000000000000000000e+00,0.000000000000000000e+00
1.986029797315479239e+00,0.000000000000000000e+00,0.000000000000000000e+00
1.996795791227243599e+00,0.000000000000000000e+00,0.000000000000000000e+00
1.999831827652874150e+00,0.000000000000000000e+00,0.000000000000000000e+00
1.993057377826558563e+00,0.000000000000000000e+00,0.000000000000000000e+00
1.978650168128835096e+00,0.000000000000000000e+00,0.000000000000000000e+00
1.955648874703067364e+00,0.000000000000000000e+00,0.000000000000000000e+00
1.919627352972267609e+00,0.000000000000000000e+00,0.000000000000000000e+00
1.882316987553083187e+00,0.000000000000000000e+00,0.000000000000000000e+00
1.813425598927899562e+00,0.000000000000000000e+00,0.000000000000000000e+00
1.761794129687306087e+00,0.000000000000000000e+00,0.000000000000000000e+00
1.706063767393465103e+00,0.000000000000000000e+00,0.000000000000000000e+00
1.596088141099872182e+00,0.000000000000000000e+00,0.000000000000000000e+00
1.557133793775774544e+00,0.000000000000000000e+00,0.000000000000000000e+00
1.473660384448042260e+00,0.000000000000000000e+00,0.000000000000000000e+00
1.367328780379092334e+00,0.000000000000000000e+00,0.000000000000000000e+00
1.269327169522202148e+00,0.000000000000000000e+00,0.000000000000000000e+00
1.163868080624880674e+00,0.000000000000000000e+00,0.000000000000000000e+00
1.065789074696635863e+00,0.000000000000000000e+00,0.000000000000000000e+00
8.758884163736248007e-01,0.000000000000000000e+00,0.000000000000000000e+00
8.162544740111393748e-01,0.000000000000000000e+00,0.000000000000000000e+00
6.993669086324065809e-01,0.000000000000000000e+00,0.000000000000000000e+00
5.784764713113565993e-01,0.000000000000000000e+00,0.000000000000000000e+00
4.470727178661570433e-01,0.000000000000000000e+00,0.000000000000000000e+00
3.043919465382813883e-01,0.000000000000000000e+00,0.000000000000000000e+00
1.592686762703016956e-01,0.000000000000000000e+00,0.000000000000000000e+00
8.529001740155268269e-03,0.000000000000000000e+00,0.000000000000000000e+00
-1.428889380542859855e-01,0.000000000000000000e+00,0.000000000000000000e+00
-2.132234062229335647e-01,0.000000000000000000e+00,0.000000000000000000e+00
-4.176312039240156482e-01,0.000000000000000000e+00,0.000000000000000000e+00
-4.809698454045432392e-01,0.000000000000000000e+00,0.000000000000000000e+00
-6.055149726053415948e-01,0.000000000000000000e+00,0.000000000000000000e+00
-7.564617640792665743e-01,0.000000000000000000e+00,0.000000000000000000e+00
-9.408993436034729374e-01,0.000000000000000000e+00,0.000000000000000000e+00
-1.065229240846041314e+00,0.000000000000000000e+00,0.000000000000000000e+00
-1.107649172802831483e+00,0.000000000000000000e+00,0.000000000000000000e+00
-1.193430201071802532e+00,0.000000000000000000e+00,0.000000000000000000e+00
-1.295338642684407571e+00,0.000000000000000000e+00,0.000000000000000000e+00
-1.404600250745877910e+00,0.000000000000000000e+00,0.000000000000000000e+00
-1.506059723735609923e+00,0.000000000000000000e+00,0.000000000000000000e+00
-1.668227837403680969e+00,0.000000000000000000e+00,0.000000000000000000e+00
-1.713675795133168034e+00,0.000000000000000000e+00,0.000000000000000000e+00
-1.775379000787494777e+00,0.000000000000000000e+00,0.000000000000000000e+00
-1.786899128511650892e+00,0.000000000000000000e+00,0.000000000000000000e+00
-1.846731396421559257e+00,0.000000000000000000e+00,0.000000000000000000e+00
-1.891245684247369496e+00,0.000000000000000000e+00,0.000000000000000000e+00
0.000000000000000000e+00,0.000000000000000000e+00,0.000000000000000000e+00
0.000000000000000000e+00,0.000000000000000000e+00,0.000000000000000000e+00
0.000000000000000000e+00,0.000000000000000000e+00,0.000000000000000000e+00
0.000000000000000000e+00,0.000000000000000000e+00,0.000000000000000000e+00
0.000000000000000000e+00,0.000000000000000000e+00,0.000000000000000000e+00
0.000000000000000000e+00,0.000000000000000000e+00,0.000000000000000000e+00
0.000000000000000000e+00,0.000000000000000000e+00,0.000000000000000000e+00
0.000000000000000000e+00,0.000000000000000000e+00,0.000000000000000000e+00
0.000000000000000000e+00,0.000000000000000000e+00,0.000000000000000000e+00
0.000000000000000000e+00,0.000000000000000000e+00,0.000000000000000000e+00
0.000000000000000000e+00,0.000000000000000000e+00,0.000000000000000000e+00
0.000000000000000000e+00,0.000000000000000000e+00,0.000000000000000000e+00
0.000000000000000000e+00,0.000000000000000000e+00,0.000000000000000000e+00
0.000000000000000000e+00,0.000000000000000000e+00,0.000000000000000000e+00
0.000000000000000000e+00,0.000000000000000000e+00,0.000000000000000000e+00
0.000000000000000000e+00,0.000000000000000000e+00,0.000000000000000000e+00
0.000000000000000000e+00,0.000000000000000000e+00,0.000000000000000000e+00
0.000000000000000000e+00,0.000000000000000000e+00,0.000000000000000000e+00
0.000000000000000000e+00,0.000000000000000000e+00,0.000000000000000000e+00
0.000000000000000000e+00,0.000000000000000000e+00,0.000000000000000000e+00
0.000000000000000000e+00,0.000000000000000000e+00,0.000000000000000000e+00
0.000000000000000000e+00,0.000000000000000000e+00,0.000000000000000000e+00
0.000000000000000000e+00,0.000000000000000000e+00,0.000000000000000000e+00
0.000000000000000000e+00,0.000000000000000000e+00,0.000000000000000000e+00
0.000000000000000000e+00,0.000000000000000000e+00,0.000000000000000000e+00
0.000000000000000000e+00,0.000000000000000000e+00,0.000000000000000000e+00
0.000000000000000000e+00,0.000000000000000000e+00,0.000000000000000000e+00
0.000000000000000000e+00,0.000000000000000000e+00,0.000000000000000000e+00
0.000000000000000000e+00,0.000000000000000000e+00,0.000000000000000000e+00
0.000000000000000000e+00,0.000000000000000000e+00,0.000000000000000000e+00
0.000000000000000000e+00,0.000000000000000000e+00,0.000000000000000000e+00
0.000000000000000000e+00,0.000000000000000000e+00,0.000000000000000000e+00
0.000000000000000000e+00,0.000000000000000000e+00,0.000000000000000000e+00
0.000000000000000000e+00,0.000000000000000000e+00,0.000000000000000000e+00
0.000000000000000000e+00,0.000000000000000000e+00,0.000000000000000000e+00
0.000000000000000000e+00,0.000000000000000000e+00,0.000000000000000000e+00
0.000000000000000000e+00,0.000000000000000000e+00,0.000000000000000000e+00
0.000000000000000000e+00,0.000000000000000000e+00,0.000000000000000000e+00
0.000000000000000000e+00,0.000000000000000000e+00,0.000000000000000000e+00
0.000000000000000000e+00,0.000000000000000000e+00,0.000000000000000000e+00
0.000000000000000000e+00,0.000000000000000000e+00,0.000000000000000000e+00
0.000000000000000000e+00,0.000000000000000000e+00,0.000000000000000000e+00
0.000000000000000000e+00,0.000000000000000000e+00,0.000000000000000000e+00
0.000000000000000000e+00,0.000000000000000000e+00,0.000000000000000000e+00
0.000000000000000000e+00,0.000000000000000000e+00,0.000000000000000000e+00
0.000000000000000000e+00,0.000000000000000000e+00,0.000000000000000000e+00
0.000000000000000000e+00,0.000000000000000000e+00,0.000000000000000000e+00
0.000000000000000000e+00,0.000000000000000000e+00,0.000000000000000000e+00
0.000000000000000000e+00,0.000000000000000000e+00,0.000000000000000000e+00
0.000000000000000000e+00,0.000000000000000000e+00,0.000000000000000000e+00
0.000000000000000000e+00,0.000000000000000000e+00,0.000000000000000000e+00
0.000000000000000000e+00,0.000000000000000000e+00,0.000000000000000000e+00
0.000000000000000000e+00,0.000000000000000000e+00,0.000000000000000000e+00
0.000000000000000000e+00,0.000000000000000000e+00,0.000000000000000000e+00
0.000000000000000000e+00,0.000000000000000000e+00,0.000000000000000000e+00
0.000000000000000000e+00,0.000000000000000000e+00,0.000000000000000000e+00
0.000000000000000000e+00,0.000000000000000000e+00,0.000000000000000000e+00
0.000000000000000000e+00,0.000000000000000000e+00,0.000000000000000000e+00
0.000000000000000000e+00,0.000000000000000000e+00,0.000000000000000000e+00
0.000000000000000000e+00,0.000000000000000000e+00,0.000000000000000000e+00
0.000000000000000000e+00,0.000000000000000000e+00,0.000000000000000000e+00
0.000000000000000000e+00,0.000000000000000000e+00,0.000000000000000000e+00
0.000000000000000000e+00,0.000000000000000000e+00,0.000000000000000000e+00
0.000000000000000000e+00,0.000000000000000000e+00,0.000000000000000000e+00
0.000000000000000000e+00,0.000000000000000000e+00,0.000000000000000000e+00
0.000000000000000000e+00,0.000000000000000000e+00,0.000000000000000000e+00
0.000000000000000000e+00,0.000000000000000000e+00,0.000000000000000000e+00
0.000000000000000000e+00,0.000000000000000000e+00,0.000000000000000000e+00
0.000000000000000000e+00,0.000000000000000000e+00,0.000000000000000000e+00
0.000000000000000000e+00,0.000000000000000000e+00,0.000000000000000000e+00
0.000000000000000000e+00,0.000000000000000000e+00,0.000000000000000000e+00
0.000000000000000000e+00,0.000000000000000000e+00,0.000000000000000000e+00
0.000000000000000000e+00,0.000000000000000000e+00,0.000000000000000000e+00
0.000000000000000000e+00,0.000000000000000000e+00,0.000000000000000000e+00
0.000000000000000000e+00,0.000000000000000000e+00,0.000000000000000000e+00
0.000000000000000000e+00,0.000000000000000000e+00,0.000000000000000000e+00
0.000000000000000000e+00,0.000000000000000000e+00,0.000000000000000000e+00
0.000000000000000000e+00,0.000000000000000000e+00,0.000000000000000000e+00
0.000000000000000000e+00,0.000000000000000000e+00,0.000000000000000000e+00
0.000000000000000000e+00,0.000000000000000000e+00,0.000000000000000000e+00
0.000000000000000000e+00,0.000000000000000000e+00,0.000000000000000000e+00
0.000000000000000000e+00,0.000000000000000000e+00,0.000000000000000000e+00
0.000000000000000000e+00,0.000000000000000000e+00,0.000000000000000000e+00
0.000000000000000000e+00,0.000000000000000000e+00,0.000000000000000000e+00
0.000000000000000000e+00,0.000000000000000000e+00,0.000000000000000000e+00
0.000000000000000000e+00,0.000000000000000000e+00,0.000000000000000000e+00
0.000000000000000000e+00,0.000000000000000000e+00,0.000000000000000000e+00
0.000000000000000000e+00,0.000000000000000000e+00,0.000000000000000000e+00
0.000000000000000000e+00,0.000000000000000000e+00,0.000000000000000000e+00
0.000000000000000000e+00,0.000000000000000000e+00,0.000000000000000000e+00
0.000000000000000000e+00,0.000000000000000000e+00,0.000000000000000000e+00
0.000000000000000000e+00,0.000000000000000000e+00,0.000000000000000000e+00
0.000000000000000000e+00,0.000000000000000000e+00,0.000000000000000000e+00
0.000000000000000000e+00,0.000000000000000000e+00,0.000000000000000000e+00
0.000000000000000000e+00,0.000000000000000000e+00,0.000000000000000000e+00
0.000000000000000000e+00,0.000000000000000000e+00,0.000000000000000000e+00
0.000000000000000000e+00,0.000000000000000000e+00,0.000000000000000000e+00
0.000000000000000000e+00,0.000000000000000000e+00,0.000000000000000000e+00
0.000000000000000000e+00,0.000000000000000000e+00,0.000000000000000000e+00
0.000000000000000000e+00,0.000000000000000000e+00,0.000000000000000000e+00
0.000000000000000000e+00,0.000000000000000000e+00,0.000000000000000000e+00
0.000000000000000000e+00,0.000000000000000000e+00,0.000000000000000000e+00
0.000000000000000000e+00,0.000000000000000000e+00,0.000000000000000000e+00
0.000000000000000000e+00,0.000000000000000000e+00,0.000000000000000000e+00
0.000000000000000000e+00,0.000000000000000000e+00,0.000000000000000000e+00
0.000000000000000000e+00,0.000000000000000000e+00,0.000000000000000000e+00
0.000000000000000000e+00,0.000000000000000000e+00,0.000000000000000000e+00
0.000000000000000000e+00,0.000000000000000000e+00,0.000000000000000000e+00
0.000000000000000000e+00,0.000000000000000000e+00,0.000000000000000000e+00
0.000000000000000000e+00,0.000000000000000000e+00,0.000000000000000000e+00
0.000000000000000000e+00,0.000000000000000000e+00,0.000000000000000000e+00
0.000000000000000000e+00,0.000000000000000000e+00,0.000000000000000000e+00
0.000000000000000000e+00,0.000000000000000000e+00,0.000000000000000000e+00
0.000000000000000000e+00,0.000000000000000000e+00,0.000000000000000000e+00
0.000000000000000000e+00,0.000000000000000000e+00,0.000000000000000000e+00
0.000000000000000000e+00,0.000000000000000000e+00,0.000000000000000000e+00
0.000000000000000000e+00,0.000000000000000000e+00,0.000000000000000000e+00
0.000000000000000000e+00,0.000000000000000000e+00,0.000000000000000000e+00
0.000000000000000000e+00,0.000000000000000000e+00,0.000000000000000000e+00
0.000000000000000000e+00,0.000000000000000000e+00,0.000000000000000000e+00
0.000000000000000000e+00,0.000000000000000000e+00,0.000000000000000000e+00
0.000000000000000000e+00,0.000000000000000000e+00,0.000000000000000000e+00
0.000000000000000000e+00,0.000000000000000000e+00,0.000000000000000000e+00
0.000000000000000000e+00,0.000000000000000000e+00,0.000000000000000000e+00
0.000000000000000000e+00,0.000000000000000000e+00,0.000000000000000000e+00
0.000000000000000000e+00,0.000000000000000000e+00,0.000000000000000000e+00
0.000000000000000000e+00,0.000000000000000000e+00,0.000000000000000000e+00
0.000000000000000000e+00,0.000000000000000000e+00,0.000000000000000000e+00
0.000000000000000000e+00,0.000000000000000000e+00,0.000000000000000000e+00
0.000000000000000000e+00,0.000000000000000000e+00,0.000000000000000000e+00
0.000000000000000000e+00,0.000000000000000000e+00,0.000000000000000000e+00
0.000000000000000000e+00,0.000000000000000000e+00,0.000000000000000000e+00
0.000000000000000000e+00,0.000000000000000000e+00,0.000000000000000000e+00
0.000000000000000000e+00,0.000000000000000000e+00,0.000000000000000000e+00
0.000000000000000000e+00,0.000000000000000000e+00,0.000000000000000000e+00
0.000000000000000000e+00,0.000000000000000000e+00,0.000000000000000000e+00
0.000000000000000000e+00,0.000000000000000000e+00,0.000000000000000000e+00
0.000000000000000000e+00,0.000000000000000000e+00,0.000000000000000000e+00
0.000000000000000000e+00,0.000000000000000000e+00,0.000000000000000000e+00
0.000000000000000000e+00,0.000000000000000000e+00,0.000000000000000000e+00
0.000000000000000000e+00,0.000000000000000000e+00,0.000000000000000000e+00
0.000000000000000000e+00,0.000000000000000000e+00,0.000000000000000000e+00
0.000000000000000000e+00,0.000000000000000000e+00,0.000000000000000000e+00
0.000000000000000000e+00,0.000000000000000000e+00,0.000000000000000000e+00
0.000000000000000000e+00,0.000000000000000000e+00,0.000000000000000000e+00
0.000000000000000000e+00,0.000000000000000000e+00,0.000000000000000000e+00
0.000000000000000000e+00,0.000000000000000000e+00,0.000000000000000000e+00
0.000000000000000000e+00,0.000000000000000000e+00,0.000000000000000000e+00
0.000000000000000000e+00,0.000000000000000000e+00,0.000000000000000000e+00
0.000000000000000000e+00,0.000000000000000000e+00,0.000000000000000000e+00
0.000000000000000000e+00,0.000000000000000000e+00,0.000000000000000000e+00
0.000000000000000000e+00,0.000000000000000000e+00,0.000000000000000000e+00
0.000000000000000000e+00,0.000000000000000000e+00,0.000000000000000000e+00
0.000000000000000000e+00,0.000000000000000000e+00,0.000000000000000000e+00
0.000000000000000000e+00,0.000000000000000000e+00,0.000000000000000000e+00
0.000000000000000000e+00,0.000000000000000000e+00,0.000000000000000000e+00
0.000000000000000000e+00,0.000000000000000000e+00,0.000000000000000000e+00
0.000000000000000000e+00,0.000000000000000000e+00,0.000000000000000000e+00
0.000000000000000000e+00,0.000000000000000000e+00,0.000000000000000000e+00
0.000000000000000000e+00,0.000000000000000000e+00,0.000000000000000000e+00
0.000000000000000000e+00,0.000000000000000000e+00,0.000000000000000000e+00
0.000000000000000000e+00,0.000000000000000000e+00,0.000000000000000000e+00
0.000000000000000000e+00,0.000000000000000000e+00,0.000000000000000000e+00
0.000000000000000000e+00,0.000000000000000000e+00,0.000000000000000000e+00
0.000000000000000000e+00,0.000000000000000000e+00,0.000000000000000000e+00
0.000000000000000000e+00,0.000000000000000000e+00,0.000000000000000000e+00
