-4.313028376463178826e-01,-9.022072169065341596e-01,1.000000000000000000e+00
-3.951380789809685878e-01,-9.186217385514180434e-01,1.000000000000000000e+00
-3.420652928227171374e-01,-9.396761864845297740e-01,1.000000000000000000e+00
-3.080211948251296294e-01,-9.513794950168410480e-01,1.000000000000000000e+00
-2.725921837738565778e-01,-9.621296697147427857e-01,1.000000000000000000e+00
-2.202526935859287494e-01,-9.754428486426782730e-01,1.000000000000000000e+00
-1.697538090632353114e-01,-9.854865013324751732e-01,1.000000000000000000e+00
-1.242119315889493314e-01,-9.922557110195648900e-01,1.000000000000000000e+00
-8.124845301809575926e-02,-9.966938792237897138e-01,1.000000000000000000e+00
-2.717606449876225003e-02,-9.996306625541050428e-01,1.000000000000000000e+00
2.381197895387245078e-02,-9.997164546301617882e-01,1.000000000000000000e+00
6.195249617648296986e-02,-9.980790991787689137e-01,1.000000000000000000e+00
1.020640600800842013e-01,-9.947778282812544948e-01,1.000000000000000000e+00
1.554641917346036017e-01,-9.878415283274470937e-01,1.000000000000000000e+00
1.916403560269004103e-01,-9.814652178971412511e-01,1.000000000000000000e+00
2.457209692355933894e-01,-9.693406033370935981e-01,1.000000000000000000e+00
2.864671042837728110e-01,-9.580900783137616950e-01,1.000000000000000000e+00
3.342097320906380342e-01,-9.424987294293313278e-01,1.000000000000000000e+00
4.109554912115011560e-01,-9.116554087170841703e-01,1.000000000000000000e+00
4.368971114906776698e-01,-8.995114862919219023e-01,1.000000000000000000e+00
4.939573861005162048e-01,-8.694861130097165658e-01,1.000000000000000000e+00
5.292362453042779302e-01,-8.484745114947355171e-01,1.000000000000000000e+00
5.485922992089372618e-01,-8.360900006869187440e-01,1.000000000000000000e+00
5.834154067072263583e-01,-8.121739119281299324e-01,1.000000000000000000e+00
6.339744226491971224e-01,-7.733540142952755048e-01,1.000000000000000000e+00
6.527177879111921710e-01,-7.576011413298688879e-01,1.000000000000000000e+00
6.974459814022354598e-01,-7.166373581009245486e-01,1.000000000000000000e+00
7.236710171347651155e-01,-6.901450999312640500e-01,1.000000000000000000e+00
7.656947067452910538e-01,-6.432041791392860697e-01,1.000000000000000000e+00
7.893830391806364588e-01,-6.139009834280620970e-01,1.000000000000000000e+00
8.131504459815659391e-01,-5.820535647171833915e-01,1.000000000000000000e+00
8.454625079204015625e-01,-5.340347813588033343e-01,1.000000000000000000e+00
8.742145178286419016e-01,-4.855398817992555571e-01,1.000000000000000000e+00
8.913035187227253964e-01,-4.534071432084946229e-01,1.000000000000000000e+00
9.102746504835381725e-01,-4.140049041823930520e-01,1.000000000000000000e+00
9.297576705354271276e-01,-3.681720712934866135e-01,1.000000000000000000e+00
9.466813180508926173e-01,-3.221715103068932828e-01,1.000000000000000000e+00
9.618948097683502896e-01,-2.734197778887058616e-01,1.000000000000000000e+00
9.714707322682029078e-01,-2.371594745024570017e-01,1.000000000000000000e+00
9.854319371567797914e-01,-1.700702714510576863e-01,1.000000000000000000e+00
9.891653499490461465e-01,-1.468056894680211388e-01,1.000000000000000000e+00
9.947741474201143852e-01,-1.020999296012716773e-01,1.000000000000000000e+00
9.985143158557089338e-01,-5.449000854473635275e-02,1.000000000000000000e+00
9.999972616807102366e-01,-2.340220306109547926e-03,1.000000000000000000e+00
9.991671237517968374e-01,4.080513219635012456e-02,1.000000000000000000e+00
9.959822429894434892e-01,8.955094443788437497e-02,1.000000000000000000e+00
9.913752604165498861e-01,1.310537791672481411e-01,1.000000000000000000e+00
9.835495146845506520e-01,1.806387338412913379e-01,1.000000000000000000e+00
9.690879297681228577e-01,2.467155941113854389e-01,1.000000000000000000e+00
9.616823309872306602e-01,2.741661800203784582e-01,1.000000000000000000e+00
9.499270136305960621e-01,3.124718687735863476e-01,1.000000000000000000e+00
9.318206019673963558e-01,3.629192275825560698e-01,1.000000000000000000e+00
9.075611789413985386e-01,4.199198810231528634e-01,1.000000000000000000e+00
8.931593123191269301e-01,4.497404171492976888e-01,1.000000000000000000e+00
8.722394222110642081e-01,4.890791248263504643e-01,1.000000000000000000e+00
8.332927086272454709e-01,5.528320375563164912e-01,1.000000000000000000e+00
8.224783675764627544e-01,5.687963913992045706e-01,1.000000000000000000e+00
7.834713761276871358e-01,6.214278741644826409e-01,1.000000000000000000e+00
7.597964073977977462e-01,6.501610718163612912e-01,1.000000000000000000e+00
7.359993711643548764e-01,6.769822195934500630e-01,1.000000000000000000e+00
6.981981259559231212e-01,7.159045864580257934e-01,1.000000000000000000e+00
6.596574144093966252e-01,7.515664279454674634e-01,1.000000000000000000e+00
6.275455481207740105e-01,7.785798514178217111e-01,1.000000000000000000e+00
5.957941023347410603e-01,8.031372159370652186e-01,1.000000000000000000e+00
5.538764503521960147e-01,8.325988696516777310e-01,1.000000000000000000e+00
5.100455090291744487e-01,8.601474168531637599e-01,1.000000000000000000e+00
4.551023110299250440e-01,8.904391537299004566e-01,1.000000000000000000e+00
4.354496465145049622e-01,9.002130888575174961e-01,1.000000000000000000e+00
3.821718740210716114e-01,9.240912610274063521e-01,1.000000000000000000e+00
3.400893372915407276e-01,9.403931319722622639e-01,1.000000000000000000e+00
2.994001666539491957e-01,9.541276330803900585e-01,1.000000000000000000e+00
2.546133166447272500e-01,9.670429457822293795e-01,1.000000000000000000e+00
1.961876295812100268e-01,9.805663740916806814e-01,1.000000000000000000e+00
1.581146946151418820e-01,9.874207529451466403e-01,1.000000000000000000e+00
1.097370159994628114e-01,9.939606568267849163e-01,1.000000000000000000e+00
4.312210341449191492e-02,9.990698094713451605e-01,1.000000000000000000e+00
1.321791243761738510e-02,9.999126395794741828e-01,1.000000000000000000e+00
-2.914190340660098577e-02,9.995752845413097276e-01,1.000000000000000000e+00
-8.704933574054267431e-02,9.962040017722927354e-01,1.000000000000000000e+00
-1.295646673737857746e-01,9.915709742465842469e-01,1.000000000000000000e+00
-1.885800776062038775e-01,9.820578161849933263e-01,1.000000000000000000e+00
-2.109728708923914453e-01,9.774919169729344715e-01,1.000000000000000000e+00
-2.594530448474891005e-01,9.657557235240010751e-01,1.000000000000000000e+00
-3.072164491489788873e-01,9.516396657203255449e-01,1.000000000000000000e+00
-3.504320692219557998e-01,9.365881511426558115e-01,1.000000000000000000e+00
-3.935075151262996673e-01,9.193213994785094378e-01,1.000000000000000000e+00
-4.450750889947909239e-01,8.954932524348125922e-01,1.000000000000000000e+00
-4.807052334755273493e-01,8.768822489418055532e-01,1.000000000000000000e+00
-5.162911045411755495e-01,8.564131569351633999e-01,1.000000000000000000e+00
-5.582179079969832314e-01,8.296943818005949600e-01,1.000000000000000000e+00
-5.992088103284241019e-01,8.005927813968813922e-01,1.000000000000000000e+00
-6.366044134468665794e-01,7.711905217130011758e-01,1.000000000000000000e+00
-6.668157938865193479e-01,7.452225822017815027e-01,1.000000000000000000e+00
-7.088355061235792620e-01,7.053738195159565683e-01,1.000000000000000000e+00
-7.329750974103991235e-01,6.802554715518398520e-01,1.000000000000000000e+00
-7.697582505067454006e-01,6.383355197517952551e-01,1.000000000000000000e+00
-7.938878684163133137e-01,6.080641844257910211e-01,1.000000000000000000e+00
-8.262831216579498150e-01,5.632550069579440599e-01,1.000000000000000000e+00
-8.486286913405495236e-01,5.289889830928676817e-01,1.000000000000000000e+00
-8.728498466866884131e-01,4.879888780894750533e-01,1.000000000000000000e+00
-8.963832161990211711e-01,4.432799676465188354e-01,1.000000000000000000e+00
-9.147829569915615355e-01,4.039457161522757023e-01,1.000000000000000000e+00
-9.441066646359707049e-01,3.296401155653582715e-01,1.000000000000000000e+00
-9.542744592998226860e-01,2.989318590047421731e-01,1.000000000000000000e+00
-9.664382329063253563e-01,2.568990890931673321e-01,1.000000000000000000e+00
-9.741601411184688253e-01,2.258584057679611512e-01,1.000000000000000000e+00
-9.880681865660736474e-01,1.540170727420525076e-01,1.000000000000000000e+00
-9.927871452812710995e-01,1.198903005428895024e-01,1.000000000000000000e+00
-9.976414155474038203e-01,6.864113915555514200e-02,1.000000000000000000e+00
-9.994111665162302982e-01,3.431210052835444169e-02,1.000000000000000000e+00
-9.999199350129289732e-01,-1.265399398371113739e-02,1.000000000000000000e+00
-9.984859838188067105e-01,-5.500672792840577419e-02,1.000000000000000000e+00
-9.935993927134544323e-01,-1.129612623842996266e-01,1.000000000000000000e+00
-9.871470566763304033e-01,-1.598145440667331774e-01,1.000000000000000000e+00
-9.795334129660384637e-01,-2.012816257960578503e-01,1.000000000000000000e+00
-9.690219151412641230e-01,-2.469747516973278267e-01,1.000000000000000000e+00
-9.567255136918043634e-01,-2.909919095974198844e-01,1.000000000000000000e+00
-9.362890417100782070e-01,-3.512304519451913687e-01,1.000000000000000000e+00
-9.196479311350486130e-01,-3.927437876771888714e-01,1.000000000000000000e+00
-9.064949336966707794e-01,-4.222166922117936427e-01,1.000000000000000000e+00
-8.754886408886314308e-01,-4.832386984451648160e-01,1.000000000000000000e+00
-8.614328668678243872e-01,-5.078714560593862171e-01,1.000000000000000000e+00
-8.373285128403492594e-01,-5.467000654696952955e-01,1.000000000000000000e+00
-8.061670896977278788e-01,-5.916879443492959467e-01,1.000000000000000000e+00
-7.835461388931397320e-01,-6.213336046164351645e-01,1.000000000000000000e+00
-7.488895955746183164e-01,-6.626947816605202046e-01,1.000000000000000000e+00
-7.242348846212596225e-01,-6.895533568170274519e-01,1.000000000000000000e+00
-6.912750331065469211e-01,-7.225917440737490427e-01,1.000000000000000000e+00
-6.557956346377135093e-01,-7.549384647705523754e-01,1.000000000000000000e+00
-6.094622421986359839e-01,-7.928150952991568357e-01,1.000000000000000000e+00
-5.784287886047289051e-01,-8.157328830648338247e-01,1.000000000000000000e+00
-5.376966584012838890e-01,-8.431383655984899805e-01,1.000000000000000000e+00
-5.006109765333216499e-01,-8.656723688407491624e-01,1.000000000000000000e+00
-4.252025399879993395e-01,-9.050982267067778642e-01,1.000000000000000000e+00
-4.049594447695579191e-01,-9.143346477586482557e-01,1.000000000000000000e+00
-3.567531735540055982e-01,-9.341986797031697209e-01,1.000000000000000000e+00
-2.777630349849721236e-01,-9.606496220766118643e-01,1.000000000000000000e+00
-2.520841083521436765e-01,-9.677053282463131678e-01,1.000000000000000000e+00
-1.916943620336061804e-01,-9.814546711715873561e-01,1.000000000000000000e+00
-1.807957960248851303e-01,-9.835206556751759921e-01,1.000000000000000000e+00
-1.450902537963200123e-01,-9.894184242540258190e-01,1.000000000000000000e+00
-9.896743060885884735e-02,-9.950906730940053402e-01,1.000000000000000000e+00
-3.584207349654276731e-02,-9.993574664590585410e-01,1.000000000000000000e+00
1.346696086588448525e-03,-9.999990932044140468e-01,1.000000000000000000e+00
4.813806093007801795e-02,-9.988406915469013603e-01,1.000000000000000000e+00
1.039285543965855207e-01,-9.945847654076730437e-01,1.000000000000000000e+00
1.450252408026523887e-01,-9.894279557047762630e-01,1.000000000000000000e+00
1.926228827113762865e-01,-9.812728596348516685e-01,1.000000000000000000e+00
2.360300274645977525e-01,-9.717457620875231683e-01,1.000000000000000000e+00
2.829819406969119044e-01,-9.591252375156278376e-01,1.000000000000000000e+00
3.214431281667717855e-01,-9.469288861125529921e-01,1.000000000000000000e+00
3.706822196144456960e-01,-9.287597601434440797e-01,1.000000000000000000e+00
4.085614746197172575e-01,-9.127308044853981173e-01,1.000000000000000000e+00
4.567552007634771427e-01,-8.895924272246902298e-01,1.000000000000000000e+00
4.931111605587314983e-01,-8.699663116077661629e-01,1.000000000000000000e+00
5.299319150770158693e-01,-8.480401909006473060e-01,1.000000000000000000e+00
6.219058313729515231e-01,-7.830920360368364141e-01,1.000000000000000000e+00
6.720705059454905594e-01,-7.404871606166931741e-01,1.000000000000000000e+00
6.860368447158619043e-01,-7.275667994708832076e-01,1.000000000000000000e+00
6.938010186252001610e-01,-7.201667491315012493e-01,1.000000000000000000e+00
7.203802252201633172e-01,-6.935793617977302761e-01,1.000000000000000000e+00
7.444670105664055182e-01,-6.676592470552021874e-01,1.000000000000000000e+00
7.870229807761671692e-01,-6.169236806365895331e-01,1.000000000000000000e+00
8.091530892555931498e-01,-5.875978881413123078e-01,1.000000000000000000e+00
8.325547448260830485e-01,-5.539427740006865886e-01,1.000000000000000000e+00
8.624418483056079943e-01,-5.061561599854402793e-01,1.000000000000000000e+00
8.945033813730295380e-01,-4.470611822918832412e-01,1.000000000000000000e+00
9.135282801554074350e-01,-4.067752221513785127e-01,1.000000000000000000e+00
9.213378032311571042e-01,-3.887629770659568607e-01,1.000000000000000000e+00
9.393310746687516533e-01,-3.430118542581992447e-01,1.000000000000000000e+00
9.536989072155178659e-01,-3.007630202932650709e-01,1.000000000000000000e+00
9.733348710341699350e-01,-2.293888158321932269e-01,1.000000000000000000e+00
9.778106536731872023e-01,-2.094906335930424579e-01,1.000000000000000000e+00
9.945366059253815116e-01,-1.043884068008623794e-01,1.000000000000000000e+00
9.996956314739952054e-01,-2.467071972622572953e-02,1.000000000000000000e+00
9.999896290075223071e-01,-4.554325130903917607e-03,1.000000000000000000e+00
9.997914117782229493e-01,2.042383251272732875e-02,1.000000000000000000e+00
9.989921902829645983e-01,4.488433750925868715e-02,1.000000000000000000e+00
9.974412661706114624e-01,7.149070247219126151e-02,1.000000000000000000e+00
9.926358188566483109e-01,1.211368281027340593e-01,1.000000000000000000e+00
9.850549244441223484e-01,1.722405173830603153e-01,1.000000000000000000e+00
9.745411791755748121e-01,2.242085861225661392e-01,1.000000000000000000e+00
9.649084805106243889e-01,2.625864128980742174e-01,1.000000000000000000e+00
9.525684005789901709e-01,3.043245672277945513e-01,1.000000000000000000e+00
9.321666820067487924e-01,3.620293868687029515e-01,1.000000000000000000e+00
9.173647081830877958e-01,3.980477260080229618e-01,1.000000000000000000e+00
9.018833382353929062e-01,4.319796803246466754e-01,1.000000000000000000e+00
8.763610079215679027e-01,4.816548388573435591e-01,1.000000000000000000e+00
8.533158681637180720e-01,5.213943125313126314e-01,1.000000000000000000e+00
8.259418592756359034e-01,5.637553060471409694e-01,1.000000000000000000e+00
7.934806927214652639e-01,6.085954241351668736e-01,1.000000000000000000e+00
7.747571805222602803e-01,6.322588957295878220e-01,1.000000000000000000e+00
7.394516989871379176e-01,6.732096143587338322e-01,1.000000000000000000e+00
7.061714602670583485e-01,7.080408665495873111e-01,1.000000000000000000e+00
6.638341563359491104e-01,7.478798117891261032e-01,1.000000000000000000e+00
6.355483410000096756e-01,7.720610767628007798e-01,1.000000000000000000e+00
5.998839525187519284e-01,8.000870224609818449e-01,1.000000000000000000e+00
5.573363404657459830e-01,8.302868200786099884e-01,1.000000000000000000e+00
5.270634328780290367e-01,8.498259455458084810e-01,1.000000000000000000e+00
4.752869394312988494e-01,8.798308503377390011e-01,1.000000000000000000e+00
4.357111726748221225e-01,9.000865369542705441e-01,1.000000000000000000e+00
3.938784812211846287e-01,9.191625220987270639e-01,1.000000000000000000e+00
3.494159159931350400e-01,9.369677249781224182e-01,1.000000000000000000e+00
3.090342129068082144e-01,9.510509214826877722e-01,1.000000000000000000e+00
2.446242854795312727e-01,9.696179448389086186e-01,1.000000000000000000e+00
1.980237856113161166e-01,9.801972150195915612e-01,1.000000000000000000e+00
1.560503890393100945e-01,9.877490957124080984e-01,1.000000000000000000e+00
1.293449663072234190e-01,9.915996569639298208e-01,1.000000000000000000e+00
4.479882857731855295e-02,9.989960284996632911e-01,1.000000000000000000e+00
-1.780398560164999158e-02,9.998414964866662036e-01,1.000000000000000000e+00
-2.286055694846072725e-02,9.997386633195728400e-01,1.000000000000000000e+00
-8.271323771256193502e-02,9.965733893231873974e-01,1.000000000000000000e+00
-1.156760612909142338e-01,9.932869921851491535e-01,1.000000000000000000e+00
-1.671178708712036109e-01,9.859369235582343682e-01,1.000000000000000000e+00
-2.073883124617280083e-01,9.782587019057262800e-01,1.000000000000000000e+00
-2.534859848233414481e-01,9.673390592228460205e-01,1.000000000000000000e+00
-3.097788564237802800e-01,9.508086348539199761e-01,1.000000000000000000e+00
-3.455262744556426568e-01,9.384090758623362394e-01,1.000000000000000000e+00
-3.896033963334689099e-01,9.209827325012266419e-01,1.000000000000000000e+00
-4.185751025516239454e-01,9.081821863061935174e-01,1.000000000000000000e+00
-4.730799364557082831e-01,8.810195081398952688e-01,1.000000000000000000e+00
-5.025651036635881974e-01,8.645393667032212903e-01,1.000000000000000000e+00
-5.514024886062693920e-01,8.342393514806245580e-01,1.000000000000000000e+00
-6.089879885716801278e-01,7.931794436162722395e-01,1.000000000000000000e+00
-6.327495077585333361e-01,7.743565460634614928e-01,1.000000000000000000e+00
-6.609035641554572571e-01,7.504708381320445154e-01,1.000000000000000000e+00
-6.950733309012065986e-01,7.189388462657320122e-01,1.000000000000000000e+00
-7.376429870950966805e-01,6.751909534268235591e-01,1.000000000000000000e+00
-7.596262942798556184e-01,6.503598181304363068e-01,1.000000000000000000e+00
-7.895551182281057567e-01,6.136796520007828937e-01,1.000000000000000000e+00
-8.232891823202720394e-01,5.676221650661802398e-01,1.000000000000000000e+00
-8.501617526073523834e-01,5.265215991805036744e-01,1.000000000000000000e+00
-8.666843228220837414e-01,4.988569780753057126e-01,1.000000000000000000e+00
-8.925709588969613639e-01,4.509069564042662570e-01,1.000000000000000000e+00
-9.086221625434315330e-01,4.176191635149157921e-01,1.000000000000000000e+00
-9.321540401178142199e-01,3.620619359889084010e-01,1.000000000000000000e+00
-9.468898462028346730e-01,3.215581116345411772e-01,1.000000000000000000e+00
-9.622371365399675636e-01,2.722125879957865147e-01,1.000000000000000000e+00
-9.723127357491143652e-01,2.336834266696566909e-01,1.000000000000000000e+00
-9.830541784328081789e-01,1.833152537728284237e-01,1.000000000000000000e+00
-9.903065335698775229e-01,1.388991345142690792e-01,1.000000000000000000e+00
-9.976237078507135259e-01,6.889802271614269003e-02,1.000000000000000000e+00
-9.989234767166453866e-01,4.638844321951004351e-02,1.000000000000000000e+00
-9.999888153814108227e-01,4.729599568946839423e-03,1.000000000000000000e+00
-9.989251246141587215e-01,-4.635294396893857582e-02,1.000000000000000000e+00
-9.957433614615754935e-01,-9.216918197099355226e-02,1.000000000000000000e+00
-9.877738642131410618e-01,-1.558935315445742764e-01,1.000000000000000000e+00
-9.806164367989779196e-01,-1.959372447486087687e-01,1.000000000000000000e+00
-9.735341707306738313e-01,-2.285415026198504840e-01,1.000000000000000000e+00
-9.608743720119750087e-01,-2.769845504908040046e-01,1.000000000000000000e+00
-9.471038114433079080e-01,-3.209273599267584154e-01,1.000000000000000000e+00
-9.301651269375396103e-01,-3.671414395424069665e-01,1.000000000000000000e+00
-9.097074570100586177e-01,-4.152497352922605023e-01,1.000000000000000000e+00
-8.914384513958376610e-01,-4.531417961002832673e-01,1.000000000000000000e+00
-8.702626469485839067e-01,-4.925879873951904964e-01,1.000000000000000000e+00
-8.447551787578024829e-01,-5.351529575381913650e-01,1.000000000000000000e+00
-8.110164211571051496e-01,-5.850233880910412632e-01,1.000000000000000000e+00
-7.935102081501692606e-01,-6.085569402787837090e-01,1.000000000000000000e+00
-7.622751452075607892e-01,-6.472531212738893425e-01,1.000000000000000000e+00
-7.319721416767535072e-01,-6.813345608503554862e-01,1.000000000000000000e+00
-6.910783125320236753e-01,-7.227798876199382772e-01,1.000000000000000000e+00
-6.661360108138945080e-01,-7.458302857198486624e-01,1.000000000000000000e+00
-6.171978326668924320e-01,-7.868080041225372634e-01,1.000000000000000000e+00
-5.792112100863552326e-01,-8.151775107976789725e-01,1.000000000000000000e+00
-5.367785778337723634e-01,-8.437231526862071229e-01,1.000000000000000000e+00
-5.129652418818313464e-01,-8.584093782229514913e-01,1.000000000000000000e+00
-4.723518049766849969e-01,-8.814101045116670141e-01,1.000000000000000000e+00
-4.160267827668482354e-01,-9.093523607604840908e-01,1.000000000000000000e+00
-3.729144241298606444e-01,-9.278657404365646677e-01,1.000000000000000000e+00
-3.329694001959068173e-01,-9.429376323666258664e-01,1.000000000000000000e+00
-2.964243730909517094e-01,-9.550563287249795863e-01,1.000000000000000000e+00
-2.498326041074216131e-01,-9.682890425512954424e-01,1.000000000000000000e+00
-2.114453785549810783e-01,-9.773898157274510945e-01,1.000000000000000000e+00
-1.519688931478018201e-01,-9.883852768609172612e-01,1.000000000000000000e+00
-9.189280396603015377e-02,-9.957689052080611614e-01,1.000000000000000000e+00
-6.714521539393317195e-02,-9.977432134821575538e-01,1.000000000000000000e+00
-1.837654908630377212e-02,-9.998311369644768964e-01,1.000000000000000000e+00
2.657547615576925926e-02,-9.996468096618396082e-01,1.000000000000000000e+00
7.665639585003160283e-02,-9.970575695391331594e-01,1.000000000000000000e+00
1.232540587222174938e-01,-9.923751493303830662e-01,1.000000000000000000e+00
1.693132283287798190e-01,-9.855622916451737270e-01,1.000000000000000000e+00
2.219550858439909291e-01,-9.750568905802300401e-01,1.000000000000000000e+00
2.679445467315327845e-01,-9.634343360483025309e-01,1.000000000000000000e+00
3.147447401757023089e-01,-9.491763527036110037e-01,1.000000000000000000e+00
3.463640344751897082e-01,-9.381001842138554370e-01,1.000000000000000000e+00
3.943735506255187651e-01,-9.189502176761379371e-01,1.000000000000000000e+00
4.432548406211989089e-01,-8.963956415924140275e-01,1.000000000000000000e+00
4.820205329895879687e-01,-8.761599202065988301e-01,1.000000000000000000e+00
5.185962784195755626e-01,-8.550192395550909596e-01,1.000000000000000000e+00
5.577096292044690928e-01,-8.300361254141975786e-01,1.000000000000000000e+00
6.054295283829075336e-01,-7.958989170504318089e-01,1.000000000000000000e+00
6.423762818827594145e-01,-7.663894000274805718e-01,1.000000000000000000e+00
7.030217311553502713e-01,-7.111683665091793616e-01,1.000000000000000000e+00
7.098219382916309828e-01,-7.043811581238612618e-01,1.000000000000000000e+00
7.393090427302669854e-01,-6.733662742796496792e-01,1.000000000000000000e+00
7.740561054023552545e-01,-6.331170078977013116e-01,1.000000000000000000e+00
7.995583412105731203e-01,-6.005884272949294500e-01,1.000000000000000000e+00
8.245083618842536932e-01,-5.658497690933032009e-01,1.000000000000000000e+00
8.563473235460912214e-01,-5.164002918816431587e-01,1.000000000000000000e+00
8.748670418001945892e-01,-4.843631480323173366e-01,1.000000000000000000e+00
8.949807575708853546e-01,-4.461047450743425014e-01,1.000000000000000000e+00
9.163495998330432046e-01,-4.003790839764504450e-01,1.000000000000000000e+00
9.336043563926796907e-01,-3.583056038141329003e-01,1.000000000000000000e+00
9.502029199961810058e-01,-3.116318514380889693e-01,1.000000000000000000e+00
9.642013743594708419e-01,-2.651710951127735361e-01,1.000000000000000000e+00
9.750856457473927597e-01,-2.218287255009823433e-01,1.000000000000000000e+00
9.851742985839764266e-01,-1.715564088268641540e-01,1.000000000000000000e+00
9.922921141967910863e-01,-1.239207815617000691e-01,1.000000000000000000e+00
9.968301677026584207e-01,-7.955888861648216515e-02,1.000000000000000000e+00
9.993563167037690098e-01,-3.587411691283928089e-02,1.000000000000000000e+00
9.996231226272618287e-01,2.745200737509603806e-02,1.000000000000000000e+00
9.976451532030595759e-01,6.858679384869834084e-02,1.000000000000000000e+00
9.946210467175333747e-01,1.035807579935500711e-01,1.000000000000000000e+00
9.886419809471667097e-01,1.502898316881819962e-01,1.000000000000000000e+00
9.797544403952906933e-01,2.002029883036486324e-01,1.000000000000000000e+00
9.675338352599610614e-01,2.527415233537032568e-01,1.000000000000000000e+00
9.542242065226481662e-01,2.990922327413777504e-01,1.000000000000000000e+00
9.367914519432933851e-01,3.498882329630080834e-01,1.000000000000000000e+00
9.191518726805496531e-01,3.939033319836716673e-01,1.000000000000000000e+00
8.994775694561004675e-01,4.369669347277273519e-01,1.000000000000000000e+00
8.789216950504288306e-01,4.769660931027288053e-01,1.000000000000000000e+00
8.605992233552111070e-01,5.092828062681945545e-01,1.000000000000000000e+00
8.393147705794009594e-01,5.436457632385701677e-01,1.000000000000000000e+00
8.023609391177839445e-01,5.968391101277025212e-01,1.000000000000000000e+00
7.790519337232725272e-01,6.269593962626525130e-01,1.000000000000000000e+00
7.484837966659788622e-01,6.631530789557428252e-01,1.000000000000000000e+00
7.199992556492925688e-01,6.939748351809773563e-01,1.000000000000000000e+00
6.848654017555541040e-01,7.286695969218170976e-01,1.000000000000000000e+00
6.489467340073510337e-01,7.608338428469072490e-01,1.000000000000000000e+00
6.109710829844133828e-01,7.916529136918861731e-01,1.000000000000000000e+00
5.741862943033360089e-01,8.187246786522333064e-01,1.000000000000000000e+00
5.361269078962497270e-01,8.441373932184299544e-01,1.000000000000000000e+00
4.794184537335715590e-01,8.775864323357052132e-01,1.000000000000000000e+00
4.470274321546628404e-01,8.945202484579141133e-01,1.000000000000000000e+00
4.060854820127236531e-01,9.138350952433890173e-01,1.000000000000000000e+00
3.710568470810001740e-01,9.286101529890287143e-01,1.000000000000000000e+00
3.248360922290222108e-01,9.457703279260658569e-01,1.000000000000000000e+00
2.738150377426111226e-01,9.617823688891434797e-01,1.000000000000000000e+00
2.146829888291230670e-01,9.766837841939399745e-01,1.000000000000000000e+00
1.899297506218860787e-01,9.817976827374915727e-01,1.000000000000000000e+00
1.432409909063105113e-01,9.896878389291131617e-01,1.000000000000000000e+00
8.466139786075474460e-02,9.964097790127629528e-01,1.000000000000000000e+00
3.996629919181794027e-02,9.992010282865556592e-01,1.000000000000000000e+00
-3.604237061767518336e-03,9.999935047165069424e-01,1.000000000000000000e+00
-4.579980295637643001e-02,9.989506384447417453e-01,1.000000000000000000e+00
-9.985202316483295093e-02,9.950022982234210112e-01,1.000000000000000000e+00
-1.415179225863419099e-01,9.899356936623945336e-01,1.000000000000000000e+00
-1.883723400609726151e-01,9.820976842961973707e-01,1.000000000000000000e+00
-2.280519665481327007e-01,9.736489616661281321e-01,1.000000000000000000e+00
-2.799356088509294960e-01,9.600187784086618992e-01,1.000000000000000000e+00
-3.319470200870377474e-01,9.432980313004664108e-01,1.000000000000000000e+00
-3.760636121801621545e-01,9.265938482388109687e-01,1.000000000000000000e+00
-4.135892473819695048e-01,9.104635821657096617e-01,1.000000000000000000e+00
-4.527163598492747743e-01,8.916545841999703459e-01,1.000000000000000000e+00
-4.959346434692515904e-01,8.683598501813786230e-01,1.000000000000000000e+00
-5.397574226515805540e-01,8.418206012521450843e-01,1.000000000000000000e+00
-5.740350308508991306e-01,8.188307415797280164e-01,1.000000000000000000e+00
-6.079166888648479539e-01,7.940008182612909859e-01,1.000000000000000000e+00
-6.476143516307265591e-01,7.619682746426610365e-01,1.000000000000000000e+00
-6.876859350879326316e-01,7.260083020752832184e-01,1.000000000000000000e+00
-7.273537658045088339e-01,6.862627043414203376e-01,1.000000000000000000e+00
-7.492953643419512089e-01,6.622359526450241063e-01,1.000000000000000000e+00
-8.056585809220353500e-01,5.923801574889997479e-01,1.000000000000000000e+00
-8.104676805099024772e-01,5.857833548752461317e-01,1.000000000000000000e+00
-8.348945618270249280e-01,5.504099114584148911e-01,1.000000000000000000e+00
-8.605605989964403291e-01,5.093480690597420590e-01,1.000000000000000000e+00
-8.941329354714169231e-01,4.478016231605987940e-01,1.000000000000000000e+00
-9.067805302192767369e-01,4.216029767627920699e-01,1.000000000000000000e+00
-9.225290975773563495e-01,3.859275373993264480e-01,1.000000000000000000e+00
-9.398856194514867424e-01,3.414894176227062927e-01,1.000000000000000000e+00
-9.548399636242705935e-01,2.971205880884084660e-01,1.000000000000000000e+00
-9.692459873732973685e-01,2.460939169519676950e-01,1.000000000000000000e+00
-9.799059796414584245e-01,1.994599485182769472e-01,1.000000000000000000e+00
-9.875163326512131912e-01,1.575166427622761434e-01,1.000000000000000000e+00
-9.950721042212924417e-01,9.915395806829550851e-02,1.000000000000000000e+00
-9.978961966212120949e-01,6.483194250459650698e-02,1.000000000000000000e+00
-9.997910794587215877e-01,2.044009380517147409e-02,1.000000000000000000e+00
-9.994174594117655186e-01,-3.412831409448856268e-02,1.000000000000000000e+00
-9.953473762040483397e-01,-9.635144359954724014e-02,1.000000000000000000e+00
-9.912693378675784261e-01,-1.318525684375266571e-01,1.000000000000000000e+00
-9.854059809536732661e-01,-1.702206001068287955e-01,1.000000000000000000e+00
-9.742257744926245966e-01,-2.255751323046178702e-01,1.000000000000000000e+00
-9.647433905586820790e-01,-2.631923068277990385e-01,1.000000000000000000e+00
-9.463092414993076185e-01,-3.232627715234235311e-01,1.000000000000000000e+00
-9.344720383122843144e-01,-3.560365284805543373e-01,1.000000000000000000e+00
-9.158534454715789863e-01,-4.015127226101777302e-01,1.000000000000000000e+00
-8.870464324899344222e-01,-4.616802211562460179e-01,1.000000000000000000e+00
-8.744561393527109372e-01,-4.851045870205230037e-01,1.000000000000000000e+00
-8.515414354372189409e-01,-5.242873102922869233e-01,1.000000000000000000e+00
-8.269389829911625300e-01,-5.622916666726813784e-01,1.000000000000000000e+00
-8.027825036021940530e-01,-5.962719613651082939e-01,1.000000000000000000e+00
-7.663418035023181751e-01,-6.424330628204111271e-01,1.000000000000000000e+00
-7.384090507142856419e-01,-6.743530780112355627e-01,1.000000000000000000e+00
-6.961730675456998529e-01,-7.178739861730681904e-01,1.000000000000000000e+00
-6.697325313374405953e-01,-7.426024080679675121e-01,1.000000000000000000e+00
-6.385376238662351378e-01,-7.695906073408527170e-01,1.000000000000000000e+00
-5.934237160006483602e-01,-8.048902367950439007e-01,1.000000000000000000e+00
-5.642176885702762101e-01,-8.256260654221224682e-01,1.000000000000000000e+00
-5.177063075454053642e-01,-8.555584019385831240e-01,1.000000000000000000e+00
-4.759505794613890228e-01,-8.794720267924205359e-01,1.000000000000000000e+00
-4.338008145326513465e-01,-9.010087975768096280e-01,1.000000000000000000e+00
-3.941556915997102006e-01,-9.190436827374171003e-01,1.000000000000000000e+00
-3.574345116792271293e-01,-9.339382045192456960e-01,1.000000000000000000e+00
-3.018406886269978107e-01,-9.533583789368926809e-01,1.000000000000000000e+00
-2.648977570869210929e-01,-9.642765051012694988e-01,1.000000000000000000e+00
-2.148564802757511050e-01,-9.766456332178605759e-01,1.000000000000000000e+00
-1.722746134367539594e-01,-9.850489620141817948e-01,1.000000000000000000e+00
-1.258437762618590250e-01,-9.920500713049493768e-01,1.000000000000000000e+00
-7.939327463364145854e-02,-9.968433718207425631e-01,1.000000000000000000e+00
-2.792735373812149299e-02,-9.996099553891937273e-01,1.000000000000000000e+00
1.369787172546819282e-02,-9.999061797539769980e-01,1.000000000000000000e+00
6.826613234592679436e-02,-9.976671464845018322e-01,1.000000000000000000e+00
1.191060217823403100e-01,-9.928815415623278851e-01,1.000000000000000000e+00
1.591052926787315802e-01,-9.872616197551766781e-01,1.000000000000000000e+00
2.061992300940490019e-01,-9.785100293347133160e-01,1.000000000000000000e+00
2.508788615212462769e-01,-9.680184899276477184e-01,1.000000000000000000e+00
2.964607891584905563e-01,-9.550450253739479756e-01,1.000000000000000000e+00
3.465548611924801348e-01,-9.380297053845687572e-01,1.000000000000000000e+00
3.872338321896776625e-01,-9.219815395156762960e-01,1.000000000000000000e+00
4.457672394105174352e-01,-8.951489084327403090e-01,1.000000000000000000e+00
4.809987411449904160e-01,-8.767212846834132600e-01,1.000000000000000000e+00
5.144513180620606807e-01,-8.575195865659328565e-01,1.000000000000000000e+00
5.543380571391595124e-01,-8.322916065942164154e-01,1.000000000000000000e+00
5.899491632461336676e-01,-8.074403908556883058e-01,1.000000000000000000e+00
6.237701966897851724e-01,-7.816077927717882678e-01,1.000000000000000000e+00
6.674419245523582900e-01,-7.446618543673659829e-01,1.000000000000000000e+00
7.013329232431542160e-01,-7.128338731957200025e-01,1.000000000000000000e+00
7.335582868083513342e-01,-6.796265444012590251e-01,1.000000000000000000e+00
7.632319549126086455e-01,-6.461245878313854885e-01,1.000000000000000000e+00
7.901672996010524752e-01,-6.128912127296169965e-01,1.000000000000000000e+00
8.192793004826562919e-01,-5.733946527485667133e-01,1.000000000000000000e+00
8.435058800086993047e-01,-5.371199404143824907e-01,1.000000000000000000e+00
8.817656368282225099e-01,-4.716877799020441908e-01,1.000000000000000000e+00
8.952557449547722257e-01,-4.455526356396916077e-01,1.000000000000000000e+00
9.152439157588098118e-01,-4.029002043515003129e-01,1.000000000000000000e+00
9.315479012454467300e-01,-3.636186294528971907e-01,1.000000000000000000e+00
9.458420163783823886e-01,-3.246272940670206220e-01,1.000000000000000000e+00
9.643319124856685187e-01,-2.646959813856887278e-01,1.000000000000000000e+00
9.754298169179864697e-01,-2.203103998165846233e-01,1.000000000000000000e+00
9.837388547431865637e-01,-1.796047484577279196e-01,1.000000000000000000e+00
9.913739172583517778e-01,-1.310639392809125059e-01,1.000000000000000000e+00
9.951457516807497017e-01,-9.841205673978993540e-02,1.000000000000000000e+00
9.991121985757487334e-01,-4.212854919331519149e-02,1.000000000000000000e+00
9.999955586604550861e-01,2.980379063866630748e-03,1.000000000000000000e+00
9.981050688033022977e-01,6.153268748523230136e-02,1.000000000000000000e+00
9.958276422646454851e-01,9.125407882191982623e-02,1.000000000000000000e+00
9.892197012591082972e-01,1.464390065550856823e-01,1.000000000000000000e+00
9.806534500550162514e-01,1.957519116003564874e-01,1.000000000000000000e+00
9.680131111848997438e-01,2.508996145356365837e-01,1.000000000000000000e+00
9.586121330072260305e-01,2.847152585502513156e-01,1.000000000000000000e+00
9.433375628795992451e-01,3.318346613305761528e-01,1.000000000000000000e+00
9.312385358391215284e-01,3.644101938313598632e-01,1.000000000000000000e+00
9.099990889451670117e-01,4.146102484490294948e-01,1.000000000000000000e+00
8.856344335307643201e-01,4.643830855496808296e-01,1.000000000000000000e+00
8.631572705071980378e-01,5.049351704630642423e-01,1.000000000000000000e+00
8.411827234955695509e-01,5.407509830712988741e-01,1.000000000000000000e+00
8.157140930087263264e-01,5.784552864888961032e-01,1.000000000000000000e+00
7.748414564161542062e-01,6.321556117119367935e-01,1.000000000000000000e+00
7.532248120999338603e-01,6.577631659168969858e-01,1.000000000000000000e+00
7.285765707082233478e-01,6.849643644855148983e-01,1.000000000000000000e+00
6.885665791956061543e-01,7.251731283044491327e-01,1.000000000000000000e+00
6.555413554889633065e-01,7.551592754139305752e-01,1.000000000000000000e+00
6.247823015468199070e-01,7.807989982536213125e-01,1.000000000000000000e+00
5.812330653222311794e-01,8.137371343229475862e-01,1.000000000000000000e+00
5.476090171133736195e-01,8.367343451634603468e-01,1.000000000000000000e+00
5.052785087786049179e-01,8.629563306254084409e-01,1.000000000000000000e+00
4.672022796800904265e-01,8.841504565749692679e-01,1.000000000000000000e+00
4.168662637613470556e-01,9.089678311896713936e-01,1.000000000000000000e+00
3.783495935677695932e-01,9.256627814961038148e-01,1.000000000000000000e+00
3.415614361022628609e-01,9.398594497943614234e-01,1.000000000000000000e+00
2.865053511321905000e-01,9.580786417474403960e-01,1.000000000000000000e+00
2.371471770193590567e-01,9.714737342984363089e-01,1.000000000000000000e+00
1.636285829348773646e-01,9.865220153887717114e-01,1.000000000000000000e+00
1.021916498328656053e-01,9.947647293226861143e-01,1.000000000000000000e+00
6.769676264693931522e-02,9.977059428143765230e-01,1.000000000000000000e+00
5.169690603301504983e-02,9.986628209293733072e-01,1.000000000000000000e+00
1.499297309274983704e-02,9.998875990619345844e-01,1.000000000000000000e+00
-1.200202951021112907e-01,9.927714383298917866e-01,1.000000000000000000e+00
-1.664368895226956968e-01,9.860521090723400883e-01,1.000000000000000000e+00
-1.709766733189624632e-01,9.852750769103929551e-01,1.000000000000000000e+00
-1.774158510762579855e-01,9.841359742367347119e-01,1.000000000000000000e+00
-2.199841771497875464e-01,9.755034401803670541e-01,1.000000000000000000e+00
-2.831215793554300308e-01,9.590840272381179199e-01,1.000000000000000000e+00
-3.283669276160160466e-01,9.445502426276847219e-01,1.000000000000000000e+00
-3.644716026472467618e-01,9.312145031429371889e-01,1.000000000000000000e+00
-4.036472288343673220e-01,9.149147034857052496e-01,1.000000000000000000e+00
-4.535325132930724812e-01,8.912397317142392028e-01,1.000000000000000000e+00
-4.796579396042661703e-01,8.774555606836109689e-01,1.000000000000000000e+00
-5.237482096481772542e-01,8.518731201830053168e-01,1.000000000000000000e+00
-5.600584084818948094e-01,8.284531242555169817e-01,1.000000000000000000e+00
-6.101011797323884212e-01,7.923235137802915329e-01,1.000000000000000000e+00
-6.436827532959524811e-01,7.652924363335508184e-01,1.000000000000000000e+00
-6.774204858777880256e-01,7.355960068632113602e-01,1.000000000000000000e+00
-7.101634935689038475e-01,7.040367976192788424e-01,1.000000000000000000e+00
-7.455449838944918639e-01,6.664553075711543428e-01,1.000000000000000000e+00
-7.708154734465280100e-01,6.370584791802121893e-01,1.000000000000000000e+00
-8.010070395727795223e-01,5.986549277796447965e-01,1.000000000000000000e+00
-8.340990792064045811e-01,5.516146536007070500e-01,1.000000000000000000e+00
-8.563364380564402190e-01,5.164183428740777293e-01,1.000000000000000000e+00
-8.916562611507377056e-01,4.527130569695195783e-01,1.000000000000000000e+00
-8.977759346377853777e-01,4.404524618903281064e-01,1.000000000000000000e+00
-9.214513851641709108e-01,3.884936869230062317e-01,1.000000000000000000e+00
-9.380426925391477377e-01,3.465197064726707188e-01,1.000000000000000000e+00
-9.555310500348191960e-01,2.948905092052910293e-01,1.000000000000000000e+00
-9.636963078717251108e-01,2.670007981156707344e-01,1.000000000000000000e+00
-9.753646398432589404e-01,2.205987745737265360e-01,1.000000000000000000e+00
-9.860530804845913933e-01,1.664311343074003913e-01,1.000000000000000000e+00
-9.940508053710396252e-01,1.089173830992439945e-01,1.000000000000000000e+00
-9.969695559411374530e-01,7.779270227040065155e-02,1.000000000000000000e+00
-9.995787493678551794e-01,2.902281537333240360e-02,1.000000000000000000e+00
-9.999169033177580657e-01,-1.289133272494361916e-02,1.000000000000000000e+00
-9.977685027234050041e-01,-6.676836805774588601e-02,1.000000000000000000e+00
-9.925366534204258517e-01,-1.219466753010569754e-01,1.000000000000000000e+00
-9.878462087105394085e-01,-1.554344490009001989e-01,1.000000000000000000e+00
-9.772196188676751660e-01,-2.122305739051651152e-01,1.000000000000000000e+00
-9.669992049252738031e-01,-2.547793902062887583e-01,1.000000000000000000e+00
-9.534123904557265661e-01,-3.016700411467753695e-01,1.000000000000000000e+00
-9.360360825054068190e-01,-3.519040384081024153e-01,1.000000000000000000e+00
-9.233109938307110243e-01,-3.840531326149347890e-01,1.000000000000000000e+00
-9.018173757911588373e-01,-4.321173691500352909e-01,1.000000000000000000e+00
-8.839288230290351933e-01,-4.676214663790623227e-01,1.000000000000000000e+00
-8.605646229081870269e-01,-5.093412704649896705e-01,1.000000000000000000e+00
-8.282560061740396051e-01,-5.603498801968544996e-01,1.000000000000000000e+00
-8.037225442760282945e-01,-5.950042620204226695e-01,1.000000000000000000e+00
-7.794142441498577156e-01,-6.265089273237102185e-01,1.000000000000000000e+00
-7.364502238988485106e-01,-6.764917351448839211e-01,1.000000000000000000e+00
-7.174808964856994598e-01,-6.965781816695646445e-01,1.000000000000000000e+00
-6.843958748812598580e-01,-7.291106133129011679e-01,1.000000000000000000e+00
-6.328126265628060132e-01,-7.743049655417965083e-01,1.000000000000000000e+00
-6.084831396028592687e-01,-7.935668017369723604e-01,1.000000000000000000e+00
-5.703333117358281301e-01,-8.214133633709903570e-01,1.000000000000000000e+00
-5.302466722688227163e-01,-8.478434210087613110e-01,1.000000000000000000e+00
-4.901324174357440389e-01,-8.716479870788399476e-01,1.000000000000000000e+00
-4.489523287032640697e-01,-8.935557098199956583e-01,1.000000000000000000e+00
-4.096684317100990347e-01,-9.122344962016004644e-01,1.000000000000000000e+00
-3.574992785136864026e-01,-9.339134145423727551e-01,1.000000000000000000e+00
-3.156885677574416960e-01,-9.488628605795755844e-01,1.000000000000000000e+00
-2.743113314775153522e-01,-9.616409378884785975e-01,1.000000000000000000e+00
-2.222113803852435732e-01,-9.749985140641418413e-01,1.000000000000000000e+00
-1.834030164530019158e-01,-9.830378088130384828e-01,1.000000000000000000e+00
-1.132217326139654673e-01,-9.935697455457728200e-01,1.000000000000000000e+00
-7.929972776545350654e-02,-9.968508179142578918e-01,1.000000000000000000e+00
-3.699816441279191181e-02,-9.993153335309551411e-01,1.000000000000000000e+00
1.046302474638931453e-02,-9.999452610584023127e-01,1.000000000000000000e+00
5.701870368144103945e-02,-9.983731103302452281e-01,1.000000000000000000e+00
9.958882257876619515e-02,-9.950286761784179479e-01,1.000000000000000000e+00
1.508968457968248300e-01,-9.885495141511978501e-01,1.000000000000000000e+00
2.061729413310222081e-01,-9.785155687381345002e-01,1.000000000000000000e+00
2.370809731466454462e-01,-9.714898929849139497e-01,1.000000000000000000e+00
2.768670148706955381e-01,-9.609082453994189921e-01,1.000000000000000000e+00
3.325037145306879438e-01,-9.431019456152631708e-01,1.000000000000000000e+00
3.856650388644148331e-01,-9.226388664031607290e-01,1.000000000000000000e+00
4.153145223160361055e-01,-9.096778812048815777e-01,1.000000000000000000e+00
4.659792374385141045e-01,-8.847956545305932785e-01,1.000000000000000000e+00
5.039472827349597006e-01,-8.637344130136592746e-01,1.000000000000000000e+00
5.451004107579596747e-01,-8.383707665415723875e-01,1.000000000000000000e+00
5.751138966728935875e-01,-8.180733499226828798e-01,1.000000000000000000e+00
6.126349614894605056e-01,-7.903659936768581140e-01,1.000000000000000000e+00
6.503666884628175326e-01,-7.596204121387920560e-01,1.000000000000000000e+00
6.918965668714425199e-01,-7.219966348616255747e-01,1.000000000000000000e+00
7.296417388858795761e-01,-6.838296080717695125e-01,1.000000000000000000e+00
7.521948007828405114e-01,-6.589408028611241086e-01,1.000000000000000000e+00
7.857363823173975081e-01,-6.185615066448676425e-01,1.000000000000000000e+00
8.153064288903827395e-01,-5.790297289518141488e-01,1.000000000000000000e+00
8.419017867647921038e-01,-5.396307825191688501e-01,1.000000000000000000e+00
8.669240453445833383e-01,-4.984402668358393629e-01,1.000000000000000000e+00
8.864104293484162955e-01,-4.629001520223948174e-01,1.000000000000000000e+00
9.050323446519872306e-01,-4.253427501835744806e-01,1.000000000000000000e+00
9.267974973479440326e-01,-3.755614449189210724e-01,1.000000000000000000e+00
9.404889242214206080e-01,-3.398243420016213157e-01,1.000000000000000000e+00
9.576851252814273519e-01,-2.878179994626755556e-01,1.000000000000000000e+00
9.679541957341207814e-01,-2.511268105175381016e-01,1.000000000000000000e+00
9.813769349690322219e-01,-1.920919350487884647e-01,1.000000000000000000e+00
9.879991821926173978e-01,-1.544591078140726270e-01,1.000000000000000000e+00
9.957635812065189773e-01,-9.195047766470920703e-02,1.000000000000000000e+00
9.979133755097873149e-01,-6.456698056020758469e-02,1.000000000000000000e+00
9.999682536844211045e-01,-7.968163108855274082e-03,1.000000000000000000e+00
9.994497992881585802e-01,3.316773587176882754e-02,1.000000000000000000e+00
9.960221125096778705e-01,8.910640488628515654e-02,1.000000000000000000e+00
9.921392529915125102e-01,1.251387337056101556e-01,1.000000000000000000e+00
9.858600521567563169e-01,1.675707538966084431e-01,1.000000000000000000e+00
9.746835618306032289e-01,2.235888062878120808e-01,1.000000000000000000e+00
9.642891598129839092e-01,2.648516873028556318e-01,1.000000000000000000e+00
9.481465671117079719e-01,3.178334269303393911e-01,1.000000000000000000e+00
9.296475272260804612e-01,3.684500985512609295e-01,1.000000000000000000e+00
9.104172695168296636e-01,4.136911835723843800e-01,1.000000000000000000e+00
8.893442624939468244e-01,4.572382122800957571e-01,1.000000000000000000e+00
8.667767505843143594e-01,4.986963651827605593e-01,1.000000000000000000e+00
8.472524323777289590e-01,5.311904703870560240e-01,1.000000000000000000e+00
8.262126409070408295e-01,5.633583868244202986e-01,1.000000000000000000e+00
7.943730946184391906e-01,6.074301495203577872e-01,1.000000000000000000e+00
7.652182619955688603e-01,6.437709309284482817e-01,1.000000000000000000e+00
7.301462100451936443e-01,6.832909423932385096e-01,1.000000000000000000e+00
7.058051571823814596e-01,7.084060135930198010e-01,1.000000000000000000e+00
6.681379100408632032e-01,7.440374541420796684e-01,1.000000000000000000e+00
6.358614628439827055e-01,7.718032133062873168e-01,1.000000000000000000e+00
5.990991865178542097e-01,8.006748183336637181e-01,1.000000000000000000e+00
5.611305655532666803e-01,8.277273031632284006e-01,1.000000000000000000e+00
5.224360830808775225e-01,8.526784500004152001e-01,1.000000000000000000e+00
4.754862907749233258e-01,8.797231310390246639e-01,1.000000000000000000e+00
4.418411380160251478e-01,8.970933110645200603e-01,1.000000000000000000e+00
3.949963871850875607e-01,9.186826732396384809e-01,1.000000000000000000e+00
3.513161094007125063e-01,9.362569045275696000e-01,1.000000000000000000e+00
3.022808854117264299e-01,9.532188973759924133e-01,1.000000000000000000e+00
2.541123569236676261e-01,9.671747050345653740e-01,1.000000000000000000e+00
2.069616706132415274e-01,9.783490516666207837e-01,1.000000000000000000e+00
1.649528636306754614e-01,9.863014512713847992e-01,1.000000000000000000e+00
1.231943106312658881e-01,9.923825682810470949e-01,1.000000000000000000e+00
7.903817520720993195e-02,9.968715899552531567e-01,1.000000000000000000e+00
2.595341320137633731e-02,9.996631534387964146e-01,1.000000000000000000e+00
-2.807662563188269289e-02,9.996057738394307224e-01,1.000000000000000000e+00
-8.019012917512038929e-02,9.967795860584612866e-01,1.000000000000000000e+00
-1.176343835156018897e-01,9.930569730961583685e-01,1.000000000000000000e+00
-1.707548592928649078e-01,9.853135430043951093e-01,1.000000000000000000e+00
-2.040956180436861167e-01,9.789509582687816458e-01,1.000000000000000000e+00
-2.911166508464584912e-01,9.566875642548831049e-01,1.000000000000000000e+00
-2.955143908087476401e-01,9.553382881602384691e-01,1.000000000000000000e+00
-3.433227978899289212e-01,9.392174702639591866e-01,1.000000000000000000e+00
-3.856010030553445045e-01,9.226656308992505773e-01,1.000000000000000000e+00
-4.297985482959584824e-01,9.029248074356395204e-01,1.000000000000000000e+00
-4.676580470817879864e-01,8.839094699117371334e-01,1.000000000000000000e+00
-5.201466610138570923e-01,8.540769584973801898e-01,1.000000000000000000e+00
-5.509408062648778470e-01,8.345443235635877643e-01,1.000000000000000000e+00
-5.920803007805240936e-01,8.058789719478006708e-01,1.000000000000000000e+00
-6.267540191384254333e-01,7.792171709439097427e-01,1.000000000000000000e+00
-6.627590934058245065e-01,7.488326809828010910e-01,1.000000000000000000e+00
-7.045226255083258948e-01,7.096815272689962484e-01,1.000000000000000000e+00
-7.360263251202600054e-01,6.769529147067506747e-01,1.000000000000000000e+00
0.000000000000000000e+00,0.000000000000000000e+00,1.000000000000000000e+00
0.000000000000000000e+00,0.000000000000000000e+00,1.000000000000000000e+00
0.000000000000000000e+00,0.000000000000000000e+00,1.000000000000000000e+00
0.000000000000000000e+00,0.000000000000000000e+00,1.000000000000000000e+00
0.000000000000000000e+00,0.000000000000000000e+00,1.000000000000000000e+00
0.000000000000000000e+00,0.000000000000000000e+00,1.000000000000000000e+00
0.000000000000000000e+00,0.000000000000000000e+00,1.000000000000000000e+00
0.000000000000000000e+00,0.000000000000000000e+00,1.000000000000000000e+00
0.000000000000000000e+00,0.000000000000000000e+00,1.000000000000000000e+00
0.000000000000000000e+00,0.000000000000000000e+00,1.000000000000000000e+00
0.000000000000000000e+00,0.000000000000000000e+00,1.000000000000000000e+00
0.000000000000000000e+00,0.000000000000000000e+00,1.000000000000000000e+00
0.000000000000000000e+00,0.000000000000000000e+00,1.000000000000000000e+00
0.000000000000000000e+00,0.000000000000000000e+00,1.000000000000000000e+00
0.000000000000000000e+00,0.000000000000000000e+00,1.000000000000000000e+00
0.000000000000000000e+00,0.000000000000000000e+00,1.000000000000000000e+00
0.000000000000000000e+00,0.000000000000000000e+00,1.000000000000000000e+00
0.000000000000000000e+00,0.000000000000000000e+00,1.000000000000000000e+00
0.000000000000000000e+00,0.000000000000000000e+00,1.000000000000000000e+00
0.000000000000000000e+00,0.000000000000000000e+00,1.000000000000000000e+00
0.000000000000000000e+00,0.000000000000000000e+00,1.000000000000000000e+00
0.000000000000000000e+00,0.000000000000000000e+00,1.000000000000000000e+00
0.000000000000000000e+00,0.000000000000000000e+00,1.000000000000000000e+00
0.000000000000000000e+00,0.000000000000000000e+00,1.000000000000000000e+00
0.000000000000000000e+00,0.000000000000000000e+00,1.000000000000000000e+00
0.000000000000000000e+00,0.000000000000000000e+00,1.000000000000000000e+00
0.000000000000000000e+00,0.000000000000000000e+00,1.000000000000000000e+00
0.000000000000000000e+00,0.000000000000000000e+00,1.000000000000000000e+00
0.000000000000000000e+00,0.000000000000000000e+00,1.000000000000000000e+00
0.000000000000000000e+00,0.000000000000000000e+00,1.000000000000000000e+00
0.000000000000000000e+00,0.000000000000000000e+00,1.000000000000000000e+00
0.000000000000000000e+00,0.000000000000000000e+00,1.000000000000000000e+00
0.000000000000000000e+00,0.000000000000000000e+00,1.000000000000000000e+00
0.000000000000000000e+00,0.000000000000000000e+00,1.000000000000000000e+00
0.000000000000000000e+00,0.000000000000000000e+00,1.000000000000000000e+00
0.000000000000000000e+00,0.000000000000000000e+00,1.000000000000000000e+00
0.000000000000000000e+00,0.000000000000000000e+00,1.000000000000000000e+00
0.000000000000000000e+00,0.000000000000000000e+00,1.000000000000000000e+00
0.000000000000000000e+00,0.000000000000000000e+00,1.000000000000000000e+00
0.000000000000000000e+00,0.000000000000000000e+00,1.000000000000000000e+00
0.000000000000000000e+00,0.000000000000000000e+00,1.000000000000000000e+00
0.000000000000000000e+00,0.000000000000000000e+00,1.000000000000000000e+00
0.000000000000000000e+00,0.000000000000000000e+00,1.000000000000000000e+00
0.000000000000000000e+00,0.000000000000000000e+00,1.000000000000000000e+00
0.000000000000000000e+00,0.000000000000000000e+00,1.000000000000000000e+00
0.000000000000000000e+00,0.000000000000000000e+00,1.000000000000000000e+00
0.000000000000000000e+00,0.000000000000000000e+00,1.000000000000000000e+00
0.000000000000000000e+00,0.000000000000000000e+00,1.000000000000000000e+00
0.000000000000000000e+00,0.000000000000000000e+00,1.000000000000000000e+00
0.000000000000000000e+00,0.000000000000000000e+00,1.000000000000000000e+00
0.000000000000000000e+00,0.000000000000000000e+00,1.000000000000000000e+00
0.000000000000000000e+00,0.000000000000000000e+00,1.000000000000000000e+00
0.000000000000000000e+00,0.000000000000000000e+00,1.000000000000000000e+00
0.000000000000000000e+00,0.000000000000000000e+00,1.000000000000000000e+00
0.000000000000000000e+00,0.000000000000000000e+00,1.000000000000000000e+00
0.000000000000000000e+00,0.000000000000000000e+00,1.000000000000000000e+00
0.000000000000000000e+00,0.000000000000000000e+00,1.000000000000000000e+00
0.000000000000000000e+00,0.000000000000000000e+00,1.000000000000000000e+00
0.000000000000000000e+00,0.000000000000000000e+00,1.000000000000000000e+00
0.000000000000000000e+00,0.000000000000000000e+00,1.000000000000000000e+00
0.000000000000000000e+00,0.000000000000000000e+00,1.000000000000000000e+00
0.000000000000000000e+00,0.000000000000000000e+00,1.000000000000000000e+00
0.000000000000000000e+00,0.000000000000000000e+00,1.000000000000000000e+00
0.000000000000000000e+00,0.000000000000000000e+00,1.000000000000000000e+00
0.000000000000000000e+00,0.000000000000000000e+00,1.000000000000000000e+00
0.000000000000000000e+00,0.000000000000000000e+00,1.000000000000000000e+00
0.000000000000000000e+00,0.000000000000000000e+00,1.000000000000000000e+00
0.000000000000000000e+00,0.000000000000000000e+00,1.000000000000000000e+00
0.000000000000000000e+00,0.000000000000000000e+00,1.000000000000000000e+00
0.000000000000000000e+00,0.000000000000000000e+00,1.000000000000000000e+00
0.000000000000000000e+00,0.000000000000000000e+00,1.000000000000000000e+00
0.000000000000000000e+00,0.000000000000000000e+00,1.000000000000000000e+00
0.000000000000000000e+00,0.000000000000000000e+00,1.000000000000000000e+00
0.000000000000000000e+00,0.000000000000000000e+00,1.000000000000000000e+00
0.000000000000000000e+00,0.000000000000000000e+00,1.000000000000000000e+00
0.000000000000000000e+00,0.000000000000000000e+00,1.000000000000000000e+00
0.000000000000000000e+00,0.000000000000000000e+00,1.000000000000000000e+00
0.000000000000000000e+00,0.000000000000000000e+00,1.000000000000000000e+00
0.000000000000000000e+00,0.000000000000000000e+00,1.000000000000000000e+00
0.000000000000000000e+00,0.000000000000000000e+00,1.000000000000000000e+00
0.000000000000000000e+00,0.000000000000000000e+00,1.000000000000000000e+00
0.000000000000000000e+00,0.000000000000000000e+00,1.000000000000000000e+00
0.000000000000000000e+00,0.000000000000000000e+00,1.000000000000000000e+00
0.000000000000000000e+00,0.000000000000000000e+00,1.000000000000000000e+00
0.000000000000000000e+00,0.000000000000000000e+00,1.000000000000000000e+00
0.000000000000000000e+00,0.000000000000000000e+00,1.000000000000000000e+00
0.000000000000000000e+00,0.000000000000000000e+00,1.000000000000000000e+00
0.000000000000000000e+00,0.000000000000000000e+00,1.000000000000000000e+00
0.000000000000000000e+00,0.000000000000000000e+00,1.000000000000000000e+00
0.000000000000000000e+00,0.000000000000000000e+00,1.000000000000000000e+00
0.000000000000000000e+00,0.000000000000000000e+00,1.000000000000000000e+00
0.000000000000000000e+00,0.000000000000000000e+00,1.000000000000000000e+00
0.000000000000000000e+00,0.000000000000000000e+00,1.000000000000000000e+00
0.000000000000000000e+00,0.000000000000000000e+00,1.000000000000000000e+00
0.000000000000000000e+00,0.000000000000000000e+00,1.000000000000000000e+00
0.000000000000000000e+00,0.000000000000000000e+00,1.000000000000000000e+00
0.000000000000000000e+00,0.000000000000000000e+00,1.000000000000000000e+00
0.000000000000000000e+00,0.000000000000000000e+00,1.000000000000000000e+00
0.000000000000000000e+00,0.000000000000000000e+00,1.000000000000000000e+00
0.000000000000000000e+00,0.000000000000000000e+00,1.000000000000000000e+00
0.000000000000000000e+00,0.000000000000000000e+00,1.000000000000000000e+00
0.000000000000000000e+00,0.000000000000000000e+00,1.000000000000000000e+00
0.000000000000000000e+00,0.000000000000000000e+00,1.000000000000000000e+00
0.000000000000000000e+00,0.000000000000000000e+00,1.000000000000000000e+00
0.000000000000000000e+00,0.000000000000000000e+00,1.000000000000000000e+00
0.000000000000000000e+00,0.000000000000000000e+00,1.000000000000000000e+00
0.000000000000000000e+00,0.000000000000000000e+00,1.000000000000000000e+00
0.000000000000000000e+00,0.000000000000000000e+00,1.000000000000000000e+00
0.000000000000000000e+00,0.000000000000000000e+00,1.000000000000000000e+00
0.000000000000000000e+00,0.000000000000000000e+00,1.000000000000000000e+00
0.000000000000000000e+00,0.000000000000000000e+00,1.000000000000000000e+00
0.000000000000000000e+00,0.000000000000000000e+00,1.000000000000000000e+00
0.000000000000000000e+00,0.000000000000000000e+00,1.000000000000000000e+00
0.000000000000000000e+00,0.000000000000000000e+00,1.000000000000000000e+00
0.000000000000000000e+00,0.000000000000000000e+00,1.000000000000000000e+00
0.000000000000000000e+00,0.000000000000000000e+00,1.000000000000000000e+00
0.000000000000000000e+00,0.000000000000000000e+00,1.000000000000000000e+00
0.000000000000000000e+00,0.000000000000000000e+00,1.000000000000000000e+00
0.000000000000000000e+00,0.000000000000000000e+00,1.000000000000000000e+00
0.000000000000000000e+00,0.000000000000000000e+00,1.000000000000000000e+00
0.000000000000000000e+00,0.000000000000000000e+00,1.000000000000000000e+00
0.000000000000000000e+00,0.000000000000000000e+00,1.000000000000000000e+00
0.000000000000000000e+00,0.000000000000000000e+00,1.000000000000000000e+00
0.000000000000000000e+00,0.000000000000000000e+00,1.000000000000000000e+00
0.000000000000000000e+00,0.000000000000000000e+00,1.000000000000000000e+00
0.000000000000000000e+00,0.000000000000000000e+00,1.000000000000000000e+00
0.000000000000000000e+00,0.000000000000000000e+00,1.000000000000000000e+00
0.000000000000000000e+00,0.000000000000000000e+00,1.000000000000000000e+00
0.000000000000000000e+00,0.000000000000000000e+00,1.000000000000000000e+00
0.000000000000000000e+00,0.000000000000000000e+00,1.000000000000000000e+00
0.000000000000000000e+00,0.000000000000000000e+00,1.000000000000000000e+00
0.000000000000000000e+00,0.000000000000000000e+00,1.000000000000000000e+00
0.000000000000000000e+00,0.000000000000000000e+00,1.000000000000000000e+00
0.000000000000000000e+00,0.000000000000000000e+00,1.000000000000000000e+00
0.000000000000000000e+00,0.000000000000000000e+00,1.000000000000000000e+00
0.000000000000000000e+00,0.000000000000000000e+00,1.000000000000000000e+00
0.000000000000000000e+00,0.000000000000000000e+00,1.000000000000000000e+00
0.000000000000000000e+00,0.000000000000000000e+00,1.000000000000000000e+00
0.000000000000000000e+00,0.000000000000000000e+00,1.000000000000000000e+00
0.000000000000000000e+00,0.000000000000000000e+00,1.000000000000000000e+00
0.000000000000000000e+00,0.000000000000000000e+00,1.000000000000000000e+00
0.000000000000000000e+00,0.000000000000000000e+00,1.000000000000000000e+00
0.000000000000000000e+00,0.000000000000000000e+00,1.000000000000000000e+00
0.000000000000000000e+00,0.000000000000000000e+00,1.000000000000000000e+00
0.000000000000000000e+00,0.000000000000000000e+00,1.000000000000000000e+00
0.000000000000000000e+00,0.000000000000000000e+00,1.000000000000000000e+00
0.000000000000000000e+00,0.000000000000000000e+00,1.000000000000000000e+00
0.000000000000000000e+00,0.000000000000000000e+00,1.000000000000000000e+00
0.000000000000000000e+00,0.000000000000000000e+00,1.000000000000000000e+00
0.000000000000000000e+00,0.000000000000000000e+00,1.000000000000000000e+00
0.000000000000000000e+00,0.000000000000000000e+00,1.000000000000000000e+00
0.000000000000000000e+00,0.000000000000000000e+00,1.000000000000000000e+00
0.000000000000000000e+00,0.000000000000000000e+00,1.000000000000000000e+00
0.000000000000000000e+00,0.000000000000000000e+00,1.000000000000000000e+00
0.000000000000000000e+00,0.000000000000000000e+00,1.000000000000000000e+00
0.000000000000000000e+00,0.000000000000000000e+00,1.000000000000000000e+00
0.000000000000000000e+00,0.000000000000000000e+00,1.000000000000000000e+00
0.000000000000000000e+00,0.000000000000000000e+00,1.000000000000000000e+00
0.000000000000000000e+00,0.000000000000000000e+00,1.000000000000000000e+00
0.000000000000000000e+00,0.000000000000000000e+00,1.000000000000000000e+00
0.000000000000000000e+00,0.000000000000000000e+00,1.000000000000000000e+00
0.000000000000000000e+00,0.000000000000000000e+00,1.000000000000000000e+00
0.000000000000000000e+00,0.000000000000000000e+00,1.000000000000000000e+00
0.000000000000000000e+00,0.000000000000000000e+00,1.000000000000000000e+00
