1.705429911613464355e+00,2.336606681346893311e-01,2.723334915935993195e-02
1.684600472450256348e+00,3.065298199653625488e-01,2.348526567220687866e-02
1.668950438499450684e+00,3.968130648136138916e-01,2.699352987110614777e-02
1.649250149726867676e+00,4.657266736030578613e-01,2.561943233013153076e-02
1.611827969551086426e+00,5.526435971260070801e-01,2.777659334242343903e-02
1.588180899620056152e+00,5.951561331748962402e-01,2.643985860049724579e-02
1.494715094566345215e+00,7.735396027565002441e-01,6.099242600612342358e-04
1.447127580642700195e+00,8.635540604591369629e-01,5.040179472416639328e-03
1.436084032058715820e+00,8.827997446060180664e-01,-2.427724102744832635e-04
1.436084032058715820e+00,8.827997446060180664e-01,-2.427724102744832635e-04
1.364458203315734863e+00,9.818643927574157715e-01,-7.670198101550340652e-03
1.364458203315734863e+00,9.818643927574157715e-01,-7.670198101550340652e-03
1.291275262832641602e+00,1.069360971450805664e+00,-1.501138694584369659e-02
1.244055867195129395e+00,1.129894852638244629e+00,-2.816892229020595551e-02
1.189398646354675293e+00,1.208653330802917480e+00,-3.106877952814102173e-02
1.138704657554626465e+00,1.263946175575256348e+00,-2.952306158840656281e-02
1.053162217140197754e+00,1.355196237564086914e+00,-3.122904896736145020e-02
9.707940816879272461e-01,1.413754343986511230e+00,-2.999386377632617950e-02
9.707940816879272461e-01,1.413754343986511230e+00,-2.999386377632617950e-02
8.703985214233398438e-01,1.491267681121826172e+00,-4.024838656187057495e-02
8.536907434463500977e-01,1.515290021896362305e+00,-4.310508072376251221e-02
7.157332897186279297e-01,1.587929487228393555e+00,-4.672273248434066772e-02
7.157332897186279297e-01,1.587929487228393555e+00,-4.672273248434066772e-02
4.420910477638244629e-01,1.706932544708251953e+00,-6.769904494285583496e-02
3.554202914237976074e-01,1.737263083457946777e+00,-5.104238167405128479e-02
3.049693703651428223e-01,1.754781603813171387e+00,-4.828133806586265564e-02
2.750122249126434326e-01,1.755707144737243652e+00,-4.414936155080795288e-02
2.176664173603057861e-01,1.776311039924621582e+00,-3.497160598635673523e-02
2.176664173603057861e-01,1.776311039924621582e+00,-3.497160598635673523e-02
7.751666754484176636e-02,1.805336833000183105e+00,-1.319518405944108963e-02
-3.069757251068949699e-03,1.813750624656677246e+00,-1.286709122359752655e-02
-1.046455502510070801e-01,1.806767821311950684e+00,-2.688566036522388458e-02
-1.862764060497283936e-01,1.817702412605285645e+00,-2.875236049294471741e-02
-2.824907004833221436e-01,1.798023223876953125e+00,-2.904702350497245789e-02
-3.804230690002441406e-01,1.790655374526977539e+00,-2.324852719902992249e-02
-4.504314363002777100e-01,1.769479870796203613e+00,-1.004596799612045288e-02
-4.866130948066711426e-01,1.743847727775573730e+00,-9.964267723262310028e-03
-5.721998214721679688e-01,1.721512317657470703e+00,-6.365174427628517151e-03
-6.307157278060913086e-01,1.679944038391113281e+00,7.079767063260078430e-03
-6.881639957427978516e-01,1.646680951118469238e+00,9.659077972173690796e-03
-7.841676473617553711e-01,1.592458367347717285e+00,6.980968173593282700e-03
-7.841676473617553711e-01,1.592458367347717285e+00,6.980968173593282700e-03
-8.688390254974365234e-01,1.533189654350280762e+00,1.561447745189070702e-03
-9.463047385215759277e-01,1.489293932914733887e+00,1.331307273358106613e-02
-1.044623017311096191e+00,1.395407915115356445e+00,8.087149821221828461e-03
-1.044623017311096191e+00,1.395407915115356445e+00,8.087149821221828461e-03
-1.102599740028381348e+00,1.326910257339477539e+00,-1.018482726067304611e-02
-1.170315504074096680e+00,1.262235522270202637e+00,-2.066256664693355560e-02
-1.220394253730773926e+00,1.214630365371704102e+00,-2.763403952121734619e-02
-1.265018701553344727e+00,1.158899068832397461e+00,-4.429070279002189636e-02
-1.331627249717712402e+00,1.092362761497497559e+00,-5.249249935150146484e-02
-1.349007725715637207e+00,1.044853448867797852e+00,-4.950032010674476624e-02
-1.420500159263610840e+00,9.671702384948730469e-01,-5.285712704062461853e-02
-1.463774085044860840e+00,9.045765995979309082e-01,-4.837686195969581604e-02
-1.535598754882812500e+00,7.916351556777954102e-01,-3.256230056285858154e-02
-1.569802403450012207e+00,7.237194776535034180e-01,-2.630994841456413269e-02
-1.598877310752868652e+00,6.840701699256896973e-01,-2.054023370146751404e-02
-1.629410266876220703e+00,6.093503236770629883e-01,-1.743816072121262550e-03
-1.694397926330566406e+00,3.962336182594299316e-01,1.792651228606700897e-02
-1.710468530654907227e+00,3.735090792179107666e-01,1.728155650198459625e-02
-1.710468530654907227e+00,3.735090792179107666e-01,1.728155650198459625e-02
-1.718080639839172363e+00,2.058125734329223633e-01,1.026918366551399231e-02
-1.718080639839172363e+00,2.058125734329223633e-01,1.026918366551399231e-02
-1.713665604591369629e+00,4.247414320707321167e-02,-1.680498756468296051e-02
-1.713665604591369629e+00,4.247414320707321167e-02,-1.680498756468296051e-02
-1.701582551002502441e+00,-2.393709681928157806e-02,-2.687320299446582794e-02
-1.683409214019775391e+00,-9.643145650625228882e-02,-2.635424397885799408e-02
-1.670511722564697266e+00,-1.913385242223739624e-01,-2.809649705886840820e-02
-1.644419193267822266e+00,-2.619042098522186279e-01,-2.897976152598857880e-02
-1.634882569313049316e+00,-3.070737421512603760e-01,-1.921020075678825378e-02
-1.595884442329406738e+00,-4.261407554149627686e-01,-1.225857250392436981e-02
-1.581726431846618652e+00,-4.455620944499969482e-01,-1.455008424818515778e-02
-1.535869359970092773e+00,-5.623245239257812500e-01,-3.544081002473831177e-03
-1.488747358322143555e+00,-6.782475709915161133e-01,6.468031206168234348e-04
-1.440573811531066895e+00,-7.608641982078552246e-01,-1.135347504168748856e-02
-1.436303853988647461e+00,-7.841835618019104004e-01,-1.174451783299446106e-02
-1.379086971282958984e+00,-8.691667318344116211e-01,-2.127323672175407410e-02
-1.341821551322937012e+00,-9.303399324417114258e-01,-2.984886802732944489e-02
-1.315174460411071777e+00,-1.003799438476562500e+00,-2.052439190447330475e-02
-1.251845121383666992e+00,-1.080536723136901855e+00,-3.357126563787460327e-02
-1.208020448684692383e+00,-1.131238937377929688e+00,-3.804459050297737122e-02
-1.157299995422363281e+00,-1.180154323577880859e+00,-4.384680837392807007e-02
-1.100543856620788574e+00,-1.258995890617370605e+00,-5.103361234068870544e-02
-1.046430587768554688e+00,-1.305438280105590820e+00,-4.637967795133590698e-02
-9.880335927009582520e-01,-1.349606513977050781e+00,-4.361460357904434204e-02
-9.158949851989746094e-01,-1.412167787551879883e+00,-2.462598122656345367e-02
-8.512755632400512695e-01,-1.443917393684387207e+00,-2.551156468689441681e-02
-8.131272196769714355e-01,-1.469678997993469238e+00,-1.554695982486009598e-02
-7.615352869033813477e-01,-1.482472896575927734e+00,-1.003338489681482315e-02
-6.305480003356933594e-01,-1.550725936889648438e+00,1.139500364661216736e-02
-5.615592598915100098e-01,-1.574190139770507812e+00,7.597681134939193726e-03
-4.447769522666931152e-01,-1.610416650772094727e+00,2.040575258433818817e-03
-3.973238468170166016e-01,-1.608696103096008301e+00,1.023632590658962727e-03
-3.742423355579376221e-01,-1.622729539871215820e+00,-4.090299364179372787e-03
-2.328596562147140503e-01,-1.641143441200256348e+00,-1.474282611161470413e-02
-1.649482399225234985e-01,-1.651943564414978027e+00,-2.840983867645263672e-02
-4.026859253644943237e-02,-1.655749082565307617e+00,-2.930126711726188660e-02
1.391578093171119690e-02,-1.665049433708190918e+00,-3.202627971768379211e-02
8.947452157735824585e-02,-1.659952759742736816e+00,-3.018915094435214996e-02
1.617967337369918823e-01,-1.658643603324890137e+00,-3.565905243158340454e-02
2.610414922237396240e-01,-1.651378750801086426e+00,-4.765814542770385742e-02
3.279918730258941650e-01,-1.641111135482788086e+00,-4.327578842639923096e-02
4.456324577331542969e-01,-1.613048553466796875e+00,-5.188058689236640930e-02
4.914641082286834717e-01,-1.594429612159729004e+00,-4.151679575443267822e-02
5.678244233131408691e-01,-1.581706523895263672e+00,-3.873655945062637329e-02
6.361179947853088379e-01,-1.554866790771484375e+00,-2.240631543099880219e-02
7.212719321250915527e-01,-1.515531778335571289e+00,-1.206325739622116089e-02
7.473191022872924805e-01,-1.512347698211669922e+00,-1.017699297517538071e-02
8.443564176559448242e-01,-1.451990127563476562e+00,-2.378911711275577545e-02
8.874156475067138672e-01,-1.432020187377929688e+00,-2.414768747985363007e-02
9.864318370819091797e-01,-1.379776835441589355e+00,-1.854539290070533752e-02
1.032321929931640625e+00,-1.357377886772155762e+00,-1.544993277639150620e-02
1.143408536911010742e+00,-1.276749491691589355e+00,-7.046336773782968521e-03
1.179059624671936035e+00,-1.254242420196533203e+00,-7.892194204032421112e-03
1.263172626495361328e+00,-1.180400133132934570e+00,-1.202318724244832993e-02
1.263172626495361328e+00,-1.180400133132934570e+00,-1.202318724244832993e-02
1.309041023254394531e+00,-1.122471451759338379e+00,1.596748013980686665e-03
1.374593019485473633e+00,-1.038485884666442871e+00,-1.014860579743981361e-03
1.413968920707702637e+00,-9.560543298721313477e-01,2.211223123595118523e-03
1.446901440620422363e+00,-9.012202024459838867e-01,1.284841261804103851e-02
1.489346385002136230e+00,-8.460465073585510254e-01,1.620231010019779205e-02
1.517691135406494141e+00,-7.560147047042846680e-01,1.376046985387802124e-02
1.537316322326660156e+00,-7.447757124900817871e-01,1.007435005158185959e-02
1.567449569702148438e+00,-6.263283491134643555e-01,-5.900395102798938751e-03
1.608964443206787109e+00,-5.125834345817565918e-01,-2.968046069145202637e-02
1.629227995872497559e+00,-4.635537266731262207e-01,-4.778825864195823669e-02
1.652859210968017578e+00,-3.948649168014526367e-01,-5.887144804000854492e-02
1.669183135032653809e+00,-3.478602766990661621e-01,-6.299057602882385254e-02
1.690211892127990723e+00,-2.215002328157424927e-01,-5.785250663757324219e-02
1.708713293075561523e+00,-1.436641812324523926e-01,-6.362954527139663696e-02
1.719822764396667480e+00,-3.333747386932373047e-02,-4.191090911626815796e-02
1.733929753303527832e+00,9.834949672222137451e-02,-3.698347136378288269e-02
1.743765592575073242e+00,1.268523484468460083e-01,-3.736842051148414612e-02
1.736034631729125977e+00,2.302436828613281250e-01,-2.796085551381111145e-02
1.749985933303833008e+00,2.554047107696533203e-01,-3.041673079133033752e-02
1.745156288146972656e+00,3.832535147666931152e-01,-3.723304718732833862e-02
1.719148516654968262e+00,4.786228537559509277e-01,-2.492536604404449463e-02
1.702830672264099121e+00,5.515159964561462402e-01,-1.685318164527416229e-02
1.693982958793640137e+00,6.008309721946716309e-01,-1.436501741409301758e-02
1.669401526451110840e+00,6.623979210853576660e-01,-1.862605847418308258e-02
1.630093455314636230e+00,7.771324515342712402e-01,-6.443310994654893875e-03
1.581695675849914551e+00,8.545529842376708984e-01,-7.024212391115725040e-04
1.515684008598327637e+00,9.848241806030273438e-01,2.792684920132160187e-02
1.515684008598327637e+00,9.848241806030273438e-01,2.792684920132160187e-02
1.475029706954956055e+00,1.035480260848999023e+00,3.251107409596443176e-02
1.407904624938964844e+00,1.094541788101196289e+00,4.240430891513824463e-02
1.368374586105346680e+00,1.157405734062194824e+00,5.247509852051734924e-02
1.328335762023925781e+00,1.182313084602355957e+00,4.697927087545394897e-02
1.252497196197509766e+00,1.243984341621398926e+00,4.799814894795417786e-02
1.199625253677368164e+00,1.276903629302978516e+00,3.781734406948089600e-02
1.158135414123535156e+00,1.304087519645690918e+00,3.729983419179916382e-02
1.062119007110595703e+00,1.364021182060241699e+00,6.845306139439344406e-03
1.024624109268188477e+00,1.390524387359619141e+00,-1.005602162331342697e-02
9.364021420478820801e-01,1.428768634796142578e+00,-2.772851660847663879e-02
8.562553524971008301e-01,1.478179097175598145e+00,-4.906882718205451965e-02
8.284984827041625977e-01,1.492417931556701660e+00,-5.487535521388053894e-02
7.096979022026062012e-01,1.549514770507812500e+00,-6.895909458398818970e-02
6.139242053031921387e-01,1.602598547935485840e+00,-7.794566452503204346e-02
5.256130695343017578e-01,1.633336067199707031e+00,-8.941134065389633179e-02
4.393979907035827637e-01,1.664206385612487793e+00,-8.270405232906341553e-02
3.239154219627380371e-01,1.693472623825073242e+00,-7.350112497806549072e-02
2.299106568098068237e-01,1.710198283195495605e+00,-7.301902770996093750e-02
1.744748651981353760e-01,1.735558152198791504e+00,-6.577160209417343140e-02
8.554372936487197876e-02,1.753031730651855469e+00,-6.387990713119506836e-02
-6.336970627307891846e-02,1.787079572677612305e+00,-4.284381866455078125e-02
-1.450767219066619873e-01,1.791483283042907715e+00,-3.621755912899971008e-02
-2.485028952360153198e-01,1.797175168991088867e+00,-2.737629227340221405e-02
-3.275235295295715332e-01,1.787433505058288574e+00,-8.426349610090255737e-03
-4.405901432037353516e-01,1.771914005279541016e+00,2.063889522105455399e-03
-4.837825000286102295e-01,1.761627554893493652e+00,-1.360183232463896275e-03
-5.378326177597045898e-01,1.729458808898925781e+00,4.469560924917459488e-03
-6.034830212593078613e-01,1.679816007614135742e+00,1.172347925603389740e-02
-6.267150640487670898e-01,1.675093531608581543e+00,1.383522618561983109e-02
-7.027776241302490234e-01,1.619624614715576172e+00,2.233830094337463379e-02
-7.502250671386718750e-01,1.572838306427001953e+00,3.274296969175338745e-02
-8.072819709777832031e-01,1.504216551780700684e+00,3.700391203165054321e-02
-8.469073176383972168e-01,1.456600069999694824e+00,2.955532632768154144e-02
-8.939257860183715820e-01,1.415826678276062012e+00,3.406956419348716736e-02
-9.488770961761474609e-01,1.348694920539855957e+00,2.036108262836933136e-02
-9.944896697998046875e-01,1.295872926712036133e+00,9.056464768946170807e-03
-1.039254188537597656e+00,1.245215058326721191e+00,-9.938779287040233612e-03
-1.099013328552246094e+00,1.186631202697753906e+00,-2.765478566288948059e-02
-1.188050031661987305e+00,1.100432753562927246e+00,-5.239363014698028564e-02
-1.225613951683044434e+00,1.064565658569335938e+00,-3.713911026716232300e-02
-1.287874221801757812e+00,1.008698344230651855e+00,-4.375297576189041138e-02
-1.350707769393920898e+00,9.518213868141174316e-01,-5.223461985588073730e-02
-1.412161231040954590e+00,8.700307011604309082e-01,-6.011956930160522461e-02
-1.467797398567199707e+00,8.098944425582885742e-01,-5.693592503666877747e-02
-1.551179766654968262e+00,7.024266719818115234e-01,-6.245174631476402283e-02
-1.577733993530273438e+00,6.913982033729553223e-01,-6.618746370077133179e-02
-1.596543908119201660e+00,6.395786404609680176e-01,-7.012466341257095337e-02
-1.675926923751831055e+00,5.291737318038940430e-01,-5.513399466872215271e-02
-1.727759122848510742e+00,4.385379254817962646e-01,-5.201235413551330566e-02
-1.755997061729431152e+00,3.655938208103179932e-01,-3.906672075390815735e-02
-1.772687315940856934e+00,2.927337884902954102e-01,-1.844362728297710419e-02
-1.800028204917907715e+00,1.734552681446075439e-01,9.184901136904954910e-04
-1.803742885589599609e+00,1.283341050148010254e-01,8.286594529636204243e-04
-1.799017548561096191e+00,5.588331818580627441e-02,1.722473278641700745e-02
-1.799530625343322754e+00,1.157286018133163452e-02,2.672887593507766724e-02
-1.777452349662780762e+00,-1.013198643922805786e-01,4.663845151662826538e-02
-1.750018715858459473e+00,-1.694921702146530151e-01,4.256978258490562439e-02
-1.700043797492980957e+00,-2.557074129581451416e-01,4.171174764633178711e-02
-1.674957275390625000e+00,-3.256888687610626221e-01,4.583805799484252930e-02
-1.636040210723876953e+00,-3.937446177005767822e-01,3.327190130949020386e-02
-1.591353774070739746e+00,-4.832585155963897705e-01,1.818384416401386261e-02
-1.553077101707458496e+00,-5.470421314239501953e-01,1.845352165400981903e-02
-1.512662649154663086e+00,-6.044800877571105957e-01,-9.241811931133270264e-04
-1.489850878715515137e+00,-6.537837982177734375e-01,3.001003933604806662e-04
-1.418854832649230957e+00,-7.581806778907775879e-01,-2.865800261497497559e-02
-1.374278068542480469e+00,-8.219372034072875977e-01,-4.014587402343750000e-02
-1.322625041007995605e+00,-9.141713380813598633e-01,-5.584464594721794128e-02
-1.277922868728637695e+00,-9.799946546554565430e-01,-6.370774656534194946e-02
-1.215249776840209961e+00,-1.082816839218139648e+00,-7.585617154836654663e-02
-1.183688998222351074e+00,-1.121209740638732910e+00,-7.587788999080657959e-02
-1.147118926048278809e+00,-1.194703340530395508e+00,-6.818327307701110840e-02
-1.102644443511962891e+00,-1.262412190437316895e+00,-6.622891128063201904e-02
-1.006321907043457031e+00,-1.391230225563049316e+00,-6.182642281055450439e-02
-1.006321907043457031e+00,-1.391230225563049316e+00,-6.182642281055450439e-02
-9.377226829528808594e-01,-1.480555176734924316e+00,-5.607424676418304443e-02
-9.106833934783935547e-01,-1.515551447868347168e+00,-4.793300479650497437e-02
-8.907679319381713867e-01,-1.525451540946960449e+00,-4.307352751493453979e-02
-8.048154711723327637e-01,-1.589659333229064941e+00,-1.247169915586709976e-02
-7.316544055938720703e-01,-1.642288088798522949e+00,1.126689463853836060e-02
-6.756588220596313477e-01,-1.665720582008361816e+00,1.956938393414020538e-02
-6.055582165718078613e-01,-1.679020166397094727e+00,3.580167889595031738e-02
-5.223593711853027344e-01,-1.699576735496520996e+00,3.525831922888755798e-02
-4.971448183059692383e-01,-1.694122195243835449e+00,4.114369675517082214e-02
-3.848727643489837646e-01,-1.699565410614013672e+00,2.863942272961139679e-02
-2.637599706649780273e-01,-1.701329350471496582e+00,1.607637107372283936e-02
-2.130601704120635986e-01,-1.685776352882385254e+00,1.393935875967144966e-03
-1.491205394268035889e-01,-1.694960713386535645e+00,-7.902928628027439117e-03
-4.570107907056808472e-02,-1.680887222290039062e+00,-4.168802127242088318e-02
3.092929534614086151e-02,-1.671890854835510254e+00,-5.901825800538063049e-02
1.618945598602294922e-01,-1.656231641769409180e+00,-6.814915686845779419e-02
2.142785042524337769e-01,-1.654142260551452637e+00,-7.784147560596466064e-02
2.952212691307067871e-01,-1.638705730438232422e+00,-8.722718805074691772e-02
4.322784841060638428e-01,-1.614299416542053223e+00,-7.921889424324035645e-02
4.946830570697784424e-01,-1.613224864006042480e+00,-6.536979973316192627e-02
5.758626461029052734e-01,-1.592329025268554688e+00,-6.608933210372924805e-02
6.537054181098937988e-01,-1.570241093635559082e+00,-6.280192732810974121e-02
7.082827091217041016e-01,-1.561631321907043457e+00,-5.154393985867500305e-02
8.371868729591369629e-01,-1.530089020729064941e+00,-4.192093014717102051e-02
9.038760066032409668e-01,-1.502927660942077637e+00,-3.184168413281440735e-02
1.012825131416320801e+00,-1.457321405410766602e+00,-2.522980235517024994e-02
1.040321826934814453e+00,-1.427204132080078125e+00,-2.072772011160850525e-02
1.100015401840209961e+00,-1.385489225387573242e+00,-1.890423707664012909e-02
1.172346949577331543e+00,-1.338656067848205566e+00,-9.710870683193206787e-03
1.221295475959777832e+00,-1.298403263092041016e+00,-5.222215317189693451e-03
1.260212302207946777e+00,-1.247159600257873535e+00,-8.106955327093601227e-03
1.321696996688842773e+00,-1.179863929748535156e+00,-7.232841104269027710e-03
1.357310295104980469e+00,-1.124575972557067871e+00,1.085869967937469482e-02
1.386046886444091797e+00,-1.060818433761596680e+00,2.218156494200229645e-02
1.432425975799560547e+00,-9.844026565551757812e-01,5.226271599531173706e-02
1.454057812690734863e+00,-9.138932824134826660e-01,6.317903101444244385e-02
1.475045919418334961e+00,-8.424887657165527344e-01,6.987787783145904541e-02
1.496869206428527832e+00,-7.462375164031982422e-01,7.821881026029586792e-02
1.516058802604675293e+00,-6.788845062255859375e-01,6.998288631439208984e-02
1.538774490356445312e+00,-6.088905334472656250e-01,6.880446523427963257e-02
1.562032699584960938e+00,-5.097194314002990723e-01,4.799475148320198059e-02
1.579921960830688477e+00,-4.407941102981567383e-01,3.952749446034431458e-02
1.596081137657165527e+00,-3.685700595378875732e-01,1.325682830065488815e-02
1.624273896217346191e+00,-2.717348933219909668e-01,-5.954263731837272644e-03
1.638311624526977539e+00,-1.968259662389755249e-01,-1.938398741185665131e-02
1.654481172561645508e+00,-1.216341853141784668e-01,-3.681936115026473999e-02
1.677653789520263672e+00,-2.317530103027820587e-02,-6.011889874935150146e-02
1.695450544357299805e+00,5.642269179224967957e-02,-6.586039811372756958e-02
1.699882388114929199e+00,1.348699331283569336e-01,-7.836627960205078125e-02
1.706764817237854004e+00,2.381293326616287231e-01,-7.600539177656173706e-02
1.720113754272460938e+00,3.239562213420867920e-01,-8.228260278701782227e-02
1.702632904052734375e+00,4.473817944526672363e-01,-8.459544926881790161e-02
1.703144669532775879e+00,5.005575418472290039e-01,-7.592975348234176636e-02
1.680763244628906250e+00,5.752946734428405762e-01,-6.803068518638610840e-02
1.664907217025756836e+00,6.550783514976501465e-01,-3.992926329374313354e-02
1.635629892349243164e+00,7.519333958625793457e-01,-2.568927407264709473e-02
1.624708414077758789e+00,7.735151648521423340e-01,-2.416706643998622894e-02
1.624708414077758789e+00,7.735151648521423340e-01,-2.416706643998622894e-02
1.605105519294738770e+00,8.232682943344116211e-01,-1.059736590832471848e-02
1.491511464118957520e+00,9.923982024192810059e-01,-5.150638520717620850e-03
1.433854699134826660e+00,1.055601596832275391e+00,-4.398427903652191162e-03
1.367519736289978027e+00,1.125455021858215332e+00,8.578010834753513336e-03
1.313392281532287598e+00,1.162882804870605469e+00,1.829431019723415375e-02
1.253974556922912598e+00,1.200426340103149414e+00,2.015172876417636871e-02
1.159119486808776855e+00,1.268878817558288574e+00,1.631580293178558350e-02
1.115062713623046875e+00,1.288261175155639648e+00,1.254766620695590973e-02
1.058273315429687500e+00,1.332175612449645996e+00,1.353595964610576630e-02
9.661109447479248047e-01,1.380923032760620117e+00,9.029935114085674286e-03
8.997211456298828125e-01,1.418537259101867676e+00,1.011037640273571014e-02
8.326415419578552246e-01,1.451843738555908203e+00,-3.386205760762095451e-03
7.293566465377807617e-01,1.513070106506347656e+00,-1.818566583096981049e-02
6.875420212745666504e-01,1.542333126068115234e+00,-2.408058941364288330e-02
6.238054633140563965e-01,1.572773456573486328e+00,-2.578132040798664093e-02
5.814391374588012695e-01,1.597134709358215332e+00,-3.493636101484298706e-02
4.648880362510681152e-01,1.648436784744262695e+00,-4.386628046631813049e-02
3.928199112415313721e-01,1.671965718269348145e+00,-5.407759547233581543e-02
3.013255298137664795e-01,1.709562778472900391e+00,-6.942380219697952271e-02
2.290731519460678101e-01,1.729632973670959473e+00,-7.033650577068328857e-02
1.480283141136169434e-01,1.739790439605712891e+00,-7.084690779447555542e-02
4.595532640814781189e-02,1.746240973472595215e+00,-6.360989809036254883e-02
-2.960421517491340637e-02,1.749016284942626953e+00,-5.851142853498458862e-02
-1.026718616485595703e-01,1.760637283325195312e+00,-4.541270807385444641e-02
-2.039325386285781860e-01,1.744258642196655273e+00,-4.083701968193054199e-02
-2.799071669578552246e-01,1.726005673408508301e+00,-2.736336365342140198e-02
-3.527952432632446289e-01,1.715749502182006836e+00,-1.076657418161630630e-02
-4.482949972152709961e-01,1.699266791343688965e+00,-3.152217715978622437e-03
-5.185270905494689941e-01,1.677033066749572754e+00,5.211413837969303131e-03
-5.883151292800903320e-01,1.647958159446716309e+00,9.764702059328556061e-03
-6.797711253166198730e-01,1.617921710014343262e+00,1.370693277567625046e-02
-7.809362411499023438e-01,1.564008474349975586e+00,2.625706978142261505e-02
-8.024827241897583008e-01,1.550240516662597656e+00,2.267395518720149994e-02
-8.728955388069152832e-01,1.490694403648376465e+00,1.558443251997232437e-02
-9.394457936286926270e-01,1.460866689682006836e+00,3.868347732350230217e-03
-9.900010824203491211e-01,1.419244766235351562e+00,7.125746458768844604e-03
-1.052222728729248047e+00,1.357448101043701172e+00,-5.975329317152500153e-03
-1.094686985015869141e+00,1.307933211326599121e+00,-1.963079161942005157e-02
-1.145488619804382324e+00,1.256073117256164551e+00,-3.110212460160255432e-02
-1.217298030853271484e+00,1.192723155021667480e+00,-4.169712588191032410e-02
-1.262407898902893066e+00,1.137516736984252930e+00,-5.107283964753150940e-02
-1.307366728782653809e+00,1.076857566833496094e+00,-5.070609226822853088e-02
-1.376564621925354004e+00,9.989432096481323242e-01,-3.795819729566574097e-02
-1.422661066055297852e+00,9.343832135200500488e-01,-3.939602524042129517e-02
-1.468147993087768555e+00,8.693318367004394531e-01,-4.294897243380546570e-02
-1.533002376556396484e+00,7.802631258964538574e-01,-3.080180287361145020e-02
-1.607462048530578613e+00,6.390522122383117676e-01,-3.354066610336303711e-02
-1.668278932571411133e+00,4.927095174789428711e-01,-1.783850975334644318e-02
-1.668278932571411133e+00,4.927095174789428711e-01,-1.783850975334644318e-02
-1.690596222877502441e+00,4.172554016113281250e-01,-1.445062831044197083e-02
-1.706515550613403320e+00,3.684752583503723145e-01,-1.766052097082138062e-02
-1.745998501777648926e+00,1.529903858900070190e-01,-1.614444144070148468e-02
-1.755329012870788574e+00,1.066077277064323425e-01,-1.234717667102813721e-02
-1.762703657150268555e+00,5.604103952646255493e-02,-1.531083229929208755e-02
-1.762703657150268555e+00,5.604103952646255493e-02,-1.531083229929208755e-02
-1.763584136962890625e+00,-1.849203556776046753e-02,-9.844523854553699493e-03
-1.760555744171142578e+00,-1.336200982332229614e-01,-1.506894361227750778e-02
-1.750369906425476074e+00,-1.771280318498611450e-01,-2.226235345005989075e-02
-1.740509033203125000e+00,-2.527810335159301758e-01,-1.928465440869331360e-02
-1.721969127655029297e+00,-3.206357359886169434e-01,-2.125838771462440491e-02
-1.680431723594665527e+00,-4.309830665588378906e-01,-6.781929172575473785e-03
-1.680431723594665527e+00,-4.309830665588378906e-01,-6.781929172575473785e-03
-1.633989691734313965e+00,-5.389602780342102051e-01,2.938607474789023399e-03
-1.603968977928161621e+00,-5.781684517860412598e-01,5.673140403814613819e-04
-1.529599428176879883e+00,-7.243300676345825195e-01,-2.389634028077125549e-03
-1.529599428176879883e+00,-7.243300676345825195e-01,-2.389634028077125549e-03
-1.465346455574035645e+00,-8.222630620002746582e-01,-1.105016656219959259e-02
-1.423396706581115723e+00,-8.848943114280700684e-01,-2.198576461523771286e-03
-1.380625009536743164e+00,-9.404081106185913086e-01,-4.356971010565757751e-03
-1.332221984863281250e+00,-1.027786970138549805e+00,-1.404906343668699265e-02
-1.289088606834411621e+00,-1.074451088905334473e+00,-2.115630917251110077e-02
-1.224327325820922852e+00,-1.140018105506896973e+00,-2.868409454822540283e-02
-1.185179114341735840e+00,-1.198532938957214355e+00,-3.146295994520187378e-02
-1.093706130981445312e+00,-1.273371219635009766e+00,-2.642620168626308441e-02
-1.066594123840332031e+00,-1.301974654197692871e+00,-2.593877539038658142e-02
-1.013660550117492676e+00,-1.350228190422058105e+00,-2.926702238619327545e-02
-9.637099504470825195e-01,-1.402660608291625977e+00,-2.101297304034233093e-02
-8.783002495765686035e-01,-1.451304078102111816e+00,-1.601253449916839600e-02
-8.198126554489135742e-01,-1.488805532455444336e+00,-2.696188166737556458e-03
-8.015368580818176270e-01,-1.507195711135864258e+00,1.920188224175944924e-04
-6.644658446311950684e-01,-1.564496755599975586e+00,-8.760985219851136208e-04
-5.908171534538269043e-01,-1.588146567344665527e+00,-8.962050080299377441e-03
-5.162607431411743164e-01,-1.609437227249145508e+00,-1.705501601099967957e-02
-4.186714887619018555e-01,-1.645309209823608398e+00,-2.863973006606101990e-02
-3.960136473178863525e-01,-1.646780371665954590e+00,-3.381959721446037292e-02
-2.702032923698425293e-01,-1.669045209884643555e+00,-4.385975003242492676e-02
-1.906939595937728882e-01,-1.674862265586853027e+00,-5.077598616480827332e-02
-8.512161672115325928e-02,-1.697343468666076660e+00,-5.773844942450523376e-02
-4.721661098301410675e-03,-1.704144120216369629e+00,-5.728850141167640686e-02
7.457965612411499023e-02,-1.700900793075561523e+00,-6.112305819988250732e-02
2.266716659069061279e-01,-1.682299256324768066e+00,-5.791310593485832214e-02
2.519974112510681152e-01,-1.674242019653320312e+00,-5.008999630808830261e-02
3.516682684421539307e-01,-1.664254903793334961e+00,-3.353215754032135010e-02
4.210658073425292969e-01,-1.642176151275634766e+00,-2.753671444952487946e-02
4.638489484786987305e-01,-1.631854891777038574e+00,-2.214926853775978088e-02
5.759407877922058105e-01,-1.588800072669982910e+00,-1.388812717050313950e-02
6.420270204544067383e-01,-1.568167209625244141e+00,-1.135156862437725067e-02
6.946058273315429688e-01,-1.537608265876770020e+00,-8.515331894159317017e-03
7.791119217872619629e-01,-1.501090049743652344e+00,1.228890847414731979e-02
8.662598729133605957e-01,-1.439929485321044922e+00,2.448764443397521973e-02
8.773419260978698730e-01,-1.425149917602539062e+00,2.941542863845825195e-02
9.250321984291076660e-01,-1.384574055671691895e+00,2.644081600010395050e-02
1.008365035057067871e+00,-1.318256020545959473e+00,2.825214527547359467e-02
1.038854479789733887e+00,-1.287255525588989258e+00,1.704861223697662354e-02
1.100543737411499023e+00,-1.220021486282348633e+00,1.846339553594589233e-02
1.146357536315917969e+00,-1.170692443847656250e+00,1.059842295944690704e-02
1.185345768928527832e+00,-1.119134068489074707e+00,-3.517294302582740784e-03
1.244484782218933105e+00,-1.048490405082702637e+00,-9.160731919109821320e-03
1.289297580718994141e+00,-9.877667427062988281e-01,-2.006239444017410278e-02
1.330161452293395996e+00,-9.289419651031494141e-01,-2.156458236277103424e-02
1.394948959350585938e+00,-8.503859043121337891e-01,-2.467888593673706055e-02
1.435127258300781250e+00,-7.877777218818664551e-01,-2.686747536063194275e-02
1.467136383056640625e+00,-7.237364053726196289e-01,-3.293898701667785645e-02
1.519770503044128418e+00,-6.335949301719665527e-01,-2.561639249324798584e-02
1.606099247932434082e+00,-4.973248541355133057e-01,-3.478332981467247009e-02
1.606099247932434082e+00,-4.973248541355133057e-01,-3.478332981467247009e-02
1.637227654457092285e+00,-4.037564396858215332e-01,-1.791930198669433594e-02
1.659802436828613281e+00,-3.339051604270935059e-01,-2.820645458996295929e-02
1.686035752296447754e+00,-2.187718600034713745e-01,-2.414606139063835144e-02
1.700053811073303223e+00,-1.653376072645187378e-01,-2.808325178921222687e-02
1.711117744445800781e+00,-9.438517689704895020e-02,-2.005554176867008209e-02
1.723403930664062500e+00,2.172872610390186310e-02,-5.979262292385101318e-03
1.725276827812194824e+00,6.557069718837738037e-02,-2.088381210342049599e-03
1.721804976463317871e+00,8.912488073110580444e-02,2.462857402861118317e-03
1.721817970275878906e+00,2.009698152542114258e-01,1.247669849544763565e-02
1.719935655593872070e+00,2.857649922370910645e-01,1.083515118807554245e-02
1.704169511795043945e+00,3.491944074630737305e-01,2.039000578224658966e-02
1.692196369171142578e+00,4.166018664836883545e-01,9.948793798685073853e-03
1.667754173278808594e+00,5.029474496841430664e-01,3.926555626094341278e-03
1.640814423561096191e+00,5.679098367691040039e-01,-8.682362735271453857e-03
1.642586469650268555e+00,5.919041633605957031e-01,-1.577754132449626923e-02
1.598830342292785645e+00,6.814482808113098145e-01,-2.151464484632015228e-02
1.553442597389221191e+00,7.953643202781677246e-01,-1.487806346267461777e-02
1.513415932655334473e+00,8.622779250144958496e-01,-2.640336193144321442e-02
1.477087616920471191e+00,9.558773636817932129e-01,-2.981171384453773499e-02
1.433324456214904785e+00,1.017364621162414551e+00,-3.927626088261604309e-02
1.382342696189880371e+00,1.082242727279663086e+00,-5.014500766992568970e-02
1.327861309051513672e+00,1.169700741767883301e+00,-5.708268284797668457e-02
1.273240208625793457e+00,1.216158628463745117e+00,-5.858560651540756226e-02
1.220754265785217285e+00,1.272667884826660156e+00,-7.921041548252105713e-02
1.143494129180908203e+00,1.349190592765808105e+00,-6.779717653989791870e-02
1.090639352798461914e+00,1.408803701400756836e+00,-5.151802301406860352e-02
1.029625177383422852e+00,1.460997223854064941e+00,-3.983573988080024719e-02
9.786077737808227539e-01,1.484356403350830078e+00,-2.233419567346572876e-02
8.693246841430664062e-01,1.555063366889953613e+00,7.213168311864137650e-03
8.244168758392333984e-01,1.585522413253784180e+00,9.241961874067783356e-03
7.151718139648437500e-01,1.647793531417846680e+00,1.066819392144680023e-02
6.424245834350585938e-01,1.673765897750854492e+00,1.848215796053409576e-02
5.363405942916870117e-01,1.706933498382568359e+00,1.782103069126605988e-02
5.363405942916870117e-01,1.706933498382568359e+00,1.782103069126605988e-02
4.247110784053802490e-01,1.734167337417602539e+00,-2.294401405379176140e-03
3.564064502716064453e-01,1.736192464828491211e+00,-6.472068838775157928e-03
2.720612287521362305e-01,1.746542692184448242e+00,-2.846223860979080200e-02
2.465747296810150146e-01,1.743693709373474121e+00,-3.213866800069808960e-02
1.502839028835296631e-01,1.730373859405517578e+00,-4.588696360588073730e-02
2.927595563232898712e-02,1.723329901695251465e+00,-3.235589712858200073e-02
4.369270522147417068e-03,1.727095007896423340e+00,-3.515883535146713257e-02
-1.194032356142997742e-01,1.710014581680297852e+00,-3.145947307348251343e-02
-2.196238934993743896e-01,1.688232064247131348e+00,-1.143003441393375397e-02
-2.952947020530700684e-01,1.673805832862854004e+00,-1.211625058203935623e-02
-4.221602976322174072e-01,1.647346019744873047e+00,-3.232265124097466469e-03
-4.711664915084838867e-01,1.640588521957397461e+00,-6.631953176110982895e-03
-5.458543896675109863e-01,1.615999817848205566e+00,1.201108098030090332e-03
-6.670079827308654785e-01,1.577719211578369141e+00,2.312679076567292213e-03
-7.163746953010559082e-01,1.570691347122192383e+00,-2.833589678630232811e-03
-7.865104675292968750e-01,1.548989057540893555e+00,-4.006728064268827438e-03
-8.397066593170166016e-01,1.516460180282592773e+00,-6.655437871813774109e-03
-9.165081381797790527e-01,1.467990636825561523e+00,-1.169776171445846558e-02
-9.732272028923034668e-01,1.441669106483459473e+00,-2.007027529180049896e-02
-1.025951862335205078e+00,1.404256820678710938e+00,-2.196261100471019745e-02
-1.090185284614562988e+00,1.340344786643981934e+00,-1.886866055428981781e-02
-1.106810927391052246e+00,1.330179333686828613e+00,-1.756985299289226532e-02
-1.165366649627685547e+00,1.260717391967773438e+00,-2.692930027842521667e-02
-1.237190365791320801e+00,1.171440482139587402e+00,-3.505324572324752808e-02
-1.278442621231079102e+00,1.108363747596740723e+00,-3.981604054570198059e-02
-1.328270912170410156e+00,1.052816510200500488e+00,-3.143728151917457581e-02
-1.391848564147949219e+00,9.647051692008972168e-01,-1.463154982775449753e-02
-1.427271485328674316e+00,8.874810934066772461e-01,5.819482263177633286e-03
-1.473762869834899902e+00,8.273783326148986816e-01,2.248907927423715591e-03
-1.516120195388793945e+00,7.321516871452331543e-01,1.254827901721000671e-02
-1.559157967567443848e+00,6.677914261817932129e-01,1.137399859726428986e-02
-1.589592337608337402e+00,5.943574905395507812e-01,1.818470284342765808e-02
-1.595965623855590820e+00,5.439747571945190430e-01,7.397857494652271271e-03
-1.639836072921752930e+00,4.277159869670867920e-01,-5.561229190789163113e-04
-1.646636843681335449e+00,3.537184298038482666e-01,-1.148589421063661575e-02
-1.673820853233337402e+00,2.609191536903381348e-01,-1.111402641981840134e-02
-1.679194569587707520e+00,1.891522705554962158e-01,-2.436516433954238892e-02
-1.687328100204467773e+00,1.208544671535491943e-01,-3.220177441835403442e-02
-1.691613197326660156e+00,2.501064538955688477e-02,-4.781081900000572205e-02
-1.688716769218444824e+00,-9.332262724637985229e-02,-5.824758112430572510e-02
-1.688716769218444824e+00,-9.332262724637985229e-02,-5.824758112430572510e-02
-1.669097423553466797e+00,-2.155391722917556763e-01,-3.585846722126007080e-02
-1.670343518257141113e+00,-2.905743122100830078e-01,-2.343946136534214020e-02
-1.656436920166015625e+00,-3.637675046920776367e-01,-1.443368755280971527e-02
-1.632094502449035645e+00,-4.568772017955780029e-01,1.071416656486690044e-03
-1.610520243644714355e+00,-5.268423557281494141e-01,9.083009324967861176e-03
-1.598828792572021484e+00,-6.000050306320190430e-01,1.620727404952049255e-02
-1.564916014671325684e+00,-6.861670613288879395e-01,1.863422803580760956e-02
-1.531803011894226074e+00,-7.512550354003906250e-01,1.310521829873323441e-02
-1.518215775489807129e+00,-7.934855818748474121e-01,1.328713819384574890e-02
-1.484712481498718262e+00,-8.507326245307922363e-01,8.706838823854923248e-03
-1.431551098823547363e+00,-9.486933350563049316e-01,-3.711181227117776871e-03
-1.375087261199951172e+00,-1.045221686363220215e+00,-2.592974342405796051e-02
-1.349220991134643555e+00,-1.081158638000488281e+00,-3.191381320357322693e-02
-1.309270739555358887e+00,-1.135534763336181641e+00,-3.070072457194328308e-02
-1.257350087165832520e+00,-1.182747840881347656e+00,-4.204972088336944580e-02
-1.160309433937072754e+00,-1.222995638847351074e+00,-6.818432360887527466e-02
-1.100156188011169434e+00,-1.275593400001525879e+00,-5.839395895600318909e-02
-9.744367599487304688e-01,-1.260232090950012207e+00,-1.922647841274738312e-02
-7.810586094856262207e-01,-1.185817837715148926e+00,-3.172424912918359041e-04
-6.426362395286560059e-01,-1.100002646446228027e+00,-3.013220056891441345e-02
-5.085643529891967773e-01,-1.015727162361145020e+00,-3.682979568839073181e-02
-3.264368176460266113e-01,-9.045976400375366211e-01,-7.389792799949645996e-02
-1.921738982200622559e-01,-8.171586394309997559e-01,-1.145112365484237671e-01
6.108230724930763245e-02,-6.517305970191955566e-01,-1.864214092493057251e-01
1.322607547044754028e-01,-5.848240852355957031e-01,-2.036255449056625366e-01
2.782247364521026611e-01,-5.073645114898681641e-01,-2.554116845130920410e-01
4.409686923027038574e-01,-4.262353479862213135e-01,-2.979284226894378662e-01
6.458419561386108398e-01,-3.349939286708831787e-01,-2.982643246650695801e-01
8.214755058288574219e-01,-2.672925293445587158e-01,-3.100642859935760498e-01
9.842004776000976562e-01,-2.133664488792419434e-01,-3.042983412742614746e-01
1.179109573364257812e+00,-1.608228236436843872e-01,-2.709722518920898438e-01
1.395200729370117188e+00,-1.301043033599853516e-01,-1.805148124694824219e-01
1.464120030403137207e+00,-1.324890851974487305e-01,-1.276552677154541016e-01
1.519780755043029785e+00,-1.754149198532104492e-01,-7.982291281223297119e-02
1.533286452293395996e+00,-2.618745565414428711e-01,6.714361906051635742e-02
1.500294804573059082e+00,-2.691057324409484863e-01,1.201748326420783997e-01
1.432981133460998535e+00,-3.470487296581268311e-01,2.070461362600326538e-01
1.314777731895446777e+00,-3.781185150146484375e-01,3.046397566795349121e-01
1.194083809852600098e+00,-4.017376005649566650e-01,3.890338838100433350e-01
1.020617246627807617e+00,-4.365628063678741455e-01,4.205329716205596924e-01
9.043437242507934570e-01,-4.864214658737182617e-01,3.730526268482208252e-01
7.925639748573303223e-01,-5.079250335693359375e-01,3.367039561271667480e-01
6.189359426498413086e-01,-5.292415618896484375e-01,2.116867452859878540e-01
4.906947314739227295e-01,-5.301718711853027344e-01,7.589408755302429199e-02
3.990471363067626953e-01,-5.216723084449768066e-01,-4.299169033765792847e-02
3.387872278690338135e-01,-5.174583196640014648e-01,-1.044937670230865479e-01
1.990495324134826660e-01,-4.713786542415618896e-01,-3.297301828861236572e-01
2.014513015747070312e-01,-4.683800637722015381e-01,-3.297103047370910645e-01
6.369572132825851440e-02,-4.008868038654327393e-01,-4.306853115558624268e-01
2.903789095580577850e-02,-3.693588972091674805e-01,-4.266655743122100830e-01
-5.172851495444774628e-03,-3.300814628601074219e-01,-4.506840109825134277e-01
-3.729106113314628601e-02,-2.033323198556900024e-01,-3.706818819046020508e-01
-3.476933017373085022e-02,-1.597725450992584229e-01,-3.398959040641784668e-01
-1.478143036365509033e-02,-1.194052472710609436e-01,-2.943702936172485352e-01
7.727508991956710815e-02,-2.061507105827331543e-02,-1.384278684854507446e-01
1.435588449239730835e-01,2.828061953186988831e-02,-4.547350108623504639e-02
2.151579558849334717e-01,7.811723649501800537e-02,6.567638367414474487e-02
3.087557852268218994e-01,1.255420744419097900e-01,1.626957505941390991e-01
3.739889264106750488e-01,1.454796493053436279e-01,2.206749022006988525e-01
4.539539813995361328e-01,1.668773293495178223e-01,2.760353088378906250e-01
4.885112643241882324e-01,1.578281670808792114e-01,2.893984615802764893e-01
5.167332291603088379e-01,1.457159519195556641e-01,2.844759225845336914e-01
5.272961258888244629e-01,1.202935427427291870e-01,2.500822544097900391e-01
5.414245724678039551e-01,9.560028463602066040e-02,2.162197977304458618e-01
5.308263301849365234e-01,6.743741035461425781e-02,1.720032393932342529e-01
4.883023202419281006e-01,3.091165050864219666e-02,1.253264993429183960e-01
4.568474888801574707e-01,4.555498249828815460e-03,9.380422532558441162e-02
4.161211252212524414e-01,-3.021421842277050018e-02,4.656815901398658752e-02
3.693329989910125732e-01,-6.911034137010574341e-02,2.732275985181331635e-02
3.157968223094940186e-01,-9.779300540685653687e-02,1.020024879835546017e-03
2.858124971389770508e-01,-1.120720431208610535e-01,-1.718232966959476471e-02
2.041128724813461304e-01,-1.467564404010772705e-01,-5.868937820196151733e-02
1.555812507867813110e-01,-1.576180011034011841e-01,-7.147058099508285522e-02
1.072132289409637451e-01,-1.640644222497940063e-01,-8.177357167005538940e-02
6.475713849067687988e-02,-1.647745370864868164e-01,-9.786558151245117188e-02
3.715378046035766602e-02,-1.638912111520767212e-01,-9.154696017503738403e-02
-2.016490697860717773e-02,-1.479366272687911987e-01,-7.647600024938583374e-02
-5.632196739315986633e-02,-1.159878969192504883e-01,-6.393091380596160889e-02
-7.921941578388214111e-02,-7.979345321655273438e-02,-2.887704595923423767e-02
-8.576680719852447510e-02,-6.807772815227508545e-02,-1.876088790595531464e-02
-8.497072011232376099e-02,1.714164973236620426e-04,3.036111779510974884e-02
-8.037482947111129761e-02,1.630933396518230438e-02,4.165263846516609192e-02
-6.878139078617095947e-02,4.713702574372291565e-02,5.074945092201232910e-02
-6.672883033752441406e-02,5.645944923162460327e-02,5.428557097911834717e-02
-3.706863895058631897e-02,1.116000264883041382e-01,8.034233003854751587e-02
-1.790301129221916199e-02,1.233970001339912415e-01,7.690577954053878784e-02
-9.740755194798111916e-04,1.374939531087875366e-01,8.229462057352066040e-02
1.140164863318204880e-02,1.463976502418518066e-01,7.948035001754760742e-02
3.117896802723407745e-02,1.493095606565475464e-01,7.470604777336120605e-02
4.400809481739997864e-02,1.499059200286865234e-01,5.813334882259368896e-02
5.980798229575157166e-02,1.526092290878295898e-01,4.777563363313674927e-02
7.672096043825149536e-02,1.480899453163146973e-01,2.994813770055770874e-02
7.996621727943420410e-02,1.359207183122634888e-01,1.240266766399145126e-02
8.712419122457504272e-02,1.294167041778564453e-01,2.793943509459495544e-03
8.359641581773757935e-02,1.172229275107383728e-01,-1.766869612038135529e-02
7.522135227918624878e-02,1.002166569232940674e-01,-1.179117057472467422e-02
7.826932519674301147e-02,9.027948975563049316e-02,-7.291984278708696365e-03
6.837971508502960205e-02,8.225969225168228149e-02,3.858635318465530872e-04
5.824633315205574036e-02,6.490491330623626709e-02,-3.883194411173462868e-03
3.651554509997367859e-02,5.225025117397308350e-02,6.323377136141061783e-03
1.848935894668102264e-02,4.132274165749549866e-02,1.097851525992155075e-02
-7.221376290544867516e-04,3.567539900541305542e-02,7.431794423609972000e-03
-1.818084344267845154e-02,2.885434776544570923e-02,5.249978043138980865e-03
-3.588356822729110718e-02,2.313551306724548340e-02,1.255818991921842098e-03
-5.666206404566764832e-02,2.271751686930656433e-02,-5.828346591442823410e-03
-7.961662858724594116e-02,2.447826974093914032e-02,-5.845321342349052429e-03
-8.786134421825408936e-02,2.739031054079532623e-02,-6.774614565074443817e-03
-1.031718552112579346e-01,3.799526020884513855e-02,-2.685510786250233650e-03
-1.078466102480888367e-01,4.064617305994033813e-02,5.634713452309370041e-04
-1.178525835275650024e-01,5.352345854043960571e-02,-7.294288836419582367e-03
-1.260010749101638794e-01,6.466696411371231079e-02,-5.247326567769050598e-03
-1.323077380657196045e-01,7.331843674182891846e-02,-1.022012718021869659e-02
-1.352886706590652466e-01,8.261669427156448364e-02,-1.024348661303520203e-02
-1.396993398666381836e-01,1.003855764865875244e-01,-1.293562538921833038e-02
-1.345782279968261719e-01,1.152486056089401245e-01,-2.349983900785446167e-02
-1.298633366823196411e-01,1.187986806035041809e-01,-2.690294012427330017e-02
-1.225483119487762451e-01,1.249279677867889404e-01,-2.136452682316303253e-02
-1.092428490519523621e-01,1.240313425660133362e-01,-2.230755425989627838e-02
-9.102305024862289429e-02,1.269442141056060791e-01,-7.269813679158687592e-03
-8.265272527933120728e-02,1.182022988796234131e-01,-3.446943592280149460e-03
-6.684602051973342896e-02,1.144304722547531128e-01,-5.263539031147956848e-03
-5.348683521151542664e-02,1.099849790334701538e-01,-5.031418986618518829e-03
-3.952333703637123108e-02,9.620651602745056152e-02,7.508262060582637787e-04
-3.743545711040496826e-02,8.982168883085250854e-02,-6.443886552006006241e-03
-3.473601117730140686e-02,8.154447376728057861e-02,-8.635221049189567566e-03
-2.847404405474662781e-02,6.866772472858428955e-02,4.331088624894618988e-03
-3.382314741611480713e-02,6.463485211133956909e-02,-3.851489396765828133e-03
-4.714928194880485535e-02,4.962498694658279419e-02,-4.087197594344615936e-03
-4.969604313373565674e-02,4.928745701909065247e-02,-9.441211586818099022e-04
-5.727885663509368896e-02,4.427775368094444275e-02,6.788311526179313660e-03
-6.168027594685554504e-02,4.273746907711029053e-02,-1.016162801533937454e-03
-8.154845982789993286e-02,4.172848537564277649e-02,1.088888384401798248e-02
-9.157031029462814331e-02,4.128603637218475342e-02,8.898412808775901794e-03
-1.082410663366317749e-01,3.927496448159217834e-02,3.555309260264039040e-03
-1.259173452854156494e-01,4.491638764739036560e-02,6.617702078074216843e-03
-1.376390457153320312e-01,4.794304445385932922e-02,4.309409298002719879e-03
-1.496994346380233765e-01,5.375612899661064148e-02,5.554771516472101212e-03
-1.641578823328018188e-01,6.086716428399085999e-02,-8.228261023759841919e-03
-1.756558567285537720e-01,6.432136148214340210e-02,-5.943362787365913391e-02
-1.833390742540359497e-01,7.172449678182601929e-02,-8.265586197376251221e-02
-1.798359900712966919e-01,7.333209365606307983e-02,-1.413480341434478760e-01
-1.855189800262451172e-01,8.950077742338180542e-02,-1.855628192424774170e-01
-1.861730664968490601e-01,9.082178771495819092e-02,-2.008840888738632202e-01
-1.838461607694625854e-01,9.220215678215026855e-02,-2.554662227630615234e-01
-1.797072142362594604e-01,9.508332610130310059e-02,-2.968071699142456055e-01
-1.693817973136901855e-01,8.768420666456222534e-02,-3.385280966758728027e-01
-1.671998351812362671e-01,9.229142963886260986e-02,-3.990029990673065186e-01
-1.549323797225952148e-01,8.233875781297683716e-02,-4.375207424163818359e-01
-1.481729149818420410e-01,7.867425680160522461e-02,-4.745891392230987549e-01
-1.329750865697860718e-01,6.737668812274932861e-02,-5.154156684875488281e-01
-1.244559213519096375e-01,5.986442789435386658e-02,-5.300564765930175781e-01
-1.182625740766525269e-01,5.427384003996849060e-02,-5.447514057159423828e-01
-1.004550307989120483e-01,4.147922247648239136e-02,-5.812621116638183594e-01
-9.598518162965774536e-02,1.034059077501296997e-01,-5.937876701354980469e-01
-8.441054821014404297e-02,8.513499051332473755e-02,-6.568800806999206543e-01
-7.021662592887878418e-02,6.655591726303100586e-02,-7.118516564369201660e-01
-7.295456528663635254e-02,5.182125419378280640e-02,-7.122419476509094238e-01
-7.130433619022369385e-02,3.882452473044395447e-02,-7.433623671531677246e-01
-6.070671975612640381e-02,1.787297427654266357e-02,-7.821119427680969238e-01
-4.700539633631706238e-02,-2.539858222007751465e-02,-8.222614526748657227e-01
-5.308984220027923584e-02,-3.320117294788360596e-02,-8.243150711059570312e-01
-5.718595907092094421e-02,-5.069157481193542480e-02,-8.603320717811584473e-01
-7.251071929931640625e-02,-3.406488895416259766e-02,-9.110555648803710938e-01
-4.037350416183471680e-02,-1.547294203191995621e-02,-9.189728498458862305e-01
-5.852156877517700195e-02,-8.695004507899284363e-04,-9.415038824081420898e-01
-7.175529748201370239e-02,-8.519979892298579216e-04,-9.697954654693603516e-01
-5.375707894563674927e-02,-5.304648354649543762e-02,-1.003521203994750977e+00
-4.016512259840965271e-02,-2.395041659474372864e-02,-1.021066427230834961e+00
-7.002059370279312134e-02,8.520366996526718140e-02,-9.814291596412658691e-01
-9.194903075695037842e-02,9.472453594207763672e-02,-9.297600984573364258e-01
-9.276694059371948242e-02,1.250482797622680664e-01,-8.391534090042114258e-01
-7.002355903387069702e-02,1.395413428544998169e-01,-7.663887739181518555e-01
-8.469691127538681030e-02,1.286764293909072876e-01,-6.862317323684692383e-01
-4.480826109647750854e-02,1.765202581882476807e-01,-5.814377069473266602e-01
-1.620374061167240143e-02,1.938852518796920776e-01,-5.197744369506835938e-01
