9.485438963734117435e-01,-8.965631370613236228e-02,-7.165345202078850229e-04
9.548237693302824569e-01,-1.013041862403989690e-01,4.787066036263804003e-03
9.564758815473761722e-01,-1.107562432160656696e-01,6.102913121839546873e-03
9.616391954063047143e-01,-1.156852342729142724e-01,1.282926228431982563e-02
9.694624532797665450e-01,-1.273482018881403888e-01,2.062501377207738573e-02
9.758328722886886464e-01,-1.196733692360785056e-01,2.227392209579253171e-02
9.873367620754397445e-01,-1.266370881439383145e-01,7.647233746368071322e-03
9.841030498154137440e-01,-1.328779157095087426e-01,7.421661449021912937e-03
9.822492357645686845e-01,-1.360657869126874753e-01,-3.803760768381264645e-03
9.788725531095979759e-01,-1.291648780300718447e-01,-2.291638241842718082e-03
9.720321424791608100e-01,-1.385955116404443688e-01,4.185795613855385761e-03
9.797217576751964252e-01,-1.414905867924806104e-01,1.111937519308286298e-02
9.715169284674253225e-01,-1.337662172541399241e-01,9.418443397963733449e-03
9.587583967319512901e-01,-1.449211003306538070e-01,1.017731237831526886e-02
9.587583967319512901e-01,-1.449211003306538070e-01,1.017731237831526886e-02
9.531181140536025831e-01,-1.501715642914009108e-01,1.368826823103955551e-02
9.448037910192019773e-01,-1.470764640974555060e-01,1.606178047318038149e-02
9.377846164668869333e-01,-1.490401503201149169e-01,1.133098626638937012e-02
9.315451891038769583e-01,-1.467037192691400815e-01,1.543958069704064705e-02
9.253111332943738665e-01,-1.470461606742345384e-01,1.357053614304497974e-02
9.158619607513869276e-01,-1.477349174228444473e-01,-7.148903875139098196e-03
9.134375684822292341e-01,-1.377874877392120945e-01,-1.653116238282780620e-02
9.045939244142106039e-01,-1.405137695511948503e-01,-1.993440041209982791e-02
8.862560760346342992e-01,-1.271453946167319660e-01,-2.835375802362163564e-02
8.862560760346342992e-01,-1.271453946167319660e-01,-2.835375802362163564e-02
8.916859913531920423e-01,-1.322806754834795206e-01,-2.048529017983218015e-02
8.913645237076455174e-01,-1.282999541115078523e-01,-6.078414729556280705e-03
8.893032333284082158e-01,-1.224616734947773650e-01,-3.805743494721236519e-03
8.872317293794135251e-01,-1.263506656385699756e-01,1.509801273978235610e-02
8.900885541171743576e-01,-1.191531479130798349e-01,1.726623262735285311e-02
8.881204787543132140e-01,-1.216992276342097473e-01,3.450444267746438642e-02
8.849325968573783507e-01,-1.381679529591858246e-01,2.236534801867389247e-02
8.849325968573783507e-01,-1.381679529591858246e-01,2.236534801867389247e-02
8.882993924230616622e-01,-1.362644385403482539e-01,8.582299377068371149e-03
8.811314732879159672e-01,-1.494087585382269934e-01,-2.521258006074545560e-03
8.780825500141163920e-01,-1.514392909137878829e-01,-1.987263183533809208e-03
8.821827501247234693e-01,-1.518491201603428542e-01,-1.662734702706242934e-03
8.771902332491808840e-01,-1.601576377534625895e-01,4.970491680997545306e-03
8.769048861811552520e-01,-1.623342056277923551e-01,-2.202508839790617845e-03
8.699894075792733439e-01,-1.571859840430075705e-01,-9.691220548982096283e-03
8.722883787196393790e-01,-1.631622334203653713e-01,-1.362681083732881007e-02
8.593583507738287164e-01,-1.532113801452099910e-01,1.892348087962078887e-03
8.593583507738287164e-01,-1.532113801452099910e-01,1.892348087962078887e-03
8.547611300170618875e-01,-1.547469101468930686e-01,6.281335782237771823e-03
8.466846359112669695e-01,-1.502567864283794186e-01,-6.374979294679027075e-04
8.452191145580365550e-01,-1.387517722466010683e-01,-3.839038358407400459e-03
8.381130728963069876e-01,-1.417474736133314539e-01,-1.221332609033634262e-02
8.377420155448520589e-01,-1.372941854499392378e-01,-1.599768315743952882e-02
8.338019214685720160e-01,-1.274054477327712653e-01,-1.661837600578065788e-02
8.338019214685720160e-01,-1.274054477327712653e-01,-1.661837600578065788e-02
8.296152226635598037e-01,-1.244660938364660213e-01,-1.205166040413165052e-02
8.359584795332490881e-01,-1.125996222093115506e-01,-9.528664671156403948e-03
8.370328693376891671e-01,-1.071089849913885172e-01,-3.910673941746999754e-04
8.448245603653730118e-01,-1.039289584504699132e-01,1.239176032249415804e-02
8.412410615850794970e-01,-9.630564933518935555e-02,1.955270273364467098e-02
8.412410615850794970e-01,-9.630564933518935555e-02,1.955270273364467098e-02
8.440210998554822375e-01,-9.088943632126553207e-02,1.754640567939887499e-02
8.443445118806711669e-01,-8.338859539291915146e-02,2.274321282913964459e-02
8.458649068085912770e-01,-8.790176696817338098e-02,1.770029736688912697e-02
8.397138466605320595e-01,-8.865784921662590856e-02,1.611557436146844949e-02
8.441448466027084985e-01,-7.936694824716269969e-02,1.590446061609478157e-02
8.466906548295289880e-01,-8.373423752619094107e-02,9.362913738390925278e-03
8.534374682271157475e-01,-7.500915165555002706e-02,-2.301098005040141600e-02
8.507708475746617038e-01,-7.825249028513930893e-02,-2.444220834918566301e-02
8.507708475746617038e-01,-7.825249028513930893e-02,-2.444220834918566301e-02
8.500581874650559033e-01,-7.866203586553120741e-02,-2.826829085910264466e-02
8.503308497578084824e-01,-7.437249447028991545e-02,-3.970903473565820518e-02
8.557060493185989491e-01,-7.518138074660980774e-02,-3.682404615219281308e-02
8.555163628365797246e-01,-7.412851004808521105e-02,-2.590190002729617080e-02
8.514105715044518741e-01,-6.494029765473524618e-02,-1.714020482066244341e-02
8.590393376800545822e-01,-6.495113260315124593e-02,9.523636197714964446e-03
8.590393376800545822e-01,-6.495113260315124593e-02,9.523636197714964446e-03
8.642026789796312114e-01,-5.112578779395181294e-02,2.379505758981358479e-02
8.662043861833003122e-01,-5.608465331578121882e-02,3.918749885747611905e-02
8.648868003137111238e-01,-5.410399681294358887e-02,4.216790744842306010e-02
8.755264198374403950e-01,-4.962565408425702318e-02,4.493000033726902293e-02
8.776819288595705260e-01,-5.754357699948440402e-02,2.782191968561876366e-02
8.791010777387034958e-01,-5.884790347713221570e-02,1.538115453398111038e-02
8.921796382999667152e-01,-5.431174225111661674e-02,5.230374216407436549e-03
8.906540427452569464e-01,-6.402241395218077891e-02,-4.342412918141878853e-03
8.895368295564786143e-01,-5.980261141905881400e-02,-1.107991719490507981e-02
8.957156321548067623e-01,-6.354702047382912444e-02,-2.119270905797530566e-02
8.982879938312600121e-01,-6.663449328558891660e-02,-2.869140886409579996e-02
8.976527067692584572e-01,-6.582742017731553485e-02,-3.539074014536502943e-02
8.935660663235673873e-01,-6.559118666553942489e-02,-4.603594711634266534e-02
9.031514379265416226e-01,-6.240678087128327667e-02,-6.162205546361068653e-02
9.031514379265416226e-01,-6.240678087128327667e-02,-6.162205546361068653e-02
9.015875387176003342e-01,-5.230859146699131518e-02,-5.119046563646689058e-02
9.037223045078303096e-01,-5.167869972070490703e-02,-4.156364000306483897e-02
9.041220692804986525e-01,-4.521588090818081523e-02,-3.500051369703668924e-02
9.167364871556761274e-01,-4.437228717146052270e-02,-2.080292576691806714e-02
9.210704129824204278e-01,-3.768023253950191637e-02,-1.474094354136411961e-02
9.182344101581179086e-01,-3.429781663457792673e-02,-7.835812544725335310e-03
9.268208809219843358e-01,-2.911582973409423264e-02,1.171948493726922974e-03
9.317101435961469003e-01,-2.860750505926829695e-02,9.392709866455857537e-03
9.248153097586695459e-01,-2.798011174747283211e-02,1.241513102335019270e-02
9.345968098361649989e-01,-2.912329472915996600e-02,1.759729286791170133e-02
9.326423952523792416e-01,-2.928223909257788790e-02,2.177540413759282423e-02
9.336325210055961277e-01,-3.163832819883240222e-02,1.614680329036161793e-02
9.273403638393279413e-01,-3.728478828329553907e-02,2.315823964554267894e-03
9.239641072787140308e-01,-4.074465106418326960e-02,3.394111619172725247e-04
9.332866047598979975e-01,-4.215354642399675444e-02,-1.380216889059472304e-02
9.269457407022185791e-01,-5.044926993948025545e-02,-1.649373824536105523e-02
9.235149293952710225e-01,-5.570958297655125707e-02,-1.656016495573736300e-02
9.213137069617810537e-01,-6.144015266799411623e-02,-8.898588080373494996e-03
9.207604345871535090e-01,-7.254825302042414159e-02,-1.023626084501283104e-02
9.207604345871535090e-01,-7.254825302042414159e-02,-1.023626084501283104e-02
9.153740795288690668e-01,-7.230136734821766831e-02,-2.298279103295710821e-03
9.153740795288690668e-01,-7.230136734821766831e-02,-2.298279103295710821e-03
9.186644641011993961e-01,-8.029547132311712354e-02,5.092414357250387227e-03
9.137473732736534071e-01,-8.287816943221670840e-02,4.780126299897598935e-03
9.122139955541062051e-01,-7.164085495007854743e-02,3.916272797719253657e-03
9.190077931017872626e-01,-7.661658958371912742e-02,-1.875540648791140796e-03
9.183820582628313689e-01,-7.376014012977120948e-02,1.143463222565979133e-02
9.151585165143745204e-01,-6.969414590831235490e-02,1.582480868164918425e-02
9.208399724400370134e-01,-7.370588193141766609e-02,1.134470871085559163e-02
9.249966305633823271e-01,-7.726493695152480967e-02,-4.337025438529640980e-03
9.274579425332486471e-01,-7.849643845167618428e-02,-1.974726821474119542e-02
9.292302723896972427e-01,-8.119634228997502090e-02,-1.588037809755400015e-02
9.290494498132138013e-01,-8.538057533932071064e-02,-1.657652316885468644e-02
9.327718178250439252e-01,-9.062278886959002078e-02,-1.182863651187976081e-02
9.341084781125075232e-01,-8.899583294479956885e-02,-1.049916396442859140e-04
9.441426336793259377e-01,-8.677009845069499905e-02,-1.240270434451795634e-03
9.441426336793259377e-01,-8.677009845069499905e-02,-1.240270434451795634e-03
9.457016182672666194e-01,-9.148179371202992682e-02,5.793795688063724941e-03
9.470233101058417313e-01,-9.630093334033308639e-02,2.525261496388077342e-03
9.480127216163002357e-01,-9.320393834679931155e-02,7.616226122270603610e-03
9.590620698538765421e-01,-9.184424455441819735e-02,2.411921221953106098e-03
9.591109514728766161e-01,-9.406645700269555821e-02,2.238485312007116451e-03
9.593543156999311261e-01,-9.614590417268197020e-02,5.923433571267950129e-03
9.551102351055708040e-01,-9.786238764887723873e-02,1.635610755375446063e-02
9.574824278835809555e-01,-9.556944944810308318e-02,2.110272706804337817e-02
9.636393866111775397e-01,-1.010787740164696830e-01,1.475097705870646869e-02
9.628784323694058456e-01,-9.934370387450933149e-02,1.331192686654485147e-02
9.616786861047404988e-01,-9.634413774075277492e-02,7.419899348925319826e-03
9.615170636145887739e-01,-1.016417080474224244e-01,3.869654113474618740e-03
9.605566624311351331e-01,-9.902869411712535153e-02,-2.798278145057729246e-02
9.605566624311351331e-01,-9.902869411712535153e-02,-2.798278145057729246e-02
9.609465352706839658e-01,-9.850333318068626998e-02,-4.624828515755405323e-02
9.609465352706839658e-01,-9.850333318068626998e-02,-4.624828515755405323e-02
9.613480536847802682e-01,-9.620079785286769769e-02,-5.288916280143425575e-02
9.553941183172783846e-01,-8.782281425795931962e-02,-5.755493154911332093e-02
9.637398604222373599e-01,-9.120631230322220895e-02,-4.853901329820178162e-02
9.589596958717960806e-01,-8.338625082870508576e-02,-4.036185270355412136e-02
9.570891943920079026e-01,-7.433613399556965318e-02,-2.518715918131160872e-02
9.541254983042307680e-01,-6.607865437852614154e-02,-1.842284799014676233e-02
9.573000758254510689e-01,-6.073590296091856827e-02,-6.989589236101847319e-03
9.611518997009662613e-01,-4.991484934374497417e-02,9.087464857096713006e-03
9.595674182623984416e-01,-4.773656349432248841e-02,1.971995644073289145e-02
9.573571409661425502e-01,-4.380838783774981121e-02,1.449478914689910844e-02
9.684873550480872506e-01,-5.226126123623903164e-02,1.129868196617368065e-02
9.677849671807944310e-01,-5.484876328818320129e-02,1.447639379875889643e-02
9.653679764510536554e-01,-6.081922115070587109e-02,1.264430694784918902e-02
9.681172552741008630e-01,-6.512380490497712837e-02,1.155468318111590315e-02
9.724580351486402652e-01,-8.011804998073498996e-02,-7.806949111135268182e-04
9.628373201043010088e-01,-8.900717466350678564e-02,-9.142505298074414533e-03
9.556589932238604979e-01,-9.850964342593850065e-02,2.718258367971225845e-03
9.508035386525592880e-01,-1.130185304184210954e-01,-1.315420119716946556e-02
9.581270025454103889e-01,-1.238942397153819652e-01,-1.712769669707174189e-02
9.437338434567845713e-01,-1.322957554867082164e-01,-2.063304576594613901e-02
9.437338434567845713e-01,-1.322957554867082164e-01,-2.063304576594613901e-02
9.429740155668049351e-01,-1.249585610423372545e-01,-2.099722524373838148e-02
9.429740155668049351e-01,-1.249585610423372545e-01,-2.099722524373838148e-02
9.420232331715356899e-01,-1.219200416799156583e-01,-1.512803694108657421e-02
9.398408679904857177e-01,-1.189648762109259406e-01,-1.545721618809811973e-02
9.401221143894149535e-01,-1.127582370161766268e-01,-1.285330824703141347e-02
9.435025638147743754e-01,-1.095072284415506136e-01,4.328809047511732698e-03
9.437437656405269770e-01,-1.022823820927836469e-01,2.067428021710737002e-03
9.470642028836456783e-01,-8.969662541424999747e-02,5.457399620851488206e-03
9.622104927618333470e-01,-9.131987652322902382e-02,-2.477717479502664077e-03
9.611482622966139866e-01,-8.379623653871257072e-02,-3.082588212202502786e-03
9.632167441512046180e-01,-8.341888092390037368e-02,-1.479191862033215482e-02
9.638161824079291007e-01,-7.853212417516683419e-02,-2.153627384513709386e-02
9.717040714711007166e-01,-7.882145450793666408e-02,-2.586964424507206747e-02
9.694974607580829629e-01,-8.648652108915814984e-02,-3.851760076722704484e-02
9.688315266199994946e-01,-9.157488095431948194e-02,-3.803154624794012617e-02
9.654449954513996124e-01,-9.589123681994921045e-02,-3.791001013071130382e-02
9.673168373200129455e-01,-1.044772146722671713e-01,-2.421548935036477862e-02
9.627797369781437853e-01,-1.077415688364228852e-01,-1.920090624127693962e-02
9.659866056146680924e-01,-1.036207239605255320e-01,-1.501744150417722024e-02
9.619678620616233244e-01,-1.124745771185209631e-01,1.928186465282409959e-03
9.557152570863149954e-01,-1.187774594830812297e-01,1.827796709205441530e-02
9.490038915649788853e-01,-1.242912028341208591e-01,2.527073663793113698e-02
9.404250336202119032e-01,-1.335161668692495252e-01,4.069455340594198278e-02
9.401259661963861092e-01,-1.438782019358637310e-01,4.477308385826803822e-02
9.352414541231962586e-01,-1.494835050242798724e-01,4.626550377946029441e-02
9.253564737213170188e-01,-1.525736095539452497e-01,4.070592007608249407e-02
9.150500906534499990e-01,-1.589373981434677452e-01,3.314416579639749283e-02
9.123200051768481922e-01,-1.562995557799560231e-01,2.424945314992364709e-02
9.033944761865636552e-01,-1.641860323383551590e-01,1.505046667229905169e-02
8.925694619345849734e-01,-1.655050808916665450e-01,4.406223444210349838e-04
8.942502937629857040e-01,-1.646108590194840238e-01,-8.980130064242634880e-03
8.843159974335447204e-01,-1.555542131009569617e-01,-2.268909886549057980e-02
8.840306547638782098e-01,-1.530330552275808997e-01,-3.003638319460769091e-02
8.788192803777933326e-01,-1.494408684650144203e-01,-3.847330340038677965e-02
8.850763321000245654e-01,-1.364526444051919474e-01,-4.692079192680420618e-02
8.839600678039644110e-01,-1.294426670175250482e-01,-3.664386636280057841e-02
8.878815967305733192e-01,-1.134081814912276942e-01,-2.750841358669311662e-02
8.882049276398918947e-01,-1.051019846159419735e-01,-1.237469312790540066e-02
9.012743043680403465e-01,-9.868119905957462024e-02,1.396600452798910791e-03
9.144547980222735850e-01,-8.006654889340600323e-02,2.446361277115807753e-02
9.255087043446312833e-01,-6.424413632978376310e-02,3.737931075441312118e-02
9.255087043446312833e-01,-6.424413632978376310e-02,3.737931075441312118e-02
9.255087043446312833e-01,-6.424413632978376310e-02,3.737931075441312118e-02
9.411829085987183374e-01,-5.751629689166960768e-02,1.810888663985071520e-02
9.411829085987183374e-01,-5.751629689166960768e-02,1.810888663985071520e-02
9.514344998813942800e-01,-5.547441817106378570e-02,2.434256566213762601e-03
9.553092578098415499e-01,-6.058855932591396265e-02,-2.468959727619745442e-03
9.547997648200868825e-01,-6.275940920115688493e-02,-6.290709827483080552e-03
9.501345107651515409e-01,-5.967229198101288434e-02,-2.310815348971598931e-02
9.574056661675534041e-01,-6.945760767053729690e-02,-2.967756955730162585e-02
9.547592419797852337e-01,-7.234565320674213318e-02,-3.925057735626129307e-02
9.506482249730564549e-01,-7.452039906949130266e-02,-4.134109062000237977e-02
9.417586014338222844e-01,-7.329565578595637065e-02,-4.113884028408826277e-02
9.373781620874270804e-01,-6.910209528245125910e-02,-5.086674409611224162e-02
9.292786673821546994e-01,-7.196911074671875908e-02,-4.782768193634175102e-02
9.346921062409294656e-01,-6.277313554082118718e-02,-3.608188196736111797e-02
9.342645281607920849e-01,-6.942747249747110994e-02,-2.699892624038691125e-02
9.304203448706622748e-01,-6.577036778400037476e-02,-1.455064535034208788e-02
9.389269321210317321e-01,-6.418487058380871468e-02,9.547079224742625533e-03
9.415596249849922383e-01,-6.969602001533375946e-02,1.898603021788764986e-02
9.420620426911093803e-01,-7.354960811436211943e-02,1.867032521498844869e-02
9.407455742180991232e-01,-6.739676652954203206e-02,9.307046884961932970e-03
9.452552447736370933e-01,-7.779873989195777717e-02,8.705283582723896338e-03
9.392290165052818995e-01,-6.833531133613379716e-02,1.158279634308701476e-02
9.498767303472815948e-01,-7.639412891767555225e-02,1.292103056057789662e-03
9.383285534353440482e-01,-7.922923141011939396e-02,-5.075613315295678107e-03
9.384590793109326423e-01,-7.253696697044184627e-02,-1.266831106091441742e-02
9.518898456322612001e-01,-7.639926220733184170e-02,-2.905343688367491295e-02
9.485033247124833311e-01,-8.056619277585147509e-02,-3.192473397347833641e-02
9.505378559716880504e-01,-8.209786270505287087e-02,-3.616074474715871845e-02
9.529883672683843177e-01,-7.870855653010941366e-02,-3.827669723797701151e-02
9.490825517982488524e-01,-8.030049265963300209e-02,-2.479685201613940002e-02
9.468794636500138528e-01,-6.567897812000439428e-02,-2.908047754558845330e-02
9.487552574200419642e-01,-5.307335798070193789e-02,-1.501885117200323951e-02
9.447320054242031029e-01,-5.400639056181241737e-02,-1.119403374720182552e-02
9.442568660260751701e-01,-5.224181937869643716e-02,-2.539840681337657974e-03
9.450810644297810148e-01,-5.114815714736912350e-02,3.215974075325176568e-03
9.412553203773266208e-01,-4.690574834697161521e-02,1.346494920276264211e-02
9.398332728784976053e-01,-4.601550853329827023e-02,1.310107046054687432e-02
9.370701656800829449e-01,-4.076561602879077983e-02,1.363230133477120153e-02
9.342891145929422825e-01,-4.974614046927155336e-02,8.797673669995769580e-03
9.365776330117310255e-01,-4.412220346072619898e-02,8.152676666055139187e-03
9.361911257761353911e-01,-5.535879767459384038e-02,9.587788826961977928e-04
9.365660780327952351e-01,-6.174809935025712959e-02,-3.213173726511652645e-03
9.314432934406338127e-01,-6.756036616956064000e-02,-1.254069688620820799e-02
9.395827101064453402e-01,-6.481972095256320621e-02,-7.222192078280245675e-03
9.361861542480265364e-01,-7.249119377087875904e-02,-4.917559886341710262e-03
9.388673610866007380e-01,-7.536140823798656574e-02,4.307459958177750278e-03
9.412457615144216305e-01,-7.524271493236679709e-02,8.889462292088264050e-03
9.454138275753334320e-01,-7.469995457352089641e-02,1.027881838063167408e-02
9.523793523439156861e-01,-7.472613702234508215e-02,1.869674725144065616e-02
9.548108120102943852e-01,-7.637566465820920525e-02,2.746334929667907515e-02
9.631344445471553550e-01,-8.106145075296036784e-02,7.584310497045197025e-03
9.605044272162807095e-01,-8.093449538183776493e-02,-6.384540150634471223e-04
9.528693600551932930e-01,-8.410073449557561864e-02,-6.872753739325665467e-04
9.547298783902725683e-01,-8.137148866954634074e-02,-1.753497990219824235e-02
9.566038157088089244e-01,-9.186630379586750716e-02,-2.178403619349954592e-02
9.524312675188469912e-01,-8.654066769425268479e-02,-2.656352120790406862e-02
9.448877637271715368e-01,-8.959900755285357676e-02,-3.554213475586513737e-02
9.391558103934312118e-01,-9.865786391765615782e-02,-3.071970282200084043e-02
9.446677872047746227e-01,-1.005392823383250700e-01,-2.319398151731274019e-02
9.445255268246917080e-01,-9.214618352791208167e-02,-2.208862294156911307e-02
9.465804822346265412e-01,-8.937721927716803239e-02,-1.122330877684562730e-02
9.403251723844155974e-01,-8.899911190310733078e-02,-9.740139797238010072e-03
9.422569453521237870e-01,-1.016329072710366183e-01,-3.968381287040478184e-03
9.436922725223158004e-01,-9.863539011556909930e-02,3.677781697108377379e-02
9.405448950990002999e-01,-8.821951885481868483e-02,4.160313561735456966e-02
9.484149441806374314e-01,-9.494422594475740440e-02,4.185477531806334334e-02
9.379039321603473978e-01,-8.674748363220913250e-02,3.891054114431152094e-02
9.480142184470506939e-01,-9.445498480052169632e-02,3.664021675688486357e-02
9.484635254498170465e-01,-9.480269550681871826e-02,3.653638741002160351e-02
9.373507476894824553e-01,-9.634982612558878889e-02,-1.945224345375173164e-02
9.399412129536501848e-01,-1.014620779626855818e-01,-3.383708063355196638e-02
9.381919782028562693e-01,-9.980790903105588030e-02,-4.859564389270099732e-02
9.444669930397360247e-01,-1.014281949329604027e-01,-5.443328825729408516e-02
9.441755110989905608e-01,-1.015793308905290626e-01,-5.610242964970807433e-02
9.443820954562508474e-01,-9.700349399387951654e-02,-5.053414967249386658e-02
9.461869452782927237e-01,-1.001651063223956972e-01,-4.214272695956614023e-02
9.552041595353871761e-01,-9.803368897206617139e-02,-2.621703501741578374e-02
9.533255525617259085e-01,-8.895615862935857265e-02,-1.261275215222179211e-02
9.562015515978323776e-01,-7.995651738823902899e-02,5.053639625641537236e-03
9.469916712484771626e-01,-6.966955694010870670e-02,2.502688826494962535e-02
9.522237544317225799e-01,-6.665274476651629476e-02,2.472163764042353135e-02
9.572272676867089602e-01,-6.463203634213837701e-02,2.431356306944468942e-02
9.524277373201417429e-01,-5.929402844843478793e-02,2.048934874597215655e-02
9.487520216046203547e-01,-5.784421260431797662e-02,1.749145765506315842e-02
9.507146765605931638e-01,-5.682461690699101842e-02,5.236080318919845988e-03
9.476910058428767991e-01,-5.979880431060931312e-02,-1.048370759428693400e-02
9.477767574669870854e-01,-6.217660898822869459e-02,-2.770027435229849982e-02
9.477818399503676883e-01,-6.228806406366198256e-02,-2.848399856250508413e-02
9.439757869440841276e-01,-6.497875964845771513e-02,-6.910633648032074583e-02
9.381739367953786379e-01,-6.590960651769271761e-02,-7.180470442837162681e-02
9.425275629448298664e-01,-6.970815405483915539e-02,-6.143205787412177321e-02
9.457587790467838484e-01,-6.897434152176781796e-02,-3.661543583759886006e-02
9.457398108597373509e-01,-6.886875548926424395e-02,-1.368290504517529274e-02
9.396985764735457103e-01,-6.959307660894625824e-02,-2.560369202759964907e-03
9.443929313771359801e-01,-6.908607197887974005e-02,2.791707707227823049e-02
9.415721064427107212e-01,-6.849898299608857266e-02,3.872515955919011293e-02
9.461449030389643688e-01,-7.333557629898901364e-02,4.029893473664945130e-02
9.416806884080481943e-01,-7.502654276130739375e-02,3.719267369742721568e-02
9.400698963647831086e-01,-7.680230357652668982e-02,3.549714563823314073e-02
9.449447720319212873e-01,-8.072396707742308941e-02,2.005217341484185831e-02
9.423259709121895034e-01,-8.234725596884050203e-02,9.084806410619587769e-03
9.394872830930546259e-01,-8.359914065829010532e-02,-1.005365480939295411e-02
9.378426925108465095e-01,-8.508215699000654109e-02,-1.672335211596833252e-02
9.367137855541650682e-01,-8.899457435874799649e-02,-2.730946508281607843e-02
9.383455457116949283e-01,-8.531601170378005916e-02,-2.931195816569749993e-02
9.333060697821401464e-01,-8.028881694689515847e-02,-2.287844722968301187e-02
9.337720107280483850e-01,-7.749981657241991617e-02,-2.363155777770937355e-02
9.345879133362217095e-01,-7.743757560259656447e-02,-2.056575956244828529e-02
9.333740269316216365e-01,-7.229389797907277704e-02,-2.092717102134396961e-02
9.300019546161306661e-01,-7.063440537041963674e-02,-1.931511301070043193e-02
9.332954851646522165e-01,-6.191050135025863432e-02,-3.027657809392951538e-03
9.298525085152974379e-01,-5.514409679115096774e-02,4.462474106368942428e-03
9.389470632148577689e-01,-5.389936131661973717e-02,3.015508431858479610e-03
9.422193438142106858e-01,-4.850739039224042509e-02,4.548507187291897513e-03
9.448507725477895969e-01,-4.502292954493661986e-02,6.299003476765669546e-03
9.483329199745682558e-01,-4.457872697149052599e-02,4.646588666377887006e-03
9.472670007770137568e-01,-4.080367449581785710e-02,5.033790645660621982e-03
9.432121455776599772e-01,-4.137595104182096445e-02,2.507321876441138270e-03
9.486568232354011254e-01,-4.214505836508102704e-02,-3.838853476514185459e-04
9.404422682870529071e-01,-4.858974647026256116e-02,-9.267110702959956148e-03
9.330398808738729066e-01,-5.191231620524261459e-02,-1.176790578288800307e-02
9.193450966836590466e-01,-5.656396708373873095e-02,-7.436308743900194029e-03
9.095807982816999093e-01,-6.333608456513392659e-02,-6.367114922323294235e-03
9.125982640223474496e-01,-7.038817883057758851e-02,-1.539430734161491635e-02
9.004914945525517300e-01,-7.926735077385488326e-02,-1.327007778913498817e-02
8.941789329152065591e-01,-8.498593377568325336e-02,-1.338449692757830503e-02
8.911253590681742498e-01,-8.353571246204080647e-02,-1.441163182288141692e-03
8.925792718575943363e-01,-8.785155469489476510e-02,8.562098584650384286e-03
8.943627006831155191e-01,-8.344694164724111851e-02,1.222607564464171445e-02
8.963731777456435124e-01,-8.034076503685594339e-02,2.124173864058306188e-02
9.038329762020308467e-01,-7.321044549371628907e-02,2.716951899615242111e-02
9.011193570271585074e-01,-7.158234771753631265e-02,3.361245581521211251e-02
9.012264464446395618e-01,-6.825426127549008570e-02,2.442856067511051110e-02
8.971710447907111918e-01,-6.896511381179101785e-02,1.303193339179638602e-02
9.047809867505308690e-01,-6.196636424503298990e-02,1.352101094470686306e-02
9.071171165586834340e-01,-6.116934222209734900e-02,1.646840631287910944e-03
9.063645594915519244e-01,-5.875772690854182134e-02,-9.877155869434526420e-03
9.056276215760994397e-01,-5.321850025374245258e-02,-2.231481730659212737e-02
9.120669956689767544e-01,-5.119450724196583646e-02,-3.427628010203463693e-02
9.163954228385737810e-01,-5.059876675565150306e-02,-3.240241569781596165e-02
9.240163829665780648e-01,-4.411270846419707709e-02,-3.428164060679321501e-02
9.230045796519501522e-01,-4.565921837011013146e-02,-3.406211438897074201e-02
9.221176069170440304e-01,-3.982512187647929691e-02,-3.050418116547370939e-02
9.263849875865313166e-01,-4.043996922394335614e-02,-1.600519453318355323e-02
9.288947701516484523e-01,-3.973723962004102606e-02,-1.092952835244135473e-03
9.333218165037990843e-01,-3.476180311405621670e-02,8.664073663256966276e-03
9.268958642924680635e-01,-3.265341748061241500e-02,1.323277242130414116e-02
9.250538648630483030e-01,-3.286203135220922000e-02,2.605079144739832001e-02
9.217444702449356653e-01,-3.638659624805197501e-02,3.627673691408941220e-02
9.203316686180040840e-01,-4.221112856285263309e-02,3.181619948638483852e-02
9.241558817486548172e-01,-4.032524177069290311e-02,3.378446394598860758e-02
9.201908851527422772e-01,-4.662692456885959846e-02,3.700739652463134327e-02
9.251196597837463287e-01,-4.952898151232382196e-02,3.627293664627187497e-02
9.237115062046006297e-01,-5.090776506226231402e-02,2.326745024337769849e-02
9.249561589388549665e-01,-5.836778363306177608e-02,9.681003611899972189e-03
9.242799158239743962e-01,-6.412071337056188258e-02,-6.653779682921245886e-03
9.238491408197484489e-01,-6.657668614932829576e-02,-1.648436589542601541e-02
9.238067909748333140e-01,-7.072826865271329699e-02,-2.226388152944830390e-02
9.238067909748333140e-01,-7.072826865271329699e-02,-2.226388152944830390e-02
9.186066767085390161e-01,-7.265528193109592470e-02,-4.264902199677668426e-02
9.186066767085390161e-01,-7.265528193109592470e-02,-4.264902199677668426e-02
9.157476240769419906e-01,-7.791646234409102534e-02,-4.334252092578647075e-02
9.172135539663958115e-01,-7.848789629428770676e-02,-4.528670870074783666e-02
9.145304102316406114e-01,-7.378843603795692818e-02,-3.313061054532351335e-02
9.087098453417346011e-01,-7.573487732484313062e-02,-2.421888549967902288e-02
9.128324490360849586e-01,-7.328646055822517213e-02,-1.936301910000770218e-02
9.189323252353808202e-01,-7.080902381845743943e-02,-5.692340745435266192e-03
9.260098451859052338e-01,-6.562836680510773790e-02,8.804468992221510873e-03
9.337294338429925622e-01,-6.085910784248275973e-02,2.391863909381987396e-02
9.348390154142193209e-01,-6.341607970127381699e-02,2.849238217081826591e-02
9.393406605692219413e-01,-6.950846211064687363e-02,3.117789358531442012e-02
9.436109848182482329e-01,-6.887536986013502449e-02,2.282654038051434853e-02
9.489088507831505703e-01,-7.488980177561885276e-02,1.633259652056991834e-02
9.499797395914990616e-01,-7.745491480623646618e-02,5.127521992777477750e-03
9.444469328271747344e-01,-7.593718200471649693e-02,-1.176918398038565711e-02
9.428442802212908536e-01,-8.759896193217237004e-02,-1.320491506552210273e-02
9.428442802212908536e-01,-8.759896193217237004e-02,-1.320491506552210273e-02
9.448957890160534223e-01,-9.587784002683552576e-02,2.658071873536609064e-03
9.416876959824423965e-01,-1.033544434187411709e-01,-1.535033040209597688e-03
9.406109381350132859e-01,-1.107613804721917644e-01,-4.509888680656333471e-03
9.406109381350132859e-01,-1.107613804721917644e-01,-4.509888680656333471e-03
9.436913647267085592e-01,-1.161580424073771767e-01,-3.539297411200001409e-03
9.436913647267085592e-01,-1.161580424073771767e-01,-3.539297411200001409e-03
9.444239223254463633e-01,-1.149903642644461987e-01,-3.478596484045597473e-03
9.432969359569175483e-01,-1.123755085053491504e-01,-4.178614220540707858e-03
9.385384765651273442e-01,-1.199314707744579545e-01,-1.366068439730215578e-02
9.319464676009907578e-01,-1.022293938585068784e-01,-1.798738832947281360e-02
9.339934090329478078e-01,-1.190792943893632105e-01,-1.821971625659773997e-02
9.269262303971570471e-01,-1.253988692296714447e-01,-7.467935727175094643e-03
9.284097425544539650e-01,-1.152830916672668571e-01,-1.267140373646428834e-02
9.284097425544539650e-01,-1.152830916672668571e-01,-1.267140373646428834e-02
9.243423258736764847e-01,-1.140643486981445243e-01,-8.156832325753867602e-03
9.262443164565801190e-01,-1.144937950624354828e-01,1.061138265299380740e-02
9.230136063032133853e-01,-1.183845349603966784e-01,8.950898582837204381e-03
9.216967954286174880e-01,-1.219541742891469410e-01,1.632150449649499499e-02
9.216967954286174880e-01,-1.219541742891469410e-01,1.632150449649499499e-02
9.267054310120625971e-01,-1.176205710061746096e-01,2.292813136562936449e-02
9.298751858235400070e-01,-1.333537070626130416e-01,1.306234171394153251e-02
9.298751858235400070e-01,-1.333537070626130416e-01,1.306234171394153251e-02
9.256403815964545645e-01,-1.374807522111550218e-01,3.209812792168070111e-03
9.343780858535035705e-01,-1.439824296880947985e-01,-9.087344183294387284e-03
9.324902900393036154e-01,-1.411790370907097802e-01,-4.076999592300464825e-02
9.324902900393036154e-01,-1.411790370907097802e-01,-4.076999592300464825e-02
9.391920650212811639e-01,-1.495200426772533564e-01,-3.949495962054022646e-02
9.295490937181281055e-01,-1.434874571651755804e-01,-5.325406097516287296e-02
9.220515158121900257e-01,-1.395941164942511026e-01,-5.697157445895602301e-02
9.220515158121900257e-01,-1.395941164942511026e-01,-5.697157445895602301e-02
9.141750331434813637e-01,-1.286283364956009034e-01,-4.813671625628526685e-02
9.113703108846830103e-01,-1.280835794658390925e-01,-4.271911258910801590e-02
9.083574552140463165e-01,-1.174598301570800307e-01,-3.441264147557383801e-02
9.100304690792214712e-01,-9.850883022371909048e-02,-2.509533442490410535e-02
9.151369352293060588e-01,-9.287419122372547742e-02,-1.438743038176593797e-02
9.151369352293060588e-01,-9.287419122372547742e-02,-1.438743038176593797e-02
9.145985354217199825e-01,-6.482689256303467151e-02,3.239529586813727491e-03
9.145985354217199825e-01,-6.482689256303467151e-02,3.239529586813727491e-03
9.255064045224581371e-01,-5.974949004251561835e-02,1.048023248276091883e-02
9.305252642584422862e-01,-6.105487604160798887e-02,2.413250949620944497e-02
9.263058698034921656e-01,-5.279534539565620271e-02,2.533284548345686449e-02
9.344434922492849127e-01,-5.522783786080898843e-02,1.354963551880006972e-02
9.209620804763002377e-01,-6.711095613394844894e-02,-1.875041605381616572e-02
9.236611139806572002e-01,-7.965911032730539632e-02,-3.021004712984778906e-02
9.115771616049211934e-01,-8.959624229377574633e-02,-4.547885350729860554e-02
9.048468990106606213e-01,-9.793310939654159553e-02,-4.666063603441737706e-02
9.048468990106606213e-01,-9.793310939654159553e-02,-4.666063603441737706e-02
8.891886710914752578e-01,-1.200660130991767632e-01,-4.127305684785695372e-02
8.888615589105542947e-01,-1.187990119569468095e-01,-3.296629692516357679e-02
8.782555885729596001e-01,-1.184280257171095863e-01,-2.271094766128781486e-02
8.823360976039683612e-01,-1.190999724645320224e-01,-4.634502521948290557e-03
8.823360976039683612e-01,-1.190999724645320224e-01,-4.634502521948290557e-03
8.711185635016124307e-01,-1.042901182356848061e-01,4.308431021848635467e-02
8.689289919120323225e-01,-1.026238058906032147e-01,4.714213220104217922e-02
8.690417101348950624e-01,-9.690404034656849297e-02,5.503571103698251532e-02
8.742452991263829354e-01,-8.618249858422043219e-02,4.940938675326370100e-02
8.709882716554105953e-01,-8.885644278265339424e-02,4.598824176568270389e-02
8.756726904997207406e-01,-8.566515187182272006e-02,3.798866338482803640e-02
8.795230314990123421e-01,-7.956540450960403188e-02,1.659827052779464310e-02
8.795230314990123421e-01,-7.956540450960403188e-02,1.659827052779464310e-02
8.880448725182267244e-01,-8.534773432970754747e-02,-2.079335229335416146e-02
8.996658614132478915e-01,-8.188360670949518250e-02,-4.908883087925693806e-02
8.964795214099536835e-01,-7.877343299585343184e-02,-6.604923257478712006e-02
8.964795214099536835e-01,-7.877343299585343184e-02,-6.604923257478712006e-02
8.992724561022664709e-01,-7.343139593108839736e-02,-6.759442345713001510e-02
9.052436594983499507e-01,-7.497972151158721621e-02,-5.657979606057210453e-02
9.140312059904693864e-01,-7.362895598790782092e-02,-5.267626656978630084e-02
9.144265891833556203e-01,-7.356803451436577657e-02,-5.249760974399281938e-02
9.144265891833556203e-01,-7.356803451436577657e-02,-5.249760974399281938e-02
9.171516121510532304e-01,-6.771201369141607862e-02,-3.350612087115981824e-02
9.304135409640602594e-01,-6.802275358737774891e-02,-5.271675907188423313e-03
9.304135409640602594e-01,-6.802275358737774891e-02,-5.271675907188423313e-03
9.390266374448673625e-01,-6.830099604514015821e-02,1.185742493752427532e-02
9.419482984297228301e-01,-6.463200506269822787e-02,2.802977536930106178e-02
9.361445134072089447e-01,-7.556570626277099578e-02,3.583480425992792429e-02
9.361445134072089447e-01,-7.556570626277099578e-02,3.583480425992792429e-02
9.318329241216254388e-01,-7.729706844833025836e-02,3.439262314502045809e-02
9.240296649050386835e-01,-7.222528020397069037e-02,2.542897600311725542e-02
9.245489498279845231e-01,-8.870089743753931111e-02,-4.005821423000051340e-03
9.137355825931852138e-01,-8.800975484601092358e-02,-2.423590596250488338e-02
9.062659004895298187e-01,-8.793703557511663160e-02,-3.100720972792578300e-02
9.062659004895298187e-01,-8.793703557511663160e-02,-3.100720972792578300e-02
9.075345498626125051e-01,-8.411240101196906793e-02,-3.048158926575919581e-02
9.038385696243415035e-01,-8.826946112094243013e-02,-3.526041447335848122e-02
8.970507303488942652e-01,-8.690028522495024665e-02,-4.259323779614611338e-02
8.970507303488942652e-01,-8.690028522495024665e-02,-4.259323779614611338e-02
9.028502250738373869e-01,-8.634374685552292927e-02,-3.580479877150133383e-02
8.955470177825943789e-01,-8.000082970639463276e-02,-2.429842201468271692e-02
8.955470177825943789e-01,-8.000082970639463276e-02,-2.429842201468271692e-02
8.968967409736032792e-01,-7.761898374754395979e-02,1.050469087900725816e-02
8.968967409736032792e-01,-7.761898374754395979e-02,1.050469087900725816e-02
8.956504202570908513e-01,-8.970414584011630887e-02,4.035178127067810816e-02
9.091805174281278878e-01,-1.007631331445755507e-01,5.497329703693815128e-02
9.099856326468332979e-01,-1.033869231113435788e-01,6.589645127215977560e-02
9.099856326468332979e-01,-1.033869231113435788e-01,6.589645127215977560e-02
9.087363374350444500e-01,-1.037678566621752368e-01,6.690201551536933966e-02
9.064249357325541157e-01,-1.101343448935966224e-01,4.567401689485636740e-02
9.100781150212352566e-01,-1.146189041694445077e-01,2.265321492172910414e-02
9.087601892997707598e-01,-1.174896381696844683e-01,8.930404867227396959e-03
9.087601892997707598e-01,-1.174896381696844683e-01,8.930404867227396959e-03
9.148064362095951196e-01,-1.187018027056837149e-01,-2.094442686866718889e-02
9.168779885681789255e-01,-1.159347634062859039e-01,-2.406411084774204637e-02
9.131601661443061735e-01,-1.066789365961050701e-01,-3.089749045555530149e-02
9.202916574966166774e-01,-8.932814892472795698e-02,-2.692943845321244672e-02
9.202916574966166774e-01,-8.932814892472795698e-02,-2.692943845321244672e-02
9.356581475854421903e-01,-5.766753779916462819e-02,-1.877188882960427463e-02
9.356581475854421903e-01,-5.766753779916462819e-02,-1.877188882960427463e-02
9.406842347197738041e-01,-3.422912570985985753e-02,-9.375961800148038469e-03
9.449693341031201177e-01,-2.151635054253908663e-02,5.553442827676939586e-05
9.620459457613853571e-01,-1.496108176853805372e-03,3.378737527724488821e-03
9.627859396111364543e-01,4.518090890596196396e-03,7.842366556757573992e-04
9.630026348830618144e-01,7.603944438146454515e-03,-6.904275805771867280e-03
9.630026348830618144e-01,7.603944438146454515e-03,-6.904275805771867280e-03
9.746605938915006151e-01,9.632924134616239337e-03,-5.621533229891371303e-03
9.728179952662459051e-01,-5.111073092116918959e-03,-1.215692406081727434e-02
9.728948969808176583e-01,-2.064627069896570605e-02,-1.069957974101762299e-02
9.715845999897799734e-01,-2.990411675292077229e-02,-1.631137749922517005e-02
9.715845999897799734e-01,-2.990411675292077229e-02,-1.631137749922517005e-02
9.712920439511357751e-01,-3.912562411713307875e-02,-1.600346881030122181e-02
9.446150718579564565e-01,-6.437901783342454831e-02,1.127325488934358827e-02
9.465971611845513944e-01,-6.736938708692374878e-02,2.232445986088247430e-02
9.323087738054378626e-01,-7.571481862216024317e-02,3.463651591840633676e-02
9.252501446083163383e-01,-7.667921008330952359e-02,3.844466900104121648e-02
9.216119389805604856e-01,-6.642241586658545471e-02,4.888443775582559242e-02
9.203831003328203364e-01,-7.108861395746296497e-02,5.388618501922767118e-02
9.187106337105791498e-01,-6.818535204927023141e-02,4.618904878219588783e-02
9.129246458561951494e-01,-6.265788083226683791e-02,3.299949101703866794e-02
9.224544742220037730e-01,-7.340182817404510007e-02,1.044323521542489530e-03
9.232399640397586094e-01,-7.679467524655299304e-02,-3.046907061554145202e-02
9.232399640397586094e-01,-7.679467524655299304e-02,-3.046907061554145202e-02
9.279937857264303203e-01,-8.303051987130238842e-02,-7.580149434618201065e-02
9.429723733950514664e-01,-8.131809546392029797e-02,-8.201616395214873789e-02
9.484008216144835801e-01,-7.680073622566135905e-02,-9.436843863166369251e-02
9.518817053515826743e-01,-7.142600585040229100e-02,-1.007426644359953605e-01
9.518817053515826743e-01,-7.142600585040229100e-02,-1.007426644359953605e-01
9.739950381138671176e-01,-4.948876760310555456e-02,-9.557050337986462696e-02
9.739950381138671176e-01,-4.948876760310555456e-02,-9.557050337986462696e-02
9.782272701114951285e-01,-4.257677067896292744e-02,-7.196063349998790826e-02
9.953632322575748370e-01,-2.901732740135049698e-02,-2.575713333866144414e-02
9.953632322575748370e-01,-2.901732740135049698e-02,-2.575713333866144414e-02
1.008039361001857870e+00,-1.732692985124285531e-02,2.075898565848308119e-02
1.008039361001857870e+00,-1.732692985124285531e-02,2.075898565848308119e-02
1.006904162218640320e+00,-1.219956451658792823e-02,3.586263655869384448e-02
1.008866136152250181e+00,-1.146534085877956924e-02,4.714302106455257185e-02
1.002791096341421717e+00,-1.215330226825929449e-02,6.315147459959646881e-02
9.978562228596302708e-01,-1.396209080480160028e-02,6.058789610922501317e-02
9.978562228596302708e-01,-1.396209080480160028e-02,6.058789610922501317e-02
1.000739821817867581e+00,-8.178848302756780431e-03,5.295406653088363669e-02
1.000739821817867581e+00,-8.178848302756780431e-03,5.295406653088363669e-02
9.871534382333255753e-01,-1.627800135877895127e-02,5.222785907964924701e-02
9.753611934040404829e-01,-2.070555515725900839e-02,5.080580808327610914e-02
9.400714908941484316e-01,-6.495654617230559036e-02,-1.569157729533211115e-02
9.142120228198643561e-01,-9.369540762907833942e-02,-7.037840085883784180e-02
9.142120228198643561e-01,-9.369540762907833942e-02,-7.037840085883784180e-02
9.070843995311563823e-01,-9.262671108744380266e-02,-7.763899153541498066e-02
8.951721146926249206e-01,-1.026116517329813543e-01,-8.664344871122250935e-02
8.913168390245846950e-01,-1.007345420996423740e-01,-7.314454633386292814e-02
8.913168390245846950e-01,-1.007345420996423740e-01,-7.314454633386292814e-02
8.926881153961033766e-01,-1.055222003107047501e-01,-5.904890639453046902e-02
8.951512549916627037e-01,-1.003493768272176317e-01,-4.488507720084534275e-02
9.053473603464106123e-01,-8.130449604272921293e-02,2.108946772965179101e-02
9.148226634735524554e-01,-7.279995911366775319e-02,4.484389454344769183e-02
9.148226634735524554e-01,-7.279995911366775319e-02,4.484389454344769183e-02
9.332128893284241666e-01,-6.456622878540416166e-02,7.012773535956204340e-02
9.553340942869319452e-01,-4.846396429438969838e-02,1.105379064258657507e-01
9.553340942869319452e-01,-4.846396429438969838e-02,1.105379064258657507e-01
9.814667404989101396e-01,-4.098251078279739612e-02,1.005549196821724223e-01
9.814667404989101396e-01,-4.098251078279739612e-02,1.005549196821724223e-01
1.001385558133931708e+00,-4.243822483470502394e-02,3.274662578303868393e-02
9.983073128384607475e-01,-4.096717167295390455e-02,-8.884958579977210447e-03
9.983073128384607475e-01,-4.096717167295390455e-02,-8.884958579977210447e-03
1.002014060537924189e+00,-4.613849789296875503e-02,-4.763984062689230470e-02
9.996323965427423852e-01,-5.122212126761276768e-02,-6.689634270749084122e-02
9.825680001959125054e-01,-5.501273598001382714e-02,-8.850622474007655005e-02
9.825680001959125054e-01,-5.501273598001382714e-02,-8.850622474007655005e-02
9.674334040924674749e-01,-5.793958898347081887e-02,-8.196264680476891828e-02
9.504610481923425613e-01,-5.163751580471741959e-02,-6.482288802249865090e-02
9.376761459183501346e-01,-5.902033196432378281e-02,-3.893406090741075021e-02
9.376761459183501346e-01,-5.902033196432378281e-02,-3.893406090741075021e-02
9.121152119275677261e-01,-4.692765181492629389e-02,6.786710774868085112e-03
9.049786521954301666e-01,-5.196366540440638948e-02,2.799811307611045630e-02
8.984068633741559839e-01,-4.998460866367944455e-02,5.086670553112290771e-02
8.979513406170607226e-01,-4.135924319068875338e-02,7.514279057583944654e-02
8.947041399161711484e-01,-4.868824709339600321e-02,8.202306095145935061e-02
8.968221492209715873e-01,-5.188826737553417501e-02,8.185618476832931534e-02
9.039286424140585696e-01,-5.081181921195876416e-02,5.634735620883121049e-02
9.054817571012562238e-01,-6.476923110380869431e-02,4.122818993752480621e-02
9.068789291790296803e-01,-6.391758401217345620e-02,2.923796438168827644e-02
9.108579182597879020e-01,-8.568587452296050344e-02,-1.700692807360474831e-02
9.159837507447137206e-01,-9.301531558203675332e-02,-4.211590766468907565e-02
9.225093614675999865e-01,-9.531588715211655738e-02,-5.916431900449593828e-02
9.183102074025428774e-01,-9.906250018107992661e-02,-7.176030151129547674e-02
9.285055585079448059e-01,-1.071409113608773334e-01,-8.035861696326793147e-02
9.285055585079448059e-01,-1.071409113608773334e-01,-8.035861696326793147e-02
9.396825362093272904e-01,-1.047171048155115525e-01,-7.028378338302826434e-02
9.523126760420355108e-01,-1.043409295377478452e-01,-4.184639044488711740e-02
9.523126760420355108e-01,-1.043409295377478452e-01,-4.184639044488711740e-02
9.548939221586847381e-01,-1.076612819453305059e-01,-2.791119556354443310e-02
9.580901908627057484e-01,-9.927808724903208759e-02,5.387552641232768585e-03
9.642856300549567106e-01,-8.675130227815147643e-02,3.627233414599159017e-02
9.642856300549567106e-01,-8.675130227815147643e-02,3.627233414599159017e-02
9.615077136679737180e-01,-7.684839447881977592e-02,5.049030381240900839e-02
9.691005336755325050e-01,-6.810137449431674650e-02,5.514613546713425379e-02
9.599527189686775097e-01,-5.464491830112460508e-02,4.963508014177835104e-02
9.568066308087094241e-01,-5.692860740927175450e-02,4.824562446067978683e-02
9.588035718961863685e-01,-4.595356094501767963e-02,4.860108237762465755e-02
9.580267704686564745e-01,-4.481081542744898977e-02,4.312791946039055968e-02
9.480273616341929888e-01,-4.362211763843178158e-02,9.631281644753159066e-04
9.480273616341929888e-01,-4.362211763843178158e-02,9.631281644753159066e-04
9.483596545562340552e-01,-3.744292260541452061e-02,-1.444044865782011244e-02
9.434379971579649471e-01,-4.579654469952187945e-02,-1.988106372964143151e-02
9.403299459098571900e-01,-5.605874746900194050e-02,-3.232833408853054424e-02
9.403299459098571900e-01,-5.605874746900194050e-02,-3.232833408853054424e-02
9.413095656986631976e-01,-6.571680812868965771e-02,-3.772591314562949438e-02
9.338903640202302903e-01,-7.037031703812214600e-02,-3.034951580805132429e-02
9.338903640202302903e-01,-7.037031703812214600e-02,-3.034951580805132429e-02
9.415538662115927604e-01,-7.762761153491785915e-02,-2.316253955945635559e-02
9.381134918625368968e-01,-8.374134934022187116e-02,-4.047229755839635082e-03
9.366395457783378564e-01,-8.609361456992545292e-02,1.327029061946776584e-02
9.362734365143312587e-01,-8.645845463129353536e-02,3.015268547494364890e-02
9.362734365143312587e-01,-8.645845463129353536e-02,3.015268547494364890e-02
9.374123994529935944e-01,-8.291619401217227570e-02,4.533906170060504615e-02
9.354742442014565285e-01,-8.526942052130984107e-02,4.675537936454013388e-02
9.312310694031206149e-01,-8.814906819283099826e-02,4.681466336792764610e-02
9.334109280177569357e-01,-8.216733018407156031e-02,4.329265292701208606e-02
9.280174998503246675e-01,-8.448507217932070545e-02,4.456482348249135583e-02
9.280174998503246675e-01,-8.448507217932070545e-02,4.456482348249135583e-02
9.239111328484407304e-01,-7.775211458557967914e-02,2.722443378197604569e-02
9.278690898004001708e-01,-8.311386114212684917e-02,2.012181595443678431e-02
9.237446067225628665e-01,-8.564817280863631921e-02,-7.202554014037181040e-03
9.172242075369901881e-01,-7.799018487567702107e-02,-1.731031029472674884e-02
9.115666179116113099e-01,-8.337503809273737188e-02,-3.402306204557165037e-02
9.094809526638335528e-01,-8.258579113569766705e-02,-3.683648221410822099e-02
9.080086632168086203e-01,-7.230459305744532661e-02,-1.846039640722061878e-02
9.065936048544687154e-01,-7.245100450876253151e-02,-1.016689426244948499e-02
9.075415237782427091e-01,-6.824852686105990773e-02,-1.190284659217629923e-03
9.085929727719428417e-01,-6.626998466200352544e-02,1.198461712936992052e-03
9.099590469719599506e-01,-6.924513848039982877e-02,1.222867792178787202e-02
9.069797099595487966e-01,-5.999542707576040884e-02,5.844157734248473651e-03
9.143893695656655218e-01,-6.418729437894420131e-02,8.041351785208934733e-04
9.143893695656655218e-01,-6.418729437894420131e-02,8.041351785208934733e-04
9.118255589978542242e-01,-6.620196109025316966e-02,-2.848314994840464576e-03
9.118698447848421207e-01,-5.196341612644449215e-02,-1.393154298005657918e-02
9.137301972504944247e-01,-5.770604450022887716e-02,-1.434118133732252207e-02
9.216145524653712728e-01,-5.821735341370784522e-02,-2.271823466876329856e-02
9.197825513737132308e-01,-5.563237396899595177e-02,-1.646531898060541593e-02
9.197825513737132308e-01,-5.563237396899595177e-02,-1.646531898060541593e-02
9.176665514651798361e-01,-5.505076839292486618e-02,-1.618276350304690206e-02
9.231087258534972362e-01,-4.986160170702904487e-02,3.835979500601124567e-04
9.228424817568956495e-01,-5.584061335378207036e-02,1.399562998989555690e-02
9.219499718699090129e-01,-5.459342394153343658e-02,2.364076695569393080e-02
9.243731785114280841e-01,-5.816731062150126697e-02,3.132794210268358831e-02
9.252345043490866061e-01,-5.823561738892024664e-02,3.046737955414664453e-02
9.222762568066530386e-01,-6.087823986495099343e-02,2.601864376315162625e-02
9.163974816666383694e-01,-6.303621185547642058e-02,5.595442684967137648e-03
9.198598738547475451e-01,-6.559886793533603599e-02,-8.748353431386898804e-03
9.142852700858252746e-01,-6.637361883218911851e-02,-2.108293679522373759e-02
9.092014441704709959e-01,-6.858890655512753232e-02,-2.967843305999237277e-02
9.065019263959041007e-01,-7.155214878697119252e-02,-4.399672290043174505e-02
9.065019263959041007e-01,-7.155214878697119252e-02,-4.399672290043174505e-02
9.080317703074117786e-01,-7.366811063950787219e-02,-4.459254511963946233e-02
9.100869352700824422e-01,-7.365356776008007145e-02,-3.347057244913791141e-02
9.123482401625411242e-01,-7.255575633493900611e-02,-2.083537200703529380e-02
9.156782546408073209e-01,-7.129584089340243458e-02,-3.745614382707975962e-03
9.207562911073465806e-01,-6.755293977656340321e-02,2.479402796739202733e-03
9.207562911073465806e-01,-6.755293977656340321e-02,2.479402796739202733e-03
9.346786869211425319e-01,-6.810929145547153785e-02,1.972956601255723003e-02
9.346786869211425319e-01,-6.810929145547153785e-02,1.972956601255723003e-02
9.402779740526605590e-01,-6.757209975665133539e-02,1.812385604658505595e-02
9.356474759940573982e-01,-5.833029735317637327e-02,8.314454933501851108e-03
9.449919318151319692e-01,-6.746209357117677330e-02,-1.452259681421280181e-02
9.438415962699585604e-01,-6.297416312100811986e-02,-2.158946685425500861e-02
9.438415962699585604e-01,-6.297416312100811986e-02,-2.158946685425500861e-02
9.452930868258974106e-01,-7.065031315251248112e-02,-2.781442565370109005e-02
9.440744983678303059e-01,-7.560677469959448116e-02,-3.804692547249034773e-02
9.494433077326154269e-01,-8.078359251295161303e-02,-4.807694440427547067e-02
9.494433077326154269e-01,-8.078359251295161303e-02,-4.807694440427547067e-02
9.480145473187011618e-01,-8.149194675030219104e-02,-3.769468196021268092e-02
9.489699001292314362e-01,-8.041142666807793438e-02,-4.242321240918427161e-02
9.468901148203553442e-01,-8.203577232571022948e-02,-3.791327669303978798e-02
9.392925925948114596e-01,-7.978031603591877186e-02,-2.311225546677887072e-02
9.323361921153289211e-01,-7.747921804021315473e-02,-1.284902939359811903e-02
9.392594750842516715e-01,-7.745048508504911999e-02,-7.346881047541964707e-03
9.325781965738744184e-01,-7.560088458968551584e-02,7.185436440240375311e-05
9.288081427337286922e-01,-7.135474243781823878e-02,-7.043952923447328179e-03
9.353071894054668656e-01,-7.177534132626571528e-02,-6.687317208596419565e-03
9.246998567447880513e-01,-6.900970660562222303e-02,1.003933801133444562e-03
9.257873194726856658e-01,-6.999529037972850032e-02,1.247477883449935043e-03
9.263086744933471950e-01,-6.912538678991927976e-02,1.081915305717397018e-02
9.277293364869753090e-01,-7.208465852554275799e-02,5.321119754017632208e-03
9.312422170816466727e-01,-7.067737365337406485e-02,-1.218092129768477694e-03
9.286948735067593885e-01,-7.117488880627800829e-02,-2.064862290544193513e-03
9.296924668087550581e-01,-6.930491866808824453e-02,-3.774279821624600129e-03
9.288731821602881356e-01,-6.870804195396418290e-02,-4.521364780978531783e-03
9.335880358566283066e-01,-7.062527137772864338e-02,-5.860979771703571373e-03
9.323104875073783271e-01,-6.993256448239328071e-02,-1.275465289065931193e-02
9.290286021569026387e-01,-7.092551845528027865e-02,-2.324685234488341537e-02
9.436620772865701445e-01,-7.525593336999060468e-02,-2.033787381837127289e-02
9.421187542185501806e-01,-7.531629788361716982e-02,-2.267183667679532541e-02
9.406649959519290949e-01,-8.825363336307814888e-02,-1.450783742812311941e-02
9.400138431722693255e-01,-9.028464114975115473e-02,-1.594741082303286275e-02
9.355652199901984822e-01,-9.243904539859319758e-02,-2.169449932042311416e-02
9.460155509604494251e-01,-8.979231730156232716e-02,-1.318929383825494239e-02
9.452143416948581844e-01,-8.969593472231146558e-02,-7.541790173421412252e-03
9.434988916378014290e-01,-9.483229791745290127e-02,-7.973726851286108003e-03
9.466372063015537908e-01,-9.572120865883318452e-02,-6.412418740893995051e-03
9.442943534286585283e-01,-9.656740533029867235e-02,-1.000844801823242911e-02
9.449890479739067040e-01,-1.001178502793458602e-01,-9.792815988564958912e-03
9.375431272627949841e-01,-1.035456256098303829e-01,-2.243163615950870965e-02
9.375431272627949841e-01,-1.035456256098303829e-01,-2.243163615950870965e-02
9.351899139759120017e-01,-9.899294618562476389e-02,-2.253213793561670286e-02
9.322421147060085955e-01,-9.692694184172388761e-02,-2.244562908235367762e-02
9.289519756920688875e-01,-9.926654002195170468e-02,-2.396752892144799266e-02
9.339774006842093135e-01,-9.965041018377132631e-02,-2.157542452832655888e-02
9.291955328496305233e-01,-9.074104448991204830e-02,-1.351474827659429265e-02
9.235227400321469604e-01,-8.274398680042117926e-02,7.731043077153030435e-04
9.219659776520919836e-01,-8.205861379267659350e-02,4.931025193669627549e-03
9.288953706693265922e-01,-7.915334745535332339e-02,3.316201622312490993e-03
9.333313197304355935e-01,-7.443543705152132206e-02,5.709813032115601192e-03
9.333313197304355935e-01,-7.443543705152132206e-02,5.709813032115601192e-03
9.305515927244771834e-01,-7.455936421999573294e-02,5.161986193425210229e-03
9.328611782956222065e-01,-7.713617884421190840e-02,4.666735503163717269e-03
9.342236109686642420e-01,-7.715434053079550658e-02,-3.614919534026490855e-03
9.314466826456875292e-01,-7.612108598098948908e-02,1.468927471920731739e-03
9.415125261810792789e-01,-7.877527868719130799e-02,-3.735480486423740920e-03
9.391635772227494572e-01,-7.489415216391710761e-02,-7.699656456966508938e-03
9.336410665563024125e-01,-7.851223595936571154e-02,-3.266309273023617829e-03
9.297281745180846491e-01,-7.528291287244585905e-02,-5.261203163679627898e-03
9.366585466348061884e-01,-7.671588856871927598e-02,-1.216089712679131046e-02
9.297790743375626832e-01,-7.173109983139583368e-02,-8.770624661680812006e-03
9.254536591353560437e-01,-7.084851699288383098e-02,-1.148223599293521704e-02
9.268249594940782821e-01,-7.069009298678675945e-02,-1.383172938287975662e-02
9.283811852692240851e-01,-6.186943098006663505e-02,-1.574713480443713093e-02
9.329918103141101593e-01,-4.465931530158671892e-02,-3.681096278545736844e-03
9.329918103141101593e-01,-4.465931530158671892e-02,-3.681096278545736844e-03
9.409475606939214920e-01,-3.291946414978146745e-02,-5.493929811339674091e-03
9.475049132729889134e-01,-1.964442071232973264e-02,-6.720866295701538595e-03
9.418950299399563297e-01,-2.044823077531224970e-02,-1.787481476375901365e-02
9.491787879002119288e-01,-1.468645516160622250e-02,-1.770250765209571003e-02
9.526927891407430682e-01,-1.257781546320905705e-02,-1.837678905621860023e-02
9.560942782676998819e-01,-5.473093084432473221e-03,-1.848100576230569253e-02
9.609898788981370288e-01,-1.663607952388423961e-02,-1.939845435952504415e-02
9.652118055347705949e-01,-2.347079082477925016e-02,4.044822004571372795e-03
9.652118055347705949e-01,-2.347079082477925016e-02,4.044822004571372795e-03
9.759356060883415118e-01,-2.624264845076983502e-02,1.124009434707898790e-02
9.726869133063904549e-01,-2.979454416908804137e-02,1.250417772206913192e-02
9.736452035816144379e-01,-3.926223554009994343e-02,7.958948508547603745e-03
9.749600584617938992e-01,-5.436213103900646576e-02,-6.367209498530240069e-03
9.707004403904159195e-01,-6.454020980531262330e-02,-9.412669148799970853e-03
9.594586839037861914e-01,-6.363215538943021998e-02,-1.000534846750899057e-02
9.547104334572797946e-01,-8.486807492089222527e-02,-5.455643929838167872e-03
9.561078543208529901e-01,-9.510785614153338674e-02,-3.806778165535026903e-03
9.462659540410436332e-01,-1.000380276105921062e-01,1.002033379220765297e-03
9.362183202409876115e-01,-1.121511745467304588e-01,-1.512217287277309308e-04
9.304048487927898403e-01,-1.169340254349766073e-01,1.469050775592881108e-04
9.202063534280341406e-01,-1.154705118371908146e-01,8.979482282848205363e-03
9.174756423410911355e-01,-1.235980011844120541e-01,1.191790076745696467e-02
9.104215115715631468e-01,-1.258780872778014481e-01,1.264628974846680048e-02
9.164710376694926719e-01,-1.183686494559168800e-01,9.928688264636241489e-03
9.131837817768369003e-01,-1.231704580048872955e-01,1.557463879467439402e-02
9.152753085524587551e-01,-1.219223210428807408e-01,2.082840875712254486e-02
9.165463827562133625e-01,-1.273633862210031276e-01,2.182030328007824801e-02
9.258021951073324152e-01,-1.156708821632993905e-01,2.102243828827841249e-02
9.300407306039398803e-01,-1.119138578943209839e-01,1.272845396982058563e-02
9.297375547542285901e-01,-1.028546796525282858e-01,2.042181209326993790e-03
9.295471041163980708e-01,-1.068265056226298249e-01,-1.346399567320592447e-02
9.436442436100744846e-01,-1.014233541198731881e-01,-2.749862603524319202e-02
9.388470201283704020e-01,-9.366419015862506581e-02,-3.858412508047014133e-02
9.422787710468375488e-01,-9.672841035735818549e-02,-3.569722244878827111e-02
9.455499643693446865e-01,-9.569701335901965866e-02,-4.154200314876783928e-02
9.533972266096449877e-01,-9.036100556436532649e-02,-4.292088577779634706e-02
9.458663266134341718e-01,-9.256929126042856559e-02,-1.628724975037697947e-02
9.475232968314118986e-01,-8.378442243314532245e-02,4.647054206901113718e-03
9.475232968314118986e-01,-8.378442243314532245e-02,4.647054206901113718e-03
9.464322834331795331e-01,-7.999166785689110215e-02,4.949302362810873573e-02
9.464322834331795331e-01,-7.999166785689110215e-02,4.949302362810873573e-02
9.402775454184101322e-01,-7.362300801504313708e-02,6.834616422665248936e-02
9.371270847873148790e-01,-7.868391015691075796e-02,7.048139114546490835e-02
9.334228760565400629e-01,-7.624000839455667700e-02,7.144502686796434798e-02
9.282294203745944383e-01,-7.028755283652020347e-02,6.744387387349062846e-02
9.232462225598417893e-01,-7.052303657885006238e-02,5.746495823661162961e-02
9.176160055137493332e-01,-6.938308431404911769e-02,3.903650781183305718e-02
9.173334334497401654e-01,-7.463417195245049263e-02,1.945232130118105737e-02
9.139903505511699500e-01,-7.875491167811873860e-02,1.776807541760104525e-02
9.116612974122886293e-01,-8.141994134976973663e-02,5.366706600678266409e-03
9.119612427045991065e-01,-7.920632319119444431e-02,-1.165586619312593969e-02
9.105296124188667628e-01,-8.657308515405853777e-02,-2.363939959349773551e-02
9.055093190720032714e-01,-8.339180890131214774e-02,-3.054973458276099424e-02
9.070297223593545288e-01,-7.944344223801450000e-02,-3.958172553751154732e-02
9.082909324878133406e-01,-7.350696163229768210e-02,-4.107432806239880163e-02
9.068316122355569719e-01,-6.268582904655528587e-02,-4.188330126562721939e-02
9.068316122355569719e-01,-6.268582904655528587e-02,-4.188330126562721939e-02
9.130665567360704005e-01,-5.423645154996701440e-02,-3.447416013537524943e-02
9.225599215418345267e-01,-6.260820556991658625e-02,-2.537447008609156757e-02
9.278156557956664940e-01,-4.983871428073376880e-02,-1.725686662057199922e-02
9.316850773984937106e-01,-5.013563834057608443e-02,-7.504502769886331470e-05
9.502944588674208104e-01,-2.946376327593270422e-02,2.027337239431127938e-02
9.502944588674208104e-01,-2.946376327593270422e-02,2.027337239431127938e-02
9.572820659803364940e-01,-2.907298446155768407e-02,3.072297874160125758e-02
9.576083526971256310e-01,-2.905319801264323598e-02,3.122023663036493230e-02
9.668803592733420382e-01,-1.127366487692527813e-02,3.599842930272825064e-02
9.675485751786176980e-01,-9.180384877022794432e-03,3.774435322112054680e-02
9.675485751786176980e-01,-9.180384877022794432e-03,3.774435322112054680e-02
9.643967192546059053e-01,-6.751109147925288267e-03,-4.113017529937326722e-03
9.643967192546059053e-01,-6.751109147925288267e-03,-4.113017529937326722e-03
9.595942213511203800e-01,1.296411776221158274e-02,-4.491511698929932794e-02
9.224484514899038423e-01,7.211547823430092263e-02,-6.744639405434735280e-02
8.858862040264364746e-01,1.172192773376576902e-01,-1.045428430849605350e-01
8.449669083821469417e-01,1.973708114969562055e-01,-8.109484961037433104e-02
8.165854322822480027e-01,2.350327185710636702e-01,-8.868422745938576990e-02
8.153238970258575025e-01,2.367005102784014714e-01,-8.903110302090988526e-02
6.483308937448338805e-01,4.552210751510713527e-01,-7.928002101950952507e-02
4.700685966236781699e-01,6.856083370650589703e-01,-1.280712755365669142e-01
3.491023706228780776e-01,8.600717270514350865e-01,-1.490895616688024949e-01
2.520068714130147547e-01,9.941655526353680994e-01,-1.768443659036363358e-01
-8.769396368527346275e-03,1.291677277204660301e+00,-1.975015516807039073e-01
-1.294697170756283489e-01,1.393578902569089450e+00,-2.155924802450468747e-01
-1.294697170756283489e-01,1.393578902569089450e+00,-2.155924802450468747e-01
-2.106140062793680767e-01,1.464230423089072586e+00,-2.452401692670245770e-01
-2.371162453597678299e-01,1.461669185036573282e+00,-2.202887768975613225e-01
-3.835310373014431673e-01,1.512483347221446506e+00,-2.013962371905090309e-01
-3.956624361925372702e-01,1.451596674788961261e+00,-1.808344519768262659e-01
-3.866186717830042419e-01,1.409033966176754138e+00,-1.521696698910765810e-01
-3.309118232133866355e-01,1.284081603256713722e+00,-5.430852225858782967e-02
-2.534310400575560673e-01,1.149961059878179759e+00,4.174513348819127584e-02
-1.256989344857193380e-01,9.417456214948640714e-01,1.544752825667077556e-01
-1.256989344857193380e-01,9.417456214948640714e-01,1.544752825667077556e-01
-3.716118036403900926e-02,7.968504162689913350e-01,2.075309532932160805e-01
2.146991682411151722e-02,6.956112100549760591e-01,2.243649984980059797e-01
6.661319591289774356e-02,6.034959110860369513e-01,2.234153630296930593e-01
1.167733069733416507e-01,5.095195160166852144e-01,1.945695198892630484e-01
1.704162612323140980e-01,4.250929544018627326e-01,1.289795661980932817e-01
1.993743484444936431e-01,3.730012063075452966e-01,4.979841358989121891e-02
2.113231883262901567e-01,3.353663118411249200e-01,-3.848812097698484092e-02
2.037088092539755813e-01,3.304235453429711367e-01,-6.896967026460021355e-02
1.937456516131506323e-01,3.293870213771120659e-01,-1.175722932212145966e-01
1.628682641895390082e-01,3.412687901080504460e-01,-1.241603674702071308e-01
1.087504022142308097e-01,3.712371004226500126e-01,-1.051952250894992447e-01
7.507930476768204242e-05,4.347749293193882703e-01,-3.697974057595345559e-02
-1.204872265317655095e-01,4.961831560380283723e-01,3.360798120502368758e-02
-2.008157595793834405e-01,5.364212434032203936e-01,7.128630593574274144e-02
-2.008157595793834405e-01,5.364212434032203936e-01,7.128630593574274144e-02
-3.036957059864648922e-01,5.837159857696234688e-01,1.120643804837129776e-01
-3.757382919882343852e-01,6.045240194146459523e-01,1.318009337911443812e-01
-4.408098984292925793e-01,6.147589075576703754e-01,1.370902775508189564e-01
-4.975592315077497219e-01,6.211066257587886108e-01,1.182370171900975486e-01
-5.276396330116647215e-01,6.089033375784009827e-01,9.324372597164007348e-02
-5.629870018465185089e-01,6.063815307241103847e-01,7.097652890258118741e-02
-5.637485869336229527e-01,5.786105148825972933e-01,1.992452492890905980e-02
-5.521516103189670899e-01,5.304729273148124369e-01,-3.334247339907706054e-02
-5.521516103189670899e-01,5.304729273148124369e-01,-3.334247339907706054e-02
-5.290321545974703277e-01,4.872159268116442177e-01,-4.120968565197480338e-02
-4.971780267864903124e-01,4.496673200861988073e-01,-4.773007932648786616e-02
-4.578080457016386884e-01,4.119319947541102978e-01,-2.734101313230491784e-02
-4.001083791953471969e-01,3.613880440985397513e-01,-7.831046904626541572e-03
-3.127319862270903639e-01,2.781998971948063115e-01,9.328240490068424873e-03
-3.127319862270903639e-01,2.781998971948063115e-01,9.328240490068424873e-03
-2.548278159979749935e-01,2.315847190765686903e-01,3.981799784100947120e-02
-1.711370790512233286e-01,1.619747386050652271e-01,4.679402502881197662e-02
-1.322039272524168085e-01,1.308640065365087868e-01,4.242427962512776429e-02
-1.322039272524168085e-01,1.308640065365087868e-01,4.242427962512776429e-02
-1.121593294403724073e-01,1.109877671734613713e-01,4.273830533355695016e-02
-8.139718310161138393e-02,9.915471035176764980e-02,2.760701123889827691e-02
-7.917726127060729924e-02,8.981085709466180012e-02,1.889490624647911787e-02
-7.262741616109978648e-02,9.115905380959253568e-02,1.469353453997497908e-02
-8.025508921238069804e-02,9.076196010260001446e-02,1.282985730853147474e-02
-9.058326764010055099e-02,9.928044129242608040e-02,1.529205496375179649e-02
-1.094393639391791628e-01,1.116831328092219161e-01,2.360981768857062235e-02
-1.304833811120367504e-01,1.219151115335317392e-01,2.748251851748284222e-02
-1.618316212982540414e-01,1.395112528845271760e-01,3.318472555634610632e-02
-1.844262612098312437e-01,1.585411820802689331e-01,2.713468891629893659e-02
-2.081842901821867320e-01,1.724742969198055365e-01,1.810001500472374972e-02
-2.316664502008808635e-01,1.885718678376284985e-01,8.022199214017564778e-03
-2.566400828520882804e-01,2.009890834517795155e-01,1.070190745845533281e-03
-3.001276192914838492e-01,2.145735288283374120e-01,-1.320262429838646792e-02
-3.001276192914838492e-01,2.145735288283374120e-01,-1.320262429838646792e-02
-3.079743714754080153e-01,2.191932765931930704e-01,-2.637074770667223456e-02
-3.222925919346304457e-01,2.181492454808807435e-01,-1.905866800943983516e-02
-3.238949453360569497e-01,2.020473672825875699e-01,-6.255172949685416928e-03
-3.209821478047107934e-01,1.889820188214325347e-01,-1.328813879570692191e-03
-3.209821478047107934e-01,1.889820188214325347e-01,-1.328813879570692191e-03
-3.118316306971631868e-01,1.771412546127930643e-01,-3.473229917085735030e-05
-2.887668910950929591e-01,1.472834216215307412e-01,2.004684421965963886e-02
-2.887668910950929591e-01,1.472834216215307412e-01,2.004684421965963886e-02
-2.682142514754131679e-01,1.248993137149926741e-01,3.635235145840455540e-02
-2.536514573179721732e-01,1.111353771383480904e-01,5.395427657679889577e-02
-2.422657452064962968e-01,9.463832554958062637e-02,6.375121657722819524e-02
-2.298336081132211772e-01,7.678333442997394009e-02,6.398604757007647637e-02
-2.215317839439775449e-01,5.812342363375182924e-02,6.306242070707245018e-02
-2.086368201446487936e-01,4.709707521428222604e-02,5.736057163133446296e-02
-1.964468735865367299e-01,2.999283552797336883e-02,4.448938134689501417e-02
-1.899035519997729626e-01,2.249659830661432380e-02,2.937307433880329693e-02
-1.820145261541054882e-01,1.435850812174273641e-02,1.925306898757512750e-02
-1.678729058645941075e-01,1.894889027875167747e-03,-9.185422520643152233e-04
-1.634568499208503001e-01,-2.811343910709506941e-03,-1.083132072911940219e-02
-1.603737563736904737e-01,-8.970754161268449170e-03,-2.262437288367105670e-02
-1.640512879119905842e-01,-1.565389883467423540e-02,-2.548722555490042299e-02
-1.610073947614277523e-01,-1.679933299586297557e-02,-2.650531900863560206e-02
-1.608366589454026663e-01,-1.304141924273182970e-02,-2.785271422232023578e-02
-1.689380118667122010e-01,-7.779019524253162447e-03,-1.938814983799141273e-02
-1.857725548160815976e-01,2.293582687255641891e-04,-7.214624300513530070e-03
-1.878287176136852754e-01,1.527208021956686160e-02,1.174278027447393617e-02
-1.878287176136852754e-01,1.527208021956686160e-02,1.174278027447393617e-02
-1.952332144879393439e-01,2.810966152297929982e-02,2.929798710539861795e-02
-1.966362323346902141e-01,4.234109604983564423e-02,4.215762832817489258e-02
-1.927212296404451630e-01,4.204409195307361874e-02,4.222747594038440966e-02
-1.875428997971517464e-01,4.732958583689154258e-02,3.274099487419455945e-02
-1.875428997971517464e-01,4.732958583689154258e-02,3.274099487419455945e-02
-1.910076062564703414e-01,4.621282919028332076e-02,1.347056372733176216e-02
-1.887573596670093223e-01,4.139862534442768915e-02,2.049448427556326349e-02
-1.888883589222425385e-01,3.678390033935102083e-02,7.465611345273431843e-03
-1.894010595975716416e-01,3.752071853685676195e-02,1.324091102137374409e-04
-1.917174690779589186e-01,2.215143717195475898e-02,-1.603634075303518244e-02
-1.870309374602751595e-01,7.508833107310389221e-04,-1.917618071330162710e-02
-1.870309374602751595e-01,7.508833107310389221e-04,-1.917618071330162710e-02
-1.868614391832494337e-01,-1.137105682626477279e-02,-2.367185906594392042e-02
-1.900942286819242433e-01,-2.596520879807156373e-02,-2.311066646536522398e-02
-1.870168278916867211e-01,-5.532112988629480504e-02,-1.725981423193528527e-02
-1.843095935822475218e-01,-6.980018368692886277e-02,-2.321320150900692963e-04
-1.866308343222635169e-01,-7.324472234661209835e-02,2.373821308880169623e-03
-1.769316096648188841e-01,-8.638956063690590714e-02,5.584849250980641888e-03
-1.727029254039713080e-01,-9.776682772512344799e-02,5.921884957616772860e-03
-1.680001056772802981e-01,-1.087031627945108103e-01,1.078369361884876435e-02
-1.634264567080148667e-01,-1.115666921942887191e-01,5.754695505148354345e-03
-1.489204236102700807e-01,-1.118682743144071429e-01,7.021860884680267839e-03
-1.387708935561294821e-01,-1.084276527873495044e-01,1.203957250601636782e-02
-1.387708935561294821e-01,-1.084276527873495044e-01,1.203957250601636782e-02
-1.306606667973659319e-01,-1.045477567752688686e-01,1.540844227897220781e-02
-1.236774135519232293e-01,-1.011130089682434896e-01,9.035378492313617116e-03
-1.190536738825916513e-01,-9.787389930363750434e-02,1.213430663900340496e-02
-1.184363176873089729e-01,-9.706363266975417958e-02,1.211374260177719084e-02
-1.158813792648301783e-01,-8.567373304555095381e-02,2.320763886382488234e-03
-1.143992452880892435e-01,-7.477672540642174570e-02,3.878543527139309555e-03
-1.138627939518495058e-01,-6.947627246072896057e-02,-2.759640299462819829e-03
-1.143964014369272808e-01,-5.940195409025539330e-02,-6.868446070843220452e-03
-1.086257004746766647e-01,-5.299235021831107811e-02,-1.900425637458464517e-02
-1.085945215986203333e-01,-5.304493679975782333e-02,-2.496492030671194906e-02
-1.127616510567053670e-01,-4.773947403559546804e-02,-1.822357187147726279e-02
-1.105462665656216092e-01,-4.607986578158655699e-02,-1.735230095043741386e-02
-1.099520094181501012e-01,-4.923787445174213073e-02,-1.141735201894324148e-02
-1.126517485370627236e-01,-5.042900047405366598e-02,8.569803284586841041e-04
-1.088814080184220268e-01,-4.982488658761190237e-02,1.649168503492840984e-02
-1.066651845800359877e-01,-4.992740173746575139e-02,1.975803471533676622e-02
-1.125660777730329992e-01,-5.637960667360875089e-02,3.002373916462357240e-02
-1.143463252737485503e-01,-6.257223736208486486e-02,2.125597428949298900e-02
-1.144352235959313624e-01,-7.055452687991009553e-02,1.276645185511640634e-02
-1.147566103885966637e-01,-7.737986600711187213e-02,-8.654889808099169857e-04
-1.156106946134080049e-01,-8.504073736040712594e-02,1.535831291198688081e-03
-1.156145449258045577e-01,-8.678310001861667955e-02,3.874258800455991636e-03
-1.151410693860878687e-01,-1.073379371793610343e-01,1.142596432379405780e-04
-1.125966723699955013e-01,-1.185336409869797436e-01,-5.702857903992466365e-03
-1.150131403762715554e-01,-1.276630343928069344e-01,-6.700697462821710026e-03
-1.166622324735710758e-01,-1.353946295087979645e-01,-9.810574379104024939e-03
-1.019135769681819431e-01,-1.373202321941411341e-01,-1.538543777980967350e-02
-9.889714031546568973e-02,-1.422476292025876554e-01,-9.145455776853824575e-03
-9.429329270893932469e-02,-1.452613679144070802e-01,-8.867985631646656958e-03
-8.659615040894866334e-02,-1.473203444918900207e-01,-5.632874357109431823e-03
-7.820932235955439793e-02,-1.476170632559330176e-01,-8.558623517960727706e-03
-7.314901242335675180e-02,-1.439836784673270142e-01,-7.721602174803766233e-03
-6.788849421117183758e-02,-1.461690299171821139e-01,-7.253185328572286233e-03
-6.679687998332672905e-02,-1.456057406025494660e-01,-7.675422380013525309e-03
-5.920486033501622808e-02,-1.409491183960787652e-01,-1.134232461027319394e-03
-5.179211940943984072e-02,-1.414940839629093283e-01,-4.553465136139869807e-04
-4.630788584283751508e-02,-1.291645783300116868e-01,-8.845505188377587868e-04
-4.674535227933371978e-02,-1.249900643292623514e-01,1.086754853612136550e-02
-4.877351140060238316e-02,-1.159276810473816449e-01,1.492718616728156734e-02
-4.786277117436406325e-02,-1.120455028565373462e-01,1.055740359994857686e-02
-4.712637199086437689e-02,-1.086385148518227844e-01,2.604974081390428603e-03
-4.829099564975328218e-02,-9.871375538056184618e-02,3.145619341032024341e-04
-5.214825444067156673e-02,-8.770688855454265853e-02,-1.108447029203595696e-02
-5.755083391162411910e-02,-7.933131395071411907e-02,-1.777669153557428008e-02
-6.505535783578636488e-02,-7.621822686663339008e-02,-1.741020882865845082e-02
-7.256876940531833964e-02,-6.820412926701567569e-02,-1.839292777239062357e-02
-7.592172371850011703e-02,-6.380691939319779737e-02,-2.408086844659961673e-02
-7.894912529301026383e-02,-6.280744117435457796e-02,-1.617162756602660845e-02
-8.523996636100970858e-02,-7.093940306395024598e-02,-1.488963632073971380e-02
-8.550543298120451274e-02,-7.461471558886911826e-02,-1.361015268914172321e-02
-8.221662246622493675e-02,-7.992238375609897472e-02,-9.513731483606423234e-03
-8.910795774142221681e-02,-8.280172205818789322e-02,-8.723299886940517889e-04
-8.462682066875981679e-02,-9.437787870537048263e-02,5.760561018171433956e-04
-7.631585511483333917e-02,-1.095864913781067901e-01,8.273750296632111090e-03
-7.724166695186494846e-02,-1.076464781727906189e-01,4.446016531863130478e-03
-6.293568197967992772e-02,-1.170793620530450052e-01,-1.513815504021340241e-03
-5.834610745389570696e-02,-1.222266281105978403e-01,-2.741098426350230266e-03
-4.590238833924190770e-02,-1.346476307115467008e-01,-1.410537422421539837e-02
-3.641957755272803854e-02,-1.411200150826420752e-01,-2.814812951251649542e-02
-2.703294612302847497e-02,-1.506191142035752661e-01,-5.414164750475329579e-02
-2.097446733603203217e-02,-1.491527345724031062e-01,-8.207675600104946678e-02
-1.710772132831157172e-02,-1.485716091146440654e-01,-1.141188311381479970e-01
-1.528601390793631401e-02,-1.416654007454122843e-01,-1.496597697701348706e-01
-1.019817143214163564e-02,-1.359515127788430977e-01,-2.021572308886288583e-01
-4.414866466539161399e-03,-1.335203164990064750e-01,-2.342435962153349149e-01
-1.229956176862263481e-03,-1.302015668358701139e-01,-2.804350959967619183e-01
-1.068495629032439019e-03,-1.239373433903868532e-01,-3.190146488060801588e-01
7.996131532534435891e-04,-1.169150300304037798e-01,-3.561038272432310858e-01
-1.723148494391725559e-05,-1.118719878950322766e-01,-4.075868233423460829e-01
-4.728108160436935402e-03,-1.065915324223879190e-01,-4.378419139816033256e-01
-6.419342787793468237e-03,-1.056066382473411502e-01,-4.782847340900707733e-01
-3.030426547488829572e-03,-9.832160786951642251e-02,-5.323830567281012671e-01
3.842574821699053927e-02,-1.316463709412546979e-01,-5.795144857601263189e-01
3.502044637549616563e-02,-1.304976280563312219e-01,-6.058565635331489840e-01
3.059220412776841869e-02,-1.266741307574040520e-01,-6.510700830936890782e-01
2.918194778305651174e-02,-1.037770375523036220e-01,-6.831785442596469693e-01
4.290456630918586256e-03,-6.530055716683451361e-02,-7.086500345228606834e-01
5.007065888072084747e-02,-1.157121178016414648e-01,-7.240732367804815217e-01
3.333771458221695960e-02,-1.093414202935475421e-01,-7.395993019209864405e-01
5.271105200957010295e-02,-9.537690712591262443e-02,-7.644737851897890346e-01
-1.561739722357186055e-02,-5.538686810621705481e-02,-7.996683009990837032e-01
-2.317757695385085775e-02,-4.789225996503712612e-02,-8.429474849105144107e-01
-2.501133775603421247e-02,-3.523058369715194316e-02,-8.723033749372032242e-01
-3.837774501172024066e-02,-3.974691799134887071e-02,-9.388477457032380347e-01
-4.073425587989885910e-02,-3.199229973008588940e-02,-9.838257139375773397e-01
-3.261557273516049738e-02,-4.157979166220138190e-02,-1.021080691096689419e+00
-9.439064557949402440e-03,-3.829684393344162663e-03,-1.075447704048889896e+00
-5.914140951103562943e-02,3.699589380834538907e-03,-1.123491209080914821e+00
-2.934198707909855056e-02,1.604478609489987107e-02,-1.159199195272699212e+00
3.639609849384693729e-02,-8.316358363777226481e-02,-1.198528725097624870e+00
5.568186034950306507e-02,-1.358394480526244064e-01,-1.238160852889738095e+00
6.425263348738774472e-02,-1.616119766355486875e-01,-1.279496351060441128e+00
4.009446519305375628e-02,-1.863966215109731095e-01,-1.313313011264172436e+00
