1.248155016875856393e+00,6.649128167268482104e-01,0.000000000000000000e+00
1.233454046941291793e+00,6.918027999973329623e-01,0.000000000000000000e+00
1.227027525522223383e+00,7.031382876865757137e-01,0.000000000000000000e+00
1.193034372012544697e+00,7.593872445575008401e-01,0.000000000000000000e+00
1.156175496214481901e+00,8.144066686571252989e-01,0.000000000000000000e+00
1.116591403254552528e+00,8.678845765296381298e-01,0.000000000000000000e+00
1.074188874163139129e+00,9.198468691168808498e-01,0.000000000000000000e+00
1.016297511945368992e+00,9.834324416113456868e-01,0.000000000000000000e+00
9.193832887326389702e-01,1.074585672898702660e+00,0.000000000000000000e+00
8.523423352058604463e-01,1.128500130091184772e+00,0.000000000000000000e+00
8.458751239316196768e-01,1.133355758230251142e+00,0.000000000000000000e+00
7.812980075080656617e-01,1.178801689625497140e+00,0.000000000000000000e+00
7.135226606952438377e-01,1.221018186872898426e+00,0.000000000000000000e+00
6.838284458937745613e-01,1.237892829200696765e+00,0.000000000000000000e+00
6.605902440858886226e-01,1.250448131438703925e+00,0.000000000000000000e+00
5.935110450117631054e-01,1.283645059761087115e+00,0.000000000000000000e+00
5.157481630387369398e-01,1.316815792858731182e+00,0.000000000000000000e+00
4.771509632095440323e-01,1.331287706811793869e+00,0.000000000000000000e+00
4.101923393323914091e-01,1.353418724842027743e+00,0.000000000000000000e+00
3.319501960147200892e-01,1.374703265205182046e+00,0.000000000000000000e+00
2.568310988573357379e-01,1.390696870874359004e+00,0.000000000000000000e+00
2.124926062316766506e-01,1.398158393136081701e+00,0.000000000000000000e+00
1.149649687934427567e-01,1.409532921201318567e+00,0.000000000000000000e+00
7.946183573725602856e-02,1.411979396684408306e+00,0.000000000000000000e+00
-2.572615828206901989e-02,1.413979548925671903e+00,0.000000000000000000e+00
-4.983949292490874594e-02,1.413335071716890656e+00,0.000000000000000000e+00
-1.207218920309100496e-01,1.409051533757540442e+00,0.000000000000000000e+00
-1.844361868180750541e-01,1.402135262017188078e+00,0.000000000000000000e+00
-3.052277067944554889e-01,1.380882343650246646e+00,0.000000000000000000e+00
-3.847962498468149306e-01,1.360857026327096486e+00,0.000000000000000000e+00
-4.062575582672526830e-01,1.354605033340246401e+00,0.000000000000000000e+00
-4.519412819523962455e-01,1.340055624840709836e+00,0.000000000000000000e+00
-5.376175694391752691e-01,1.308039505913454414e+00,0.000000000000000000e+00
-5.631620108958464987e-01,1.297246526102015185e+00,0.000000000000000000e+00
-6.235783123017392127e-01,1.269310871468024127e+00,0.000000000000000000e+00
-6.829819445377925957e-01,1.238360070187736639e+00,0.000000000000000000e+00
-7.403289577225499185e-01,1.204953540331511475e+00,0.000000000000000000e+00
-8.521662612965151817e-01,1.128633094990537655e+00,0.000000000000000000e+00
-9.244117329420080686e-01,1.070263027483970397e+00,0.000000000000000000e+00
-9.720780928466221660e-01,1.027163171753969095e+00,0.000000000000000000e+00
-1.003579561913252149e+00,9.964075787096389192e-01,0.000000000000000000e+00
-1.007940777868779891e+00,9.919956594205838751e-01,0.000000000000000000e+00
-1.047766431973994328e+00,9.498344613818164861e-01,0.000000000000000000e+00
-1.096068113429752078e+00,8.936636339935426498e-01,0.000000000000000000e+00
-1.133993326168258875e+00,8.450201986969597678e-01,0.000000000000000000e+00
-1.176494315465862250e+00,7.847681986908698892e-01,0.000000000000000000e+00
-1.225513132990328380e+00,7.057744405036427970e-01,0.000000000000000000e+00
-1.257619536209534816e+00,6.468331331526817607e-01,0.000000000000000000e+00
-1.317379748653423110e+00,5.143059379764577388e-01,0.000000000000000000e+00
-1.334581527426574432e+00,4.678591098308886309e-01,0.000000000000000000e+00
-1.337697500466885625e+00,4.588740537932458063e-01,0.000000000000000000e+00
-1.355204463030670325e+00,4.042534642792223187e-01,0.000000000000000000e+00
-1.374483656465657289e+00,3.328583454095707661e-01,0.000000000000000000e+00
-1.388686759021676043e+00,2.674866077355539384e-01,0.000000000000000000e+00
-1.394398331975628791e+00,2.359094991380902562e-01,0.000000000000000000e+00
-1.403606903115374172e+00,1.728804833602362034e-01,0.000000000000000000e+00
-1.410259529988953542e+00,1.056790332816110595e-01,0.000000000000000000e+00
-1.413584329006999374e+00,4.218228047215528270e-02,0.000000000000000000e+00
-1.413763011374759238e+00,-3.569520512019136449e-02,0.000000000000000000e+00
-1.408372639443668195e+00,-1.283997993241255686e-01,0.000000000000000000e+00
-1.398229827555684368e+00,-2.120220491684806918e-01,0.000000000000000000e+00
-1.373305332211222973e+00,-3.376869327057572256e-01,0.000000000000000000e+00
-1.368437811633523404e+00,-3.569004842973086955e-01,0.000000000000000000e+00
-1.350625396058901861e+00,-4.192982703526628718e-01,0.000000000000000000e+00
-1.341922836370221139e+00,-4.463665547821664692e-01,0.000000000000000000e+00
-1.329575004235004076e+00,-4.819027994455823416e-01,0.000000000000000000e+00
-1.305299761946335124e+00,-5.442357315197534628e-01,0.000000000000000000e+00
-1.278214113136682206e+00,-6.051187329592473407e-01,0.000000000000000000e+00
-1.247760407557703788e+00,-6.656530367476989341e-01,0.000000000000000000e+00
-1.215207023482867355e+00,-7.233753452239785053e-01,0.000000000000000000e+00
-1.180313466622167740e+00,-7.790122723746791822e-01,0.000000000000000000e+00
-1.116744091047671361e+00,-8.676880978266963140e-01,0.000000000000000000e+00
-1.080192851726157199e+00,-9.127888052992940704e-01,0.000000000000000000e+00
-1.022302325683369872e+00,-9.771888020758185966e-01,0.000000000000000000e+00
-9.631638251862499889e-01,-1.035526651444853563e+00,0.000000000000000000e+00
-8.710819451591600426e-01,-1.114098848764208505e+00,0.000000000000000000e+00
-8.655556818317612366e-01,-1.118397675985047357e+00,0.000000000000000000e+00
-8.613483644404471562e-01,-1.121641206035052463e+00,0.000000000000000000e+00
-8.104975158114465783e-01,-1.158919227928967732e+00,0.000000000000000000e+00
-7.546023587466481608e-01,-1.196066586847904123e+00,0.000000000000000000e+00
-6.800328034328523286e-01,-1.239982010456303296e+00,0.000000000000000000e+00
-6.351484729978249533e-01,-1.263561006540060649e+00,0.000000000000000000e+00
-5.787088034954871452e-01,-1.290386035555570299e+00,0.000000000000000000e+00
-4.826845390278250436e-01,-1.329291403637101743e+00,0.000000000000000000e+00
-4.001384205345677736e-01,-1.356425170959350002e+00,0.000000000000000000e+00
-2.964471908398084166e-01,-1.382793933687585408e+00,0.000000000000000000e+00
-2.041195883678846579e-01,-1.399405299991580476e+00,0.000000000000000000e+00
-1.450198441587650933e-01,-1.406758417355363777e+00,0.000000000000000000e+00
-9.351872469140125321e-02,-1.411118084404028306e+00,0.000000000000000000e+00
6.486776461928347656e-03,-1.414198685380216869e+00,0.000000000000000000e+00
2.482610992975476868e-02,-1.413995637993892718e+00,0.000000000000000000e+00
4.770270475722473286e-02,-1.413408805674722490e+00,0.000000000000000000e+00
6.987338941782333945e-02,-1.412486357261997005e+00,0.000000000000000000e+00
1.358043025923912905e-01,-1.407677943067019211e+00,0.000000000000000000e+00
2.044912071016684041e-01,-1.399351044669672195e+00,0.000000000000000000e+00
2.693831699629907206e-01,-1.388320102764737385e+00,0.000000000000000000e+00
3.336702468192251914e-01,-1.374286784622335666e+00,0.000000000000000000e+00
4.965962535290338042e-01,-1.324157151164818469e+00,0.000000000000000000e+00
5.451702087210260617e-01,-1.304909745355238515e+00,0.000000000000000000e+00
5.527409910681906346e-01,-1.301720936603907752e+00,0.000000000000000000e+00
6.202345589138463788e-01,-1.270948107488636403e+00,0.000000000000000000e+00
6.848305503153355733e-01,-1.237338723775666560e+00,0.000000000000000000e+00
7.157139752916915620e-01,-1.219735014489689906e+00,0.000000000000000000e+00
7.616348314539133080e-01,-1.191600765154239738e+00,0.000000000000000000e+00
8.506601216383118391e-01,-1.129768718567784047e+00,0.000000000000000000e+00
9.000334433735580619e-01,-1.090843618860712905e+00,0.000000000000000000e+00
9.400557682927775938e-01,-1.056548698593432478e+00,0.000000000000000000e+00
9.964282271847455519e-01,-1.003559060578631534e+00,0.000000000000000000e+00
1.047210652502400752e+00,-9.504471838484745971e-01,0.000000000000000000e+00
1.070156430676069581e+00,-9.245351339363232501e-01,0.000000000000000000e+00
1.122694486620252396e+00,-8.599750517965556451e-01,0.000000000000000000e+00
1.146464325751121560e+00,-8.280214669801905236e-01,0.000000000000000000e+00
1.213508459963373198e+00,-7.262211905454993843e-01,0.000000000000000000e+00
1.246684068089020991e+00,-6.676667090495148615e-01,0.000000000000000000e+00
1.269730047770285308e+00,-6.227243417349841437e-01,0.000000000000000000e+00
1.284136055177301783e+00,-5.924479654734902123e-01,0.000000000000000000e+00
1.310996814222162188e+00,-5.303653015604826715e-01,0.000000000000000000e+00
1.333379700373077625e+00,-4.712733544695709709e-01,0.000000000000000000e+00
1.372722802683963295e+00,-3.400472128859242105e-01,0.000000000000000000e+00
1.381874552960750568e+00,-3.007037077914503920e-01,0.000000000000000000e+00
1.394696304604811754e+00,-2.341414485341762886e-01,0.000000000000000000e+00
1.398658196639029905e+00,-2.091775537060731605e-01,0.000000000000000000e+00
1.406216172177841006e+00,-1.501868073617022570e-01,0.000000000000000000e+00
1.412814041710236834e+00,-6.290058462673953077e-02,0.000000000000000000e+00
1.413785094046557722e+00,3.480959424879650349e-02,0.000000000000000000e+00
1.407707554862953181e+00,1.354970109698590830e-01,0.000000000000000000e+00
1.401126745327037959e+00,1.919475020136019450e-01,0.000000000000000000e+00
1.397259662915337985e+00,2.183241498087566956e-01,0.000000000000000000e+00
1.389653845596621196e+00,2.624160616626251552e-01,0.000000000000000000e+00
1.378253628332851699e+00,3.168863139792086892e-01,0.000000000000000000e+00
1.361279719019894419e+00,3.832982214739816818e-01,0.000000000000000000e+00
1.322508579858160616e+00,5.009701150782867041e-01,0.000000000000000000e+00
1.298540797666357660e+00,5.601712209637514928e-01,0.000000000000000000e+00
1.279475667586714938e+00,6.024466914620170144e-01,0.000000000000000000e+00
1.253064497741886552e+00,6.556137311701715209e-01,0.000000000000000000e+00
1.237274391292140896e+00,6.849467721309900892e-01,0.000000000000000000e+00
1.203497996211145615e+00,7.426927851512750145e-01,0.000000000000000000e+00
1.167091253411241869e+00,7.986851734012448967e-01,0.000000000000000000e+00
1.128472245409859909e+00,8.523792532315818127e-01,0.000000000000000000e+00
1.087307248798522474e+00,9.043024641734580538e-01,0.000000000000000000e+00
1.021124286768803069e+00,9.784197417115535478e-01,0.000000000000000000e+00
9.958735581501364509e-01,1.004109484158668408e+00,0.000000000000000000e+00
9.460787611941149367e-01,1.051158873633005753e+00,0.000000000000000000e+00
8.952301465585619233e-01,1.094789013779703613e+00,0.000000000000000000e+00
8.394292496848264618e-01,1.138138187907588694e+00,0.000000000000000000e+00
7.905523362664604869e-01,1.172615454283134184e+00,0.000000000000000000e+00
7.354684826999163816e-01,1.207926368184370380e+00,0.000000000000000000e+00
6.505034928040207554e-01,1.255724972217153068e+00,0.000000000000000000e+00
5.626368221585139606e-01,1.297474395258484181e+00,0.000000000000000000e+00
5.462502830575048929e-01,1.304457982558118401e+00,0.000000000000000000e+00
4.934276661846555556e-01,1.325341140327110034e+00,0.000000000000000000e+00
4.282320110267112123e-01,1.347819477798128274e+00,0.000000000000000000e+00
3.204638318318060453e-01,1.377426198562985205e+00,0.000000000000000000e+00
2.649939123021148868e-01,1.389164578602124944e+00,0.000000000000000000e+00
2.292655465774920132e-01,1.395506112187447245e+00,0.000000000000000000e+00
1.726264633042274010e-01,1.403638167109698687e+00,0.000000000000000000e+00
1.060942677007570972e-01,1.410228352558918097e+00,0.000000000000000000e+00
3.507685344943392569e-02,1.413778488431652214e+00,0.000000000000000000e+00
-3.143145278519517138e-02,1.413864231026378482e+00,0.000000000000000000e+00
-1.518947135502199952e-01,1.406032715122765842e+00,0.000000000000000000e+00
-1.908025544348334324e-01,1.401283121007722121e+00,0.000000000000000000e+00
-2.757344792921289645e-01,1.387072635779935892e+00,0.000000000000000000e+00
-3.142947892393465059e-01,1.378846904285241814e+00,0.000000000000000000e+00
-3.677817393583621697e-01,1.365553584519676900e+00,0.000000000000000000e+00
-4.383286404326265373e-01,1.344569820788970915e+00,0.000000000000000000e+00
-5.299870511570710097e-01,1.311149772377599998e+00,0.000000000000000000e+00
-5.787948474286118694e-01,1.290347443361705482e+00,0.000000000000000000e+00
-6.108308115360475687e-01,1.275494304055574180e+00,0.000000000000000000e+00
-6.672065260731981917e-01,1.246930411677145356e+00,0.000000000000000000e+00
-7.710982338858711760e-01,1.185498845928620426e+00,0.000000000000000000e+00
-7.810518035054465624e-01,1.178964834183314103e+00,0.000000000000000000e+00
-8.349570542582435140e-01,1.141423110658092765e+00,0.000000000000000000e+00
-8.881481328750142623e-01,1.100542091003622769e+00,0.000000000000000000e+00
-9.720473792663586465e-01,1.027192237344794368e+00,0.000000000000000000e+00
-1.015033854407834557e+00,9.847366523116599657e-01,0.000000000000000000e+00
-1.055580560439554949e+00,9.411427524143800571e-01,0.000000000000000000e+00
-1.082995751499024273e+00,9.094614902430249170e-01,0.000000000000000000e+00
-1.124906982003859746e+00,8.570789239264774428e-01,0.000000000000000000e+00
-1.164769569615284217e+00,8.020672351481674678e-01,0.000000000000000000e+00
-1.200143230128037919e+00,7.481017492145299874e-01,0.000000000000000000e+00
-1.235302302029694710e+00,6.884970752299076624e-01,0.000000000000000000e+00
-1.271484951081384374e+00,6.191332806218465823e-01,0.000000000000000000e+00
-1.294563760970012689e+00,5.693019135600864145e-01,0.000000000000000000e+00
-1.319564721260214846e+00,5.086737131063995276e-01,0.000000000000000000e+00
-1.351870533316255063e+00,4.152662533257720501e-01,0.000000000000000000e+00
-1.361193989884183386e+00,3.836025572166823494e-01,0.000000000000000000e+00
-1.393313683186819363e+00,2.422333177834541940e-01,0.000000000000000000e+00
-1.401749871239608591e+00,1.873427299890258468e-01,0.000000000000000000e+00
-1.407317201274196128e+00,1.394929926475322046e-01,0.000000000000000000e+00
-1.408488380187820743e+00,1.271238879042391190e-01,0.000000000000000000e+00
-1.412895763047156805e+00,6.103738824190452911e-02,0.000000000000000000e+00
-1.414203274750929662e+00,-5.394226890576319516e-03,0.000000000000000000e+00
-1.412343464531245818e+00,-7.270445788174201285e-02,0.000000000000000000e+00
-1.407344919083006962e+00,-1.392130695417806707e-01,0.000000000000000000e+00
-1.399228496089354401e+00,-2.053280685428161001e-01,0.000000000000000000e+00
-1.388064729572582534e+00,-2.706959669381749922e-01,0.000000000000000000e+00
-1.373771826354640346e+00,-3.357841108722031120e-01,0.000000000000000000e+00
-1.338919075062284803e+00,-4.552973868081781617e-01,0.000000000000000000e+00
-1.317654110732565664e+00,-5.136026133788375025e-01,0.000000000000000000e+00
-1.294930108665947266e+00,-5.684681289838491303e-01,0.000000000000000000e+00
-1.271655229991743186e+00,-6.187834645775913689e-01,0.000000000000000000e+00
-1.237458836693092090e+00,-6.846134876630602939e-01,0.000000000000000000e+00
-1.180182821751281086e+00,-7.792101816860351748e-01,0.000000000000000000e+00
-1.171253892114583861e+00,-7.925681801627160183e-01,0.000000000000000000e+00
-1.117752874619918790e+00,-8.663881989494711666e-01,0.000000000000000000e+00
-9.940778841174101599e-01,-1.005887250296300772e+00,0.000000000000000000e+00
-9.422507024932140762e-01,-1.054591681007888804e+00,0.000000000000000000e+00
-8.947815127242400024e-01,-1.095155717004171469e+00,0.000000000000000000e+00
-8.421629078456280837e-01,-1.136116911523191941e+00,0.000000000000000000e+00
-8.070230459504663667e-01,-1.161341381035237097e+00,0.000000000000000000e+00
-7.384519554909380057e-01,-1.206104767187166749e+00,0.000000000000000000e+00
-6.680186255386810767e-01,-1.246495533860194627e+00,0.000000000000000000e+00
-5.493173943603371079e-01,-1.303169367447366778e+00,0.000000000000000000e+00
-5.238100771763222196e-01,-1.313629705453000174e+00,0.000000000000000000e+00
-4.619489595916142499e-01,-1.336638754014047414e+00,0.000000000000000000e+00
-4.492990961206299039e-01,-1.340943817699006058e+00,0.000000000000000000e+00
-3.885647602030549708e-01,-1.359785801929238591e+00,0.000000000000000000e+00
-2.933840308401885477e-01,-1.383447075405475513e+00,0.000000000000000000e+00
-2.394034699795957177e-01,-1.393802704317124386e+00,0.000000000000000000e+00
-1.790326605057973031e-01,-1.402835452386421711e+00,0.000000000000000000e+00
-9.188130418629113227e-02,-1.411225646713177628e+00,0.000000000000000000e+00
-3.435553904851738199e-02,-1.413796200637378320e+00,0.000000000000000000e+00
4.789681946608726620e-02,-1.413402240936752374e+00,0.000000000000000000e+00
9.109390879044595990e-02,-1.411276691432717501e+00,0.000000000000000000e+00
1.553299821004002490e-01,-1.405657353931138331e+00,0.000000000000000000e+00
2.072884048407737378e-01,-1.398939425857520069e+00,0.000000000000000000e+00
2.718165911441189908e-01,-1.387845719371858300e+00,0.000000000000000000e+00
3.390651979210906886e-01,-1.372965692054514575e+00,0.000000000000000000e+00
4.077314334165571541e-01,-1.354162131431860816e+00,0.000000000000000000e+00
4.647787592645095667e-01,-1.335657405526036623e+00,0.000000000000000000e+00
5.277958436532648179e-01,-1.312033363684909748e+00,0.000000000000000000e+00
6.271983935554477085e-01,-1.267526005698291769e+00,0.000000000000000000e+00
7.011743009110402713e-01,-1.228150886390558583e+00,0.000000000000000000e+00
7.312094952477965482e-01,-1.210509262277436271e+00,0.000000000000000000e+00
7.828731523272196569e-01,-1.177756183327110406e+00,0.000000000000000000e+00
8.543408239908089064e-01,-1.126987913183946421e+00,0.000000000000000000e+00
8.761893879510800343e-01,-1.110086553581256741e+00,0.000000000000000000e+00
9.645919675756302603e-01,-1.034196468804924107e+00,0.000000000000000000e+00
1.000056615271783134e+00,-9.999433815227465328e-01,0.000000000000000000e+00
1.020877519399647770e+00,-9.786772146036822884e-01,0.000000000000000000e+00
1.103866939570508965e+00,-8.840123187621532486e-01,0.000000000000000000e+00
1.121487816242800362e+00,-8.615480706373584985e-01,0.000000000000000000e+00
1.158186065685987254e+00,-8.115448461119164625e-01,0.000000000000000000e+00
1.186139237341148345e+00,-7.701127902065767472e-01,0.000000000000000000e+00
1.220988850283244442e+00,-7.135728606694633491e-01,0.000000000000000000e+00
1.260659823490168030e+00,-6.408875169932226612e-01,0.000000000000000000e+00
1.286797393487777885e+00,-5.866450955331178330e-01,0.000000000000000000e+00
1.325747259000497058e+00,-4.923354600804915049e-01,0.000000000000000000e+00
1.335082481770598628e+00,-4.664276652057200434e-01,0.000000000000000000e+00
1.365707316282745998e+00,-3.672104658799637544e-01,0.000000000000000000e+00
1.376179917469481984e+00,-3.257742082389125104e-01,0.000000000000000000e+00
1.386634462815788504e+00,-2.779296071518286837e-01,0.000000000000000000e+00
1.402849367153302884e+00,-1.789235956423233520e-01,0.000000000000000000e+00
1.407754803736441573e+00,-1.350052315911250689e-01,0.000000000000000000e+00
1.413217163295112488e+00,-5.307776717342068545e-02,0.000000000000000000e+00
1.414148025412905962e+00,1.361477949800497973e-02,0.000000000000000000e+00
1.414148025412905962e+00,1.361477949800497973e-02,0.000000000000000000e+00
1.409014832455789623e+00,1.211495023497134310e-01,0.000000000000000000e+00
1.397387046150130097e+00,2.175073406848946900e-01,0.000000000000000000e+00
1.386279542543864984e+00,2.796945296647266321e-01,0.000000000000000000e+00
1.362752369625478854e+00,3.780290717393869349e-01,0.000000000000000000e+00
1.353390182646039053e+00,4.102865017488652177e-01,0.000000000000000000e+00
1.342607174503915424e+00,4.443039218492370046e-01,0.000000000000000000e+00
1.315491715970142694e+00,5.191161192006366054e-01,0.000000000000000000e+00
1.289182549561334934e+00,5.813848586835886900e-01,0.000000000000000000e+00
1.266643413596472811e+00,6.289789048868611454e-01,0.000000000000000000e+00
1.222064281493146609e+00,7.117295075368446078e-01,0.000000000000000000e+00
1.199690679754813694e+00,7.488272650681419007e-01,0.000000000000000000e+00
1.162463835501620357e+00,8.054053831151503084e-01,0.000000000000000000e+00
1.099919019464198344e+00,8.889196536363209722e-01,0.000000000000000000e+00
1.056969867570177302e+00,9.395821938759173486e-01,0.000000000000000000e+00
1.029634410676831147e+00,9.694601489231905456e-01,0.000000000000000000e+00
9.685408164479952786e-01,1.030499241568983759e+00,0.000000000000000000e+00
9.455018563323751568e-01,1.051677821232354981e+00,0.000000000000000000e+00
8.942525700290371304e-01,1.095587669242613416e+00,0.000000000000000000e+00
8.395849213509768427e-01,1.138023356456305146e+00,0.000000000000000000e+00
7.816280120448521052e-01,1.178582899412176532e+00,0.000000000000000000e+00
7.317231268447423886e-01,1.210198853759395066e+00,0.000000000000000000e+00
6.745615707170186104e-01,1.242966889064945679e+00,0.000000000000000000e+00
6.148114068859042991e-01,1.273580360229763953e+00,0.000000000000000000e+00
5.550136485807969366e-01,1.300753570008182480e+00,0.000000000000000000e+00
4.627420035817377819e-01,1.336364410675905168e+00,0.000000000000000000e+00
4.159896940325394921e-01,1.351648095644245151e+00,0.000000000000000000e+00
3.615956812631890838e-01,1.367204653039116424e+00,0.000000000000000000e+00
2.527455083734201913e-01,1.391445186846058224e+00,0.000000000000000000e+00
1.999936169866497193e-01,1.400000911844202278e+00,0.000000000000000000e+00
1.568804653189161957e-01,1.405485154528969272e+00,0.000000000000000000e+00
5.280302495960555870e-02,1.413227455350028139e+00,0.000000000000000000e+00
1.613958916578909965e-03,1.414212641414513527e+00,0.000000000000000000e+00
-3.143684913493286631e-02,1.413864111050445960e+00,0.000000000000000000e+00
-9.894067944944100190e-02,1.410748291492881057e+00,0.000000000000000000e+00
-1.825533026325218411e-01,1.402381649800780616e+00,0.000000000000000000e+00
-2.612688995183896634e-01,1.389869980301916552e+00,0.000000000000000000e+00
-3.264859553344734433e-01,1.376011235771473107e+00,0.000000000000000000e+00
-3.264859553344734433e-01,1.376011235771473107e+00,0.000000000000000000e+00
-4.307027047039164724e-01,1.347031989286346265e+00,0.000000000000000000e+00
-4.873048681432380347e-01,1.327604596814842886e+00,0.000000000000000000e+00
-6.147626966117442082e-01,1.273603873602250136e+00,0.000000000000000000e+00
-6.336292165642833929e-01,1.264323540837602566e+00,0.000000000000000000e+00
-6.693545046406772503e-01,1.245778691067251254e+00,0.000000000000000000e+00
-7.535709168350243070e-01,1.196716705532441916e+00,0.000000000000000000e+00
-8.186512065045621345e-01,1.153173968700570651e+00,0.000000000000000000e+00
-8.910158639929860458e-01,1.098221621583199692e+00,0.000000000000000000e+00
-9.138475229630942387e-01,1.079297319914312325e+00,0.000000000000000000e+00
-9.690030368175319708e-01,1.030064616729650107e+00,0.000000000000000000e+00
-1.069535685954943638e+00,9.252531634471122812e-01,0.000000000000000000e+00
-1.141270737192300322e+00,8.351653156283153079e-01,0.000000000000000000e+00
-1.185926569552230747e+00,7.704402453338471402e-01,0.000000000000000000e+00
-1.229589729797281983e+00,6.986480490039653768e-01,0.000000000000000000e+00
-1.259217947878266797e+00,6.437158998667403820e-01,0.000000000000000000e+00
-1.285508026889615296e+00,5.894651073663044194e-01,0.000000000000000000e+00
-1.324263724141625076e+00,4.963119874862525482e-01,0.000000000000000000e+00
-1.344568908525629825e+00,4.383314387837092263e-01,0.000000000000000000e+00
-1.368694388561502828e+00,3.559152577795082761e-01,0.000000000000000000e+00
-1.385700350777248957e+00,2.825500625655735232e-01,0.000000000000000000e+00
-1.387007780530829626e+00,2.760605309473675439e-01,0.000000000000000000e+00
-1.396047982324136294e+00,2.259425392632126162e-01,0.000000000000000000e+00
-1.406992823642487345e+00,1.427276925426195775e-01,0.000000000000000000e+00
-1.411041691899152406e+00,9.466437409277819737e-02,0.000000000000000000e+00
-1.414069827117183653e+00,2.016244124054604112e-02,0.000000000000000000e+00
-1.413674724386394743e+00,-3.903554317607309948e-02,0.000000000000000000e+00
-1.409951822529328602e+00,-1.097080587114041134e-01,0.000000000000000000e+00
-1.402742180298913732e+00,-1.797619971246700032e-01,0.000000000000000000e+00
-1.381198247322610984e+00,-3.037949992889088513e-01,0.000000000000000000e+00
-1.366067381248954549e+00,-3.658687058052704777e-01,0.000000000000000000e+00
-1.352336439793609957e+00,-4.137464847057239492e-01,0.000000000000000000e+00
-1.341689728015193595e+00,-4.470667441652488305e-01,0.000000000000000000e+00
-1.311780735081063076e+00,-5.284234126817115573e-01,0.000000000000000000e+00
-1.299535724190552299e+00,-5.578592130211146305e-01,0.000000000000000000e+00
-1.265811148497568261e+00,-6.306521516170918717e-01,0.000000000000000000e+00
-1.241944202087387872e+00,-6.764426057704538975e-01,0.000000000000000000e+00
-1.208556830842997476e+00,-7.344320163382929145e-01,0.000000000000000000e+00
-1.168118330578593378e+00,-7.971822663395620179e-01,0.000000000000000000e+00
-1.110450502984323684e+00,-8.757280858930259759e-01,0.000000000000000000e+00
-1.091170363470511440e+00,-8.996372812882044157e-01,0.000000000000000000e+00
-1.047722206439824166e+00,-9.498832444742177916e-01,0.000000000000000000e+00
-1.001897279977873145e+00,-9.980991135017301952e-01,0.000000000000000000e+00
-9.451659453354761542e-01,-1.051979722132558859e+00,0.000000000000000000e+00
-8.915287224445829217e-01,-1.097805327485857241e+00,0.000000000000000000e+00
-8.477201900147031122e-01,-1.131976359930469522e+00,0.000000000000000000e+00
-7.996050279282567175e-01,-1.166461229236468000e+00,0.000000000000000000e+00
-7.431075288229429532e-01,-1.203241954307885386e+00,0.000000000000000000e+00
-6.860862827896455629e-01,-1.236642879964901853e+00,0.000000000000000000e+00
-6.264013945232831393e-01,-1.267920065674207564e+00,0.000000000000000000e+00
-5.664297367321668997e-01,-1.295823040907024604e+00,0.000000000000000000e+00
-4.948428585793934742e-01,-1.324813400186220402e+00,0.000000000000000000e+00
-4.412945962618500806e-01,-1.343599300130098761e+00,0.000000000000000000e+00
-3.780983853757047819e-01,-1.362733140044772417e+00,0.000000000000000000e+00
-3.138984813829940324e-01,-1.378937178911878725e+00,0.000000000000000000e+00
-2.298783990356869922e-01,-1.395405289389713310e+00,0.000000000000000000e+00
-1.741874509768783219e-01,-1.403445307777320572e+00,0.000000000000000000e+00
-1.157520738166882418e-01,-1.409468501743524671e+00,0.000000000000000000e+00
-2.615948940949804069e-02,-1.413971598411309927e+00,0.000000000000000000e+00
9.240450356919550912e-02,-1.411191485135922630e+00,0.000000000000000000e+00
2.208918874536049404e-01,-1.396856031972223189e+00,0.000000000000000000e+00
2.918517824040331998e-01,-1.383771128874854428e+00,0.000000000000000000e+00
2.965475455793712967e-01,-1.382772415551760670e+00,0.000000000000000000e+00
3.008927925987253116e-01,-1.381833393489295014e+00,0.000000000000000000e+00
3.469290726742882414e-01,-1.370999715001195218e+00,0.000000000000000000e+00
4.199404335940626343e-01,-1.350425870691476016e+00,0.000000000000000000e+00
4.743718674604435748e-01,-1.332280500255892841e+00,0.000000000000000000e+00
6.063093673385384630e-01,-1.277649776377525637e+00,0.000000000000000000e+00
6.117890287071062749e-01,-1.275034973776647318e+00,0.000000000000000000e+00
6.658824078303666738e-01,-1.247638015989426918e+00,0.000000000000000000e+00
7.232180909688601389e-01,-1.215300618322626258e+00,0.000000000000000000e+00
7.730484156974375409e-01,-1.184228080644806447e+00,0.000000000000000000e+00
8.303981133840737661e-01,-1.144744064535025752e+00,0.000000000000000000e+00
8.845218158958614296e-01,-1.103458724739755814e+00,0.000000000000000000e+00
9.392449135437775931e-01,-1.057269593047176270e+00,0.000000000000000000e+00
9.965140506241664253e-01,-1.003473839673270529e+00,0.000000000000000000e+00
1.031314882218781648e+00,-9.676722656530262201e-01,0.000000000000000000e+00
1.076266631618252756e+00,-9.174149212134606879e-01,0.000000000000000000e+00
1.158824998967641573e+00,-8.106322358305555476e-01,0.000000000000000000e+00
1.200186734979390657e+00,-7.480319519776614801e-01,0.000000000000000000e+00
1.251228916044854644e+00,-6.591101574495863424e-01,0.000000000000000000e+00
1.317243192903222448e+00,-5.146555845904369209e-01,0.000000000000000000e+00
1.348557754656010355e+00,-4.259013763268909569e-01,0.000000000000000000e+00
1.360888895298518975e+00,-3.846835253207196992e-01,0.000000000000000000e+00
1.378471844159555815e+00,-3.159357131749330749e-01,0.000000000000000000e+00
1.394991681396799077e+00,-2.323751467643036250e-01,0.000000000000000000e+00
1.405770011132162267e+00,-1.543070827975203951e-01,0.000000000000000000e+00
1.412987233898987949e+00,-5.888188888348189209e-02,0.000000000000000000e+00
1.414191761342447062e+00,7.852525144664841694e-03,0.000000000000000000e+00
1.412249742456739066e+00,7.450278471892500531e-02,0.000000000000000000e+00
1.409530181498732215e+00,1.149985540959162500e-01,0.000000000000000000e+00
1.406526198138514872e+00,1.472550642593180303e-01,0.000000000000000000e+00
1.388671131328026220e+00,2.675677279048055413e-01,0.000000000000000000e+00
1.359063789571701264e+00,3.910826202671333629e-01,0.000000000000000000e+00
1.349762304390510703e+00,4.220683850354329247e-01,0.000000000000000000e+00
1.345501546421871364e+00,4.354602032061631323e-01,0.000000000000000000e+00
1.322319531195194076e+00,5.014688997532373849e-01,0.000000000000000000e+00
1.297444043202627739e+00,5.627068106554410365e-01,0.000000000000000000e+00
1.273057858943670739e+00,6.158925943553447135e-01,0.000000000000000000e+00
1.226963280445003690e+00,7.032503881546282587e-01,0.000000000000000000e+00
1.211955611196393834e+00,7.288097121262696598e-01,0.000000000000000000e+00
1.172949079891099755e+00,7.900572485476117235e-01,0.000000000000000000e+00
1.148792275720545986e+00,8.247886439839055006e-01,0.000000000000000000e+00
1.106403177384572611e+00,8.808359717185273441e-01,0.000000000000000000e+00
1.067286998090503758e+00,9.278461422601061992e-01,0.000000000000000000e+00
1.023066808317195431e+00,9.763883990091584142e-01,0.000000000000000000e+00
9.279718605178115531e-01,1.067177691899109826e+00,0.000000000000000000e+00
8.297275072617646963e-01,1.145230223008971260e+00,0.000000000000000000e+00
8.249723783943314626e-01,1.148660339215383575e+00,0.000000000000000000e+00
8.199474504469747016e-01,1.152252653937280380e+00,0.000000000000000000e+00
7.656216485128716220e-01,1.189043099020566707e+00,0.000000000000000000e+00
7.110172380371448941e-01,1.222478828943074358e+00,0.000000000000000000e+00
6.489645254440762345e-01,1.256521008465495415e+00,0.000000000000000000e+00
5.876819100907200166e-01,1.286324209735680402e+00,0.000000000000000000e+00
5.314789401988225803e-01,1.310545739806564969e+00,0.000000000000000000e+00
4.692073097755951605e-01,1.334108129220847205e+00,0.000000000000000000e+00
4.054037208727339081e-01,1.354860813184344259e+00,0.000000000000000000e+00
3.082597639397330891e-01,1.380208650145267057e+00,0.000000000000000000e+00
2.429656581412313054e-01,1.393186164503509072e+00,0.000000000000000000e+00
2.100093015717430234e-01,1.398533550993092511e+00,0.000000000000000000e+00
1.396258266427666817e-01,1.407304028465180101e+00,0.000000000000000000e+00
7.728177220022676430e-02,1.412100395752933890e+00,0.000000000000000000e+00
3.452962152863262371e-03,1.414209346968252623e+00,0.000000000000000000e+00
-5.652190392501869193e-02,1.413083604878597077e+00,0.000000000000000000e+00
-1.436064805986715376e-01,1.406903400639170965e+00,0.000000000000000000e+00
-2.033152513207130974e-01,1.399522385880410003e+00,0.000000000000000000e+00
-2.545107022195683966e-01,1.391123395840822674e+00,0.000000000000000000e+00
-3.391098633812383301e-01,1.372954660780012048e+00,0.000000000000000000e+00
-3.840188827484664058e-01,1.361076595086632146e+00,0.000000000000000000e+00
-4.475361734902191801e-01,1.341533217411232437e+00,0.000000000000000000e+00
-5.608800908429106835e-01,1.298234772179534646e+00,0.000000000000000000e+00
-6.330618859760727135e-01,1.264607705387096770e+00,0.000000000000000000e+00
-6.672076364727187459e-01,1.246929817524823125e+00,0.000000000000000000e+00
-7.499312078431581430e-01,1.199000910551323296e+00,0.000000000000000000e+00
-7.988883021309725052e-01,1.166952218695475274e+00,0.000000000000000000e+00
-8.631090601769872972e-01,1.120286905323987892e+00,0.000000000000000000e+00
-8.743558348022476556e-01,1.111531319463048062e+00,0.000000000000000000e+00
-9.287219435668288003e-01,1.066524988707462152e+00,0.000000000000000000e+00
-9.723838490749975305e-01,1.026873726442590673e+00,0.000000000000000000e+00
-1.031882149943692983e+00,9.670673340712021560e-01,0.000000000000000000e+00
-1.075514340891869258e+00,9.182967399135903985e-01,0.000000000000000000e+00
-1.125534253088721570e+00,8.562550117365818059e-01,0.000000000000000000e+00
-1.177032233558819252e+00,7.839611732500134655e-01,0.000000000000000000e+00
-1.187571679765311972e+00,7.679020155067933784e-01,0.000000000000000000e+00
-1.214096664163057060e+00,7.252374025573539162e-01,0.000000000000000000e+00
-1.276312688533835393e+00,6.091189712096751752e-01,0.000000000000000000e+00
-1.300585068338606654e+00,5.554083902991225896e-01,0.000000000000000000e+00
-1.302888235402708927e+00,5.499838598079179741e-01,0.000000000000000000e+00
-1.326955308752289620e+00,4.890701468850008338e-01,0.000000000000000000e+00
-1.348962558526657141e+00,4.246174933904813820e-01,0.000000000000000000e+00
-1.368274298561894087e+00,3.575268436005288875e-01,0.000000000000000000e+00
-1.386403596647665548e+00,2.790789623071170955e-01,0.000000000000000000e+00
-1.399540600788721223e+00,2.031898293319462923e-01,0.000000000000000000e+00
-1.410398255362838471e+00,1.038111808499554839e-01,0.000000000000000000e+00
-1.413318964052402205e+00,5.029419300321787828e-02,0.000000000000000000e+00
-1.413843206599880276e+00,3.236336124954975607e-02,0.000000000000000000e+00
-1.413760794547532340e+00,-3.578289815443104482e-02,0.000000000000000000e+00
-1.410601796436564470e+00,-1.010077813336034414e-01,0.000000000000000000e+00
-1.404277001285822335e+00,-1.673502424847337078e-01,0.000000000000000000e+00
-1.394781823758304284e+00,-2.336314707257116374e-01,0.000000000000000000e+00
-1.364881782038107616e+00,-3.702670942177824775e-01,0.000000000000000000e+00
-1.336074336522351746e+00,-4.635788684639953749e-01,0.000000000000000000e+00
-1.323364422487891545e+00,-4.987049280820167185e-01,0.000000000000000000e+00
-1.317810661042726483e+00,-5.132008005080783697e-01,0.000000000000000000e+00
-1.299789646180903979e+00,-5.572673287399153574e-01,0.000000000000000000e+00
-1.265394455437952370e+00,-6.314878242269507114e-01,0.000000000000000000e+00
-1.240469851634713239e+00,-6.791425087456629539e-01,0.000000000000000000e+00
-1.208792434965942242e+00,-7.340441738540729455e-01,0.000000000000000000e+00
-1.152080449480991531e+00,-8.201893914966694732e-01,0.000000000000000000e+00
-1.111854773607151348e+00,-8.739444847397289662e-01,0.000000000000000000e+00
-1.093116934215927261e+00,-8.972710672535766374e-01,0.000000000000000000e+00
-1.015418355853392463e+00,-9.843401660990948043e-01,0.000000000000000000e+00
-1.001061881164223566e+00,-9.989369900448907824e-01,0.000000000000000000e+00
-9.048415863647597535e-01,-1.086858640111447727e+00,0.000000000000000000e+00
-8.584319056888274346e-01,-1.123874843252329558e+00,0.000000000000000000e+00
-8.401855146894797732e-01,-1.137580019561689637e+00,0.000000000000000000e+00
-7.983883794857223881e-01,-1.167294305435506718e+00,0.000000000000000000e+00
-7.464876133307705164e-01,-1.201147885625966749e+00,0.000000000000000000e+00
-6.867273484198086475e-01,-1.236287001036692423e+00,0.000000000000000000e+00
-6.252920559495958042e-01,-1.268467518214923651e+00,0.000000000000000000e+00
-5.600555647054561437e-01,-1.298590683950278768e+00,0.000000000000000000e+00
-4.751591594748744152e-01,-1.331999914852523892e+00,0.000000000000000000e+00
-4.241519069646456641e-01,-1.349109024437333826e+00,0.000000000000000000e+00
-3.729958427188450054e-01,-1.364138593147506739e+00,0.000000000000000000e+00
-3.109773258079555625e-01,-1.379598892009316069e+00,0.000000000000000000e+00
-2.480550694651362797e-01,-1.392289008256779592e+00,0.000000000000000000e+00
-1.871025247185116036e-01,-1.401781953530562230e+00,0.000000000000000000e+00
-1.201824537606864668e-01,-1.409097646654787761e+00,0.000000000000000000e+00
-5.420941170285394073e-02,-1.413174207124808346e+00,0.000000000000000000e+00
3.280572537580756648e-02,-1.413833011491303138e+00,0.000000000000000000e+00
8.346461855901532445e-02,-1.411748439860585957e+00,0.000000000000000000e+00
1.592487891591951588e-01,-1.405218781240604731e+00,0.000000000000000000e+00
2.611824290595269327e-01,-1.389886232304847757e+00,0.000000000000000000e+00
3.988949702098059102e-01,-1.356791363011026208e+00,0.000000000000000000e+00
5.291185890990949270e-01,-1.311500483671196982e+00,0.000000000000000000e+00
5.390246632453364883e-01,-1.307460290950838822e+00,0.000000000000000000e+00
5.990582053933175555e-01,-1.281065676127081998e+00,0.000000000000000000e+00
6.584206120906177517e-01,-1.251591905364610513e+00,0.000000000000000000e+00
7.170143811719874583e-01,-1.218971032138398414e+00,0.000000000000000000e+00
7.732042611035195856e-01,-1.184126332200817311e+00,0.000000000000000000e+00
8.284857137838317342e-01,-1.146128885447049051e+00,0.000000000000000000e+00
8.821189511137083050e-01,-1.105380548085613368e+00,0.000000000000000000e+00
9.329902334409644338e-01,-1.062793123944530960e+00,0.000000000000000000e+00
9.820357191234135863e-01,-1.017647211152155728e+00,0.000000000000000000e+00
1.032279269129097399e+00,-9.666434247054580542e-01,0.000000000000000000e+00
1.073128198195032912e+00,-9.210840733823827398e-01,0.000000000000000000e+00
1.115385987098071796e+00,-8.694332060516551941e-01,0.000000000000000000e+00
1.155339949462136806e+00,-8.155915651702311253e-01,0.000000000000000000e+00
1.192308552807369137e+00,-7.605263407025408817e-01,0.000000000000000000e+00
1.226557217071878592e+00,-7.039583746564059830e-01,0.000000000000000000e+00
1.258378540728911199e+00,-6.453552883745325985e-01,0.000000000000000000e+00
1.287653418996659971e+00,-5.847637749948371155e-01,0.000000000000000000e+00
1.321575703090295484e+00,-5.034259240458236473e-01,0.000000000000000000e+00
1.336854677851556872e+00,-4.613237153089038145e-01,0.000000000000000000e+00
1.357128077854136361e+00,-3.977478853494224587e-01,0.000000000000000000e+00
1.374449994138400521e+00,-3.329973177263610418e-01,0.000000000000000000e+00
1.400310222932824589e+00,-1.978162772620677967e-01,0.000000000000000000e+00
1.403036973896322426e+00,-1.774464704632084389e-01,0.000000000000000000e+00
1.412484334026769650e+00,-6.991427700372075671e-02,0.000000000000000000e+00
1.414128478306726056e+00,1.551279606982853068e-02,0.000000000000000000e+00
1.409048207485938731e+00,1.207607095899294325e-01,0.000000000000000000e+00
1.406705459073826603e+00,1.455326472372960034e-01,0.000000000000000000e+00
1.399824598798135922e+00,2.012239861438943622e-01,0.000000000000000000e+00
1.395713150867538666e+00,2.280017554656275924e-01,0.000000000000000000e+00
1.386512218989546241e+00,2.785388062598903036e-01,0.000000000000000000e+00
1.366379298858644287e+00,3.647020861615132281e-01,0.000000000000000000e+00
1.353028506614089910e+00,4.114776546662599621e-01,0.000000000000000000e+00
1.334653987041662937e+00,4.676523654102405225e-01,0.000000000000000000e+00
1.306848134246588300e+00,5.405071267025175485e-01,0.000000000000000000e+00
1.278354223176034976e+00,6.048226848325022331e-01,0.000000000000000000e+00
1.245435014275982244e+00,6.699937501315846866e-01,0.000000000000000000e+00
1.201451556818526889e+00,7.459987644884800151e-01,0.000000000000000000e+00
1.162595624858322685e+00,8.052151346443301438e-01,0.000000000000000000e+00
1.116188249574425972e+00,8.684030121504525690e-01,0.000000000000000000e+00
1.045940116055704694e+00,9.518451941494370239e-01,0.000000000000000000e+00
9.637931282346124950e-01,1.034940967383038757e+00,0.000000000000000000e+00
9.376123908186884126e-01,1.058717622684756998e+00,0.000000000000000000e+00
8.809967659618068714e-01,1.106275145867807064e+00,0.000000000000000000e+00
8.653678302085184848e-01,1.118543033790028618e+00,0.000000000000000000e+00
7.876898489184293028e-01,1.174540208724615065e+00,0.000000000000000000e+00
7.813074325273107190e-01,1.178795442762476275e+00,0.000000000000000000e+00
7.774068708248682569e-01,1.181371472989883431e+00,0.000000000000000000e+00
7.216782684488723953e-01,1.216215637479076905e+00,0.000000000000000000e+00
6.646321005173837504e-01,1.248304518521763162e+00,0.000000000000000000e+00
6.039151002140270563e-01,1.278783230940053528e+00,0.000000000000000000e+00
5.364157046975478460e-01,1.308532839386858271e+00,0.000000000000000000e+00
4.810786675490399955e-01,1.329873420904877257e+00,0.000000000000000000e+00
4.000016139538191129e-01,1.356465520694993598e+00,0.000000000000000000e+00
2.898361727702871704e-01,1.384194709191547412e+00,0.000000000000000000e+00
2.615209201703289632e-01,1.389822581595674400e+00,0.000000000000000000e+00
2.099629375932192954e-01,1.398540512404709224e+00,0.000000000000000000e+00
1.273003694159461630e-01,1.408472440605979425e+00,0.000000000000000000e+00
6.389210287973892677e-02,1.412769549215159515e+00,0.000000000000000000e+00
7.253650095521340345e-03,1.414194959883640745e+00,0.000000000000000000e+00
-5.566680907156846408e-02,1.413117548673071155e+00,0.000000000000000000e+00
-1.169735664914278578e-01,1.409367654213149468e+00,0.000000000000000000e+00
-2.099284442846638121e-01,1.398545690451413526e+00,0.000000000000000000e+00
-2.738134130244383457e-01,1.387453139694421855e+00,0.000000000000000000e+00
-3.318211372495329936e-01,1.374734422670221390e+00,0.000000000000000000e+00
-4.645926723263476554e-01,1.335722145066354560e+00,0.000000000000000000e+00
-5.185209195067511656e-01,1.315726436624982343e+00,0.000000000000000000e+00
-5.971531769233763276e-01,1.281954789877677081e+00,0.000000000000000000e+00
-7.092389345435603509e-01,1.223511395013350711e+00,0.000000000000000000e+00
-7.239213297018705084e-01,1.214881849565082605e+00,0.000000000000000000e+00
-7.372515325309934031e-01,1.206838919566609603e+00,0.000000000000000000e+00
-7.866384242507986624e-01,1.175244650909852417e+00,0.000000000000000000e+00
-7.938047696744507942e-01,1.170416160022618834e+00,0.000000000000000000e+00
-8.527656107003911412e-01,1.128180310591701874e+00,0.000000000000000000e+00
-8.997977052817784926e-01,1.091038078881596984e+00,0.000000000000000000e+00
-9.501866814250973237e-01,1.047447025124593534e+00,0.000000000000000000e+00
-9.991191539477877193e-01,1.000880070844982317e+00,0.000000000000000000e+00
-1.044530647538821855e+00,9.533916961837511916e-01,0.000000000000000000e+00
-1.098074635013795763e+00,8.911970017562443891e-01,0.000000000000000000e+00
-1.136656870560929677e+00,8.414339894529065944e-01,0.000000000000000000e+00
-1.214045877456915390e+00,7.253224161914954005e-01,0.000000000000000000e+00
-1.230780527465281660e+00,6.965481269892866978e-01,0.000000000000000000e+00
-1.247642944622064265e+00,6.658731731604636828e-01,0.000000000000000000e+00
-1.273184824438776896e+00,6.156300860247175821e-01,0.000000000000000000e+00
-1.302536804777091550e+00,5.508156426619392754e-01,0.000000000000000000e+00
-1.323223743755506776e+00,4.990780740141376737e-01,0.000000000000000000e+00
-1.344410775790289891e+00,4.388162097495387215e-01,0.000000000000000000e+00
-1.376686245464598057e+00,3.236278442108910802e-01,0.000000000000000000e+00
-1.394663300824109387e+00,2.343379553858056241e-01,0.000000000000000000e+00
-1.404167102812354351e+00,1.682698647398247205e-01,0.000000000000000000e+00
-1.411968126017925762e+00,7.966185479529794278e-02,0.000000000000000000e+00
-1.414027659516749358e+00,2.292985219281870948e-02,0.000000000000000000e+00
-1.408200238112964131e+00,-1.302769717893050849e-01,0.000000000000000000e+00
-1.386896028883562781e+00,-2.766214110783983826e-01,0.000000000000000000e+00
-1.380704079620075575e+00,-3.060330774940521192e-01,0.000000000000000000e+00
-1.362392336279203198e+00,-3.793245603011944356e-01,0.000000000000000000e+00
-1.335634307095372675e+00,-4.648451330388047587e-01,0.000000000000000000e+00
-1.327148356598405021e+00,-4.885460465280148101e-01,0.000000000000000000e+00
-1.271552987436425086e+00,-6.189935380450293234e-01,0.000000000000000000e+00
-1.249383144367859799e+00,-6.626022627258980613e-01,0.000000000000000000e+00
-1.229616732599868145e+00,-6.986005231249293734e-01,0.000000000000000000e+00
-1.204030293000328378e+00,-7.418295313193885576e-01,0.000000000000000000e+00
-1.183417306046357753e+00,-7.742890156459546480e-01,0.000000000000000000e+00
-1.113021766263747381e+00,-8.724577627731490148e-01,0.000000000000000000e+00
-1.053519186135380759e+00,-9.434496936480742946e-01,0.000000000000000000e+00
-1.029450096869551023e+00,-9.696558657870698594e-01,0.000000000000000000e+00
-1.019044906403420825e+00,-9.805852735653559638e-01,0.000000000000000000e+00
-9.582985295714115948e-01,-1.040030734267632484e+00,0.000000000000000000e+00
-8.965612778780199799e-01,-1.093699170251917208e+00,0.000000000000000000e+00
-8.722698866649917226e-01,-1.113169009996884062e+00,0.000000000000000000e+00
-8.017131352883019035e-01,-1.165013325548768686e+00,0.000000000000000000e+00
-7.312334903546461318e-01,-1.210494767681282502e+00,0.000000000000000000e+00
-7.031783580378223597e-01,-1.227004562659500531e+00,0.000000000000000000e+00
-6.282054352843401412e-01,-1.267027202185972312e+00,0.000000000000000000e+00
-5.893713867029033437e-01,-1.285550998029987513e+00,0.000000000000000000e+00
-5.275767627516363412e-01,-1.312121472808254863e+00,0.000000000000000000e+00
-4.634890963287051635e-01,-1.336105481458855770e+00,0.000000000000000000e+00
-3.673576422348100445e-01,-1.365667735099457269e+00,0.000000000000000000e+00
-3.286928672515979089e-01,-1.375485732029934072e+00,0.000000000000000000e+00
-2.545014671420992025e-01,-1.391125085397614258e+00,0.000000000000000000e+00
-1.963922938508501359e-01,-1.400510645056295633e+00,0.000000000000000000e+00
-1.091361666891201010e-01,-1.409996204647517848e+00,0.000000000000000000e+00
-3.119425529206531350e-03,-1.414210122006050563e+00,0.000000000000000000e+00
5.176679057554706143e-02,-1.413265792196750192e+00,0.000000000000000000e+00
1.474751420571902838e-01,-1.406503139873925834e+00,0.000000000000000000e+00
1.838397523985337567e-01,-1.402213587667030747e+00,0.000000000000000000e+00
2.798209099996510907e-01,-1.386254038164350222e+00,0.000000000000000000e+00
4.162400563951053067e-01,-1.351571017539292985e+00,0.000000000000000000e+00
4.207379340829189296e-01,-1.350177614546929750e+00,0.000000000000000000e+00
4.259068817244637262e-01,-1.348556015929536223e+00,0.000000000000000000e+00
4.488687375376981814e-01,-1.341087937631724847e+00,0.000000000000000000e+00
5.097509834487494729e-01,-1.319148943399885088e+00,0.000000000000000000e+00
5.974004766853905357e-01,-1.281839565022108607e+00,0.000000000000000000e+00
7.370737669746431076e-01,-1.206947497631031929e+00,0.000000000000000000e+00
8.158238898055327759e-01,-1.155175909038346438e+00,0.000000000000000000e+00
8.937886542567601289e-01,-1.095966168055332757e+00,0.000000000000000000e+00
9.600754470534479390e-01,-1.038390647090545738e+00,0.000000000000000000e+00
9.639410794509524205e-01,-1.034803167441486371e+00,0.000000000000000000e+00
1.037186833526159369e+00,-9.613758226416863062e-01,0.000000000000000000e+00
1.111615120688957958e+00,-8.742492913669839272e-01,0.000000000000000000e+00
1.142821432113795055e+00,-8.330421203644957640e-01,0.000000000000000000e+00
1.190133872472806997e+00,-7.639249737983964117e-01,0.000000000000000000e+00
1.228244920524639516e+00,-7.010095685548253241e-01,0.000000000000000000e+00
1.270283916580031702e+00,-6.215937349089800668e-01,0.000000000000000000e+00
1.286689364413032832e+00,-5.868819979402890574e-01,0.000000000000000000e+00
1.289685734823771135e+00,-5.802677876567591264e-01,0.000000000000000000e+00
1.310186152651114488e+00,-5.323647672426030653e-01,0.000000000000000000e+00
1.330867612223615826e+00,-4.783214387148161384e-01,0.000000000000000000e+00
1.351819153688682107e+00,-4.154334792965244660e-01,0.000000000000000000e+00
1.368860902786842804e+00,-3.552743008178193551e-01,0.000000000000000000e+00
1.384880316779569576e+00,-2.865423322940591766e-01,0.000000000000000000e+00
1.396368269222062919e+00,-2.239545862664584774e-01,0.000000000000000000e+00
1.405289381752266697e+00,-1.586245678775270729e-01,0.000000000000000000e+00
1.411393084992781821e+00,-8.927239010219459314e-02,0.000000000000000000e+00
1.414004531069709802e+00,-2.431431912125404937e-02,0.000000000000000000e+00
1.413162909449244609e+00,5.450313162513378135e-02,0.000000000000000000e+00
1.410120545119209368e+00,1.075176647472597113e-01,0.000000000000000000e+00
1.402623819042396081e+00,1.806832096652142283e-01,0.000000000000000000e+00
1.382011179991745831e+00,3.000751545493604566e-01,0.000000000000000000e+00
1.361656399073033041e+00,3.819579176603897785e-01,0.000000000000000000e+00
1.339759405641251844e+00,4.528186557506210796e-01,0.000000000000000000e+00
1.327899878031036707e+00,4.864996545992177346e-01,0.000000000000000000e+00
1.322088315452290441e+00,5.020781673649287180e-01,0.000000000000000000e+00
1.291127335893650585e+00,5.770530326652523190e-01,0.000000000000000000e+00
1.269099908018519240e+00,6.240075508095924706e-01,0.000000000000000000e+00
1.237800749971876391e+00,6.839951047844280430e-01,0.000000000000000000e+00
1.201521648095951411e+00,7.458858687204023008e-01,0.000000000000000000e+00
1.167912452828922198e+00,7.974838572204022702e-01,0.000000000000000000e+00
1.131681855017960814e+00,8.481133055335868809e-01,0.000000000000000000e+00
1.088115038519532396e+00,9.033303177396609929e-01,0.000000000000000000e+00
1.043403145871563575e+00,9.546255156789623664e-01,0.000000000000000000e+00
9.562086424117286487e-01,1.041952509559394224e+00,0.000000000000000000e+00
8.641388278086291619e-01,1.119492780804560939e+00,0.000000000000000000e+00
8.167442699322621236e-01,1.154525355950581256e+00,0.000000000000000000e+00
7.940529088917950284e-01,1.170247827547856945e+00,0.000000000000000000e+00
7.092120489730383559e-01,1.223526979511062818e+00,0.000000000000000000e+00
6.638775966237240311e-01,1.248705944848949700e+00,0.000000000000000000e+00
6.260953630886689769e-01,1.268071211059878856e+00,0.000000000000000000e+00
5.889616716958518960e-01,1.285738756230529134e+00,0.000000000000000000e+00
5.427339351428296377e-01,1.305924911947229594e+00,0.000000000000000000e+00
4.959510201675717544e-01,1.324398952579903366e+00,0.000000000000000000e+00
4.270692379143551931e-01,1.348188364445878307e+00,0.000000000000000000e+00
3.659414306891831115e-01,1.366047901541213916e+00,0.000000000000000000e+00
3.084432842948097719e-01,1.380167649372144867e+00,0.000000000000000000e+00
2.486838743483949510e-01,1.392176831670126624e+00,0.000000000000000000e+00
1.777204201652776427e-01,1.403002299447964951e+00,0.000000000000000000e+00
1.159617474437305562e-01,1.409451266674302872e+00,0.000000000000000000e+00
2.960406170620132060e-02,1.413903674063581972e+00,0.000000000000000000e+00
-6.580419521746015687e-02,1.412681778707357116e+00,0.000000000000000000e+00
-1.364903417682853115e-01,1.407611589396726037e+00,0.000000000000000000e+00
-2.344723274704849647e-01,1.394640716331835062e+00,0.000000000000000000e+00
-2.548820152309507758e-01,1.391055411661163754e+00,0.000000000000000000e+00
-3.129930279949693084e-01,1.379142981864658113e+00,0.000000000000000000e+00
-3.461222645288887234e-01,1.371203623827400131e+00,0.000000000000000000e+00
-4.107056385174618351e-01,1.353263048520118472e+00,0.000000000000000000e+00
-4.735163837850883684e-01,1.332584794407880580e+00,0.000000000000000000e+00
-5.612073397614943948e-01,1.298093340941947504e+00,0.000000000000000000e+00
-6.065496532987886269e-01,1.277535720863850921e+00,0.000000000000000000e+00
-6.597143322331459059e-01,1.250910468357417926e+00,0.000000000000000000e+00
-7.160871420809371557e-01,1.219515971583134295e+00,0.000000000000000000e+00
-7.777092457174502593e-01,1.181172438353348619e+00,0.000000000000000000e+00
-8.383060652766159970e-01,1.138965732987800905e+00,0.000000000000000000e+00
-8.831489078656413749e-01,1.104557833042582260e+00,0.000000000000000000e+00
-9.575251502145757376e-01,1.040742805262930615e+00,0.000000000000000000e+00
-9.799710002533336128e-01,1.019635640149205935e+00,0.000000000000000000e+00
-1.027988255609661783e+00,9.712055118915896568e-01,0.000000000000000000e+00
-1.092418351416437616e+00,8.981214536400923265e-01,0.000000000000000000e+00
-1.141611644567757322e+00,8.346992590072791485e-01,0.000000000000000000e+00
-1.154223063024552465e+00,8.171714145650348371e-01,0.000000000000000000e+00
-1.191238441005793680e+00,7.622014016453174667e-01,0.000000000000000000e+00
-1.228167660908208392e+00,7.011449184721089134e-01,0.000000000000000000e+00
-1.257814370799993364e+00,6.464541813686544014e-01,0.000000000000000000e+00
-1.290020702051395407e+00,5.795227245577391217e-01,0.000000000000000000e+00
-1.333268821202477916e+00,4.715869489387456426e-01,0.000000000000000000e+00
-1.356164904003357208e+00,4.010196418500781013e-01,0.000000000000000000e+00
-1.357870078878623321e+00,3.952073492309596259e-01,0.000000000000000000e+00
-1.374398383454441097e+00,3.332102692862566329e-01,0.000000000000000000e+00
-1.393338528379070462e+00,2.420903660504612753e-01,0.000000000000000000e+00
-1.399366666603710785e+00,2.043842762993744733e-01,0.000000000000000000e+00
-1.407461458287710299e+00,1.380298642853494684e-01,0.000000000000000000e+00
-1.412451589983185318e+00,7.057269977811317374e-02,0.000000000000000000e+00
-1.413537579774462705e+00,-4.372082530505137787e-02,0.000000000000000000e+00
-1.408361221605366698e+00,-1.285249760872931302e-01,0.000000000000000000e+00
-1.405371159076374665e+00,-1.578984016268923929e-01,0.000000000000000000e+00
-1.396028650646613078e+00,-2.260619529549299789e-01,0.000000000000000000e+00
-1.373297292930953928e+00,-3.377196251752531686e-01,0.000000000000000000e+00
-1.360029880957284165e+00,-3.877095857769261578e-01,0.000000000000000000e+00
-1.358786826383900470e+00,-3.920438246491942391e-01,0.000000000000000000e+00
-1.339390676201296815e+00,-4.539081586676243507e-01,0.000000000000000000e+00
-1.316416919456641521e+00,-5.167654150272501523e-01,0.000000000000000000e+00
-1.276103739621019750e+00,-6.095565976390127094e-01,0.000000000000000000e+00
-1.245025332626790826e+00,-6.707547399143364286e-01,0.000000000000000000e+00
-1.216632808919390296e+00,-7.209747625686454553e-01,0.000000000000000000e+00
-1.183758327490515683e+00,-7.737675504289756034e-01,0.000000000000000000e+00
-1.141514918836157744e+00,-8.348315339483052266e-01,0.000000000000000000e+00
-1.081637209988091763e+00,-9.110768057464625480e-01,0.000000000000000000e+00
-1.075538487920774333e+00,-9.182684580236296634e-01,0.000000000000000000e+00
-1.026446348897056993e+00,-9.728349771857000006e-01,0.000000000000000000e+00
-9.609904630996153330e-01,-1.037543892966262593e+00,0.000000000000000000e+00
-9.332642760498298662e-01,-1.062552488609003865e+00,0.000000000000000000e+00
-8.831058348447062833e-01,-1.104592270687801969e+00,0.000000000000000000e+00
-7.905913011024346959e-01,-1.172589184079897651e+00,0.000000000000000000e+00
-7.438441600288417943e-01,-1.202786708270002114e+00,0.000000000000000000e+00
-7.230235012363542824e-01,-1.215416396409034760e+00,0.000000000000000000e+00
-6.578026433941199791e-01,-1.251916803283552371e+00,0.000000000000000000e+00
-5.823465958125989550e-01,-1.288748401490949602e+00,0.000000000000000000e+00
-5.359566056150399938e-01,-1.308720946916341221e+00,0.000000000000000000e+00
-4.713443766658510503e-01,-1.333354595966684597e+00,0.000000000000000000e+00
-4.137062348946292101e-01,-1.352348753543001658e+00,0.000000000000000000e+00
-2.845557688023401255e-01,-1.385289866577139595e+00,0.000000000000000000e+00
-1.994908194219266184e-01,-1.400072645603208876e+00,0.000000000000000000e+00
3.055765246685159062e-03,-1.414210260993306933e+00,0.000000000000000000e+00
1.318788848011621072e-02,-1.414152070888218260e+00,0.000000000000000000e+00
1.343549859015255588e-01,-1.407817011462569656e+00,0.000000000000000000e+00
1.714930965067806290e-01,-1.403777089801125033e+00,0.000000000000000000e+00
2.717806918396240556e-01,-1.387852749949783249e+00,0.000000000000000000e+00
3.103312549312785551e-01,-1.379744364805588930e+00,0.000000000000000000e+00
3.795495977962916045e-01,-1.362329660108988927e+00,0.000000000000000000e+00
4.099463872809894216e-01,-1.353493243261770118e+00,0.000000000000000000e+00
4.727831033979260633e-01,-1.332845128715795857e+00,0.000000000000000000e+00
5.885678577744712925e-01,-1.285919078633943391e+00,0.000000000000000000e+00
6.221770552264701548e-01,-1.269998311790105694e+00,0.000000000000000000e+00
6.798037654717825617e-01,-1.240107592288018479e+00,0.000000000000000000e+00
7.475950317920017074e-01,-1.200458940755541493e+00,0.000000000000000000e+00
8.184194997164100371e-01,-1.153338424957714548e+00,0.000000000000000000e+00
8.974425246602305561e-01,-1.092976173084972524e+00,0.000000000000000000e+00
9.440459220126171669e-01,-1.052984946298544111e+00,0.000000000000000000e+00
1.003030030854079602e+00,-9.969607601128864793e-01,0.000000000000000000e+00
1.068626746433069874e+00,-9.263027997409225556e-01,0.000000000000000000e+00
1.092417491433596233e+00,-8.981224996680181594e-01,0.000000000000000000e+00
1.111828008642725907e+00,-8.739785347464494869e-01,0.000000000000000000e+00
1.160990488260018605e+00,-8.075277618569927096e-01,0.000000000000000000e+00
1.180039228586751809e+00,-7.794276226798639851e-01,0.000000000000000000e+00
1.197299287313977834e+00,-7.526449472343791358e-01,0.000000000000000000e+00
1.257015029679732443e+00,-6.480071104233822155e-01,0.000000000000000000e+00
1.285979676898342250e+00,-5.884354430219473908e-01,0.000000000000000000e+00
1.323672922098878990e+00,-4.978855242947067272e-01,0.000000000000000000e+00
1.334099330232210390e+00,-4.692323273965336994e-01,0.000000000000000000e+00
1.361749812438123763e+00,-3.816247480506675394e-01,0.000000000000000000e+00
1.378185361089314442e+00,-3.171830866851454989e-01,0.000000000000000000e+00
1.381670707453034552e+00,-3.016389500151323011e-01,0.000000000000000000e+00
1.387508404967104259e+00,-2.735332267671373718e-01,0.000000000000000000e+00
1.399630814104835030e+00,-2.025674806286454632e-01,0.000000000000000000e+00
1.408231888907332863e+00,-1.299343952326919849e-01,0.000000000000000000e+00
1.412514461503751262e+00,-6.930292953957652158e-02,0.000000000000000000e+00
1.414158283704862074e+00,-1.250394453439393309e-02,0.000000000000000000e+00
1.413135361897023268e+00,5.521276080915586693e-02,0.000000000000000000e+00
1.409075629354308301e+00,1.204403203240529546e-01,0.000000000000000000e+00
1.398243852979173640e+00,2.119295345296532684e-01,0.000000000000000000e+00
1.391373181922332725e+00,2.531415979789246595e-01,0.000000000000000000e+00
1.376910644937823003e+00,3.226717772860039912e-01,0.000000000000000000e+00
1.361455133257993166e+00,3.826746922981189014e-01,0.000000000000000000e+00
1.336155314397257321e+00,4.633454173809934962e-01,0.000000000000000000e+00
1.319393729975800733e+00,5.091170644366033171e-01,0.000000000000000000e+00
1.275726525914156362e+00,6.103456652414249728e-01,0.000000000000000000e+00
1.262529299225465085e+00,6.371968052315207798e-01,0.000000000000000000e+00
1.229347057775956653e+00,6.990749684673304154e-01,0.000000000000000000e+00
1.194792522142528846e+00,7.566180205574639661e-01,0.000000000000000000e+00
1.161719725664405400e+00,8.064783189907951400e-01,0.000000000000000000e+00
1.121466408162925310e+00,8.615759370839852771e-01,0.000000000000000000e+00
1.071144821579867568e+00,9.233898262395106027e-01,0.000000000000000000e+00
1.032124005345505857e+00,9.668092043363832877e-01,0.000000000000000000e+00
9.760335250298378673e-01,1.023405373260190210e+00,0.000000000000000000e+00
9.183959587969704463e-01,1.075429617811130223e+00,0.000000000000000000e+00
8.567094393582902478e-01,1.125188400453188242e+00,0.000000000000000000e+00
8.321394553517127424e-01,1.143478870310665307e+00,0.000000000000000000e+00
7.814232321985142837e-01,1.178718682375242244e+00,0.000000000000000000e+00
7.126179980402810310e-01,1.221546392434222028e+00,0.000000000000000000e+00
6.721218494164553636e-01,1.244287836289097671e+00,0.000000000000000000e+00
6.050257306908503052e-01,1.278258137154621332e+00,0.000000000000000000e+00
5.506091932433799796e-01,1.302624088644100953e+00,0.000000000000000000e+00
4.838815997466832108e-01,1.328856123674264200e+00,0.000000000000000000e+00
4.028292561876565814e-01,1.355628485374698711e+00,0.000000000000000000e+00
3.340032319364465985e-01,1.374205894710108122e+00,0.000000000000000000e+00
2.817988636563980576e-01,1.385853311300284441e+00,0.000000000000000000e+00
1.408429034020685644e-01,1.407182744550712572e+00,0.000000000000000000e+00
1.067458117016910520e-02,1.414173275563090915e+00,0.000000000000000000e+00
-1.221618114953218481e-01,1.408927426027395402e+00,0.000000000000000000e+00
-1.941006726163969631e-01,1.400830085659878543e+00,0.000000000000000000e+00
-2.757525343993831868e-01,1.387069046505009950e+00,0.000000000000000000e+00
-3.510495852812007267e-01,1.369950432925913342e+00,0.000000000000000000e+00
-4.179306548396911070e-01,1.351049209964340081e+00,0.000000000000000000e+00
-4.276159729034895163e-01,1.348015051740077075e+00,0.000000000000000000e+00
-4.942831119408233609e-01,1.325022341415455385e+00,0.000000000000000000e+00
-5.266336890474923038e-01,1.312500269546726495e+00,0.000000000000000000e+00
-6.078925437249034225e-01,1.276897276715580842e+00,0.000000000000000000e+00
-6.894361593135053257e-01,1.234778434469538055e+00,0.000000000000000000e+00
-7.063944941555304613e-01,1.225155834425462942e+00,0.000000000000000000e+00
-7.625469518949493652e-01,1.191017273659673803e+00,0.000000000000000000e+00
-8.189460156072947417e-01,1.152964623707482428e+00,0.000000000000000000e+00
-8.730209741151842007e-01,1.112580054987044598e+00,0.000000000000000000e+00
-9.222645040466611599e-01,1.072113886010048089e+00,0.000000000000000000e+00
-9.860244448738918477e-01,1.013782912714124240e+00,0.000000000000000000e+00
-1.040876261158050431e+00,9.573800754964759685e-01,0.000000000000000000e+00
-1.102916197839906909e+00,8.851982041002814938e-01,0.000000000000000000e+00
-1.126191009020824252e+00,8.553910282441934410e-01,0.000000000000000000e+00
-1.165463237824233556e+00,8.010589499407982927e-01,0.000000000000000000e+00
-1.194675700798814688e+00,7.568024642671703495e-01,0.000000000000000000e+00
-1.222398878532349409e+00,7.111546820227332422e-01,0.000000000000000000e+00
-1.257140018793363012e+00,6.477645970167115186e-01,0.000000000000000000e+00
-1.282778090695825046e+00,5.953825409186718209e-01,0.000000000000000000e+00
-1.315250002299084509e+00,5.197282284543126574e-01,0.000000000000000000e+00
-1.345503333523830003e+00,4.354546813116851878e-01,0.000000000000000000e+00
-1.369830652498218226e+00,3.515166901817122214e-01,0.000000000000000000e+00
-1.389326771264063787e+00,2.641422394259809181e-01,0.000000000000000000e+00
-1.394375331502729853e+00,2.360454085481269171e-01,0.000000000000000000e+00
-1.408930667932362768e+00,1.221244159030704934e-01,0.000000000000000000e+00
-1.412220752145479485e+00,7.505029786520764357e-02,0.000000000000000000e+00
-1.412967922974466717e+00,5.934348022505748360e-02,0.000000000000000000e+00
-1.413775050522861898e+00,-3.521514616013263210e-02,0.000000000000000000e+00
-1.407142191917563290e+00,-1.412474839614358824e-01,0.000000000000000000e+00
-1.390141621099418190e+00,-2.598196938014552537e-01,0.000000000000000000e+00
-1.377310913779095092e+00,-3.209589487535664531e-01,0.000000000000000000e+00
-1.355073353261227354e+00,-4.046927319354442498e-01,0.000000000000000000e+00
-1.342700708243321328e+00,-4.440211797683571993e-01,0.000000000000000000e+00
-1.320251331106277792e+00,-5.068889648750520838e-01,0.000000000000000000e+00
-1.295177894090313808e+00,-5.679033567956612849e-01,0.000000000000000000e+00
-1.267056170182988994e+00,-6.281470063617409227e-01,0.000000000000000000e+00
-1.235860041504407647e+00,-6.874954238485695424e-01,0.000000000000000000e+00
-1.183836766697579090e+00,-7.736475359070317248e-01,0.000000000000000000e+00
-1.165501779619411815e+00,-8.010028724692465074e-01,0.000000000000000000e+00
-1.111189682741450468e+00,-8.747899684889826055e-01,0.000000000000000000e+00
-1.049584107748239514e+00,-9.478255117701422927e-01,0.000000000000000000e+00
-1.028048187973888750e+00,-9.711420715856172725e-01,0.000000000000000000e+00
-9.875982695762334229e-01,-1.012249800162998259e+00,0.000000000000000000e+00
-8.890563357000155209e-01,-1.099808543316363574e+00,0.000000000000000000e+00
-8.016260689783913929e-01,-1.165073236124773093e+00,0.000000000000000000e+00
-6.523582144145051442e-01,-1.254762431731966998e+00,0.000000000000000000e+00
-6.103741762000728377e-01,-1.275712885028634780e+00,0.000000000000000000e+00
-5.626898575715174600e-01,-1.297451395693166365e+00,0.000000000000000000e+00
-5.337727686975274333e-01,-1.309613160974253621e+00,0.000000000000000000e+00
-4.750689021275074087e-01,-1.332032108558710792e+00,0.000000000000000000e+00
-3.789215731502965645e-01,-1.362504473901390512e+00,0.000000000000000000e+00
-2.238792245967477224e-01,-1.396380353912915595e+00,0.000000000000000000e+00
-1.041923100709390565e-01,-1.410370150890212670e+00,0.000000000000000000e+00
-6.533217027923302056e-02,-1.412703687093158855e+00,0.000000000000000000e+00
-3.443843288532794263e-03,-1.414209369203656586e+00,0.000000000000000000e+00
1.463410225662516440e-01,-1.406621592722884451e+00,0.000000000000000000e+00
2.600618219767357742e-01,-1.390096345132286526e+00,0.000000000000000000e+00
3.059372800175101936e-01,-1.380725309645437049e+00,0.000000000000000000e+00
4.100624486521812218e-01,-1.353458085130595068e+00,0.000000000000000000e+00
4.637944404907485274e-01,-1.335999519823968251e+00,0.000000000000000000e+00
5.828263393643893231e-01,-1.288531512281754887e+00,0.000000000000000000e+00
6.225522780567452896e-01,-1.269814419939526928e+00,0.000000000000000000e+00
6.836916924416742702e-01,-1.237968363766311919e+00,0.000000000000000000e+00
7.362603640138155603e-01,-1.207443860550975634e+00,0.000000000000000000e+00
7.943428892706149158e-01,-1.170051013531124617e+00,0.000000000000000000e+00
8.449310888947981768e-01,-1.134059722862535535e+00,0.000000000000000000e+00
8.983087595824184035e-01,-1.092264332685773054e+00,0.000000000000000000e+00
9.452451028778402486e-01,-1.051908596545090058e+00,0.000000000000000000e+00
9.966251172178243189e-01,-1.003363531194231717e+00,0.000000000000000000e+00
1.039424435248625711e+00,-9.589561217324158449e-01,0.000000000000000000e+00
1.089187907364519425e+00,-9.020364196920761524e-01,0.000000000000000000e+00
1.138489431372654570e+00,-8.389528083585929830e-01,0.000000000000000000e+00
1.180075315700033434e+00,-7.793729846969719155e-01,0.000000000000000000e+00
1.206372893887188935e+00,-7.380138487144054515e-01,0.000000000000000000e+00
1.249541020197815877e+00,-6.623044910333928392e-01,0.000000000000000000e+00
1.288768213435780075e+00,-5.823027494676180638e-01,0.000000000000000000e+00
1.301729530168147075e+00,-5.527207525398477594e-01,0.000000000000000000e+00
1.339969648729420815e+00,-4.521961305495135197e-01,0.000000000000000000e+00
1.358904297760098467e+00,-3.916364507156269714e-01,0.000000000000000000e+00
1.362065282696771407e+00,-3.804972610573750802e-01,0.000000000000000000e+00
1.384886948308069021e+00,-2.865102797561794312e-01,0.000000000000000000e+00
1.407949178450163208e+00,-1.329628177405652589e-01,0.000000000000000000e+00
1.412861832167070952e+00,-6.181782271730131006e-02,0.000000000000000000e+00
1.412967313499396971e+00,5.935799004596761103e-02,0.000000000000000000e+00
1.405721642526983839e+00,1.547470960349142943e-01,0.000000000000000000e+00
1.377004986865115521e+00,3.222689345075063772e-01,0.000000000000000000e+00
1.344700802047736676e+00,4.379266525026470069e-01,0.000000000000000000e+00
1.330678333492983256e+00,4.788477553172169054e-01,0.000000000000000000e+00
1.306449398175776100e+00,5.414701930911366423e-01,0.000000000000000000e+00
1.247946849817617387e+00,6.653034345547040873e-01,0.000000000000000000e+00
1.244503545023859514e+00,6.717223581384252906e-01,0.000000000000000000e+00
1.217026565952087580e+00,7.203098900937491278e-01,0.000000000000000000e+00
1.181594166673361368e+00,7.770683530317555876e-01,0.000000000000000000e+00
1.144185545749784927e+00,8.311675143418846279e-01,0.000000000000000000e+00
1.102754274791626132e+00,8.853999149699499638e-01,0.000000000000000000e+00
1.056962072693063082e+00,9.395909625408198629e-01,0.000000000000000000e+00
1.015247041811424777e+00,9.845168582066797791e-01,0.000000000000000000e+00
9.631372596835003908e-01,1.035551359908989610e+00,0.000000000000000000e+00
9.180524061432454586e-01,1.075722910221120987e+00,0.000000000000000000e+00
8.641178238187382510e-01,1.119508993514017448e+00,0.000000000000000000e+00
8.133132319363750584e-01,1.156944936787057454e+00,0.000000000000000000e+00
7.575210529205701482e-01,1.194220186725258426e+00,0.000000000000000000e+00
7.003359896011803754e-01,1.228629114773590159e+00,0.000000000000000000e+00
6.418219750057188033e-01,1.260184332706830279e+00,0.000000000000000000e+00
5.816914691481359645e-01,1.289044233034802867e+00,0.000000000000000000e+00
5.202502659062379076e-01,1.315043596548984839e+00,0.000000000000000000e+00
4.509839443733920650e-01,1.340378111548162110e+00,0.000000000000000000e+00
3.789559543647664785e-01,1.362494911789210672e+00,0.000000000000000000e+00
2.441412147457713289e-01,1.392980641381085016e+00,0.000000000000000000e+00
1.734793015279826600e-01,1.403533017759597934e+00,0.000000000000000000e+00
5.029814668817612217e-02,1.413318823351523479e+00,0.000000000000000000e+00
1.678146699588045632e-02,1.414113991998334763e+00,0.000000000000000000e+00
-3.551676656475821064e-02,1.413767505388628276e+00,0.000000000000000000e+00
-6.951147362153985154e-02,1.412504214165381633e+00,0.000000000000000000e+00
-1.063305167819851155e-01,1.410210559172238032e+00,0.000000000000000000e+00
-1.345450864553593417e-01,1.407798856268437371e+00,0.000000000000000000e+00
-2.000404315005435696e-01,1.399994223475609978e+00,0.000000000000000000e+00
-2.660359370295903303e-01,1.388965399212229501e+00,0.000000000000000000e+00
-3.560526649290691736e-01,1.368658649845500452e+00,0.000000000000000000e+00
-4.089018685225985772e-01,1.353809167467382668e+00,0.000000000000000000e+00
-4.722920905822453053e-01,1.333019197601239547e+00,0.000000000000000000e+00
-5.283026738774564413e-01,1.311829365723275131e+00,0.000000000000000000e+00
-6.389712716975082252e-01,1.261632162694527048e+00,0.000000000000000000e+00
-6.671127364673573590e-01,1.246980592007363331e+00,0.000000000000000000e+00
-7.033289349086411235e-01,1.226918256983845046e+00,0.000000000000000000e+00
-7.806752856129556273e-01,1.179214186835084721e+00,0.000000000000000000e+00
-8.226362277250884869e-01,1.150334576040482393e+00,0.000000000000000000e+00
-8.882902187854565534e-01,1.100427411149906831e+00,0.000000000000000000e+00
-9.289158576796879840e-01,1.066356098754637438e+00,0.000000000000000000e+00
-9.892374940023417329e-01,1.010647901328631582e+00,0.000000000000000000e+00
-1.039979480447532634e+00,9.583541517873651605e-01,0.000000000000000000e+00
-1.088565722544330372e+00,9.027871663363077337e-01,0.000000000000000000e+00
-1.105953528258122320e+00,8.814004727326908428e-01,0.000000000000000000e+00
-1.170094453292129799e+00,7.942788996158667292e-01,0.000000000000000000e+00
-1.190336491432502974e+00,7.636092175741197030e-01,0.000000000000000000e+00
-1.227848533956796606e+00,7.017036252294449605e-01,0.000000000000000000e+00
-1.256551392605293582e+00,6.489056924867415699e-01,0.000000000000000000e+00
-1.282663905516254754e+00,5.956284962002643679e-01,0.000000000000000000e+00
-1.308339869253546173e+00,5.368861951304151336e-01,0.000000000000000000e+00
-1.333307875527746766e+00,4.714765201531108119e-01,0.000000000000000000e+00
-1.360403163546275218e+00,3.863977647622802158e-01,0.000000000000000000e+00
-1.371242910786350855e+00,3.459665874303127775e-01,0.000000000000000000e+00
-1.386604257689957320e+00,2.780802627949032768e-01,0.000000000000000000e+00
-1.397853818788625135e+00,2.144870655728633446e-01,0.000000000000000000e+00
-1.406459996086511843e+00,1.478860352039008119e-01,0.000000000000000000e+00
-1.411668390371950910e+00,8.480775686613593878e-02,0.000000000000000000e+00
-1.414194703679797271e+00,-7.303429606049779976e-03,0.000000000000000000e+00
-1.411899848052356132e+00,-8.086296475973277220e-02,0.000000000000000000e+00
-1.408138983814078760e+00,-1.309373982598328046e-01,0.000000000000000000e+00
-1.398796349851248788e+00,-2.082517026168652086e-01,0.000000000000000000e+00
-1.389808877216091476e+00,-2.615937400079511588e-01,0.000000000000000000e+00
-1.352865641741252567e+00,-4.120128097474993756e-01,0.000000000000000000e+00
-1.321378562363680453e+00,-5.039431465212057537e-01,0.000000000000000000e+00
-1.313801906724326951e+00,-5.233780181546825450e-01,0.000000000000000000e+00
-1.293502892826741579e+00,-5.717082002637808857e-01,0.000000000000000000e+00
-1.256240136124552764e+00,-6.495080602962257643e-01,0.000000000000000000e+00
-1.185593343350537454e+00,-7.709529325470493299e-01,0.000000000000000000e+00
-1.103791174548311771e+00,-8.841069183018865907e-01,0.000000000000000000e+00
-1.077053326301353087e+00,-9.164912068880920470e-01,0.000000000000000000e+00
-1.072478594220422465e+00,-9.218403684689592259e-01,0.000000000000000000e+00
-1.037617159032252045e+00,-9.609113545389285083e-01,0.000000000000000000e+00
-9.910794077891139642e-01,-1.008841715759404734e+00,0.000000000000000000e+00
-9.425884825833091840e-01,-1.054289785828021131e+00,0.000000000000000000e+00
-8.921461406700148533e-01,-1.097303633315591664e+00,0.000000000000000000e+00
-8.395155589246335870e-01,-1.138074525821336724e+00,0.000000000000000000e+00
-7.617594392908629830e-01,-1.191521110451371879e+00,0.000000000000000000e+00
-6.927886057101769746e-01,-1.232900623650645011e+00,0.000000000000000000e+00
-6.442227129379810568e-01,-1.258958734881659325e+00,0.000000000000000000e+00
-6.006270837306459942e-01,-1.280330858133638783e+00,0.000000000000000000e+00
-5.322718270240670568e-01,-1.310223912984517902e+00,0.000000000000000000e+00
-4.884187116956608121e-01,-1.327195223795486489e+00,0.000000000000000000e+00
-4.250105158481060630e-01,-1.348838782589871554e+00,0.000000000000000000e+00
-3.421052683158098962e-01,-1.372211348659734709e+00,0.000000000000000000e+00
-2.113632847204761078e-01,-1.398329561252343423e+00,0.000000000000000000e+00
-1.958374420504256919e-01,-1.400588339338560528e+00,0.000000000000000000e+00
-1.609340826925232393e-01,-1.405026768794074066e+00,0.000000000000000000e+00
-9.496639566781411856e-02,-1.411021397319638160e+00,0.000000000000000000e+00
-4.786935867952528401e-03,-1.414205460760562971e+00,0.000000000000000000e+00
3.661607071414531983e-02,-1.413739460921090929e+00,0.000000000000000000e+00
1.186662143882552534e-01,-1.409226145642622052e+00,0.000000000000000000e+00
1.873009463865862312e-01,-1.401755454950216917e+00,0.000000000000000000e+00
2.649002388208096526e-01,-1.389182444271694017e+00,0.000000000000000000e+00
3.546436618732507484e-01,-1.369024423848286043e+00,0.000000000000000000e+00
3.876652059451178300e-01,-1.360042531724478865e+00,0.000000000000000000e+00
4.543806141652731445e-01,-1.339230472125985338e+00,0.000000000000000000e+00
4.980493311907578380e-01,-1.323611296302822815e+00,0.000000000000000000e+00
5.568167073615164497e-01,-1.299982751579066065e+00,0.000000000000000000e+00
6.177741624112571550e-01,-1.272145858090600434e+00,0.000000000000000000e+00
6.795368313309717578e-01,-1.240253883229019527e+00,0.000000000000000000e+00
7.348607304940919516e-01,-1.208296199935135817e+00,0.000000000000000000e+00
8.290545687955114262e-01,-1.145717470391059756e+00,0.000000000000000000e+00
8.480142383630533409e-01,-1.131756091891504168e+00,0.000000000000000000e+00
9.341375763109424080e-01,-1.061784812720505400e+00,0.000000000000000000e+00
9.789493684767806014e-01,-1.020616545995072899e+00,0.000000000000000000e+00
1.054120238392834308e+00,-9.427780878927100039e-01,0.000000000000000000e+00
1.113051516580443989e+00,-8.724198080270608724e-01,0.000000000000000000e+00
1.133702756902036368e+00,-8.454099946136918176e-01,0.000000000000000000e+00
1.137476571831731675e+00,-8.403255610380607754e-01,0.000000000000000000e+00
1.164795824469486263e+00,-8.020291062663811310e-01,0.000000000000000000e+00
1.201118402170662680e+00,-7.465350520685513080e-01,0.000000000000000000e+00
1.236509884449304986e+00,-6.863259470974172327e-01,0.000000000000000000e+00
1.270520020771268355e+00,-6.211110020112157182e-01,0.000000000000000000e+00
1.330844703118382100e+00,-4.783851755455492683e-01,0.000000000000000000e+00
1.363549942825702965e+00,-3.751420443245762071e-01,0.000000000000000000e+00
1.376873930117850309e+00,-3.228284073030526780e-01,0.000000000000000000e+00
1.393643417669756746e+00,-2.403289919792459539e-01,0.000000000000000000e+00
1.398382224911763672e+00,-2.110145801854125536e-01,0.000000000000000000e+00
1.400812553325756493e+00,-1.942271619649909298e-01,0.000000000000000000e+00
1.403441970786508897e+00,-1.742143353311670084e-01,0.000000000000000000e+00
1.410868034875090826e+00,-9.721825017814310355e-02,0.000000000000000000e+00
1.413608615976633676e+00,-4.136037761706665150e-02,0.000000000000000000e+00
1.414026659776962402e+00,2.299142100885879364e-02,0.000000000000000000e+00
1.411540546995684320e+00,8.690963230347016621e-02,0.000000000000000000e+00
1.405884983509539721e+00,1.532560378659889588e-01,0.000000000000000000e+00
1.398033754570768172e+00,2.133110899150847395e-01,0.000000000000000000e+00
1.377251100781737625e+00,3.212155123830292558e-01,0.000000000000000000e+00
1.340462554377560123e+00,4.507328924225378342e-01,0.000000000000000000e+00
1.323594908603105136e+00,4.980928808163575527e-01,0.000000000000000000e+00
1.299289047231445782e+00,5.584334980500381684e-01,0.000000000000000000e+00
1.242953716045651191e+00,6.745858431425216795e-01,0.000000000000000000e+00
1.242953716045651191e+00,6.745858431425216795e-01,0.000000000000000000e+00
1.212981436784134059e+00,7.271011167761317617e-01,0.000000000000000000e+00
1.158822360272035334e+00,8.106360079181957889e-01,0.000000000000000000e+00
1.134111028780223185e+00,8.448622221398376375e-01,0.000000000000000000e+00
1.114710532167140000e+00,8.702990460041031273e-01,0.000000000000000000e+00
1.100423594227796231e+00,8.882949472257392065e-01,0.000000000000000000e+00
1.029764850078040972e+00,9.693215944895430258e-01,0.000000000000000000e+00
9.829675849277499378e-01,1.016747130303944591e+00,0.000000000000000000e+00
9.693292890487380520e-01,1.029757607105802553e+00,0.000000000000000000e+00
9.203392514180421813e-01,1.073767042844618880e+00,0.000000000000000000e+00
8.341200802040107387e-01,1.142034890798199198e+00,0.000000000000000000e+00
7.704485043073473483e-01,1.185921204047963640e+00,0.000000000000000000e+00
7.336498491945687705e-01,1.209031802218943463e+00,0.000000000000000000e+00
6.805911334387807488e-01,1.239675646725592495e+00,0.000000000000000000e+00
5.781520991262628639e-01,1.290635560596366194e+00,0.000000000000000000e+00
5.531921486352950890e-01,1.301529272313252994e+00,0.000000000000000000e+00
4.772382382928264666e-01,1.331256423049729243e+00,0.000000000000000000e+00
4.286377042814162319e-01,1.347690512865753254e+00,0.000000000000000000e+00
3.729445835009099763e-01,1.364152607898886593e+00,0.000000000000000000e+00
3.345487321598861752e-01,1.374073195215674392e+00,0.000000000000000000e+00
2.212170237947503892e-01,1.396804577735694997e+00,0.000000000000000000e+00
1.859338708173859656e-01,1.401937443569742037e+00,0.000000000000000000e+00
1.164208310482385822e-01,1.409413420575395870e+00,0.000000000000000000e+00
3.053608588178560040e-02,1.413883852181295975e+00,0.000000000000000000e+00
-2.803342661520035958e-02,1.413935687007089603e+00,0.000000000000000000e+00
-1.239909741849893332e-01,1.408767631059379966e+00,0.000000000000000000e+00
-1.698012408803084849e-01,1.403982741558993608e+00,0.000000000000000000e+00
-2.005145025849726093e-01,1.399926403155930643e+00,0.000000000000000000e+00
-3.133510577933693031e-01,1.379061679033891874e+00,0.000000000000000000e+00
-3.917548992124753049e-01,1.358870155291896697e+00,0.000000000000000000e+00
-5.064478155978765495e-01,1.320420618619740916e+00,0.000000000000000000e+00
-5.545357746440492397e-01,1.300957368494419342e+00,0.000000000000000000e+00
-6.376348986074833469e-01,1.262308098713552873e+00,0.000000000000000000e+00
-6.580540489914786795e-01,1.251784673418683713e+00,0.000000000000000000e+00
-7.082235532842969805e-01,1.224099423483797189e+00,0.000000000000000000e+00
-7.572694128835881777e-01,1.194379770554971243e+00,0.000000000000000000e+00
-7.780381642044461588e-01,1.180955805710516726e+00,0.000000000000000000e+00
-8.235309044458535288e-01,1.149694241710636167e+00,0.000000000000000000e+00
-8.619317970934107231e-01,1.121192925931716600e+00,0.000000000000000000e+00
-9.168720054216007442e-01,1.076729179354851684e+00,0.000000000000000000e+00
-9.808586395979768113e-01,1.018781786805205147e+00,0.000000000000000000e+00
-1.010083936642346636e+00,9.898133364110125454e-01,0.000000000000000000e+00
-1.055384188958063296e+00,9.413629553457749655e-01,0.000000000000000000e+00
-1.098441523966939171e+00,8.907447549243209250e-01,0.000000000000000000e+00
-1.150034571755223833e+00,8.230555775692058873e-01,0.000000000000000000e+00
-1.195910336519511619e+00,7.548499632415629490e-01,0.000000000000000000e+00
-1.217442180976197497e+00,7.196072095107995947e-01,0.000000000000000000e+00
-1.261487712648217130e+00,6.392564046120848831e-01,0.000000000000000000e+00
-1.286945918581369863e+00,5.863191985998364997e-01,0.000000000000000000e+00
-1.321010554502244361e+00,5.049070358924234725e-01,0.000000000000000000e+00
-1.335336913182588070e+00,4.656987527275518457e-01,0.000000000000000000e+00
-1.351561596311330105e+00,4.162706467868821925e-01,0.000000000000000000e+00
-1.369406492201000747e+00,3.531654840407693063e-01,0.000000000000000000e+00
-1.384526830272948539e+00,2.882454791568153651e-01,0.000000000000000000e+00
-1.407116686800512495e+00,1.415013417870968349e-01,0.000000000000000000e+00
-1.414108630658339250e+00,1.722732415661056699e-02,0.000000000000000000e+00
-1.414165644363249985e+00,-1.164174826535340976e-02,0.000000000000000000e+00
-1.413474171335602714e+00,-4.572490532665639262e-02,0.000000000000000000e+00
-1.412274489005410416e+00,-7.403220721082777456e-02,0.000000000000000000e+00
-1.408641043202889298e+00,-1.254209368657245860e-01,0.000000000000000000e+00
-1.401940264786939228e+00,-1.859125976611782916e-01,0.000000000000000000e+00
-1.390901193104266520e+00,-2.557222536681711400e-01,0.000000000000000000e+00
-1.381753059508363357e+00,-3.012614853234267809e-01,0.000000000000000000e+00
-1.365917885601853232e+00,-3.664264316243617259e-01,0.000000000000000000e+00
-1.346982095409696933e+00,-4.308587177320448713e-01,0.000000000000000000e+00
-1.325600537851764127e+00,-4.927303664755335322e-01,0.000000000000000000e+00
-1.280172275860162800e+00,-6.009650107277558773e-01,0.000000000000000000e+00
-1.253762675767245538e+00,-6.542775808882321797e-01,0.000000000000000000e+00
-1.242483232135977778e+00,-6.754520100354535206e-01,0.000000000000000000e+00
-1.194533818362026878e+00,-7.570263910785650641e-01,0.000000000000000000e+00
-1.173563076670962380e+00,-7.891449201981755035e-01,0.000000000000000000e+00
-1.116998406946299260e+00,-8.673606855740174648e-01,0.000000000000000000e+00
-1.094196319464422640e+00,-8.959544712040403702e-01,0.000000000000000000e+00
-1.009610718904563553e+00,-9.902960144689116895e-01,0.000000000000000000e+00
-9.994304916851651788e-01,-1.000569184159670666e+00,0.000000000000000000e+00
-9.089589975426503043e-01,-1.083417528373184835e+00,0.000000000000000000e+00
-8.823287187378245910e-01,-1.105213116141167351e+00,0.000000000000000000e+00
-8.513962121263315419e-01,-1.129214102806431752e+00,0.000000000000000000e+00
-7.929808530711993653e-01,-1.170974537153764539e+00,0.000000000000000000e+00
-7.386925882096817553e-01,-1.205957403942644168e+00,0.000000000000000000e+00
-5.745003883590589222e-01,-1.292265183224902358e+00,0.000000000000000000e+00
0.000000000000000000e+00,0.000000000000000000e+00,0.000000000000000000e+00
0.000000000000000000e+00,0.000000000000000000e+00,0.000000000000000000e+00
0.000000000000000000e+00,0.000000000000000000e+00,0.000000000000000000e+00
0.000000000000000000e+00,0.000000000000000000e+00,0.000000000000000000e+00
0.000000000000000000e+00,0.000000000000000000e+00,0.000000000000000000e+00
0.000000000000000000e+00,0.000000000000000000e+00,0.000000000000000000e+00
0.000000000000000000e+00,0.000000000000000000e+00,0.000000000000000000e+00
0.000000000000000000e+00,0.000000000000000000e+00,0.000000000000000000e+00
0.000000000000000000e+00,0.000000000000000000e+00,0.000000000000000000e+00
0.000000000000000000e+00,0.000000000000000000e+00,0.000000000000000000e+00
0.000000000000000000e+00,0.000000000000000000e+00,0.000000000000000000e+00
0.000000000000000000e+00,0.000000000000000000e+00,0.000000000000000000e+00
0.000000000000000000e+00,0.000000000000000000e+00,0.000000000000000000e+00
0.000000000000000000e+00,0.000000000000000000e+00,0.000000000000000000e+00
0.000000000000000000e+00,0.000000000000000000e+00,0.000000000000000000e+00
0.000000000000000000e+00,0.000000000000000000e+00,0.000000000000000000e+00
0.000000000000000000e+00,0.000000000000000000e+00,0.000000000000000000e+00
0.000000000000000000e+00,0.000000000000000000e+00,0.000000000000000000e+00
0.000000000000000000e+00,0.000000000000000000e+00,0.000000000000000000e+00
0.000000000000000000e+00,0.000000000000000000e+00,0.000000000000000000e+00
0.000000000000000000e+00,0.000000000000000000e+00,0.000000000000000000e+00
0.000000000000000000e+00,0.000000000000000000e+00,0.000000000000000000e+00
0.000000000000000000e+00,0.000000000000000000e+00,0.000000000000000000e+00
0.000000000000000000e+00,0.000000000000000000e+00,0.000000000000000000e+00
0.000000000000000000e+00,0.000000000000000000e+00,0.000000000000000000e+00
0.000000000000000000e+00,0.000000000000000000e+00,0.000000000000000000e+00
0.000000000000000000e+00,0.000000000000000000e+00,0.000000000000000000e+00
0.000000000000000000e+00,0.000000000000000000e+00,0.000000000000000000e+00
0.000000000000000000e+00,0.000000000000000000e+00,0.000000000000000000e+00
0.000000000000000000e+00,0.000000000000000000e+00,0.000000000000000000e+00
0.000000000000000000e+00,0.000000000000000000e+00,0.000000000000000000e+00
0.000000000000000000e+00,0.000000000000000000e+00,0.000000000000000000e+00
0.000000000000000000e+00,0.000000000000000000e+00,0.000000000000000000e+00
0.000000000000000000e+00,0.000000000000000000e+00,0.000000000000000000e+00
0.000000000000000000e+00,0.000000000000000000e+00,0.000000000000000000e+00
0.000000000000000000e+00,0.000000000000000000e+00,0.000000000000000000e+00
0.000000000000000000e+00,0.000000000000000000e+00,0.000000000000000000e+00
0.000000000000000000e+00,0.000000000000000000e+00,0.000000000000000000e+00
0.000000000000000000e+00,0.000000000000000000e+00,0.000000000000000000e+00
0.000000000000000000e+00,0.000000000000000000e+00,0.000000000000000000e+00
0.000000000000000000e+00,0.000000000000000000e+00,0.000000000000000000e+00
0.000000000000000000e+00,0.000000000000000000e+00,0.000000000000000000e+00
0.000000000000000000e+00,0.000000000000000000e+00,0.000000000000000000e+00
0.000000000000000000e+00,0.000000000000000000e+00,0.000000000000000000e+00
0.000000000000000000e+00,0.000000000000000000e+00,0.000000000000000000e+00
0.000000000000000000e+00,0.000000000000000000e+00,0.000000000000000000e+00
0.000000000000000000e+00,0.000000000000000000e+00,0.000000000000000000e+00
0.000000000000000000e+00,0.000000000000000000e+00,0.000000000000000000e+00
0.000000000000000000e+00,0.000000000000000000e+00,0.000000000000000000e+00
0.000000000000000000e+00,0.000000000000000000e+00,0.000000000000000000e+00
0.000000000000000000e+00,0.000000000000000000e+00,0.000000000000000000e+00
0.000000000000000000e+00,0.000000000000000000e+00,0.000000000000000000e+00
0.000000000000000000e+00,0.000000000000000000e+00,0.000000000000000000e+00
0.000000000000000000e+00,0.000000000000000000e+00,0.000000000000000000e+00
0.000000000000000000e+00,0.000000000000000000e+00,0.000000000000000000e+00
0.000000000000000000e+00,0.000000000000000000e+00,0.000000000000000000e+00
0.000000000000000000e+00,0.000000000000000000e+00,0.000000000000000000e+00
0.000000000000000000e+00,0.000000000000000000e+00,0.000000000000000000e+00
0.000000000000000000e+00,0.000000000000000000e+00,0.000000000000000000e+00
0.000000000000000000e+00,0.000000000000000000e+00,0.000000000000000000e+00
0.000000000000000000e+00,0.000000000000000000e+00,0.000000000000000000e+00
0.000000000000000000e+00,0.000000000000000000e+00,0.000000000000000000e+00
0.000000000000000000e+00,0.000000000000000000e+00,0.000000000000000000e+00
0.000000000000000000e+00,0.000000000000000000e+00,0.000000000000000000e+00
0.000000000000000000e+00,0.000000000000000000e+00,0.000000000000000000e+00
0.000000000000000000e+00,0.000000000000000000e+00,0.000000000000000000e+00
0.000000000000000000e+00,0.000000000000000000e+00,0.000000000000000000e+00
0.000000000000000000e+00,0.000000000000000000e+00,0.000000000000000000e+00
0.000000000000000000e+00,0.000000000000000000e+00,0.000000000000000000e+00
0.000000000000000000e+00,0.000000000000000000e+00,0.000000000000000000e+00
0.000000000000000000e+00,0.000000000000000000e+00,0.000000000000000000e+00
0.000000000000000000e+00,0.000000000000000000e+00,0.000000000000000000e+00
0.000000000000000000e+00,0.000000000000000000e+00,0.000000000000000000e+00
0.000000000000000000e+00,0.000000000000000000e+00,0.000000000000000000e+00
0.000000000000000000e+00,0.000000000000000000e+00,0.000000000000000000e+00
0.000000000000000000e+00,0.000000000000000000e+00,0.000000000000000000e+00
0.000000000000000000e+00,0.000000000000000000e+00,0.000000000000000000e+00
0.000000000000000000e+00,0.000000000000000000e+00,0.000000000000000000e+00
0.000000000000000000e+00,0.000000000000000000e+00,0.000000000000000000e+00
0.000000000000000000e+00,0.000000000000000000e+00,0.000000000000000000e+00
0.000000000000000000e+00,0.000000000000000000e+00,0.000000000000000000e+00
0.000000000000000000e+00,0.000000000000000000e+00,0.000000000000000000e+00
0.000000000000000000e+00,0.000000000000000000e+00,0.000000000000000000e+00
0.000000000000000000e+00,0.000000000000000000e+00,0.000000000000000000e+00
0.000000000000000000e+00,0.000000000000000000e+00,0.000000000000000000e+00
0.000000000000000000e+00,0.000000000000000000e+00,0.000000000000000000e+00
0.000000000000000000e+00,0.000000000000000000e+00,0.000000000000000000e+00
0.000000000000000000e+00,0.000000000000000000e+00,0.000000000000000000e+00
0.000000000000000000e+00,0.000000000000000000e+00,0.000000000000000000e+00
0.000000000000000000e+00,0.000000000000000000e+00,0.000000000000000000e+00
0.000000000000000000e+00,0.000000000000000000e+00,0.000000000000000000e+00
0.000000000000000000e+00,0.000000000000000000e+00,0.000000000000000000e+00
0.000000000000000000e+00,0.000000000000000000e+00,0.000000000000000000e+00
0.000000000000000000e+00,0.000000000000000000e+00,0.000000000000000000e+00
0.000000000000000000e+00,0.000000000000000000e+00,0.000000000000000000e+00
0.000000000000000000e+00,0.000000000000000000e+00,0.000000000000000000e+00
0.000000000000000000e+00,0.000000000000000000e+00,0.000000000000000000e+00
0.000000000000000000e+00,0.000000000000000000e+00,0.000000000000000000e+00
0.000000000000000000e+00,0.000000000000000000e+00,0.000000000000000000e+00
0.000000000000000000e+00,0.000000000000000000e+00,0.000000000000000000e+00
0.000000000000000000e+00,0.000000000000000000e+00,0.000000000000000000e+00
0.000000000000000000e+00,0.000000000000000000e+00,0.000000000000000000e+00
0.000000000000000000e+00,0.000000000000000000e+00,0.000000000000000000e+00
0.000000000000000000e+00,0.000000000000000000e+00,0.000000000000000000e+00
0.000000000000000000e+00,0.000000000000000000e+00,0.000000000000000000e+00
0.000000000000000000e+00,0.000000000000000000e+00,0.000000000000000000e+00
0.000000000000000000e+00,0.000000000000000000e+00,0.000000000000000000e+00
0.000000000000000000e+00,0.000000000000000000e+00,0.000000000000000000e+00
0.000000000000000000e+00,0.000000000000000000e+00,0.000000000000000000e+00
0.000000000000000000e+00,0.000000000000000000e+00,0.000000000000000000e+00
0.000000000000000000e+00,0.000000000000000000e+00,0.000000000000000000e+00
0.000000000000000000e+00,0.000000000000000000e+00,0.000000000000000000e+00
0.000000000000000000e+00,0.000000000000000000e+00,0.000000000000000000e+00
0.000000000000000000e+00,0.000000000000000000e+00,0.000000000000000000e+00
0.000000000000000000e+00,0.000000000000000000e+00,0.000000000000000000e+00
0.000000000000000000e+00,0.000000000000000000e+00,0.000000000000000000e+00
0.000000000000000000e+00,0.000000000000000000e+00,0.000000000000000000e+00
0.000000000000000000e+00,0.000000000000000000e+00,0.000000000000000000e+00
0.000000000000000000e+00,0.000000000000000000e+00,0.000000000000000000e+00
0.000000000000000000e+00,0.000000000000000000e+00,0.000000000000000000e+00
0.000000000000000000e+00,0.000000000000000000e+00,0.000000000000000000e+00
0.000000000000000000e+00,0.000000000000000000e+00,0.000000000000000000e+00
0.000000000000000000e+00,0.000000000000000000e+00,0.000000000000000000e+00
0.000000000000000000e+00,0.000000000000000000e+00,0.000000000000000000e+00
0.000000000000000000e+00,0.000000000000000000e+00,0.000000000000000000e+00
0.000000000000000000e+00,0.000000000000000000e+00,0.000000000000000000e+00
0.000000000000000000e+00,0.000000000000000000e+00,0.000000000000000000e+00
0.000000000000000000e+00,0.000000000000000000e+00,0.000000000000000000e+00
0.000000000000000000e+00,0.000000000000000000e+00,0.000000000000000000e+00
0.000000000000000000e+00,0.000000000000000000e+00,0.000000000000000000e+00
0.000000000000000000e+00,0.000000000000000000e+00,0.000000000000000000e+00
0.000000000000000000e+00,0.000000000000000000e+00,0.000000000000000000e+00
0.000000000000000000e+00,0.000000000000000000e+00,0.000000000000000000e+00
0.000000000000000000e+00,0.000000000000000000e+00,0.000000000000000000e+00
0.000000000000000000e+00,0.000000000000000000e+00,0.000000000000000000e+00
0.000000000000000000e+00,0.000000000000000000e+00,0.000000000000000000e+00
0.000000000000000000e+00,0.000000000000000000e+00,0.000000000000000000e+00
0.000000000000000000e+00,0.000000000000000000e+00,0.000000000000000000e+00
0.000000000000000000e+00,0.000000000000000000e+00,0.000000000000000000e+00
0.000000000000000000e+00,0.000000000000000000e+00,0.000000000000000000e+00
0.000000000000000000e+00,0.000000000000000000e+00,0.000000000000000000e+00
0.000000000000000000e+00,0.000000000000000000e+00,0.000000000000000000e+00
0.000000000000000000e+00,0.000000000000000000e+00,0.000000000000000000e+00
0.000000000000000000e+00,0.000000000000000000e+00,0.000000000000000000e+00
0.000000000000000000e+00,0.000000000000000000e+00,0.000000000000000000e+00
0.000000000000000000e+00,0.000000000000000000e+00,0.000000000000000000e+00
0.000000000000000000e+00,0.000000000000000000e+00,0.000000000000000000e+00
0.000000000000000000e+00,0.000000000000000000e+00,0.000000000000000000e+00
0.000000000000000000e+00,0.000000000000000000e+00,0.000000000000000000e+00
0.000000000000000000e+00,0.000000000000000000e+00,0.000000000000000000e+00
0.000000000000000000e+00,0.000000000000000000e+00,0.000000000000000000e+00
0.000000000000000000e+00,0.000000000000000000e+00,0.000000000000000000e+00
0.000000000000000000e+00,0.000000000000000000e+00,0.000000000000000000e+00
0.000000000000000000e+00,0.000000000000000000e+00,0.000000000000000000e+00
0.000000000000000000e+00,0.000000000000000000e+00,0.000000000000000000e+00
0.000000000000000000e+00,0.000000000000000000e+00,0.000000000000000000e+00
0.000000000000000000e+00,0.000000000000000000e+00,0.000000000000000000e+00
0.000000000000000000e+00,0.000000000000000000e+00,0.000000000000000000e+00
0.000000000000000000e+00,0.000000000000000000e+00,0.000000000000000000e+00
0.000000000000000000e+00,0.000000000000000000e+00,0.000000000000000000e+00
0.000000000000000000e+00,0.000000000000000000e+00,0.000000000000000000e+00
0.000000000000000000e+00,0.000000000000000000e+00,0.000000000000000000e+00
0.000000000000000000e+00,0.000000000000000000e+00,0.000000000000000000e+00
0.000000000000000000e+00,0.000000000000000000e+00,0.000000000000000000e+00
0.000000000000000000e+00,0.000000000000000000e+00,0.000000000000000000e+00
