-1.311343474462850489e+00,-1.654260524675033928e+00,-6.492445013234515727e-01
-1.312639635478887179e+00,-1.619639956030034078e+00,-6.590800099559217529e-01
-1.325753309735175245e+00,-1.557288652213271396e+00,-6.691935082756379494e-01
-1.224430983231658443e+00,-1.543164066394274503e+00,-6.831906139656853671e-01
-1.184554637451986858e+00,-1.520691527810329013e+00,-6.843890816504295538e-01
-1.157484323219121869e+00,-1.482030806373780152e+00,-6.815498863590472300e-01
-1.124762325334177859e+00,-1.427094850762405276e+00,-6.703151166873688727e-01
-1.074600089103893819e+00,-1.373899871804387107e+00,-6.603328426869001788e-01
-1.045001010093800309e+00,-1.341097990132274820e+00,-6.432973184012807932e-01
-1.051395812250822681e+00,-1.261755855592259223e+00,-6.233935619775463621e-01
-1.052826656855253562e+00,-1.153752032852217058e+00,-6.003847057112401409e-01
-1.070894357729745616e+00,-1.060123066693672289e+00,-5.730681430628639106e-01
-1.060962214460914765e+00,-9.771071111935687448e-01,-5.549945042376753790e-01
-1.086283605337692748e+00,-8.644396550463298023e-01,-5.291465767043823654e-01
-1.095093773284948613e+00,-7.335276272072803749e-01,-4.970533766513426377e-01
-1.105554738208625709e+00,-5.807798320489945265e-01,-4.654268239109699001e-01
-1.105663021737576912e+00,-4.223095811648373554e-01,-4.343097133875540306e-01
-1.090047145300176323e+00,-2.731838795862621128e-01,-4.042764653380013784e-01
-1.063069248894802366e+00,-1.372539694582051717e-01,-3.766900841367225028e-01
-1.012380375212355021e+00,1.816643215733854816e-02,-3.393958343835001834e-01
-9.653287756105297657e-01,1.712121661055113486e-01,-3.069052438809293792e-01
-9.505017671771140986e-01,2.442294866079533777e-01,-2.930308381899889847e-01
-9.319503948341495425e-01,3.145815561467430466e-01,-2.782125118616214365e-01
-9.085319863827753251e-01,4.016134891221826986e-01,-2.617929645613145118e-01
-9.043402180085318154e-01,4.609090397602609857e-01,-2.535641560088270907e-01
-8.760963325986573791e-01,5.718372459896240434e-01,-2.331943311502530092e-01
-8.342675894912389145e-01,7.331311940440582431e-01,-2.085066250754636086e-01
-8.013631143664825540e-01,7.857329317021095605e-01,-1.986165134664678034e-01
-8.008040282098757290e-01,8.023360363865627010e-01,-1.976301921980179732e-01
-7.668989991739855183e-01,8.787168677871664002e-01,-1.823792205029884372e-01
-7.472852320093041900e-01,9.083989089027734165e-01,-1.775435439278862659e-01
-7.305648739532588642e-01,9.372753298029553592e-01,-1.727606231613229015e-01
-7.058703514898713172e-01,9.833838641708805284e-01,-1.626435011952300225e-01
-6.805316979466258243e-01,1.022832289100794823e+00,-1.523967960008955902e-01
-6.506069444804702950e-01,1.070641341155229798e+00,-1.370855103777441353e-01
-6.018320202909396288e-01,1.123610994947854547e+00,-1.226592772420649624e-01
-6.064678482095169354e-01,1.114459217172520056e+00,-1.154788037505777715e-01
-5.756782448890294113e-01,1.128083894950785426e+00,-1.049911411633504543e-01
-5.321740498995868318e-01,1.163868416437190412e+00,-9.008483865793623369e-02
-4.819427945262355628e-01,1.154269092404023089e+00,-8.172079127521289510e-02
-4.376058852743037186e-01,1.153002948776757464e+00,-7.612155282678916002e-02
-4.132565431670296441e-01,1.132797689726736889e+00,-7.662098282904286628e-02
-4.002694674574395761e-01,1.160013690165636824e+00,-6.962168781186166278e-02
-3.383983364060695331e-01,1.134120824665093341e+00,-6.548422145428919872e-02
-3.267432130660252176e-01,1.126263713010742906e+00,-6.514648974402875714e-02
-2.594785645752187841e-01,1.116317087344065984e+00,-5.762376480477816171e-02
-2.341353152714242547e-01,1.097867785702719923e+00,-5.492873103079923269e-02
-1.461682576533302191e-01,1.067028573659378976e+00,-3.849777283717499554e-02
-1.212682156454800153e-01,1.047778750371400447e+00,-3.385780102097550592e-02
-1.107455115491480235e-01,1.033473373560876318e+00,-3.374794915228947201e-02
-1.049791024868500372e-01,1.034954551381060073e+00,-3.084601479077962727e-02
-8.400043570152258832e-02,1.022530941536786697e+00,-2.646163149281985372e-02
-4.383493750358809921e-02,9.936201361517380537e-01,-1.873867401540908750e-02
-4.717933941039346817e-03,9.602742405234443446e-01,-9.810210719269990554e-03
1.218506686724562908e-02,9.248003719837705194e-01,-2.255161163707025684e-03
6.603461641546339023e-02,8.594761203504159841e-01,1.408658036818105641e-02
1.416473141447488759e-01,7.264476918915584447e-01,3.963823103535943360e-02
1.828231351040143227e-01,6.297396578706611070e-01,5.350050088577096297e-02
2.033397383352391619e-01,5.647011279789694305e-01,6.580376752086791736e-02
2.289588948086427878e-01,5.016939897253868130e-01,7.409607438485227293e-02
2.604232392973746535e-01,4.021292910338862270e-01,8.750867079038096574e-02
2.874310586370785181e-01,3.012812069144261140e-01,9.968773687503076908e-02
3.281754641396582572e-01,1.284196571277751164e-01,1.198881585169232211e-01
3.422563413091624929e-01,8.038060871169315502e-02,1.271568473368180352e-01
3.550290841948423592e-01,3.390117441156093037e-02,1.343582183551372822e-01
3.760354500812081446e-01,-8.844505125600717055e-02,1.466793983987816075e-01
3.982360127694673513e-01,-1.618979701515786407e-01,1.589468899627580201e-01
4.077063861959122071e-01,-1.979441195180446367e-01,1.635164137994951916e-01
4.188880075164930217e-01,-2.613783930920832166e-01,1.704237643472303887e-01
4.463283444567592295e-01,-3.996979331497075849e-01,1.856138785287689830e-01
4.526412505596464908e-01,-4.335593534918186776e-01,1.889621664711940707e-01
4.648866556944776796e-01,-5.307180789750712835e-01,1.975597494732265202e-01
4.770521021137215101e-01,-6.217532538843554279e-01,2.050873613226056325e-01
4.927304552221393186e-01,-6.944155852971052312e-01,2.117884888221294726e-01
5.275910274810236000e-01,-8.379002491702344235e-01,2.268668965379720404e-01
5.503357394085289789e-01,-9.535464100593733505e-01,2.351682037041091800e-01
5.805786432103756667e-01,-1.099253028704784141e+00,2.404721332772914999e-01
5.902393446679978783e-01,-1.210436012551643570e+00,2.455159121104165676e-01
6.192891937312225981e-01,-1.251851576495241813e+00,2.477822775281317003e-01
6.218840354652231950e-01,-1.318207699018674184e+00,2.516331082792027662e-01
6.351212736178672991e-01,-1.385921973951033559e+00,2.590444215981527187e-01
6.293893488100507083e-01,-1.419081065020133314e+00,2.563084957608173231e-01
6.368499453574661961e-01,-1.466454457017471791e+00,2.584150578735096015e-01
6.383914462400219758e-01,-1.486616703188655686e+00,2.569642580103683183e-01
6.581557559119770584e-01,-1.500708443625504485e+00,2.598018248405775110e-01
6.366852829356629551e-01,-1.510110464901396110e+00,2.556525333545843770e-01
6.486597725096407974e-01,-1.526352803782485168e+00,2.564089812205720964e-01
6.515879368535490990e-01,-1.563268710554092555e+00,2.573440603763278989e-01
6.627220967598431711e-01,-1.643493744151166558e+00,2.638487154791013256e-01
6.229097898271547251e-01,-1.688677380129496530e+00,2.623283390467133769e-01
6.425137825934761349e-01,-1.718870783624652843e+00,2.641631172431662122e-01
6.527304078428562972e-01,-1.749260523500443920e+00,2.678244149519917183e-01
6.397583504505256480e-01,-1.763822269631966977e+00,2.572766359510670342e-01
6.385001387090625258e-01,-1.773550579803181648e+00,2.576549663525730671e-01
6.477358118169889156e-01,-1.776861192573594428e+00,2.565644199347473231e-01
6.441527543273718459e-01,-1.767145943778200667e+00,2.510593701038871250e-01
6.581588902241485295e-01,-1.777104003530040055e+00,2.537646692351374078e-01
6.364888389983184291e-01,-1.750338627799129076e+00,2.443911070961810594e-01
7.109499106236052413e-01,-1.727232082401088942e+00,2.459690126981247671e-01
6.547840142698155841e-01,-1.734546649354405945e+00,2.423135130264617576e-01
6.614812956257826171e-01,-1.729034476375246321e+00,2.421972967122709708e-01
6.462121482814378037e-01,-1.703128103600981547e+00,2.367357696500437259e-01
5.960408301377001505e-01,-1.703098426415308397e+00,2.354563075429264574e-01
6.757729328255972501e-01,-1.661332138687299897e+00,2.336620551228686948e-01
6.649792441661401821e-01,-1.621659751571483010e+00,2.281791847894371061e-01
6.723670992141630443e-01,-1.584255226311471088e+00,2.236528871959101439e-01
6.307887606627022858e-01,-1.570212946657019160e+00,2.238705963476782523e-01
6.550281372641750810e-01,-1.475624784783770016e+00,2.104864488791889920e-01
6.623502974846706692e-01,-1.450771453313884685e+00,2.107377028751604153e-01
6.377446422202657228e-01,-1.343699501122940232e+00,1.960358917961082525e-01
6.668629501163909623e-01,-1.301461621837126215e+00,1.948033650949800855e-01
6.451379708317124262e-01,-1.259473816918561972e+00,1.896429156463073640e-01
6.461455937816941164e-01,-1.201279198771113998e+00,1.846517653894088618e-01
6.493963921839848163e-01,-1.140901507469632037e+00,1.799073920046113106e-01
6.384058167409213391e-01,-1.086502856088861435e+00,1.750143201612867627e-01
6.230768096646975840e-01,-9.730283141592388496e-01,1.653174810154254271e-01
6.252679406086628644e-01,-9.301064775410919916e-01,1.645101222839798205e-01
6.049928925640543076e-01,-8.846768446596626756e-01,1.595437793519861591e-01
6.100452548647274931e-01,-8.001007780206345066e-01,1.567544818077103996e-01
6.034830996702361672e-01,-7.333231382916839403e-01,1.524240282487358544e-01
5.771310400185900580e-01,-7.188869786982946541e-01,1.509522435133155427e-01
5.833779488947944403e-01,-5.611265256836464044e-01,1.425164717360818956e-01
5.839053773991302876e-01,-5.574611835679065264e-01,1.427460949691916614e-01
5.665022575266073224e-01,-4.652479930720905266e-01,1.360593899629694570e-01
5.426809240545463764e-01,-2.750362213863893346e-01,1.265972724751240619e-01
5.320267026445472114e-01,-2.036484112727361129e-01,1.222941965445712154e-01
5.154052027443023487e-01,-1.083665644512737947e-01,1.149142523054358933e-01
5.040690513708810938e-01,-3.793228138985339087e-02,1.096473760699703814e-01
4.867096342089258232e-01,5.200105541838298540e-02,1.022044014419566660e-01
4.666895393347065824e-01,2.218470493557647139e-01,9.030185816087771267e-02
4.470425790911515262e-01,3.067142247729743310e-01,8.156410805526015384e-02
4.354644288206695468e-01,3.694796190922204904e-01,7.519248265960642996e-02
4.212185150258857536e-01,4.517459835443218275e-01,6.815149257880739886e-02
4.053789000345902616e-01,5.316006690219144959e-01,5.713659286468233955e-02
3.789615697766441915e-01,6.293697292969604451e-01,4.460804994743081120e-02
3.516770865543995539e-01,7.672024304296021224e-01,2.681900691548375071e-02
3.324189442150050633e-01,8.578192707236692582e-01,1.361803442384906804e-02
3.490443093252219575e-01,8.749747191068359964e-01,3.236616584780027672e-03
3.347405314141845833e-01,9.237766584688504867e-01,-1.992354996081399654e-03
3.249608862759312822e-01,1.011221108370312649e+00,-1.555502923901984358e-02
2.778329264686043021e-01,1.059539330762796050e+00,-3.452088864870088425e-02
1.974022893125975953e-01,1.131560001902718104e+00,-5.085136376977011929e-02
2.098860021184967839e-01,1.135473014612189635e+00,-5.462557219852422208e-02
1.743988792518618991e-01,1.160670405483043677e+00,-6.092345513408459201e-02
1.735663770266825112e-01,1.165118912856035083e+00,-6.132800710964676077e-02
1.296535028459591399e-01,1.230423283033601933e+00,-8.872635575454956847e-02
1.616756252622337242e-01,1.268621281031442560e+00,-9.776896712550792179e-02
1.678212194406183688e-01,1.251720443470840882e+00,-1.043345809508748057e-01
1.667744008634878816e-01,1.256758605355885905e+00,-1.049716146083802953e-01
9.515223288981604355e-02,1.274610697128074621e+00,-1.155538286377160717e-01
1.096611129202607338e-01,1.282976259482627501e+00,-1.261023315632666952e-01
7.250425762767230553e-02,1.346849383989436433e+00,-1.424526666698655575e-01
5.492567212102550389e-02,1.302507926494812285e+00,-1.538831327888905420e-01
3.895564727812329126e-02,1.343709878801411461e+00,-1.622595753155968157e-01
1.321576517583146482e-02,1.313422282091620819e+00,-1.724384638071222997e-01
-5.391002651346742114e-02,1.311287512583808379e+00,-1.840375244560033818e-01
-7.364772642407826919e-02,1.299134619597344775e+00,-1.945176785416710685e-01
-5.302434749337453512e-02,1.270334914995199682e+00,-2.149535254039250665e-01
-4.839925109441547274e-02,1.263872412864211148e+00,-2.282829667353259151e-01
-1.133788928870073792e-01,1.238463792845409861e+00,-2.476461074281168240e-01
-1.394304298629540362e-01,1.211957719137183975e+00,-2.575854067674210879e-01
-2.014626123956647363e-01,1.178342967602019176e+00,-2.683653512438107791e-01
-1.599418045109144704e-01,1.154578503996766869e+00,-2.751886669066056501e-01
-2.591582229004660842e-01,1.070732631111249944e+00,-2.955611998874384527e-01
-2.292245080003757485e-01,1.011154650989811499e+00,-3.061055560260670383e-01
-3.047032350621944330e-01,9.428887931420175672e-01,-3.262327581820244626e-01
-3.047032350621944330e-01,9.428887931420175672e-01,-3.262327581820244626e-01
-3.047032350621944330e-01,9.428887931420175672e-01,-3.262327581820244626e-01
-3.412670225993602591e-01,8.352669441556523910e-01,-3.274676966943729228e-01
-3.517657188857478689e-01,8.046739833065227332e-01,-3.337456707173804826e-01
-3.707934429174997160e-01,7.493820834044909729e-01,-3.399304996339354568e-01
-3.716427206261055383e-01,7.013007407407096938e-01,-3.451626100290648425e-01
-4.001502401167966738e-01,6.384601647875131070e-01,-3.503609598972601269e-01
-4.110154489481392392e-01,5.658337929855584703e-01,-3.549212494478081181e-01
-4.238876155736862605e-01,5.277826501930150682e-01,-3.608177625912494246e-01
-3.111012436732129571e-01,5.455319257428798974e-01,-3.686488600443393882e-01
-4.686018815215558520e-01,3.944052494028291722e-01,-3.719569060817956574e-01
-4.850023850154077110e-01,3.327325303861260464e-01,-3.771072294280911619e-01
-5.153316743283847812e-01,2.420897028942023965e-01,-3.909957939312738717e-01
-5.262728034443401315e-01,1.818093802144813143e-01,-3.895006577158086625e-01
-5.423996390657334077e-01,1.332423702475180882e-01,-3.940109851308090105e-01
-5.681064103960404843e-01,4.554393932770189890e-02,-3.994189721261190429e-01
-5.880228284272825956e-01,-3.300763408095596513e-02,-4.051740893462927318e-01
-5.942213659647116453e-01,-1.339113105326346087e-01,-4.049955495461857180e-01
-6.039271735478363157e-01,-2.348202519582321679e-01,-4.088676245203471948e-01
-6.275093597795505795e-01,-3.209253708803712635e-01,-4.252780462010792850e-01
-6.822890126275794609e-01,-3.673426810955037758e-01,-4.389649592544422885e-01
-8.272508894303137739e-01,-1.699265030435526957e-01,-4.313073544310048191e-01
-7.458144168539945218e-01,-6.012265654584060259e-01,-4.363864021668533155e-01
-9.174433228581446720e-01,-3.907001237550986050e-01,-4.403299140542740187e-01
-7.765278264673756148e-01,-7.648476905138353876e-01,-4.481012712157701472e-01
-7.711915471272240419e-01,-8.052950756483591155e-01,-4.484205135025391975e-01
-7.756074453477589392e-01,-8.192287680654053439e-01,-4.508402121033872056e-01
-8.084603815586255404e-01,-8.636551639626673937e-01,-4.547417568739707816e-01
-8.205894234306996271e-01,-9.292286707491059783e-01,-4.604790900034904655e-01
-8.586351906298530512e-01,-9.801472267512368886e-01,-4.650775650194133859e-01
-8.880356271891396425e-01,-1.107213785758482505e+00,-4.765001955169112513e-01
-8.975386522150864410e-01,-1.152660144939565923e+00,-4.818548319899984000e-01
-9.262952397377793856e-01,-1.198014135160129445e+00,-4.892966932041055150e-01
-9.475293804587398006e-01,-1.277479175334304218e+00,-5.011159444864953239e-01
-9.763467689523754878e-01,-1.300090378430019067e+00,-5.062145996797298153e-01
-9.537794755574617867e-01,-1.333449919208774759e+00,-5.092185391231129898e-01
-9.868427769370428093e-01,-1.354281895446422634e+00,-5.155401975282911664e-01
-9.929020264546334351e-01,-1.357973375017889506e+00,-5.169498551732898406e-01
-9.962813081672456939e-01,-1.366074939087880358e+00,-5.185641718661634370e-01
-1.008233786235080309e+00,-1.374413250246626195e+00,-5.211052696638851511e-01
-9.991562066028130129e-01,-1.403611148111993945e+00,-5.243332616280689251e-01
-1.039218345235720431e+00,-1.407654608065351809e+00,-5.305943326694748663e-01
-1.064198306520368620e+00,-1.465388678366719377e+00,-5.443504170859612135e-01
-1.080970931227085874e+00,-1.445000253252737066e+00,-5.451761429748319676e-01
-1.082371691679900660e+00,-1.411557381706379566e+00,-5.426105534293399479e-01
-1.064551411692541194e+00,-1.406680814136357816e+00,-5.410871985815319807e-01
-1.074972132111451817e+00,-1.407452472122342257e+00,-5.459738690489590596e-01
-1.077376587775597860e+00,-1.355576585433323045e+00,-5.433187015835349021e-01
-1.061203257408202427e+00,-1.296649478468081318e+00,-5.400820674500634855e-01
-1.077208723851805994e+00,-1.263795930290901870e+00,-5.369142399790824971e-01
-1.079910641786667513e+00,-1.232066664990176807e+00,-5.379469000327039563e-01
-1.071920206552862798e+00,-1.178366356849411156e+00,-5.346641560780001079e-01
-1.071735778062267386e+00,-1.155629556258627622e+00,-5.329704192566753207e-01
-1.056262403197413713e+00,-1.120375756575103354e+00,-5.297213803085771833e-01
-1.057672132931950726e+00,-1.099024650782196799e+00,-5.329071903241109354e-01
-1.041073889701156441e+00,-1.032893038965156940e+00,-5.269179233335359314e-01
-1.035890252170379444e+00,-9.802173827478434243e-01,-5.244211527295963293e-01
-1.034176637701313295e+00,-9.201842795880431636e-01,-5.214681055054584125e-01
-1.026438770555520685e+00,-8.608038450953514609e-01,-5.190905158083489734e-01
-9.919508001012683485e-01,-7.614184269778367931e-01,-5.101159850667813522e-01
-9.834141663641694509e-01,-7.210815165232280499e-01,-5.076130051025887768e-01
-9.621569951404311816e-01,-6.041588089987729449e-01,-4.979916581183707058e-01
-9.300010185856483202e-01,-4.772513102223447934e-01,-4.865215541850471670e-01
-9.196630430383589960e-01,-4.007414861278436047e-01,-4.798553740176531024e-01
-8.960379074797796273e-01,-3.057775499584595158e-01,-4.681372070093602344e-01
-8.792477708827095562e-01,-2.396614433576464698e-01,-4.602516121315005093e-01
-8.556031053449522084e-01,-1.194670890314641493e-01,-4.486814558367578920e-01
-8.084243985362014051e-01,8.972477903807876687e-02,-4.256017420877915569e-01
-7.943464181093570220e-01,1.112892027152436458e-01,-4.168851374250688857e-01
-7.945240675675805386e-01,1.176089364472822918e-01,-4.170968652707178759e-01
-7.583145876428659671e-01,2.582788569227039699e-01,-3.986051808238263994e-01
-7.584066372502674680e-01,2.754388040197599530e-01,-3.989778579191656238e-01
-7.388814421866494175e-01,3.312560540972462331e-01,-3.894411365348645626e-01
-7.217619158811918734e-01,4.142797754370176055e-01,-3.806063072666128200e-01
-6.676576035272580034e-01,5.974630242492863230e-01,-3.599885468250547671e-01
-6.371581700270806392e-01,6.988600996818589151e-01,-3.456318571385817995e-01
-6.124237499285907216e-01,7.577135152788496697e-01,-3.384090625049067103e-01
-5.924895174287185817e-01,8.266088350658604700e-01,-3.299022365779024080e-01
-5.544718508070105578e-01,9.371399716573973748e-01,-3.172832532734536359e-01
-5.004095853040069208e-01,1.068699408836475628e+00,-2.966413285726495763e-01
-4.830087170807257357e-01,1.127896234961758282e+00,-2.875105613863225829e-01
-4.564726292296670818e-01,1.162301642878100338e+00,-2.777945365061175176e-01
-4.744990497247417727e-01,1.164513329025663069e+00,-2.744262869843878128e-01
-4.321876007265140762e-01,1.254079152129172758e+00,-2.626160932959765715e-01
-3.865260953332890215e-01,1.313410620116068905e+00,-2.476730123056057054e-01
-3.893738518202209953e-01,1.314916942783203924e+00,-2.440521488752860901e-01
-3.516652978672608620e-01,1.376553851437989362e+00,-2.317144166737815369e-01
-3.343538013794598029e-01,1.397035639031103393e+00,-2.243465038882343499e-01
-3.103046178927374443e-01,1.479588008306479852e+00,-2.111584464991899668e-01
-2.867506631103435843e-01,1.482554327465886335e+00,-2.001585020014850502e-01
-2.543962601979848359e-01,1.542779296856862326e+00,-1.889163920337999514e-01
-2.333410090317110941e-01,1.585461784733182222e+00,-1.653257050268931716e-01
-1.997209091629960354e-01,1.606907837220104884e+00,-1.556785380662523699e-01
-1.634337283556328846e-01,1.656579157042141537e+00,-1.374218136898714138e-01
-1.533861655176275984e-01,1.637261460974706484e+00,-1.294263775055721211e-01
-1.563859277036409590e-01,1.634153944772078759e+00,-1.217481648563557145e-01
-1.553555142899339936e-01,1.637756392939134331e+00,-1.211655015569010618e-01
-1.358451741374802901e-01,1.634516851669727266e+00,-1.138382301174580280e-01
-1.075775634919345497e-01,1.634717241823931078e+00,-1.005410569860734349e-01
-1.019154376458519529e-01,1.629095256642497214e+00,-9.709268960371414403e-02
-8.418777889105301393e-02,1.617494726220293444e+00,-8.942801361179733566e-02
-6.316085869975487932e-02,1.607330733817984525e+00,-8.066685862505118543e-02
-5.713384005842001706e-02,1.587368675068786983e+00,-7.366318448435366095e-02
1.474199944053029322e-02,1.551801800347635485e+00,-5.144108158686716559e-02
7.032392731603685776e-02,1.493733054132903693e+00,-3.837100148692282331e-02
1.286597601136119928e-01,1.417976149623204174e+00,-2.307025554149001734e-02
1.505186670001445182e-01,1.376930980657573356e+00,-1.653127574418190859e-02
1.799260920622580417e-01,1.346614692758590692e+00,-8.611079239373750638e-03
1.885510557409572074e-01,1.309272668942186968e+00,-6.338423541170451481e-03
2.385936417126438835e-01,1.234095838595037353e+00,1.105578228535721019e-02
2.567504318842492306e-01,1.206116996493222793e+00,1.675952785197137862e-02
2.616828804910416029e-01,1.180979697103432091e+00,2.074943533759951442e-02
2.948279830111804056e-01,1.123392848120804866e+00,3.015410602489163039e-02
3.202664603383900133e-01,1.064257172900192172e+00,3.916820877034460358e-02
3.514760194655682235e-01,9.792710189412550115e-01,4.890427011255529810e-02
3.650554477006107135e-01,9.420626203822577427e-01,5.751851817618264251e-02
4.182252432473327342e-01,7.965715108707956960e-01,7.742323936223996506e-02
4.564075334838050280e-01,6.941094152015612195e-01,9.140289586313343762e-02
4.807902947779018055e-01,5.743584886191449579e-01,1.004882113579059488e-01
4.906437383364742888e-01,5.565519247024887095e-01,1.056846339096286225e-01
5.052211421285561777e-01,5.016773554446815053e-01,1.128519384611517684e-01
5.155671287539950187e-01,4.470533222388563543e-01,1.171891567524258881e-01
5.340569545645460492e-01,3.655036654090299542e-01,1.257228115334722840e-01
5.524716273172572967e-01,2.534321162903439006e-01,1.386889343903748573e-01
5.602026157554549357e-01,1.653995515699737406e-01,1.450361535067909158e-01
5.652135771546051846e-01,1.532130896836190193e-01,1.477876735719677315e-01
5.763064366351400292e-01,1.015395686667983632e-01,1.541692359916090604e-01
5.860649902864673022e-01,3.100752919365544133e-02,1.610464392371094011e-01
6.010183996800613215e-01,-5.552861523660033993e-02,1.701396703751265060e-01
6.064432902217291588e-01,-1.391588480849281773e-01,1.743463210067116576e-01
6.208958201452799974e-01,-2.969313347090917210e-01,1.864840497514152484e-01
6.301099364540642123e-01,-3.515691331770122163e-01,1.926558020911398050e-01
6.328515426322737225e-01,-3.760784116524673037e-01,1.934567123261023980e-01
6.399619530763995812e-01,-3.974845326936083945e-01,1.974693077011350772e-01
6.487299881196637585e-01,-5.375835595540580103e-01,2.066127193802464457e-01
6.526069488490068293e-01,-5.499573885378513660e-01,2.088546105364087468e-01
6.578760332834922009e-01,-6.225829099826629687e-01,2.136238464342874455e-01
6.766080348210563589e-01,-6.808465685939680823e-01,2.178266914802521881e-01
6.753419084653914384e-01,-7.509177064598087092e-01,2.175974380917679030e-01
6.877365232854664168e-01,-8.168908104833636497e-01,2.214829821410120858e-01
7.022839697250934377e-01,-8.814876378423426306e-01,2.290764051780655453e-01
7.027304286892185337e-01,-9.502197439490922548e-01,2.318075413397937545e-01
7.128071247554188528e-01,-1.012419830281925393e+00,2.353082152967000407e-01
7.229270090797731418e-01,-1.068754847664002749e+00,2.377331786127137581e-01
7.251852792417501359e-01,-1.128576020678216940e+00,2.400135161697966590e-01
7.325388103676475637e-01,-1.216612067666934527e+00,2.413260132627311760e-01
7.407259640978121062e-01,-1.262173896779383631e+00,2.459211192768772092e-01
7.452130588388313770e-01,-1.305144919069359810e+00,2.490063344937332168e-01
7.492544927365480945e-01,-1.355732151988479295e+00,2.495885483762864676e-01
7.312660449980574739e-01,-1.400190471526512992e+00,2.470611061883209447e-01
7.412033259902590654e-01,-1.430560127788135905e+00,2.525200733091246263e-01
7.382711562829761265e-01,-1.472175777586870682e+00,2.532981992909130731e-01
7.427510698070290962e-01,-1.522043599730150687e+00,2.517999362448765099e-01
7.460536151950143413e-01,-1.538768972844826610e+00,2.525965065202645521e-01
7.492705609397763977e-01,-1.590295216096146103e+00,2.524533853275039430e-01
7.281096029657057045e-01,-1.644819464466646952e+00,2.553082829578728896e-01
7.489983390945206265e-01,-1.659329900394830082e+00,2.560289602562232369e-01
7.402079507513970036e-01,-1.649770910926030787e+00,2.519276244808789644e-01
7.475971264004251937e-01,-1.668555308651047842e+00,2.559507718997205972e-01
7.207146703781592834e-01,-1.671118399085659512e+00,2.485668661680238700e-01
7.254301325433385461e-01,-1.699541587829272116e+00,2.528785026277440839e-01
7.386151722318040624e-01,-1.718148653017354421e+00,2.535477526840647089e-01
7.100874810679572713e-01,-1.706411843923272054e+00,2.451931217148262676e-01
7.040612478576550037e-01,-1.696960461841347412e+00,2.416192876603325268e-01
7.147572178218062344e-01,-1.711835401097516529e+00,2.451444376479625653e-01
7.028518098702071226e-01,-1.702390832847391344e+00,2.408060222920527238e-01
7.118612164117275043e-01,-1.683642832418222657e+00,2.373497926915251743e-01
7.112745892716585416e-01,-1.662927588094374132e+00,2.322716454242783057e-01
7.007546132273833051e-01,-1.673423374417369214e+00,2.359389874358144290e-01
6.850203914696372243e-01,-1.637234790524838557e+00,2.271582247525606446e-01
6.801185068609638673e-01,-1.615149072371871553e+00,2.241233223695098808e-01
6.923221077657907285e-01,-1.593694127041194619e+00,2.259185900311274642e-01
6.929796089902987566e-01,-1.556890674557648069e+00,2.204492706154481674e-01
7.121986385359265759e-01,-1.515156320061853634e+00,2.177585338745394172e-01
7.057511567152872090e-01,-1.478154314572324601e+00,2.118478404532166959e-01
7.073150323055057420e-01,-1.416687301041021696e+00,2.065834530268385594e-01
7.082059197587543542e-01,-1.394548804215223203e+00,2.066584144074635199e-01
6.904176423481018787e-01,-1.284495927652854252e+00,1.962966360629625484e-01
6.697542082631997573e-01,-1.192783913337718049e+00,1.862138770432429924e-01
6.688643562010939680e-01,-1.128286741983263841e+00,1.853379876150882399e-01
6.549957035940313643e-01,-1.112260356061371525e+00,1.820763854593190900e-01
6.513464249089149227e-01,-1.003769611680117801e+00,1.774449354945139001e-01
6.379332650440919794e-01,-9.507991855881721133e-01,1.724034312230766086e-01
6.268713022479905916e-01,-8.614942220076593493e-01,1.684583467856582972e-01
6.170244800336242008e-01,-8.426676873412494162e-01,1.647974873001657459e-01
5.932274914193280679e-01,-7.895571616512743196e-01,1.606221098774329725e-01
6.136551959344593854e-01,-7.343675752041504134e-01,1.591984730835717121e-01
5.907751425099413423e-01,-6.448129499604676740e-01,1.517703124999605357e-01
5.742765382585198752e-01,-4.847899695116442143e-01,1.443077134258232141e-01
5.394176304947344569e-01,-3.655127467781355000e-01,1.331570595912937582e-01
5.239342269783291428e-01,-3.137804484448487585e-01,1.292788333789246791e-01
5.072135468045804174e-01,-2.144392965994335876e-01,1.223350528455916519e-01
5.080018227389110352e-01,-1.650393577798440758e-01,1.199055209237628872e-01
4.983732086512054904e-01,-9.728883632709552087e-02,1.154930643575892424e-01
4.776804732477911708e-01,1.230880563082213525e-01,1.064547979349086126e-01
4.386913483424683680e-01,2.476598429425125036e-01,8.650014683035828211e-02
4.256577537912169529e-01,3.023812273429032915e-01,8.082560795013729593e-02
4.135115049809016674e-01,3.822268618232476656e-01,7.420178020266854357e-02
4.095641629549230389e-01,4.185451747097578279e-01,7.075953240668833577e-02
3.849132356950266676e-01,4.938519468917188515e-01,6.411282309212021358e-02
3.689684732465575712e-01,5.551568202350364301e-01,5.665231474266316236e-02
3.689804503630414456e-01,5.933800563378562876e-01,4.940014980389251242e-02
3.412018142338387183e-01,6.738386005468088857e-01,4.119943390809713279e-02
3.265598556978727696e-01,7.189275344163122972e-01,3.322691803362742835e-02
3.040283820944090776e-01,8.470269331228111875e-01,9.576522772235349090e-03
2.682376523877414431e-01,8.899987777846282144e-01,-3.716323371802054965e-03
2.590554198462542423e-01,9.494094398731923734e-01,-1.843249907119126618e-02
2.584755420062009312e-01,9.554010222984344880e-01,-1.881979880537731908e-02
2.579712937637725356e-01,9.605668823192783368e-01,-1.915586494699744735e-02
2.218600123100561983e-01,1.029975953175947589e+00,-2.827586386206774882e-02
2.429968375753845389e-01,1.005106414118043023e+00,-3.495503899409052595e-02
1.896966445330675322e-01,1.063835861915821246e+00,-4.712630763127331757e-02
1.432841810134997396e-01,1.144774785280853191e+00,-7.697084088661661216e-02
1.152234010964593158e-01,1.154857138404585815e+00,-8.186220774928436306e-02
1.122658977534253949e-01,1.156243597003647094e+00,-9.155568816842926672e-02
1.512587452332646576e-01,1.188833179214167535e+00,-1.098031265889103936e-01
1.503561003625299430e-01,1.193513802117188050e+00,-1.103895599003536510e-01
6.826969421133141647e-02,1.205809500412140078e+00,-1.163100374218535155e-01
3.714382995279684463e-02,1.241716564925380517e+00,-1.344263632052903890e-01
7.076880295126598830e-02,1.241555833767778783e+00,-1.442660120623099618e-01
5.255123675506787745e-02,1.244074179406481129e+00,-1.494964907228764350e-01
-1.182895209574448200e-02,1.253208435410320565e+00,-1.603237790529224160e-01
-5.294118634019782943e-02,1.263592507777099527e+00,-1.830162791702724667e-01
-1.739768886833801056e-02,1.251521321284291277e+00,-1.853873633113384267e-01
-2.650875137032215889e-02,1.255239876951923295e+00,-1.915449455409526103e-01
-3.941394744442894282e-02,1.248508042108779970e+00,-2.012603755209471934e-01
-5.966252773676358756e-02,1.239071639677877812e+00,-2.109514937558238101e-01
-1.199298059602401101e-01,1.225589377502212418e+00,-2.204261389286076012e-01
-1.569026730756381272e-01,1.206376541424105442e+00,-2.305355399160084195e-01
-1.325802971415567244e-01,1.193016314454633076e+00,-2.391744268730069123e-01
-2.023744052516451009e-01,1.163799220556160474e+00,-2.486389119749330689e-01
-2.366787159332586210e-01,1.135647725994872292e+00,-2.577827790058308532e-01
-2.194337900701514854e-01,1.113193151864694475e+00,-2.659307357576086717e-01
-2.833047819835977088e-01,1.072585709543101951e+00,-2.750324908135805546e-01
-3.051289367367714389e-01,1.036270666654510730e+00,-2.831660747205229089e-01
-2.823123011742373900e-01,1.010327812362997069e+00,-2.902868971646254126e-01
-3.453576249819227395e-01,9.567297950319119115e-01,-2.981663877092057824e-01
-3.322043160206178958e-01,9.254079992068756644e-01,-3.051570273810538803e-01
-3.362344532474832448e-01,8.868039991678515754e-01,-3.125730480352245655e-01
-3.917730067625383450e-01,8.247729294956726021e-01,-3.194223546108498901e-01
-4.010194974542224955e-01,7.796204538946092111e-01,-3.255639107931163068e-01
-4.337113472304386930e-01,7.201501848781890480e-01,-3.324940380597832257e-01
-4.631425848847351978e-01,6.342516963600804969e-01,-3.441061638327592709e-01
-4.804190017441138383e-01,5.773045004982274575e-01,-3.506192790729992792e-01
-4.894128446731845217e-01,5.507968410002687110e-01,-3.510222036090101527e-01
-5.039160645864189103e-01,4.793766261020636632e-01,-3.563984422616914838e-01
-5.237026309553820536e-01,4.141391333001988584e-01,-3.651619620631806895e-01
-5.403164683389668488e-01,3.733030671237420051e-01,-3.687032849530905709e-01
-5.619014309723471268e-01,2.802066873953594772e-01,-3.704736551518402754e-01
-5.693308139032660087e-01,2.539670219145161445e-01,-3.716366733478576601e-01
-5.902833481013908257e-01,1.995043065280765193e-01,-3.785275640520925911e-01
-6.079553155547713361e-01,1.400207631858589874e-01,-3.811417949452706733e-01
-6.415515905124462570e-01,2.928103904576813063e-02,-3.862818333207476695e-01
-6.588178047361636924e-01,-2.915604609399160760e-02,-3.857591225584565131e-01
-6.641339575321141275e-01,-4.109004500125195553e-02,-3.882933350043546450e-01
-7.121180749528061016e-01,-1.770805224225351082e-01,-3.967672140732543262e-01
-7.070600268229689789e-01,-1.912645783945725042e-01,-3.928881890720444803e-01
-7.271680793071046978e-01,-2.213433817594605002e-01,-3.957656827733854188e-01
-7.530284345332082241e-01,-3.116222457561835246e-01,-4.012598907955630123e-01
-7.656674804867114048e-01,-3.515420601650585675e-01,-4.021368806319437494e-01
-7.845560111132785508e-01,-4.130430624028590403e-01,-4.056594546120833589e-01
-8.016202195432541311e-01,-4.794762402301184223e-01,-4.098343876252238949e-01
-8.193221612801614429e-01,-5.416065953230103647e-01,-4.144764874284809775e-01
-8.352418722151550012e-01,-6.088004696410117544e-01,-4.198466068836327891e-01
-8.538395577832981198e-01,-6.738526269258471313e-01,-4.261241273452391898e-01
-8.599113043717151461e-01,-7.317907577503532934e-01,-4.303229279312498767e-01
-8.779006502199716566e-01,-7.858344401843767590e-01,-4.363467517841414511e-01
-9.058316273984929889e-01,-9.128065140874009886e-01,-4.509521277628162350e-01
-9.097609736606928621e-01,-9.251206092442320061e-01,-4.516914826803160032e-01
-9.190841420473953027e-01,-9.748103509855698956e-01,-4.573693033864850710e-01
-9.312377353998545493e-01,-1.020934539501359373e+00,-4.631372875828483893e-01
-9.592682000160389633e-01,-1.089740001493639587e+00,-4.733410626969350998e-01
-9.618222497028835472e-01,-1.097320599352261228e+00,-4.746718555279160756e-01
-9.615610940942873608e-01,-1.153636059560361193e+00,-4.805344736173789433e-01
-9.815629503853340321e-01,-1.182036007561721336e+00,-4.847417423393393654e-01
-1.014720773542448384e+00,-1.276503629522622862e+00,-4.972331962422059659e-01
-1.018811149723322984e+00,-1.291250892297576947e+00,-4.980363229016179227e-01
-1.032733859840234025e+00,-1.321486351625587696e+00,-5.031273796707873558e-01
-1.017360375490811375e+00,-1.342133569624726297e+00,-5.027100910539517020e-01
-1.038353726338808514e+00,-1.367839749862502119e+00,-5.080016081617337864e-01
-1.066681065951000873e+00,-1.374375716276920789e+00,-5.113280485813485043e-01
-1.060725847433289681e+00,-1.401210809281641545e+00,-5.112624288321139243e-01
-1.072255927314220925e+00,-1.435081656135622330e+00,-5.164788764315744185e-01
-1.082285452572852691e+00,-1.430539016613051606e+00,-5.160749334553882406e-01
-1.084001874197157544e+00,-1.445378565688002492e+00,-5.178484260734879108e-01
-1.090485732349407488e+00,-1.438249614496939000e+00,-5.173361560653457758e-01
-1.093394722989770029e+00,-1.446591162455252544e+00,-5.178699719725274875e-01
-1.091558156266504431e+00,-1.455124465271185219e+00,-5.197395089889214059e-01
-1.087331365173472841e+00,-1.456902293847214258e+00,-5.201718274938132991e-01
-1.101004479596752628e+00,-1.442311405888976550e+00,-5.197274678830052785e-01
-1.109750767335223154e+00,-1.428816842166132917e+00,-5.201347624051422258e-01
-1.124538721904188243e+00,-1.410372688924541595e+00,-5.232730596473020857e-01
-1.113708163130314510e+00,-1.398873584660357050e+00,-5.208998421437963655e-01
-1.118196747935337410e+00,-1.357520860382950501e+00,-5.197022377593194520e-01
-1.125360779294128477e+00,-1.353713975310278705e+00,-5.236176086364454640e-01
-1.121653013064079829e+00,-1.325390469612754751e+00,-5.232736220173918040e-01
-1.122818089512185979e+00,-1.294990089939822120e+00,-5.244223045914633285e-01
-1.127172023788179489e+00,-1.259545901587518557e+00,-5.261528194822067128e-01
-1.120567872784545616e+00,-1.222522929655592172e+00,-5.249589301205324077e-01
-1.101253760110866287e+00,-1.151978833308398675e+00,-5.242102098691482359e-01
-1.102460482599634028e+00,-1.151877611816624958e+00,-5.248153010453318057e-01
-1.091890903594226359e+00,-1.114472503691430694e+00,-5.253105227969947499e-01
-1.079922757167483427e+00,-1.046740122997182665e+00,-5.237772179267858874e-01
-1.069085689807523609e+00,-9.999558011126953305e-01,-5.214354141930388487e-01
-1.057788334482560488e+00,-9.515134596368305386e-01,-5.191116494880025911e-01
-1.050597974293736803e+00,-9.276466082447204498e-01,-5.172181337780403787e-01
-1.038760246504156326e+00,-8.756301837214449657e-01,-5.136900729691026291e-01
-1.029664614356476271e+00,-8.142080455069589107e-01,-5.106189169912553893e-01
-9.947327231381039025e-01,-6.748694271181469029e-01,-4.953770833507800120e-01
-9.973599725674019423e-01,-6.653995341378755590e-01,-4.968979037581897074e-01
-9.834600684606840115e-01,-6.313346046897984065e-01,-4.923290003654614000e-01
-9.633665636585503345e-01,-5.492747208912932555e-01,-4.828865405205066130e-01
-9.454044850374586639e-01,-4.881181049419748841e-01,-4.758181879190316321e-01
-9.394147142027371444e-01,-4.490153532335028341e-01,-4.723134226834339033e-01
-9.032717525248318280e-01,-3.258291563116045286e-01,-4.563013915348725358e-01
-8.960772878183501655e-01,-2.784681834031521031e-01,-4.531487161909599215e-01
-8.764440989497674916e-01,-2.193565377842816022e-01,-4.448406762967623274e-01
-8.572773020085764362e-01,-1.180485102385665092e-01,-4.363458768297637236e-01
-8.307232112072853170e-01,-5.179378920450327523e-02,-4.242538192579708434e-01
-8.212931483735420590e-01,-2.299790805867105506e-02,-4.198555216995317751e-01
-8.032423167268105679e-01,4.063164787148275392e-02,-4.114596657653599165e-01
-7.787401609278701287e-01,1.415793939819478264e-01,-3.992654203009414760e-01
-7.699409650876184452e-01,1.918768555518776397e-01,-3.954979681644537615e-01
-7.533371980324128359e-01,2.483480214985258339e-01,-3.874264626939160072e-01
-7.459789394255901263e-01,2.928489662115621450e-01,-3.836470133212397382e-01
-7.281630938276968390e-01,3.562123036876753690e-01,-3.756865029287861923e-01
-6.766761700520268485e-01,5.617727759997144243e-01,-3.529216190825216204e-01
-6.767262878085000821e-01,5.690256183923715350e-01,-3.528971208056078668e-01
-6.767660055981189471e-01,5.754540391460858384e-01,-3.528730558654649130e-01
-6.346801400588731878e-01,6.928715902281952221e-01,-3.380851236443178642e-01
-6.199755061038422221e-01,7.585574615595729320e-01,-3.329207816755257454e-01
-6.132697234624236993e-01,7.838053862524114734e-01,-3.303483018732747967e-01
-5.525420862902434838e-01,9.766419493472325852e-01,-3.122969478863976134e-01
-5.105709960893541899e-01,1.002695278324489347e+00,-3.033744496796892953e-01
-4.985871913592969662e-01,1.048445913988864664e+00,-2.988472359252317689e-01
-4.671646113052673188e-01,1.109425297094601692e+00,-2.906526896913125269e-01
-4.169057794398836059e-01,1.185442791040359101e+00,-2.750490382420529567e-01
-4.111053282762875405e-01,1.230080410746358988e+00,-2.729972853173384673e-01
-3.680409992864599467e-01,1.294805542509482210e+00,-2.589731295698752267e-01
-3.357414462806615485e-01,1.356755572414797495e+00,-2.429557713071727743e-01
-3.297123233568294287e-01,1.366804117384725403e+00,-2.387249565403953278e-01
-3.283780201757480199e-01,1.375309350228100191e+00,-2.381678619516485740e-01
-3.274573806786049146e-01,1.381137039970942615e+00,-2.377829530868471319e-01
-3.064762215036493376e-01,1.415159759121347616e+00,-2.284464666300317359e-01
-2.914211557497382588e-01,1.446849713054517705e+00,-2.187563182871303802e-01
-2.735201946828161312e-01,1.475692724406304279e+00,-2.089065369564904184e-01
-2.536622506253391474e-01,1.501950557597739877e+00,-1.986537863079292920e-01
-2.088031502343160595e-01,1.541710248732875987e+00,-1.781168646943851186e-01
-2.026117386076376203e-01,1.551179686154675608e+00,-1.728883647653649269e-01
-1.898021515815991878e-01,1.560265767097066325e+00,-1.673059448287141371e-01
-1.863218014834329694e-01,1.570846413707335687e+00,-1.569190546414008514e-01
-1.491351195944975450e-01,1.583742396988583767e+00,-1.462283970019641055e-01
-1.251653994799614977e-01,1.584959399187815920e+00,-1.365210982050289734e-01
-1.045565356426917530e-01,1.575040222720471395e+00,-1.236622800251389459e-01
-6.244648848877092095e-02,1.606078991339265460e+00,-1.129557831534315909e-01
-5.280638544642650423e-02,1.582759123695855141e+00,-1.070612584904364062e-01
-1.134280883917293536e-02,1.567267063066834165e+00,-9.367692036779531883e-02
8.031319189347732243e-03,1.550252871345045413e+00,-8.360171175730360393e-02
4.517177496565390193e-02,1.523513581386461091e+00,-7.345387359197994015e-02
7.443190896748200225e-02,1.499012328044538878e+00,-6.651069840098627894e-02
7.607709545902542614e-02,1.500963473811924853e+00,-6.569487515950730994e-02
9.841328868584943435e-02,1.475026381829018129e+00,-5.811469315133335756e-02
1.260638583355378484e-01,1.446133914179680735e+00,-5.022609610061801177e-02
1.477496449747369434e-01,1.413504441804042777e+00,-4.315235622952968975e-02
1.847428605744626529e-01,1.343579068719431557e+00,-2.670303582406589882e-02
1.988913045186141981e-01,1.322054984548450829e+00,-2.474385433736006612e-02
2.129566342520314293e-01,1.302600131234434411e+00,-1.767581165782836083e-02
2.326492500073464587e-01,1.239616647364268909e+00,-7.985913852249892919e-03
2.632888237327021819e-01,1.212143701190342870e+00,1.392445127085695233e-03
2.914735444718776214e-01,1.117873734865368673e+00,1.744581102639752856e-02
2.970695994033372145e-01,1.114650855158944021e+00,2.025745313110607904e-02
3.223355683504318114e-01,1.060646480753319576e+00,2.877514667861391651e-02
3.364356969113409535e-01,1.007164038478387535e+00,3.825895575988902397e-02
3.563398512192347822e-01,9.495094099730678749e-01,4.808623189170477263e-02
3.835298322965736140e-01,8.844441489815715318e-01,5.919495840080651883e-02
4.031770646666993918e-01,8.231418672086635580e-01,6.810933342269126500e-02
4.316381673886632298e-01,7.350039403032375684e-01,8.432815273434804415e-02
4.635538979331619291e-01,6.139871620032387733e-01,9.873975073218843601e-02
4.918476455262836833e-01,4.840511576938912319e-01,1.114980567145433810e-01
5.023679761237709318e-01,4.425995623371485332e-01,1.170247990013339179e-01
5.220785803002854220e-01,3.538753826984598616e-01,1.260983832413151706e-01
5.458313154086101848e-01,2.800858169463636416e-01,1.378812453947093064e-01
5.446621203748889251e-01,2.455393462544398497e-01,1.368618940955439456e-01
5.499164076859299755e-01,2.098802920318039444e-01,1.400184458832865464e-01
5.556987263508008645e-01,1.497475897285458490e-01,1.439844395571056035e-01
5.803854577601791354e-01,5.663303509211842224e-02,1.579039474269483267e-01
5.890325111212453280e-01,-7.641792551611775730e-02,1.648022939893297178e-01
5.925820122353802066e-01,-1.180187620663585291e-01,1.675634780295428006e-01
5.945678047893904195e-01,-1.235995608522296035e-01,1.686898346066730281e-01
6.037582943380916944e-01,-1.994214541904870130e-01,1.753632193747626800e-01
6.162650823208460915e-01,-3.253623745179181070e-01,1.857470917373463815e-01
6.169752568761774913e-01,-3.472725671898678201e-01,1.870055676108881015e-01
6.246495655549760828e-01,-4.113346338805818903e-01,1.921897026576137035e-01
6.303077320806694805e-01,-4.838287290268105667e-01,1.980057043056800414e-01
6.423059462821331111e-01,-5.753749642192977909e-01,2.069641726090189482e-01
6.490999437176552256e-01,-6.182566624829755053e-01,2.089076255435552976e-01
6.538928849211009808e-01,-6.878152848748718684e-01,2.139436018248563331e-01
6.652230324359312830e-01,-7.589308573326380980e-01,2.197105873693377398e-01
6.697862998653862920e-01,-8.383299294551562753e-01,2.258685642307017294e-01
6.856006879869064319e-01,-8.863858553992359779e-01,2.286872356780974003e-01
7.069833044861806304e-01,-1.030079512923061325e+00,2.374922114608173374e-01
7.220413974157112724e-01,-1.162618363478018058e+00,2.439379356435631419e-01
7.315764270810721781e-01,-1.221794878001176254e+00,2.479692242367125821e-01
7.342982181579114087e-01,-1.354817606324463686e+00,2.535605645133606756e-01
7.473280013983512049e-01,-1.425309211947142440e+00,2.622956224494245037e-01
7.308796490848343819e-01,-1.459006633646301454e+00,2.578047108031477075e-01
7.237784568385389194e-01,-1.547390477904690531e+00,2.572952417882596876e-01
7.338859656115280794e-01,-1.625084120754623829e+00,2.658958868671403297e-01
7.295261596277899940e-01,-1.640763237313908718e+00,2.595055495545460222e-01
7.280088594646604294e-01,-1.641699730317655703e+00,2.568309804572170285e-01
7.228962862977146298e-01,-1.657724390306885898e+00,2.556015150159944294e-01
7.152805705299229988e-01,-1.663884398667225373e+00,2.543373937815274211e-01
7.293839260648874445e-01,-1.683407096867323594e+00,2.560986003281087720e-01
7.099266895081837170e-01,-1.679500057817650660e+00,2.492022255456570745e-01
7.202150174881156719e-01,-1.690339635341471469e+00,2.509117427281722379e-01
7.011603117330921231e-01,-1.675519757268513876e+00,2.440235690105503341e-01
7.184201859141943203e-01,-1.665194919418293340e+00,2.412877941599188003e-01
7.043282841899097813e-01,-1.653558189342523077e+00,2.360411073269521043e-01
7.035425511925917919e-01,-1.646560900962255491e+00,2.343652046021275082e-01
7.110697004099896246e-01,-1.637438841130498313e+00,2.335467166185185017e-01
7.126386741194307151e-01,-1.639439477707035797e+00,2.343708306746328796e-01
7.112039049998094553e-01,-1.619633969507928040e+00,2.306281554139342216e-01
6.881168112321115471e-01,-1.601167492806343295e+00,2.250532249757514758e-01
6.926406694499801509e-01,-1.575312989052181756e+00,2.219369832116645513e-01
6.783325301673933660e-01,-1.554573035583932672e+00,2.193672833712673187e-01
6.847726521188329807e-01,-1.516953551703745129e+00,2.139999848659692727e-01
6.740904796588377268e-01,-1.487715598477970191e+00,2.108522358159514720e-01
6.579530057145100974e-01,-1.394429837784700643e+00,1.995757313704797364e-01
6.577350005972080194e-01,-1.325383202996988308e+00,1.961438601045008001e-01
6.519370983360218696e-01,-1.303916587993590559e+00,1.933541735164359676e-01
6.529786474408084684e-01,-1.302934816524083717e+00,1.938515289806286845e-01
6.471318021743115434e-01,-1.281393508977082041e+00,1.915494526965516586e-01
6.422297000715120330e-01,-1.233989562475062085e+00,1.860833652310024400e-01
6.430029532586710728e-01,-1.150195444287511304e+00,1.803994619589157633e-01
6.357850419042769818e-01,-1.123843950683697468e+00,1.789394728787196409e-01
6.421921922020027429e-01,-1.050805024547323718e+00,1.770389949446122824e-01
6.316322190999748010e-01,-9.409413477742086807e-01,1.663260463460521921e-01
6.290536351411771809e-01,-9.181248696827341016e-01,1.629875997041908553e-01
6.195618104628691780e-01,-8.892722776691693864e-01,1.614392849795175389e-01
6.216001186426858283e-01,-8.107344250351662396e-01,1.587459620647938552e-01
6.032698427754525916e-01,-7.335041279479540544e-01,1.512950004307508922e-01
6.019539994771987423e-01,-6.862753327800622527e-01,1.504936050023395477e-01
5.951271975444455409e-01,-6.288247089143681468e-01,1.456249382739506770e-01
5.862646099554607027e-01,-5.604733070658632910e-01,1.417064241040925099e-01
5.764100726404414177e-01,-4.925749559145969347e-01,1.378343874230618660e-01
5.625379888239402382e-01,-4.264681445553610839e-01,1.338500201412509139e-01
5.520206772929461270e-01,-3.661545382460267284e-01,1.292123926159882696e-01
5.368809960148166471e-01,-2.687975241870960708e-01,1.224624113536454673e-01
5.249747644821255443e-01,-2.088828035517423243e-01,1.174499268848849809e-01
5.203648606776930530e-01,-1.595921190052622951e-01,1.155705873466574829e-01
5.036160011161363581e-01,-5.624395198932385237e-02,1.081451444277128360e-01
4.908476530850086617e-01,2.381826847377877150e-03,1.026549064708001668e-01
4.850900392488508572e-01,4.145013925849909409e-02,9.990844190028350114e-02
4.568151991345488772e-01,2.153378638324341954e-01,8.732189292666986402e-02
4.347397668205315591e-01,3.180106631112704085e-01,7.551751620046021074e-02
4.208640536873181071e-01,3.538497344054291061e-01,6.901983549270998552e-02
4.204288396427605656e-01,4.338714278338029473e-01,6.792417479890075493e-02
3.880696005892489420e-01,5.214988923826940903e-01,5.088308382527306772e-02
3.785525254530673345e-01,5.730892871830139956e-01,4.350306848490817502e-02
3.604520326835454758e-01,6.316384235094419930e-01,3.570784268915369597e-02
3.474984433094971403e-01,7.027467628983645742e-01,2.345091318785105794e-02
3.296652290725260448e-01,7.463042233995844654e-01,1.917694984039927664e-02
3.287295036858803865e-01,7.897410474607292619e-01,1.022408037498478972e-02
3.197376520793448473e-01,8.219663544675256395e-01,4.391352368065717937e-03
3.016977196538505046e-01,8.706797778604621341e-01,-4.780012977690858977e-03
2.673842692405324906e-01,1.000593133077499530e+00,-2.306975199653288344e-02
1.995341588884412543e-01,1.081446238832126872e+00,-5.789596388208910482e-02
1.865575646562772361e-01,1.086489067412236942e+00,-6.630275571860116957e-02
1.387590549878501278e-01,1.153035924949053159e+00,-8.892827114698867441e-02
1.352075939106724412e-01,1.166115686470293289e+00,-9.495606399032183176e-02
1.131178778206193281e-01,1.174929793333576056e+00,-1.000798130967203159e-01
8.709356741800927670e-02,1.207354717814072220e+00,-1.126869841271072592e-01
7.210272632394276737e-02,1.262609457785215827e+00,-1.200501052526797008e-01
7.210272632394276737e-02,1.262609457785215827e+00,-1.200501052526797008e-01
4.539441068610959584e-02,1.247832601392707907e+00,-1.467550545756514946e-01
1.416313624787189640e-02,1.250597077488990294e+00,-1.624219389005278069e-01
3.664309420738355322e-03,1.255900338211947576e+00,-1.689220113502556131e-01
-1.656543404573984288e-02,1.266205459052489157e+00,-1.820524095781627660e-01
-5.543218111625877048e-02,1.246260483692053000e+00,-1.965240760298649914e-01
-6.807682477609552918e-02,1.239229743719963306e+00,-1.985324440655055200e-01
-6.618973952085145662e-02,1.226738162462970072e+00,-2.075930768781173441e-01
-1.244067780061062084e-01,1.214187308735860560e+00,-2.278961293698680002e-01
-1.466502714825609344e-01,1.202621810376135025e+00,-2.372013879810847548e-01
-1.750126895838593211e-01,1.155548771053546142e+00,-2.516335282974139220e-01
-2.198220486782657968e-01,1.101723057286102980e+00,-2.688691213837227645e-01
-2.766405176252070830e-01,1.042457065477126799e+00,-2.873469982300654868e-01
-2.840908359205821521e-01,9.966740320151075139e-01,-2.885545910526783331e-01
-2.858326247948071996e-01,9.961360543528059441e-01,-2.894282826412346576e-01
-3.008590432647049173e-01,9.579631003927580046e-01,-2.940618450411772167e-01
-3.174648230838161833e-01,9.337961887095044267e-01,-3.007789585120537179e-01
-3.375089551760290796e-01,8.894343756828383407e-01,-3.070084212107743182e-01
-3.810105142350508900e-01,7.893403988587053277e-01,-3.219055015742715575e-01
-4.104806729659883358e-01,7.249852588451897173e-01,-3.342466594952919201e-01
-4.174044347419569312e-01,6.724934860795286351e-01,-3.319585606937399680e-01
-4.241782875910401485e-01,6.637339870698740762e-01,-3.353982321023225577e-01
-4.325240057322797260e-01,6.221480442798558164e-01,-3.369811826230398877e-01
-4.643994606248433299e-01,5.447252553193802083e-01,-3.507257691518045339e-01
-4.985201924155463482e-01,4.321754536201269370e-01,-3.607456841719673957e-01
-5.433819699043870299e-01,3.052483856841203824e-01,-3.765267039650379011e-01
-5.865760560158085335e-01,1.446412869684811642e-01,-3.828181362189553294e-01
-6.384972660996051097e-01,-3.207373719015949726e-02,-3.922952161924080361e-01
-6.596689660565009383e-01,-1.003846387074030094e-01,-3.969030854772920280e-01
-6.864812196737513084e-01,-1.781056175495452643e-01,-4.039895324132741217e-01
-7.054682688519928746e-01,-2.558903422158259611e-01,-4.025635047570526037e-01
-7.134520238075383602e-01,-2.757604646564658646e-01,-4.064321346270307056e-01
-7.235039377209482314e-01,-3.382485829512334452e-01,-4.088373660078976624e-01
-7.415379267801255336e-01,-3.833503805681717225e-01,-4.135546276226047535e-01
-7.700540539088334135e-01,-5.017803614208805607e-01,-4.252395611768990391e-01
-7.906470801265844672e-01,-6.044851328107476718e-01,-4.312859219231227059e-01
-8.143158843256870227e-01,-7.104480420587127032e-01,-4.405391153887517897e-01
-8.403022786445265568e-01,-8.127815049345530340e-01,-4.479161531400656093e-01
-8.471009594742766602e-01,-8.332601625646121057e-01,-4.514817675218507076e-01
-8.617114024591799870e-01,-8.794853211192532605e-01,-4.558243587120372475e-01
-8.712734254878061746e-01,-9.406179213372701797e-01,-4.615442897091657226e-01
-8.982537780776516101e-01,-9.759851562336367969e-01,-4.648900384878157932e-01
-8.962444611598171518e-01,-1.010342279137050658e+00,-4.681775331067747348e-01
-9.277590193698457277e-01,-1.071357719247567175e+00,-4.776474713406109185e-01
-9.364604241194196543e-01,-1.129473248695747056e+00,-4.836774414888019291e-01
-9.695002912924569616e-01,-1.190065290544594978e+00,-4.945902145830921026e-01
-9.796121984866427157e-01,-1.223518157594991163e+00,-4.986954035813478403e-01
-9.854087649118541403e-01,-1.247842920225333385e+00,-5.021925567070827379e-01
-9.885902544536763203e-01,-1.256269743385123761e+00,-5.037533230524985361e-01
-9.962744913182678408e-01,-1.274915028732878097e+00,-5.066708354285299754e-01
-1.015301715366645263e+00,-1.329750725529285083e+00,-5.159849203508259929e-01
-1.016699471467792160e+00,-1.330390102327001056e+00,-5.160499941866619755e-01
-1.031525439523228282e+00,-1.368828333621704862e+00,-5.228522180100305672e-01
-1.044521346329514877e+00,-1.370906169235788896e+00,-5.237171882925977240e-01
-1.051915792482754464e+00,-1.447660786202793259e+00,-5.359384443444286106e-01
-1.050138204086198623e+00,-1.413612295577419298e+00,-5.292706035636164374e-01
-1.053810949343948700e+00,-1.420321658166896261e+00,-5.294932836686336852e-01
-1.057958255325417651e+00,-1.453242428460023161e+00,-5.345696852038799296e-01
-1.066383371438578420e+00,-1.444445259850902996e+00,-5.333941293058619415e-01
-1.084008326651183074e+00,-1.431389167636262671e+00,-5.327610070181634239e-01
-1.070891133928886463e+00,-1.439839733820899248e+00,-5.323624370908728309e-01
-1.081886333901640462e+00,-1.419760692681342640e+00,-5.311105433558067634e-01
-1.078323475248396779e+00,-1.404240879896750505e+00,-5.288865429511778737e-01
-1.080274351280229528e+00,-1.406908026963976877e+00,-5.298189379315769720e-01
-1.079003922960704021e+00,-1.390469151362103473e+00,-5.286235779155357140e-01
-1.089167830873131182e+00,-1.359990605977848599e+00,-5.298779414323588899e-01
-1.089519141851924111e+00,-1.315759112546327714e+00,-5.281624853599384828e-01
-1.086691442583473721e+00,-1.294478837138179239e+00,-5.253859019574544931e-01
-1.085164981551369090e+00,-1.261395379158496421e+00,-5.265226424104184622e-01
-1.079544156941532718e+00,-1.115511707184912105e+00,-5.251542939699471724e-01
-1.059223037905167031e+00,-1.089617470983415215e+00,-5.225362506701445309e-01
-1.045784847150723618e+00,-1.047497546412237357e+00,-5.187267486146946993e-01
-1.044090277224764440e+00,-1.021390846092081972e+00,-5.195006296245301414e-01
-1.032689777340807469e+00,-9.750292696227903511e-01,-5.153399803863316642e-01
-1.014446663838925122e+00,-9.345232489622407046e-01,-5.124769463188563190e-01
-1.001141728328924341e+00,-8.533045302714721281e-01,-5.088388047252943025e-01
-9.781707993726578287e-01,-7.399660463050836690e-01,-5.015933469022849645e-01
-9.692906581193786453e-01,-7.149116025514634654e-01,-4.991875589584934825e-01
-9.388967864514832229e-01,-5.612795191903812153e-01,-4.848772135790039850e-01
-9.243943851868415829e-01,-5.053989330309336392e-01,-4.768534540146074363e-01
-9.201644026390005671e-01,-4.581260497792992159e-01,-4.749316215617336856e-01
-9.082079306780369565e-01,-3.871729798294444302e-01,-4.674804144844922904e-01
-8.955538891764728282e-01,-3.162126621114998981e-01,-4.592270137454102508e-01
-8.730552339614097157e-01,-2.150940705218267746e-01,-4.471521529176965548e-01
-8.434006427544009643e-01,-7.309896910504450063e-02,-4.303240041067020738e-01
-8.215157169691821304e-01,5.254230384483689342e-02,-4.179951375765659227e-01
-7.712166050707245368e-01,2.572699554279028744e-01,-3.903806772481173137e-01
-7.638035005172216785e-01,2.823702080970603157e-01,-3.874669697887537234e-01
-7.323340901082940890e-01,4.337351179705115078e-01,-3.697574529265893473e-01
-7.223304414281471741e-01,4.848642711337168842e-01,-3.629950836831901118e-01
-7.061127684212847866e-01,5.401281897027059298e-01,-3.551878713993607550e-01
-7.022070921462172377e-01,5.674667463639794240e-01,-3.539666795601798532e-01
-6.895610452017891800e-01,6.084747929503920849e-01,-3.473831651020354849e-01
-6.688369103931348647e-01,7.021757265230005318e-01,-3.360231938063207857e-01
-6.514985774096594406e-01,7.821140477120726020e-01,-3.281666283907656023e-01
-6.440670621216579850e-01,8.294504406222222848e-01,-3.228369470457620460e-01
-6.370328917055855245e-01,8.624330586353909922e-01,-3.199403462357295336e-01
-6.340696772331965159e-01,8.869223876745697677e-01,-3.158792942958715821e-01
-6.088684741183071347e-01,9.404374955622810672e-01,-3.082782000522908961e-01
-5.671927092203740139e-01,1.099055074433544332e+00,-2.867376683646369884e-01
-5.513302735599815430e-01,1.166150526196072290e+00,-2.774571566251815558e-01
-5.450685818271270300e-01,1.196619586573105298e+00,-2.687606820394866647e-01
-5.033032328406711331e-01,1.299971888266444164e+00,-2.498143901536590827e-01
-4.674279396108654283e-01,1.336854921452187428e+00,-2.370179392251359207e-01
-4.298887901708955406e-01,1.384316462723128360e+00,-2.266520324980897394e-01
-4.063521015063913944e-01,1.418152202986526333e+00,-2.169326991731288234e-01
-3.681457034373804560e-01,1.462304604491204474e+00,-2.063272821653433509e-01
-3.376243087864782000e-01,1.491500850707355497e+00,-1.967102497942747052e-01
-3.080340117051221793e-01,1.530288236998550655e+00,-1.853671691944064337e-01
-2.564721136871238594e-01,1.573068384389919583e+00,-1.657796660207950801e-01
-1.938041275538250618e-01,1.584798325309229483e+00,-1.457892766593568701e-01
-1.549177426518602851e-01,1.588131671098616637e+00,-1.340812210616143807e-01
-1.170929563880969693e-01,1.607186314462713650e+00,-1.231878908451859295e-01
-1.284949336961775483e-02,1.585292480853729868e+00,-9.851830880861511819e-02
-4.867036249554306730e-04,1.578546917388991444e+00,-9.640554178987080503e-02
7.444885684946565829e-02,1.534302189566488783e+00,-7.721832868520520088e-02
7.727644350312137811e-02,1.516844829182393939e+00,-7.607934247330785937e-02
9.164855866420477948e-02,1.515692925877955233e+00,-7.339534091548977068e-02
1.285717758838860469e-01,1.465512953067233726e+00,-5.969419769945143173e-02
1.695189817539200783e-01,1.428389430873101773e+00,-4.870422455366341108e-02
1.938535994048423694e-01,1.379542379166032395e+00,-3.924623243040679943e-02
1.957128613269132622e-01,1.380101994782902075e+00,-3.832681097597737119e-02
2.075051084387654343e-01,1.360539617021458314e+00,-3.420239482845630064e-02
2.521582260180330604e-01,1.311531923867102600e+00,-1.636844968137809997e-02
2.667573718155153983e-01,1.252934581426114580e+00,-1.184192446490260620e-02
2.790880471715714850e-01,1.228971320353651642e+00,-6.138724827853672683e-03
3.052518543711142396e-01,1.178858797853512552e+00,2.584756968181778358e-03
3.324492121216390816e-01,1.117332813274480419e+00,1.366659911557774332e-02
3.394954966759620718e-01,1.074999995909943884e+00,2.149075621589394136e-02
3.684061046133437767e-01,1.015444888799466039e+00,3.067676544609135303e-02
3.872898005020462553e-01,9.570386004799883439e-01,3.985383758123670073e-02
4.015482922142276645e-01,8.983152463921617592e-01,4.918140646920607373e-02
4.212923320384092118e-01,8.347844622409978932e-01,5.843531477292024379e-02
4.405344593789770613e-01,7.694823043699534626e-01,6.770273393855477662e-02
4.619978840405382092e-01,7.006241075955909059e-01,7.667833730142886717e-02
4.809023495882563948e-01,6.302737822401111023e-01,8.561784610807535167e-02
4.962741177307737894e-01,5.610687198924515506e-01,9.471294645716329952e-02
5.144144527936285183e-01,4.869774972860451134e-01,1.030983230441782084e-01
5.289024971144972165e-01,4.157416587037640610e-01,1.110506302290123204e-01
5.442858431137788111e-01,3.405751764431146911e-01,1.189936884119800475e-01
5.594924668636862553e-01,2.637514597903657387e-01,1.272014900486077293e-01
5.715325854001482853e-01,1.682069418271555372e-01,1.345267324663544095e-01
5.851364264777733082e-01,1.121604877884319479e-01,1.421932320153005413e-01
5.981501397278190524e-01,2.862467221475686191e-02,1.494115054594858938e-01
6.089046383149326891e-01,-4.596669311267548297e-02,1.562222766340408131e-01
6.273540999282721797e-01,-1.597242816734885662e-01,1.666089543699073583e-01
6.442230070845778034e-01,-3.035689689107806677e-01,1.767508402522020017e-01
6.468444065526278708e-01,-3.360370027449042785e-01,1.784252220812639345e-01
6.506904776478907859e-01,-3.473221521560757585e-01,1.805704223417995968e-01
6.602533365664950971e-01,-4.230722416841924405e-01,1.859895184862734863e-01
6.710370581298293891e-01,-4.967137731185861105e-01,1.912878408557796006e-01
6.805770475204948600e-01,-5.982328489033096330e-01,1.966901321041481521e-01
6.892922573305472200e-01,-6.668295984806213994e-01,2.006126969746893085e-01
7.015778375080619078e-01,-7.499417903621804493e-01,2.069520545440827752e-01
7.046376133702489941e-01,-8.268957076495088154e-01,2.117160472458171627e-01
7.074190577287028381e-01,-8.529877277756829912e-01,2.125207730666741623e-01
7.266324440841438470e-01,-9.691304652959181754e-01,2.216744409719392794e-01
7.422927146959650280e-01,-1.045575631230536429e+00,2.256198684568914703e-01
7.388787020940741357e-01,-1.095701056763131565e+00,2.269824115322789382e-01
7.368760764259786322e-01,-1.107172202186902377e+00,2.260172680733315564e-01
7.460075100851965013e-01,-1.180960163789162687e+00,2.305206919333204207e-01
7.463148801808714428e-01,-1.230343780439058454e+00,2.357209939336226689e-01
7.666917740236768308e-01,-1.306640859019782885e+00,2.445925139572924234e-01
7.558741267346122950e-01,-1.340868742907887823e+00,2.450525952236253246e-01
7.538547997519815524e-01,-1.359812809467156436e+00,2.459035497638822898e-01
7.578796064784815156e-01,-1.407343811818312362e+00,2.484567906353243316e-01
7.764548529923450682e-01,-1.479733030588519016e+00,2.572457692278777297e-01
7.795928096275269725e-01,-1.522943099415275059e+00,2.597827603886435077e-01
7.682036995849536032e-01,-1.526561917682336622e+00,2.559116839405893296e-01
7.711582635580463974e-01,-1.620335964350133828e+00,2.616555518322379315e-01
7.781919562002862500e-01,-1.644385178363759747e+00,2.613996036219588537e-01
7.781428223816512224e-01,-1.653290758740447064e+00,2.622999254972041006e-01
7.728771125087644522e-01,-1.663368138605080482e+00,2.606416418011089364e-01
7.817842469388632809e-01,-1.670871595205292826e+00,2.590799813896484949e-01
7.649300848314789514e-01,-1.679101040046282911e+00,2.522034810556674778e-01
7.701958261062806788e-01,-1.690586876038133068e+00,2.550165176417718005e-01
7.628837111820774286e-01,-1.697054132953421224e+00,2.529410748961439803e-01
7.527262026110893567e-01,-1.700385186288352779e+00,2.504027944504391701e-01
7.498845954163159133e-01,-1.684356915934827059e+00,2.438774714162384449e-01
7.459510890666151139e-01,-1.694467238145515253e+00,2.453267645901047178e-01
7.509041401383265146e-01,-1.677100321715188302e+00,2.411784180780921494e-01
7.483965197200250774e-01,-1.671639341135565449e+00,2.398089733973113868e-01
7.332264577199953948e-01,-1.629769217413840732e+00,2.296360900595739718e-01
7.321526453135174251e-01,-1.591002666802642684e+00,2.233150985605137917e-01
7.334277428841627922e-01,-1.592029035595031061e+00,2.239681022283795397e-01
7.274345688199688187e-01,-1.570451216812799533e+00,2.224428141065447062e-01
7.305802539194389267e-01,-1.555177764240604832e+00,2.215779206932143586e-01
7.288777192255074810e-01,-1.522217813522170227e+00,2.184458064553497780e-01
7.138149419682698893e-01,-1.493756209616262431e+00,2.161148043348748993e-01
7.051260543965010008e-01,-1.436076260201825328e+00,2.100061611031978637e-01
7.068366068938989333e-01,-1.413401089721324944e+00,2.088015877584812330e-01
6.981865124295160152e-01,-1.348389319537012243e+00,2.030611514243333970e-01
7.018432366413868140e-01,-1.320917705979134160e+00,2.022065132265108978e-01
6.806273191109405429e-01,-1.198086267561606411e+00,1.926682117833051766e-01
6.818527364122296541e-01,-1.196051809179525138e+00,1.932464458697841780e-01
6.745955836164448938e-01,-1.172216912354887119e+00,1.905515380234676370e-01
6.655451650480649350e-01,-1.091663074430507363e+00,1.828976523649213926e-01
6.583906099914521581e-01,-1.027098838758519594e+00,1.802941455015434347e-01
6.523483493938950772e-01,-9.735461072588672549e-01,1.739719438414783492e-01
6.536784225047669317e-01,-8.917253077996886157e-01,1.719197205205466594e-01
6.355045325141991386e-01,-7.645082530174714952e-01,1.619901541543810053e-01
6.174142617913431774e-01,-6.622963349552529744e-01,1.549566486580731817e-01
5.900992846883506004e-01,-5.045619000792457287e-01,1.418242492981811043e-01
5.753908312611027975e-01,-4.503271084429731341e-01,1.360555535547879336e-01
5.635164125141828295e-01,-3.642635012566775576e-01,1.320696433565162753e-01
5.582414324765788693e-01,-2.935946237755941990e-01,1.266745318819492705e-01
5.507411966639849110e-01,-2.548750884455018295e-01,1.246097641656431221e-01
5.400654771994023440e-01,-1.774509341595055523e-01,1.198299975153037655e-01
5.339184779713703755e-01,-1.462079917173522425e-01,1.170493153326467306e-01
5.203435644402196747e-01,-8.547302863824855768e-02,1.122949412951936843e-01
5.082321041301869347e-01,-1.927829863656060905e-02,1.075363047508858805e-01
4.955269142607827693e-01,3.711276970798189218e-02,1.025724053311546091e-01
4.909948631765641558e-01,9.030289932335025527e-02,1.002908039468291546e-01
4.643788877818292860e-01,2.174358539059766393e-01,9.031218112062672221e-02
4.442014386455367392e-01,3.677385235684686449e-01,8.049736586176550746e-02
3.979766549967707068e-01,5.301731674366956248e-01,5.903888103457691217e-02
3.943647927441518708e-01,5.675523584091684004e-01,5.535359385228644236e-02
3.722024694891357122e-01,6.295884987050309745e-01,4.649824687607206908e-02
3.690507414534457409e-01,6.650142586453684501e-01,4.216446939686310791e-02
3.623895081348312841e-01,6.993173440334273794e-01,3.568435075682868662e-02
3.358968051990068315e-01,7.740784270752406604e-01,2.268324544255700959e-02
3.286722631843236875e-01,8.146603410620949504e-01,1.972697430862890844e-02
3.329239004353376497e-01,8.146425452029204539e-01,1.354023682255098282e-02
3.057277363302467466e-01,9.111844697793051173e-01,-1.941011935603670358e-03
2.986142773869847056e-01,9.546924505681242401e-01,-1.565824531087971205e-02
2.843492751454089196e-01,9.996950028364987029e-01,-2.318336097565726339e-02
2.595529050875510779e-01,1.036043570406822933e+00,-3.136180970380839095e-02
2.503487278716644004e-01,1.050775858637247540e+00,-3.726831648199095681e-02
2.385286951984995074e-01,1.076008938108530710e+00,-4.134159251867682017e-02
2.155786249443691627e-01,1.115944984218760982e+00,-5.165028124624962413e-02
2.013969327323179570e-01,1.141006716556289602e+00,-6.508259831405444062e-02
1.730027362730071905e-01,1.210753648103872537e+00,-7.931792185512320792e-02
1.552883814426059272e-01,1.215695589581233804e+00,-8.763793103165280762e-02
1.136112808315100503e-01,1.264082183717224472e+00,-1.112332095565292112e-01
7.623371488271460383e-02,1.274981396216874119e+00,-1.329796705141427227e-01
4.601513429349104317e-02,1.300698966522852551e+00,-1.517430140459814780e-01
3.329904565038353630e-03,1.297424403751705313e+00,-1.666027369472831421e-01
-1.417654818093879929e-02,1.300108832075346665e+00,-1.728401064959220468e-01
-3.877098359558952406e-02,1.286440327429067443e+00,-1.809451658631598403e-01
-4.094966191520904575e-02,1.290615794857412624e+00,-1.820665798133446200e-01
-6.634167887976932798e-02,1.282515769302020381e+00,-1.929372634726241320e-01
-9.410355980829265832e-02,1.277692500797870556e+00,-2.081006549278517914e-01
-1.078480357530411105e-01,1.256390186248506735e+00,-2.135093079125593429e-01
-1.565290600570216906e-01,1.217746874741612917e+00,-2.345049381677280498e-01
-2.002351522415372065e-01,1.178312411168777274e+00,-2.507270734695878911e-01
-2.283575316406163680e-01,1.127124957059382648e+00,-2.589614865400019506e-01
-2.462890937912881051e-01,1.111145926861697442e+00,-2.666377820181826674e-01
-2.488865831554622488e-01,1.094163159705810351e+00,-2.688088967616449332e-01
-2.546615767782604567e-01,1.094308471939390959e+00,-2.716955801364541179e-01
-2.787528788575983074e-01,1.056556571234074760e+00,-2.796608613186697401e-01
-3.106644149506065933e-01,9.953613777078701430e-01,-2.922644368894247169e-01
-3.334619273865144229e-01,9.336881472499380941e-01,-3.012006563722649521e-01
-3.685879432377481835e-01,8.713965259769457239e-01,-3.144928391497610054e-01
-3.755635950794675160e-01,8.367011961665493658e-01,-3.176414006451037664e-01
-3.974409125976040014e-01,7.759955532672916378e-01,-3.272179589593511295e-01
-4.284326445881337930e-01,6.755167207133410123e-01,-3.384812902203572782e-01
-4.447967418969296372e-01,6.286481735714656294e-01,-3.439225679412570291e-01
-4.681374997231481649e-01,5.657336329663947838e-01,-3.513262994820547935e-01
-4.861146833361910669e-01,5.072725961327312350e-01,-3.573860905367918228e-01
-5.007526518064951970e-01,4.388956215728703203e-01,-3.601238756170386246e-01
-5.211946761203065659e-01,3.895479277436227905e-01,-3.683347970066761512e-01
-5.447462233028386169e-01,3.050441191382924355e-01,-3.743580851917135410e-01
-5.574524319343928669e-01,2.680646802229548764e-01,-3.781382380888664851e-01
-5.873888984550752479e-01,1.661481744365255753e-01,-3.845596335882982553e-01
-6.043781426342118568e-01,1.102986738972759756e-01,-3.886222082108667930e-01
-6.241065248383480535e-01,3.513724124332713583e-02,-3.911909876625364602e-01
-6.526701730058839246e-01,-4.167100481351709851e-02,-4.026470177695978259e-01
-6.505108352453815579e-01,-4.784772250599327731e-02,-3.991011309306560784e-01
-6.723836546949473192e-01,-1.212467372516109199e-01,-4.021265689923146369e-01
-6.910966246312256756e-01,-1.785687270722353670e-01,-4.089974289554643150e-01
-7.243880904275343813e-01,-2.945966611243358568e-01,-4.189749142587628761e-01
-7.538026207564998415e-01,-4.082646797619747248e-01,-4.250954549427486961e-01
-7.705830819657486508e-01,-4.879891955262064540e-01,-4.286370180505094107e-01
-7.859669681152609000e-01,-5.457652864944689819e-01,-4.372820108250423665e-01
-7.944911462348029918e-01,-5.751589488743444889e-01,-4.377378212737608187e-01
-8.102444856017688712e-01,-6.664796922177889105e-01,-4.434511766196095328e-01
-8.246269881300135607e-01,-7.323735284078038976e-01,-4.489123103961147887e-01
-8.346313765337085577e-01,-7.839767260753965905e-01,-4.522375654834973058e-01
-8.424307212559580815e-01,-8.196565100421728811e-01,-4.556707927642603684e-01
-8.656862840211334564e-01,-9.182651599881496152e-01,-4.673229831796089639e-01
-8.692544599348029921e-01,-9.808971771875580892e-01,-4.719808486116223167e-01
-8.920821920365528124e-01,-1.028888772619436009e+00,-4.764251491117800774e-01
-9.219551737715623307e-01,-1.112883849853290696e+00,-4.866660814207121599e-01
-9.260232927168479122e-01,-1.146503878166244883e+00,-4.854401858612183429e-01
-9.324917689239958785e-01,-1.197416856415203457e+00,-4.893934243150499519e-01
-9.343743876945094229e-01,-1.203260083952189197e+00,-4.904278025137006058e-01
-9.359724233040550567e-01,-1.208216448358599093e+00,-4.913057632011146869e-01
-9.380526501468916534e-01,-1.214663349187292463e+00,-4.924485597278168703e-01
-9.602221978930332025e-01,-1.239210567393874474e+00,-4.957418017949501432e-01
-9.677021018967760790e-01,-1.275233490095351030e+00,-4.995151731426686337e-01
-9.934426833732231676e-01,-1.297087689295695734e+00,-5.033323212693920912e-01
-9.877974946117061839e-01,-1.338755000537709794e+00,-5.071836854627810309e-01
-1.002395913639071212e+00,-1.361843794240078509e+00,-5.105161121211290176e-01
-1.024597028575046975e+00,-1.375342220362483880e+00,-5.132655928992474470e-01
-4.610248043943964147e-01,-2.838151182185574273e-01,-2.289625406265258789e-01
-4.446445735377721475e-01,-2.357628577042016060e-01,-2.183648347854614258e-01
-4.240601556746679268e-01,-1.930658062440107070e-01,-2.074090242385864258e-01
-4.046000754504825991e-01,-1.482882838547622262e-01,-1.956195831298828125e-01
-3.860989493894617097e-01,-1.042721733463726347e-01,-1.845949888229370117e-01
-3.618735188621821641e-01,-8.914804127314056303e-02,-1.735509634017944336e-01
-3.466845730220199373e-01,-6.719604158356334844e-02,-1.638593673706054688e-01
-3.365448916877455399e-01,-5.169447389386711000e-02,-1.549423933029174805e-01
-3.333719160983842356e-01,-4.231735371235924303e-02,-1.486001014709472656e-01
-3.311111052143080324e-01,-1.132391367292366613e-02,-1.356579065322875977e-01
-3.318453011455435586e-01,-3.836459310511800263e-03,-1.249943971633911133e-01
-3.365979872319236343e-01,7.042704554022382116e-03,-1.080527305603027344e-01
-3.447130832659365818e-01,7.410509302345594761e-03,-9.050118923187255859e-02
-3.530261865262708798e-01,5.495800284293111092e-03,-7.661414146423339844e-02
-3.586997595032639929e-01,-4.510812449380551328e-03,-6.686854362487792969e-02
-3.732600956394150904e-01,-3.574260226133830348e-02,-4.743337631225585938e-02
-3.772484381552809185e-01,-4.235149273163322375e-02,-4.394042491912841797e-02
-3.801728145789243785e-01,-5.371249982463020128e-02,-4.040861129760742188e-02
-3.826917832245177453e-01,-6.472962179182531472e-02,-3.747904300689697266e-02
-3.856721541940426046e-01,-7.954975205166255059e-02,-3.483259677886962891e-02
-3.893571190919351555e-01,-1.064791567391775995e-01,-3.206110000610351562e-02
-3.878644239677743188e-01,-1.285739154219370795e-01,-3.243350982666015625e-02
-3.846760252714245820e-01,-1.478203525799128559e-01,-3.530550003051757812e-02
-3.750025313118778292e-01,-1.684826455085141339e-01,-4.078769683837890625e-02
-3.697933337340247872e-01,-1.704706309076287618e-01,-4.618823528289794922e-02
-3.574726479170861615e-01,-1.705587944403352541e-01,-5.458033084869384766e-02
-3.505406506972029157e-01,-1.604652993279074569e-01,-6.016123294830322266e-02
-3.408153139829080969e-01,-1.516528115012243660e-01,-6.543409824371337891e-02
-3.310295093178852177e-01,-1.392221985982202148e-01,-6.977057456970214844e-02
-3.229728417995254008e-01,-1.322314477608481642e-01,-7.244694232940673828e-02
-3.141620203266229372e-01,-1.201952999752421286e-01,-7.512462139129638672e-02
-3.015376160880634537e-01,-1.002008864173094677e-01,-7.778275012969970703e-02
-2.958986216968290117e-01,-9.186303301387024889e-02,-7.829344272613525391e-02
-2.917983707260228821e-01,-8.710715805552421420e-02,-7.884824275970458984e-02
-2.803303860367097333e-01,-7.134468209091017477e-02,-7.965993881225585938e-02
-2.689574760209758053e-01,-5.696471059774071283e-02,-8.037710189819335938e-02
-2.575024491851179431e-01,-4.472801287601963632e-02,-8.099794387817382812e-02
-2.423790999563914250e-01,-2.669555413210382075e-02,-8.246243000030517578e-02
-2.360876534263723625e-01,-2.158861828182874476e-02,-8.377587795257568359e-02
-2.292764932897725649e-01,-1.445037362292602226e-02,-8.581173419952392578e-02
-2.185736557946018066e-01,-5.102228335784257489e-03,-9.060668945312500000e-02
-2.156177097265462306e-01,-2.124477139228840312e-03,-9.237778186798095703e-02
-2.102338870578924768e-01,8.436667998113729161e-04,-9.670722484588623047e-02
-2.083167095581331396e-01,3.972854195305800667e-03,-9.935951232910156250e-02
-2.025134105536275653e-01,3.732584824422377316e-03,-1.063141822814941406e-01
-1.993638660970232790e-01,3.921178836790116355e-03,-1.107290983200073242e-01
-1.957572650114191293e-01,7.784865997194821913e-04,-1.168012619018554688e-01
-1.948549770883645782e-01,-5.715256753611195955e-04,-1.187025308609008789e-01
-1.938530146766601903e-01,-2.579774991479423692e-03,-1.201668977737426758e-01
-1.907852551924603957e-01,-4.990993489608879473e-03,-1.241668462753295898e-01
-1.888514845696132038e-01,-8.975686418770020478e-03,-1.259542703628540039e-01
-1.866723416741424002e-01,-1.251518180705397769e-02,-1.271743774414062500e-01
-1.857610468859513531e-01,-1.440259554328746604e-02,-1.276210546493530273e-01
-1.835170163969272461e-01,-1.688791719448009057e-02,-1.282957792282104492e-01
-1.792965061362960244e-01,-2.151633379442730032e-02,-1.287107467651367188e-01
-1.760915047974012937e-01,-2.361625541780183052e-02,-1.289166212081909180e-01
-1.729088366205144001e-01,-2.306471491726936121e-02,-1.286793947219848633e-01
-1.692756875673733230e-01,-2.303500750710061468e-02,-1.285667419433593750e-01
-1.633221632448850213e-01,-2.318179481921098586e-02,-1.287202835083007812e-01
-1.589059416681722070e-01,-2.174734244948891074e-02,-1.285551786422729492e-01
-1.559060045653288817e-01,-2.079792064322382589e-02,-1.286162137985229492e-01
-1.522466155881983807e-01,-1.833753640514613689e-02,-1.283601522445678711e-01
-1.452400523335563853e-01,-1.399473369582185552e-02,-1.280164718627929688e-01
-1.385303205362479750e-01,-8.181089773089716272e-03,-1.281404495239257812e-01
-1.300242520424809423e-01,-7.140778615740989849e-04,-1.280530691146850586e-01
-1.258780606782298195e-01,3.462307850882187597e-03,-1.280666589736938477e-01
-1.201471426884285348e-01,8.451279775393595595e-03,-1.284343004226684570e-01
-1.160956484655109588e-01,1.192291770450465763e-02,-1.288613080978393555e-01
-1.104019706793161471e-01,1.747929641871348236e-02,-1.299587488174438477e-01
-1.089589066393534950e-01,1.889334347942648804e-02,-1.303653717041015625e-01
-1.051056893776254192e-01,2.061807241579132963e-02,-1.318844556808471680e-01
-1.015142931030662971e-01,2.222393543893332740e-02,-1.339392662048339844e-01
-9.964627694513915335e-02,2.309078015074383580e-02,-1.351915597915649414e-01
-9.964627694513915335e-02,2.309078015074383580e-02,-1.351915597915649414e-01
-9.964627694513915335e-02,2.309078015074383580e-02,-1.351915597915649414e-01
-9.526126818483279801e-02,2.220797657909099124e-02,-1.381002664566040039e-01
-9.247080887668299165e-02,1.979535000199728750e-02,-1.398371458053588867e-01
-9.168873369285655828e-02,1.911343344291719856e-02,-1.402064561843872070e-01
-9.086392001367500637e-02,1.845284378413725515e-02,-1.404557228088378906e-01
-8.783501442462897379e-02,1.425090268661380333e-02,-1.417578458786010742e-01
-8.652545518083938625e-02,1.204774762342080037e-02,-1.424621343612670898e-01
-8.554248139016824848e-02,1.129763670155709346e-02,-1.425784826278686523e-01
-8.277713437527391138e-02,9.020912952629054488e-03,-1.429527997970581055e-01
-8.073665133640650637e-02,7.225531881995380691e-03,-1.432479619979858398e-01
-7.865639496994793201e-02,6.242186030312018782e-03,-1.434301137924194336e-01
-7.541139219150988504e-02,5.507448900452087751e-03,-1.433197259902954102e-01
-7.303314934962415461e-02,5.829489239322430995e-03,-1.433852910995483398e-01
-7.051973993343173264e-02,6.212688985280528237e-03,-1.432900428771972656e-01
-6.791406710983456663e-02,7.511448171182976211e-03,-1.432818174362182617e-01
-6.668195947485280883e-02,8.085104870285228507e-03,-1.433733701705932617e-01
-6.410074165477860908e-02,9.392025569446181207e-03,-1.434899568557739258e-01
-6.287668685766555077e-02,1.003040931181608739e-02,-1.435060501098632812e-01
-5.983824047057009071e-02,1.253682920857586945e-02,-1.438013315200805664e-01
-5.775652968441197938e-02,1.458325351301282234e-02,-1.438328027725219727e-01
-5.658426454943604050e-02,1.583884993556507539e-02,-1.438630819320678711e-01
-5.314958039661360489e-02,1.902078332033358202e-02,-1.441158056259155273e-01
-5.097835426098940720e-02,2.156469943589326560e-02,-1.441237926483154297e-01
-4.992184555052731759e-02,2.280244983652898391e-02,-1.439801454544067383e-01
-4.731328828977219431e-02,2.606826250942727297e-02,-1.441563367843627930e-01
-4.444492731696762788e-02,2.985933055062913247e-02,-1.443496942520141602e-01
-4.369878187959751192e-02,3.071757673303129529e-02,-1.442364454269409180e-01
-4.337076019510757718e-02,3.125422665767824820e-02,-1.445105075836181641e-01
-4.290331916373365390e-02,3.202073937476774407e-02,-1.446375846862792969e-01
-4.181165417418116620e-02,3.311312126269221751e-02,-1.449874639511108398e-01
-4.124333110217431181e-02,3.351617406543545841e-02,-1.455096006393432617e-01
-4.101101757301115619e-02,3.333614106745660943e-02,-1.459614038467407227e-01
-4.114590286519690526e-02,3.224655083168173619e-02,-1.464873552322387695e-01
-4.122772391349302512e-02,3.084468159675803414e-02,-1.469281911849975586e-01
-4.138010073515181048e-02,2.942423781548564668e-02,-1.472033262252807617e-01
-4.145272665815374902e-02,2.869611857196232782e-02,-1.473559141159057617e-01
-4.153318968140118361e-02,2.759025857525810449e-02,-1.474651098251342773e-01
-4.150625598937363048e-02,2.467238394924490055e-02,-1.477686166763305664e-01
-4.129528525340978029e-02,2.352069511136059207e-02,-1.477289199829101562e-01
-4.116186526132998430e-02,2.126081737086372644e-02,-1.475573778152465820e-01
-4.065515415992373288e-02,1.859291751772940843e-02,-1.474088430404663086e-01
-4.017883765016951741e-02,1.679282604369277884e-02,-1.471571922302246094e-01
-3.928399287349571695e-02,1.476806168004777403e-02,-1.466422080993652344e-01
-3.808163572093072047e-02,1.290424953411392975e-02,-1.459021568298339844e-01
-3.690170263613101742e-02,1.095032112202831524e-02,-1.451944112777709961e-01
-3.455140446835958806e-02,8.589428281530912812e-03,-1.439555883407592773e-01
-3.298155641770487978e-02,7.570124740956789104e-03,-1.431394815444946289e-01
-3.204784834277111388e-02,6.971604400276373847e-03,-1.427679061889648438e-01
-2.939005158699371789e-02,6.689077998929685367e-03,-1.417890787124633789e-01
-2.735912821511659113e-02,6.845151444573981635e-03,-1.409472227096557617e-01
-2.555964635324806805e-02,7.156084075134056151e-03,-1.403794288635253906e-01
-2.388385177673890344e-02,8.056235132494732332e-03,-1.399241685867309570e-01
-2.211993328941030956e-02,9.226199480498319117e-03,-1.394599676132202148e-01
-2.072232536927218552e-02,1.097719626043049471e-02,-1.390953063964843750e-01
-1.854656664684593489e-02,1.379088023057702637e-02,-1.386029720306396484e-01
-1.734295356899486287e-02,1.635239479477201482e-02,-1.382867097854614258e-01
-1.694331118618087884e-02,1.816828951868670536e-02,-1.382671594619750977e-01
-1.662123354494167773e-02,1.992217406904891325e-02,-1.382262706756591797e-01
-1.655956147159884373e-02,2.092986127882839539e-02,-1.382811069488525391e-01
-1.678216970083902526e-02,2.233586782262279510e-02,-1.384156942367553711e-01
-1.687317304997523054e-02,2.256902897998350893e-02,-1.384958028793334961e-01
-1.721976325129877597e-02,2.343649744755001152e-02,-1.385034322738647461e-01
-1.788698099761601781e-02,2.412046654370380086e-02,-1.385113000869750977e-01
-1.868860928972751467e-02,2.429803298897160319e-02,-1.381516456604003906e-01
-1.958835598582427118e-02,2.408214248169612479e-02,-1.373747587203979492e-01
-2.065548898894124102e-02,2.346029259309394266e-02,-1.359605789184570312e-01
-2.182602285074239715e-02,2.205941073424203674e-02,-1.340618133544921875e-01
-2.295750954577202574e-02,2.033842188838641887e-02,-1.315994262695312500e-01
-2.438507027530598462e-02,1.738923753379037832e-02,-1.279178857803344727e-01
-2.577390137849003629e-02,1.397137365742400460e-02,-1.228362321853637695e-01
-2.655749337013422334e-02,9.518698303336183345e-03,-1.159399747848510742e-01
-2.700826421292951487e-02,6.285795145884992725e-03,-1.105984449386596680e-01
-2.708002248609201607e-02,2.712224211470924164e-03,-1.045900583267211914e-01
-2.694740450728020514e-02,-5.228578797828559947e-04,-9.825611114501953125e-02
-2.561884101797341773e-02,-7.839621936505856981e-03,-8.348703384399414062e-02
-2.417324600701154999e-02,-1.254858036179687213e-02,-7.114362716674804688e-02
-2.329486146086031523e-02,-1.429981581754800543e-02,-6.656110286712646484e-02
-2.144995438062419213e-02,-1.838248519619731583e-02,-5.245208740234375000e-02
-2.006865816660644009e-02,-2.050964015977993493e-02,-4.238128662109375000e-02
-1.860956520186906812e-02,-2.263376000871233917e-02,-3.186953067779541016e-02
-1.721566232431469279e-02,-2.431709920018191098e-02,-2.047634124755859375e-02
-1.520986194071182428e-02,-2.596853437508454127e-02,-2.641558647155761719e-03
-1.407213075683089176e-02,-2.656559991719695604e-02,9.781122207641601562e-03
-1.346290289223460793e-02,-2.678698110021239878e-02,1.844388246536254883e-02
-1.245969922890068429e-02,-2.686935424575215281e-02,3.649824857711791992e-02
-1.180223956993364971e-02,-2.616405184862258954e-02,5.753129720687866211e-02
-1.196963517016074938e-02,-2.514626758690463593e-02,7.211512327194213867e-02
-1.177473257777412498e-02,-2.512369983323151784e-02,7.980138063430786133e-02
-1.176087324153992503e-02,-2.477086606523177734e-02,8.744901418685913086e-02
-1.248153289037106338e-02,-2.359958377636191262e-02,1.032378673553466797e-01
-1.326258855961643703e-02,-2.178551532656956835e-02,1.250292658805847168e-01
-1.406575088181043036e-02,-2.118533233026846999e-02,1.363446116447448730e-01
-1.624486230075653306e-02,-1.954305054270969247e-02,1.626626849174499512e-01
-1.812830729358821252e-02,-1.838118150548263136e-02,1.807257533073425293e-01
-2.355252101723063346e-02,-1.713542107899053077e-02,2.210492491722106934e-01
-2.776035210614751989e-02,-1.692485155046789119e-02,2.496771812438964844e-01
-3.379262727282691253e-02,-1.707160112511876826e-02,2.861214280128479004e-01
-3.718947090111689863e-02,-1.797409253628452774e-02,3.062179684638977051e-01
-4.065616982048400607e-02,-1.905540822389589772e-02,3.272426128387451172e-01
-4.447764167021944770e-02,-2.101954992310768947e-02,3.522511124610900879e-01
-5.349806134647906025e-02,-2.537412180520689717e-02,4.164087176322937012e-01
-5.765112878280947983e-02,-2.760782084759309807e-02,4.520313143730163574e-01
-6.123918486464419858e-02,-3.003072087244261501e-02,4.885745048522949219e-01
-6.347758574343222160e-02,-3.086712812475911338e-02,5.132066011428833008e-01
-6.664098471200827212e-02,-3.140034956782602332e-02,5.507206916809082031e-01
-6.854163790539298529e-02,-3.195678736727552982e-02,5.762404501438140869e-01
-7.060259349336460433e-02,-3.111126876408543476e-02,6.065901517868041992e-01
-7.265626172082154111e-02,-3.043613482606724943e-02,6.421594619750976562e-01
-7.357830499249536083e-02,-2.945882905286559966e-02,6.557303369045257568e-01
-7.496417772747436536e-02,-2.795882365740414571e-02,6.830218732357025146e-01
-7.496417772747436536e-02,-2.795882365740414571e-02,6.830218732357025146e-01
-7.670944363117844500e-02,-2.477774950291756345e-02,7.243069112300872803e-01
-7.813599029160205045e-02,-2.137066005184890330e-02,7.662779092788696289e-01
-7.864260541363432555e-02,-1.896313894531132319e-02,7.952175885438919067e-01
-7.901164931065697561e-02,-1.604882077423750580e-02,8.242742419242858887e-01
-7.948505937570310431e-02,-1.342697149910336563e-02,8.541574627161026001e-01
-7.970988975600420967e-02,-9.135975207173704579e-03,8.998742103576660156e-01
-7.975353583134067725e-02,-8.125712839933595111e-03,9.152052402496337891e-01
