-5.446567758917808533e-02,4.670172929763793945e-02,7.982233166694641113e-02
-5.420286208391189575e-02,3.824184089899063110e-02,7.149920612573623657e-02
-7.620746642351150513e-02,9.491594508290290833e-03,6.078987196087837219e-02
-1.252524405717849731e-01,-5.154091864824295044e-02,9.333792142570018768e-03
-2.301523983478546143e-01,-1.782200783491134644e-01,-3.415145725011825562e-02
-2.301523983478546143e-01,-1.782200783491134644e-01,-3.415145725011825562e-02
-3.943644165992736816e-01,-3.553388416767120361e-01,-1.999867558479309082e-01
-4.206278026103973389e-01,-3.827805519104003906e-01,-2.313112020492553711e-01
-5.247624516487121582e-01,-4.794997274875640869e-01,-3.806458413600921631e-01
-6.103894114494323730e-01,-5.564632415771484375e-01,-4.895961582660675049e-01
-6.919984221458435059e-01,-6.396982669830322266e-01,-5.949308276176452637e-01
-8.150247335433959961e-01,-7.471393942832946777e-01,-7.300271987915039062e-01
-9.246968626976013184e-01,-8.448085188865661621e-01,-8.365117311477661133e-01
-9.875999689102172852e-01,-8.831340670585632324e-01,-8.590677976608276367e-01
-1.084906458854675293e+00,-9.691023826599121094e-01,-9.382146000862121582e-01
-1.228528380393981934e+00,-1.099197983741760254e+00,-9.888866543769836426e-01
-1.338400959968566895e+00,-1.141985416412353516e+00,-1.017914772033691406e+00
-1.400875926017761230e+00,-1.140032768249511719e+00,-9.618216156959533691e-01
-1.467610597610473633e+00,-1.123003840446472168e+00,-9.724805951118469238e-01
-1.528211116790771484e+00,-1.068451881408691406e+00,-8.738090395927429199e-01
-1.435176968574523926e+00,-8.190961480140686035e-01,-7.084677219390869141e-01
-1.342950105667114258e+00,-6.276059746742248535e-01,-5.839034318923950195e-01
-1.246868252754211426e+00,-4.736514985561370850e-01,-4.955961108207702637e-01
-1.172283291816711426e+00,-3.701987564563751221e-01,-4.619610905647277832e-01
-1.081570267677307129e+00,-2.182356715202331543e-01,-3.846774101257324219e-01
-8.432254195213317871e-01,1.284825056791305542e-01,-2.615272998809814453e-01
-7.058221101760864258e-01,3.784009814262390137e-01,-2.168552428483963013e-01
-6.767058372497558594e-01,4.228018820285797119e-01,-2.104800492525100708e-01
-6.244175434112548828e-01,5.212882757186889648e-01,-1.992434412240982056e-01
-5.169709324836730957e-01,7.511867284774780273e-01,-1.898989677429199219e-01
-4.843282401561737061e-01,8.410021662712097168e-01,-1.886849850416183472e-01
-4.843282401561737061e-01,8.410021662712097168e-01,-1.886849850416183472e-01
-4.486957490444183350e-01,9.596897959709167480e-01,-1.900951117277145386e-01
-4.025357365608215332e-01,1.142017006874084473e+00,-1.751396358013153076e-01
-3.888746798038482666e-01,1.225168704986572266e+00,-1.895235329866409302e-01
-3.821624517440795898e-01,1.406048893928527832e+00,-1.490972489118576050e-01
-3.901597857475280762e-01,1.408684968948364258e+00,-1.393969953060150146e-01
-4.132004976272583008e-01,1.495631694793701172e+00,-8.094980567693710327e-02
-4.611139297485351562e-01,1.481219410896301270e+00,-5.709586199373006821e-03
-4.978148937225341797e-01,1.431714892387390137e+00,6.903529167175292969e-02
-5.093222856521606445e-01,1.397371411323547363e+00,8.648628741502761841e-02
-5.193828344345092773e-01,1.383972287178039551e+00,1.146227717399597168e-01
-5.204594731330871582e-01,1.366330027580261230e+00,1.184348911046981812e-01
-5.221573114395141602e-01,1.307260751724243164e+00,1.441942006349563599e-01
-5.160932540893554688e-01,1.261499047279357910e+00,1.507527828216552734e-01
-4.881235063076019287e-01,1.205942273139953613e+00,1.493339240550994873e-01
-4.664087295532226562e-01,1.175643205642700195e+00,1.475113779306411743e-01
-3.926112353801727295e-01,1.117185354232788086e+00,1.315529346466064453e-01
-3.854342699050903320e-01,1.117747783660888672e+00,1.292682588100433350e-01
-3.854342699050903320e-01,1.117747783660888672e+00,1.292682588100433350e-01
-3.570263087749481201e-01,1.100057601928710938e+00,1.151735112071037292e-01
-3.338473737239837646e-01,1.097696423530578613e+00,1.109097525477409363e-01
-2.659153044223785400e-01,1.081520199775695801e+00,9.340608865022659302e-02
-2.490713000297546387e-01,1.076061964035034180e+00,9.184903651475906372e-02
-1.887367963790893555e-01,1.074018478393554688e+00,9.464653581380844116e-02
-6.221125647425651550e-02,1.063746452331542969e+00,1.107135266065597534e-01
4.628605395555496216e-02,1.045796275138854980e+00,1.171035915613174438e-01
1.147318929433822632e-01,1.001768708229064941e+00,1.112320572137832642e-01
1.575381010770797729e-01,9.900627136230468750e-01,1.115409657359123230e-01
1.913911402225494385e-01,9.583312869071960449e-01,1.098060607910156250e-01
2.494371831417083740e-01,8.937481641769409180e-01,1.094982251524925232e-01
2.964927852153778076e-01,8.148419260978698730e-01,1.366842836141586304e-01
3.609918057918548584e-01,6.354718208312988281e-01,1.455233544111251831e-01
3.683373928070068359e-01,6.101115345954895020e-01,1.430496573448181152e-01
3.919770717620849609e-01,4.954187870025634766e-01,1.364552527666091919e-01
4.118616580963134766e-01,3.986045718193054199e-01,1.435707956552505493e-01
4.294219315052032471e-01,3.194722533226013184e-01,1.420748233795166016e-01
4.366677403450012207e-01,2.723681628704071045e-01,1.444931477308273315e-01
4.541921615600585938e-01,1.897647678852081299e-01,1.702227741479873657e-01
4.817215800285339355e-01,5.133721232414245605e-02,1.768669337034225464e-01
5.007630586624145508e-01,-3.364261612296104431e-02,1.829664856195449829e-01
5.321357250213623047e-01,-1.707696616649627686e-01,2.014344781637191772e-01
5.394892096519470215e-01,-1.952593475580215454e-01,2.036530673503875732e-01
6.023225188255310059e-01,-4.207620620727539062e-01,2.544431090354919434e-01
6.421020627021789551e-01,-5.746878981590270996e-01,2.769976258277893066e-01
7.062298655509948730e-01,-7.861990928649902344e-01,3.228726387023925781e-01
7.546603083610534668e-01,-9.516720771789550781e-01,3.394181728363037109e-01
7.692739367485046387e-01,-1.009064555168151855e+00,3.298442363739013672e-01
7.945592403411865234e-01,-1.074141979217529297e+00,3.351014852523803711e-01
8.211842179298400879e-01,-1.156589627265930176e+00,3.204811513423919678e-01
8.296788930892944336e-01,-1.172375798225402832e+00,3.182076811790466309e-01
8.526529073715209961e-01,-1.228388071060180664e+00,3.200343251228332520e-01
8.767843842506408691e-01,-1.293203473091125488e+00,3.147954642772674561e-01
8.767545223236083984e-01,-1.312563657760620117e+00,3.144569098949432373e-01
8.869464397430419922e-01,-1.341634273529052734e+00,3.365376889705657959e-01
8.869464397430419922e-01,-1.341634273529052734e+00,3.365376889705657959e-01
8.981898427009582520e-01,-1.368587851524353027e+00,3.335483670234680176e-01
9.195185303688049316e-01,-1.438607692718505859e+00,3.469209969043731689e-01
9.460340142250061035e-01,-1.504784345626831055e+00,3.600727319717407227e-01
9.624816179275512695e-01,-1.566201806068420410e+00,3.750578761100769043e-01
9.742568135261535645e-01,-1.604320526123046875e+00,3.710804283618927002e-01
9.900891780853271484e-01,-1.653616547584533691e+00,3.583899736404418945e-01
1.004473209381103516e+00,-1.707235217094421387e+00,3.656587302684783936e-01
1.008033275604248047e+00,-1.724928379058837891e+00,3.655873537063598633e-01
1.016591906547546387e+00,-1.761693716049194336e+00,3.740428686141967773e-01
1.023121953010559082e+00,-1.785324931144714355e+00,3.854345679283142090e-01
1.031711697578430176e+00,-1.815300464630126953e+00,3.876743018627166748e-01
1.033780932426452637e+00,-1.815259218215942383e+00,3.867671787738800049e-01
1.037656188011169434e+00,-1.836474537849426270e+00,3.749366402626037598e-01
1.038734316825866699e+00,-1.842139601707458496e+00,3.785228431224822998e-01
1.028574347496032715e+00,-1.835104107856750488e+00,3.758308291435241699e-01
1.029352784156799316e+00,-1.839590072631835938e+00,3.742394149303436279e-01
1.029240250587463379e+00,-1.848003983497619629e+00,3.676667213439941406e-01
1.021900773048400879e+00,-1.833754777908325195e+00,3.723905384540557861e-01
1.016673564910888672e+00,-1.803767442703247070e+00,3.763432800769805908e-01
1.013193011283874512e+00,-1.798110604286193848e+00,3.757476806640625000e-01
1.005334496498107910e+00,-1.742817997932434082e+00,3.777782917022705078e-01
1.005362629890441895e+00,-1.719733238220214844e+00,3.884439468383789062e-01
9.939067363739013672e-01,-1.635074734687805176e+00,3.836592733860015869e-01
9.928613305091857910e-01,-1.609388232231140137e+00,3.782902359962463379e-01
9.875174164772033691e-01,-1.573711991310119629e+00,3.636009097099304199e-01
9.813978075981140137e-01,-1.538786649703979492e+00,3.701893985271453857e-01
9.762718677520751953e-01,-1.483017563819885254e+00,3.787210285663604736e-01
9.623109102249145508e-01,-1.430195689201354980e+00,3.559198975563049316e-01
9.623493552207946777e-01,-1.399291515350341797e+00,3.379938602447509766e-01
9.381177425384521484e-01,-1.278952836990356445e+00,3.159312605857849121e-01
9.331158399581909180e-01,-1.254887461662292480e+00,3.140282034873962402e-01
9.203909039497375488e-01,-1.187522888183593750e+00,3.039381504058837891e-01
9.048110842704772949e-01,-1.133607387542724609e+00,3.009175956249237061e-01
8.961452841758728027e-01,-1.056337237358093262e+00,3.088213801383972168e-01
8.859108090400695801e-01,-1.032990217208862305e+00,3.047843575477600098e-01
8.577281832695007324e-01,-8.860937952995300293e-01,2.576343417167663574e-01
8.577281832695007324e-01,-8.860937952995300293e-01,2.576343417167663574e-01
8.326744437217712402e-01,-7.818545103073120117e-01,2.308397889137268066e-01
7.680513262748718262e-01,-5.085781216621398926e-01,2.319992780685424805e-01
7.629864215850830078e-01,-4.838343560695648193e-01,2.308278530836105347e-01
7.438971400260925293e-01,-3.944312334060668945e-01,2.253894209861755371e-01
7.121799588203430176e-01,-2.735084891319274902e-01,2.112503349781036377e-01
6.920511722564697266e-01,-1.502834111452102661e-01,2.022072076797485352e-01
6.564717888832092285e-01,3.422087803483009338e-02,1.934736520051956177e-01
6.385438442230224609e-01,1.075979247689247131e-01,1.870586276054382324e-01
6.101132035255432129e-01,2.067936509847640991e-01,1.727298498153686523e-01
5.860419869422912598e-01,2.762827873229980469e-01,1.620287150144577026e-01
5.479796528816223145e-01,4.302522540092468262e-01,1.517158746719360352e-01
5.257624983787536621e-01,5.029073953628540039e-01,1.346133202314376831e-01
4.628079533576965332e-01,7.055938243865966797e-01,1.142252460122108459e-01
4.366872608661651611e-01,7.582311034202575684e-01,1.280641555786132812e-01
4.199662208557128906e-01,8.099579811096191406e-01,1.236224845051765442e-01
3.844166994094848633e-01,8.954478502273559570e-01,1.100016459822654724e-01
3.423167169094085693e-01,1.015902519226074219e+00,1.140505671501159668e-01
3.281564116477966309e-01,1.067048907279968262e+00,1.330885291099548340e-01
2.976059019565582275e-01,1.138769984245300293e+00,1.191723421216011047e-01
2.848394513130187988e-01,1.174158453941345215e+00,1.156217455863952637e-01
2.848394513130187988e-01,1.174158453941345215e+00,1.156217455863952637e-01
2.848394513130187988e-01,1.174158453941345215e+00,1.156217455863952637e-01
2.284277379512786865e-01,1.286977529525756836e+00,5.693263188004493713e-02
2.102081924676895142e-01,1.306315779685974121e+00,4.948079213500022888e-02
1.970756500959396362e-01,1.342792391777038574e+00,5.075009539723396301e-02
1.970756500959396362e-01,1.342792391777038574e+00,5.075009539723396301e-02
1.819689124822616577e-01,1.362219214439392090e+00,4.298145696520805359e-02
1.610269397497177124e-01,1.388687252998352051e+00,3.513173758983612061e-02
1.211961433291435242e-01,1.440496563911437988e+00,2.483928948640823364e-02
1.049343273043632507e-01,1.457377552986145020e+00,2.582764439284801483e-02
9.763268381357192993e-02,1.465228796005249023e+00,1.936778239905834198e-02
8.869717270135879517e-02,1.464255213737487793e+00,2.059621922671794891e-02
5.516982078552246094e-02,1.471907019615173340e+00,3.296966850757598877e-02
5.329578369855880737e-02,1.482527136802673340e+00,2.747646160423755646e-02
6.647151429206132889e-03,1.481784462928771973e+00,9.754711762070655823e-03
-1.516871061176061630e-02,1.488955855369567871e+00,3.879053751006722450e-03
-5.650711432099342346e-02,1.468368053436279297e+00,-2.510824427008628845e-02
-7.454159110784530640e-02,1.456104040145874023e+00,-3.334831446409225464e-02
-1.002176553010940552e-01,1.445013165473937988e+00,-2.765313722193241119e-02
-1.027339771389961243e-01,1.431459665298461914e+00,-3.346876427531242371e-02
-1.734096407890319824e-01,1.367822051048278809e+00,-9.900641441345214844e-02
-2.026225328445434570e-01,1.328166246414184570e+00,-1.488528996706008911e-01
-2.372425645589828491e-01,1.280293703079223633e+00,-1.917159110307693481e-01
-2.372425645589828491e-01,1.280293703079223633e+00,-1.917159110307693481e-01
-2.372425645589828491e-01,1.280293703079223633e+00,-1.917159110307693481e-01
-2.525757849216461182e-01,1.228918790817260742e+00,-2.048116624355316162e-01
-2.687470614910125732e-01,1.186480164527893066e+00,-2.080044001340866089e-01
-2.839869558811187744e-01,1.148926258087158203e+00,-2.283053249120712280e-01
-2.977137565612792969e-01,1.092852592468261719e+00,-2.193377166986465454e-01
-3.140647411346435547e-01,1.050547242164611816e+00,-2.316257506608963013e-01
-3.222083449363708496e-01,9.998149871826171875e-01,-2.457505464553833008e-01
-3.365620970726013184e-01,9.410123229026794434e-01,-2.320827096700668335e-01
-3.623308539390563965e-01,8.421439528465270996e-01,-2.114322930574417114e-01
-3.655964732170104980e-01,8.183296918869018555e-01,-2.118917405605316162e-01
-3.730673193931579590e-01,7.315500974655151367e-01,-2.143221795558929443e-01
-3.977685868740081787e-01,5.966981053352355957e-01,-2.177252471446990967e-01
-4.010948836803436279e-01,5.529176592826843262e-01,-2.268447130918502808e-01
-4.125560224056243896e-01,5.179066658020019531e-01,-2.292289286851882935e-01
-4.454971849918365479e-01,3.798243105411529541e-01,-2.652566134929656982e-01
-4.645253121852874756e-01,2.805381119251251221e-01,-2.874744534492492676e-01
-4.688481986522674561e-01,2.045634835958480835e-01,-2.980164587497711182e-01
-4.758915901184082031e-01,1.562393605709075928e-01,-3.032285869121551514e-01
-5.034680962562561035e-01,2.240362809970974922e-03,-3.250027298927307129e-01
-5.181670784950256348e-01,-8.442628383636474609e-02,-3.318936824798583984e-01
-5.406494140625000000e-01,-2.794941067695617676e-01,-3.406862616539001465e-01
-5.643913745880126953e-01,-4.304901659488677979e-01,-3.256815075874328613e-01
-5.769352316856384277e-01,-5.135693550109863281e-01,-3.524384200572967529e-01
-5.908914208412170410e-01,-5.834345221519470215e-01,-3.593890666961669922e-01
-5.954613685607910156e-01,-6.167349815368652344e-01,-3.839392364025115967e-01
-6.099367141723632812e-01,-6.582087278366088867e-01,-3.948014080524444580e-01
-6.138318181037902832e-01,-7.144966721534729004e-01,-3.741838335990905762e-01
-6.240985989570617676e-01,-7.705776691436767578e-01,-3.678973317146301270e-01
-6.565095186233520508e-01,-8.979321122169494629e-01,-3.542932271957397461e-01
-7.008851170539855957e-01,-1.070307493209838867e+00,-3.148170113563537598e-01
-7.008851170539855957e-01,-1.070307493209838867e+00,-3.148170113563537598e-01
-7.144963741302490234e-01,-1.162003278732299805e+00,-3.051874935626983643e-01
-7.316600084304809570e-01,-1.229757905006408691e+00,-3.002169132232666016e-01
-7.604829668998718262e-01,-1.308125376701354980e+00,-2.958876192569732666e-01
-7.687950730323791504e-01,-1.353053927421569824e+00,-3.009699881076812744e-01
-7.935768961906433105e-01,-1.410655498504638672e+00,-3.043376505374908447e-01
-7.947425842285156250e-01,-1.418552517890930176e+00,-3.081575334072113037e-01
-8.005744218826293945e-01,-1.444135069847106934e+00,-3.193513751029968262e-01
-8.076860904693603516e-01,-1.470238208770751953e+00,-3.097195327281951904e-01
-8.147306442260742188e-01,-1.501024961471557617e+00,-3.141339421272277832e-01
-8.367813825607299805e-01,-1.577163457870483398e+00,-3.286938965320587158e-01
-8.470517992973327637e-01,-1.626348614692687988e+00,-3.373002111911773682e-01
-8.607367277145385742e-01,-1.648510456085205078e+00,-3.468989431858062744e-01
-8.644346594810485840e-01,-1.660468697547912598e+00,-3.443169891834259033e-01
-8.690062761306762695e-01,-1.662719011306762695e+00,-3.509943783283233643e-01
-8.733948469161987305e-01,-1.689712882041931152e+00,-3.787055909633636475e-01
-8.810924887657165527e-01,-1.674226045608520508e+00,-3.935913145542144775e-01
-8.724057674407958984e-01,-1.648550510406494141e+00,-3.844079077243804932e-01
-8.742346763610839844e-01,-1.641551256179809570e+00,-3.874437808990478516e-01
-8.792633414268493652e-01,-1.612967848777770996e+00,-3.767962455749511719e-01
-8.749115467071533203e-01,-1.581946253776550293e+00,-3.764750957489013672e-01
-8.776902556419372559e-01,-1.584892392158508301e+00,-3.767423033714294434e-01
-8.737083673477172852e-01,-1.545475006103515625e+00,-3.571854829788208008e-01
-8.790796995162963867e-01,-1.504853963851928711e+00,-3.352673053741455078e-01
-8.771236538887023926e-01,-1.474466085433959961e+00,-3.445080220699310303e-01
-8.828075528144836426e-01,-1.446322560310363770e+00,-3.313329517841339111e-01
-8.831333518028259277e-01,-1.402144074440002441e+00,-3.290652334690093994e-01
-8.788747191429138184e-01,-1.331382632255554199e+00,-3.281351327896118164e-01
-8.835012316703796387e-01,-1.261331796646118164e+00,-3.225801587104797363e-01
-8.779178261756896973e-01,-1.211421728134155273e+00,-3.190297484397888184e-01
-8.746165633201599121e-01,-1.087629795074462891e+00,-3.229951560497283936e-01
-8.702917695045471191e-01,-1.001996397972106934e+00,-3.331573307514190674e-01
-8.605456352233886719e-01,-9.377295970916748047e-01,-3.401237130165100098e-01
-8.537781238555908203e-01,-8.358786106109619141e-01,-3.435862362384796143e-01
-8.346148729324340820e-01,-7.236601114273071289e-01,-3.532001376152038574e-01
-8.156388401985168457e-01,-5.241242647171020508e-01,-3.778863847255706787e-01
-7.963075041770935059e-01,-3.841364681720733643e-01,-3.723297715187072754e-01
-7.963075041770935059e-01,-3.841364681720733643e-01,-3.723297715187072754e-01
-7.963075041770935059e-01,-3.841364681720733643e-01,-3.723297715187072754e-01
-7.871273159980773926e-01,-2.086175978183746338e-01,-3.489505350589752197e-01
-7.871273159980773926e-01,-2.086175978183746338e-01,-3.489505350589752197e-01
-7.655789256095886230e-01,-1.083222553133964539e-01,-3.338790833950042725e-01
-7.404935956001281738e-01,4.073155298829078674e-02,-2.980424761772155762e-01
-7.213441729545593262e-01,1.712127029895782471e-01,-2.791253030300140381e-01
-6.970882415771484375e-01,3.402226865291595459e-01,-2.650769054889678955e-01
-6.897006630897521973e-01,3.853141963481903076e-01,-2.556402981281280518e-01
-6.675224900245666504e-01,4.843317270278930664e-01,-2.469393759965896606e-01
-6.575701236724853516e-01,5.790791511535644531e-01,-2.457420974969863892e-01
-6.299390196800231934e-01,7.517400979995727539e-01,-2.431275397539138794e-01
-6.212459206581115723e-01,8.176200985908508301e-01,-2.366350591182708740e-01
-6.187314391136169434e-01,9.116893410682678223e-01,-2.295671850442886353e-01
-6.187314391136169434e-01,9.116893410682678223e-01,-2.295671850442886353e-01
-5.920143127441406250e-01,1.050174951553344727e+00,-2.215889841318130493e-01
-5.857262015342712402e-01,1.062662959098815918e+00,-2.209436446428298950e-01
-5.791992545127868652e-01,1.103895187377929688e+00,-2.191449552774429321e-01
-5.541079640388488770e-01,1.195226669311523438e+00,-1.989427804946899414e-01
-5.466263294219970703e-01,1.212760567665100098e+00,-1.955513358116149902e-01
-5.121590495109558105e-01,1.337566494941711426e+00,-1.608875542879104614e-01
-4.972538352012634277e-01,1.369648456573486328e+00,-1.626956611871719360e-01
-4.452957212924957275e-01,1.451508998870849609e+00,-1.487257778644561768e-01
-4.099112153053283691e-01,1.547028422355651855e+00,-1.213823407888412476e-01
-3.866429328918457031e-01,1.578362584114074707e+00,-1.083068922162055969e-01
-3.195350468158721924e-01,1.645308732986450195e+00,-8.805908262729644775e-02
-3.083551228046417236e-01,1.676663398742675781e+00,-7.085845619440078735e-02
-2.791047394275665283e-01,1.697272539138793945e+00,-6.442673504352569580e-02
-2.791047394275665283e-01,1.697272539138793945e+00,-6.442673504352569580e-02
-2.455362677574157715e-01,1.745625376701354980e+00,-5.509835481643676758e-02
-2.091134786605834961e-01,1.778491616249084473e+00,-2.126586250960826874e-02
-2.020308524370193481e-01,1.778813242912292480e+00,-1.244824659079313278e-02
-1.702821850776672363e-01,1.805985093116760254e+00,1.116542890667915344e-02
-1.438557803630828857e-01,1.812288641929626465e+00,2.517004311084747314e-02
-1.192300692200660706e-01,1.815630793571472168e+00,3.005674853920936584e-02
-5.070141702890396118e-02,1.795381784439086914e+00,4.576842114329338074e-02
5.395037587732076645e-03,1.761173009872436523e+00,6.131578236818313599e-02
2.755525708198547363e-02,1.729770064353942871e+00,5.218070000410079956e-02
3.259656205773353577e-02,1.714325547218322754e+00,5.527659505605697632e-02
5.737752467393875122e-02,1.694637537002563477e+00,7.297536730766296387e-02
6.843369454145431519e-02,1.679424643516540527e+00,8.773989975452423096e-02
9.472411125898361206e-02,1.630208492279052734e+00,1.106889992952346802e-01
1.010485291481018066e-01,1.610872387886047363e+00,1.106559559702873230e-01
1.057300046086311340e-01,1.595357775688171387e+00,1.118030846118927002e-01
1.363523453474044800e-01,1.553900957107543945e+00,1.023702546954154968e-01
1.628695726394653320e-01,1.487798213958740234e+00,1.047938093543052673e-01
1.937988102436065674e-01,1.411471724510192871e+00,1.085555031895637512e-01
2.175243198871612549e-01,1.356448411941528320e+00,1.183602884411811829e-01
2.734503448009490967e-01,1.230778932571411133e+00,1.436125338077545166e-01
2.983680069446563721e-01,1.171683549880981445e+00,1.484221369028091431e-01
3.328071534633636475e-01,1.097351908683776855e+00,1.478609293699264526e-01
3.577471673488616943e-01,1.037113070487976074e+00,1.525359749794006348e-01
3.749125897884368896e-01,9.907612800598144531e-01,1.626354455947875977e-01
4.077255427837371826e-01,9.322240352630615234e-01,1.729417592287063599e-01
4.412099123001098633e-01,8.414905071258544922e-01,1.750070750713348389e-01
4.919609725475311279e-01,7.137688398361206055e-01,1.859063506126403809e-01
4.919796288013458252e-01,7.145007848739624023e-01,1.939094066619873047e-01
5.094276070594787598e-01,6.750335097312927246e-01,1.971372216939926147e-01
5.584953427314758301e-01,5.474600791931152344e-01,2.097667604684829712e-01
5.584953427314758301e-01,5.474600791931152344e-01,2.097667604684829712e-01
6.076666116714477539e-01,4.366188049316406250e-01,2.205422222614288330e-01
6.464478969573974609e-01,3.153573572635650635e-01,2.207180112600326538e-01
6.891422867774963379e-01,1.947922557592391968e-01,2.267838567495346069e-01
6.989263892173767090e-01,1.497043073177337646e-01,2.270323932170867920e-01
7.065343260765075684e-01,1.231057718396186829e-01,2.253802269697189331e-01
7.065343260765075684e-01,1.231057718396186829e-01,2.253802269697189331e-01
7.605286836624145508e-01,-4.613925889134407043e-02,2.571967244148254395e-01
7.605286836624145508e-01,-4.613925889134407043e-02,2.571967244148254395e-01
7.828474044799804688e-01,-1.177080869674682617e-01,2.723902761936187744e-01
8.101717829704284668e-01,-2.138240784406661987e-01,2.840199172496795654e-01
8.379490375518798828e-01,-2.877751588821411133e-01,2.915174961090087891e-01
8.586832284927368164e-01,-3.571690917015075684e-01,2.918347716331481934e-01
8.767861723899841309e-01,-4.469717741012573242e-01,3.013290464878082275e-01
8.983211517333984375e-01,-5.146313309669494629e-01,3.140463232994079590e-01
9.176568388938903809e-01,-5.840956568717956543e-01,3.112905323505401611e-01
9.420993328094482422e-01,-6.773717403411865234e-01,3.217047452926635742e-01
9.631054401397705078e-01,-7.452700734138488770e-01,3.165369629859924316e-01
9.878822565078735352e-01,-8.695180416107177734e-01,3.220411539077758789e-01
9.978715181350708008e-01,-9.152566790580749512e-01,3.223997056484222412e-01
1.019432425498962402e+00,-9.970462918281555176e-01,3.161329627037048340e-01
1.037569165229797363e+00,-1.088008522987365723e+00,3.355782926082611084e-01
1.044990420341491699e+00,-1.110725045204162598e+00,3.354881405830383301e-01
1.054334878921508789e+00,-1.146115899085998535e+00,3.381655514240264893e-01
1.068208098411560059e+00,-1.196627259254455566e+00,3.366326689720153809e-01
1.098261713981628418e+00,-1.338427901268005371e+00,3.290926218032836914e-01
1.098261713981628418e+00,-1.338427901268005371e+00,3.290926218032836914e-01
1.130387067794799805e+00,-1.452037453651428223e+00,3.592221438884735107e-01
1.142792344093322754e+00,-1.485964059829711914e+00,3.705470263957977295e-01
1.161000847816467285e+00,-1.533210992813110352e+00,3.820868432521820068e-01
1.161000847816467285e+00,-1.533210992813110352e+00,3.820868432521820068e-01
1.161000847816467285e+00,-1.533210992813110352e+00,3.820868432521820068e-01
1.169001698493957520e+00,-1.562625527381896973e+00,3.712584376335144043e-01
1.186157584190368652e+00,-1.599421977996826172e+00,3.768529295921325684e-01
1.202823281288146973e+00,-1.649595737457275391e+00,3.753125965595245361e-01
1.204197168350219727e+00,-1.663562893867492676e+00,3.749609589576721191e-01
1.204197168350219727e+00,-1.663562893867492676e+00,3.749609589576721191e-01
1.201880335807800293e+00,-1.675895452499389648e+00,3.825602233409881592e-01
1.203898310661315918e+00,-1.695442080497741699e+00,3.918936252593994141e-01
1.204425454139709473e+00,-1.706838726997375488e+00,3.713515400886535645e-01
1.200767636299133301e+00,-1.706198215484619141e+00,3.714157938957214355e-01
1.199825763702392578e+00,-1.710698485374450684e+00,3.670639991760253906e-01
1.191741943359375000e+00,-1.705115199089050293e+00,3.747915029525756836e-01
1.187612175941467285e+00,-1.703355431556701660e+00,3.692463934421539307e-01
1.169366002082824707e+00,-1.673228859901428223e+00,3.556587398052215576e-01
1.166096687316894531e+00,-1.662829756736755371e+00,3.511662185192108154e-01
1.157243609428405762e+00,-1.645420193672180176e+00,3.601890802383422852e-01
1.145264863967895508e+00,-1.614812135696411133e+00,3.777802288532257080e-01
1.134072899818420410e+00,-1.574714541435241699e+00,3.750583827495574951e-01
1.124129533767700195e+00,-1.521219730377197266e+00,3.610187768936157227e-01
1.105909347534179688e+00,-1.435532689094543457e+00,3.421159088611602783e-01
1.101672053337097168e+00,-1.409013509750366211e+00,3.371003568172454834e-01
1.087843894958496094e+00,-1.337179422378540039e+00,3.412048220634460449e-01
1.084749460220336914e+00,-1.322586417198181152e+00,3.398717641830444336e-01
1.061144471168518066e+00,-1.216257929801940918e+00,3.193211257457733154e-01
1.053441643714904785e+00,-1.184350728988647461e+00,3.116550147533416748e-01
1.027825236320495605e+00,-1.091629981994628906e+00,3.168386220932006836e-01
1.024792075157165527e+00,-1.077272415161132812e+00,3.145522177219390869e-01
1.003260850906372070e+00,-1.007710218429565430e+00,3.167632222175598145e-01
1.000531435012817383e+00,-9.934397339820861816e-01,3.175089359283447266e-01
9.516607522964477539e-01,-8.519905805587768555e-01,3.136028945446014404e-01
9.075169563293457031e-01,-7.092472314834594727e-01,2.956294119358062744e-01
8.490971326828002930e-01,-5.308018326759338379e-01,2.482962757349014282e-01
8.490971326828002930e-01,-5.308018326759338379e-01,2.482962757349014282e-01
8.142193555831909180e-01,-4.191800057888031006e-01,2.171014696359634399e-01
7.787542939186096191e-01,-3.041857779026031494e-01,2.101850211620330811e-01
7.787542939186096191e-01,-3.041857779026031494e-01,2.101850211620330811e-01
6.914195418357849121e-01,-6.745432317256927490e-02,2.016598433256149292e-01
5.924557447433471680e-01,1.723738759756088257e-01,1.679277718067169189e-01
5.759460926055908203e-01,2.262846529483795166e-01,1.710956841707229614e-01
5.532004237174987793e-01,2.976257801055908203e-01,1.661518812179565430e-01
5.288695693016052246e-01,3.512654304504394531e-01,1.680335849523544312e-01
5.034830570220947266e-01,4.267968833446502686e-01,1.522441506385803223e-01
4.749746620655059814e-01,5.021116733551025391e-01,1.386752575635910034e-01
4.415719807147979736e-01,5.856916904449462891e-01,1.363653093576431274e-01
4.004259407520294189e-01,7.021052241325378418e-01,1.290788352489471436e-01
3.670200407505035400e-01,7.578393220901489258e-01,1.227405890822410583e-01
2.918480634689331055e-01,9.290934205055236816e-01,1.151405796408653259e-01
2.780496478080749512e-01,9.519248008728027344e-01,1.197476983070373535e-01
2.419948130846023560e-01,1.024284720420837402e+00,1.261568963527679443e-01
2.419948130846023560e-01,1.024284720420837402e+00,1.261568963527679443e-01
2.419948130846023560e-01,1.024284720420837402e+00,1.261568963527679443e-01
2.228464484214782715e-01,1.061942338943481445e+00,1.346071362495422363e-01
2.113528549671173096e-01,1.081789731979370117e+00,1.376417130231857300e-01
1.817925125360488892e-01,1.138006091117858887e+00,1.283442527055740356e-01
1.496507823467254639e-01,1.194247245788574219e+00,1.179186403751373291e-01
1.185783818364143372e-01,1.231719613075256348e+00,1.045341789722442627e-01
1.050975024700164795e-01,1.252146840095520020e+00,8.870445191860198975e-02
8.466836810111999512e-02,1.274357438087463379e+00,7.600317895412445068e-02
8.466836810111999512e-02,1.274357438087463379e+00,7.600317895412445068e-02
7.455418258905410767e-02,1.292670369148254395e+00,6.847667694091796875e-02
4.089332371950149536e-02,1.322244763374328613e+00,6.380514055490493774e-02
2.587950229644775391e-02,1.338166713714599609e+00,5.426808446645736694e-02
9.216625243425369263e-03,1.342465758323669434e+00,4.353975132107734680e-02
-1.114851608872413635e-02,1.364545822143554688e+00,3.412855044007301331e-02
-5.700726434588432312e-02,1.395001530647277832e+00,2.544568665325641632e-02
-7.086129486560821533e-02,1.402569651603698730e+00,1.086974982172250748e-02
-8.089571446180343628e-02,1.404639363288879395e+00,5.200662650167942047e-03
-1.094365417957305908e-01,1.417867302894592285e+00,-5.645531229674816132e-03
-1.242530196905136108e-01,1.421218633651733398e+00,-1.289284974336624146e-02
-1.521655619144439697e-01,1.423488497734069824e+00,-2.458706311881542206e-02
-1.819997876882553101e-01,1.427927970886230469e+00,-3.055570460855960846e-02
-2.044466435909271240e-01,1.421755790710449219e+00,-3.907682374119758606e-02
-2.217755466699600220e-01,1.408252835273742676e+00,-5.744662508368492126e-02
-2.498328834772109985e-01,1.385215282440185547e+00,-5.442502722144126892e-02
-2.715299129486083984e-01,1.390173077583312988e+00,-6.641599535942077637e-02
-2.928223311901092529e-01,1.359995126724243164e+00,-8.664017915725708008e-02
-3.094183802604675293e-01,1.330032706260681152e+00,-1.088696047663688660e-01
-3.239748775959014893e-01,1.310283660888671875e+00,-1.061859577894210815e-01
-3.425163626670837402e-01,1.287445902824401855e+00,-1.246160492300987244e-01
-3.553970158100128174e-01,1.252072572708129883e+00,-1.426521539688110352e-01
-3.789790868759155273e-01,1.202747821807861328e+00,-1.631928384304046631e-01
-3.974102139472961426e-01,1.161028385162353516e+00,-1.842274963855743408e-01
-4.175311326980590820e-01,1.108875155448913574e+00,-1.811800599098205566e-01
-4.302709102630615234e-01,1.065088510513305664e+00,-1.753029227256774902e-01
-4.542633593082427979e-01,9.802450537681579590e-01,-1.772784739732742310e-01
-4.804149270057678223e-01,8.828731179237365723e-01,-1.661075353622436523e-01
-4.804149270057678223e-01,8.828731179237365723e-01,-1.661075353622436523e-01
-4.932600259780883789e-01,7.772760987281799316e-01,-1.775746345520019531e-01
-5.035889744758605957e-01,7.110896706581115723e-01,-2.095774710178375244e-01
-5.116204023361206055e-01,6.682022809982299805e-01,-2.154890149831771851e-01
-5.300034880638122559e-01,5.666030049324035645e-01,-2.543389499187469482e-01
-5.377019047737121582e-01,5.036824941635131836e-01,-2.755032777786254883e-01
-5.460831522941589355e-01,4.648630321025848389e-01,-2.783771753311157227e-01
-5.505988001823425293e-01,3.944334387779235840e-01,-2.959449291229248047e-01
-5.694038271903991699e-01,2.401018887758255005e-01,-3.372269272804260254e-01
-5.800330638885498047e-01,1.952414214611053467e-01,-3.425899446010589600e-01
-5.751181244850158691e-01,1.414878219366073608e-01,-3.499507606029510498e-01
-5.798761844635009766e-01,-6.328940857201814651e-03,-3.504327535629272461e-01
-5.798761844635009766e-01,-6.328940857201814651e-03,-3.504327535629272461e-01
-5.894567370414733887e-01,-1.070263534784317017e-01,-3.522371947765350342e-01
-5.791552662849426270e-01,-1.813948750495910645e-01,-3.516361415386199951e-01
-5.718689560890197754e-01,-2.542577087879180908e-01,-3.420765101909637451e-01
-5.746107697486877441e-01,-3.320676088333129883e-01,-3.388965129852294922e-01
-5.746726989746093750e-01,-4.318262338638305664e-01,-3.367730379104614258e-01
-5.696480274200439453e-01,-4.973251521587371826e-01,-3.260256350040435791e-01
-5.705151557922363281e-01,-5.901255607604980469e-01,-2.978488802909851074e-01
-5.813864469528198242e-01,-6.458595991134643555e-01,-2.914090752601623535e-01
-5.849956870079040527e-01,-7.117107510566711426e-01,-2.968924045562744141e-01
-5.897929668426513672e-01,-7.818859815597534180e-01,-2.879097163677215576e-01
-6.047481298446655273e-01,-9.032502770423889160e-01,-2.780370116233825684e-01
-6.098727583885192871e-01,-9.240382313728332520e-01,-2.674587070941925049e-01
-6.206378340721130371e-01,-9.856042861938476562e-01,-2.728371024131774902e-01
-6.395899057388305664e-01,-1.040359735488891602e+00,-2.756657898426055908e-01
-6.582117080688476562e-01,-1.107714414596557617e+00,-2.654136121273040771e-01
-6.582117080688476562e-01,-1.107714414596557617e+00,-2.654136121273040771e-01
-6.784920096397399902e-01,-1.160303831100463867e+00,-2.846689522266387939e-01
-6.917392611503601074e-01,-1.200492024421691895e+00,-2.825446724891662598e-01
-7.395668625831604004e-01,-1.321623682975769043e+00,-3.066788017749786377e-01
-7.540431618690490723e-01,-1.361922383308410645e+00,-3.076383471488952637e-01
-7.602261900901794434e-01,-1.381487250328063965e+00,-3.116590380668640137e-01
-7.668860554695129395e-01,-1.394105195999145508e+00,-3.152999281883239746e-01
-7.911950945854187012e-01,-1.449413895606994629e+00,-3.302336931228637695e-01
-7.921246290206909180e-01,-1.453839063644409180e+00,-3.313779532909393311e-01
-8.214377164840698242e-01,-1.537962913513183594e+00,-3.264363110065460205e-01
-8.222766518592834473e-01,-1.556959748268127441e+00,-3.431215286254882812e-01
-8.297609090805053711e-01,-1.611469984054565430e+00,-3.660689294338226318e-01
-8.304207324981689453e-01,-1.610704898834228516e+00,-3.717213869094848633e-01
-8.364289999008178711e-01,-1.636047601699829102e+00,-3.708020448684692383e-01
-8.359004855155944824e-01,-1.676864385604858398e+00,-3.784134984016418457e-01
-8.308063149452209473e-01,-1.698433756828308105e+00,-4.035480916500091553e-01
-8.292122483253479004e-01,-1.724167943000793457e+00,-4.058232903480529785e-01
-8.245763778686523438e-01,-1.725429415702819824e+00,-4.062235355377197266e-01
-8.267902731895446777e-01,-1.726597905158996582e+00,-4.032174348831176758e-01
-8.234930634498596191e-01,-1.741649985313415527e+00,-3.854128718376159668e-01
-8.295060396194458008e-01,-1.755258440971374512e+00,-3.826094269752502441e-01
-8.230811357498168945e-01,-1.741540551185607910e+00,-3.575005829334259033e-01
-8.239691853523254395e-01,-1.733054995536804199e+00,-3.347376883029937744e-01
-8.248895406723022461e-01,-1.727875709533691406e+00,-3.230179250240325928e-01
-8.285548686981201172e-01,-1.725568890571594238e+00,-2.999632954597473145e-01
-8.255544900894165039e-01,-1.704880595207214355e+00,-2.965972423553466797e-01
-8.239803314208984375e-01,-1.681204795837402344e+00,-2.914683222770690918e-01
-8.161336779594421387e-01,-1.633656024932861328e+00,-2.832614481449127197e-01
-8.161336779594421387e-01,-1.633656024932861328e+00,-2.832614481449127197e-01
-8.204374313354492188e-01,-1.597096323966979980e+00,-2.888566851615905762e-01
-8.093953728675842285e-01,-1.539366602897644043e+00,-3.046864271163940430e-01
-8.051828145980834961e-01,-1.482028365135192871e+00,-3.122947216033935547e-01
-8.018142580986022949e-01,-1.437510251998901367e+00,-3.104111850261688232e-01
-7.994855642318725586e-01,-1.415852665901184082e+00,-3.148744106292724609e-01
-8.050696849822998047e-01,-1.373665571212768555e+00,-3.272390365600585938e-01
-8.106895685195922852e-01,-1.292802333831787109e+00,-3.468640446662902832e-01
-8.257304430007934570e-01,-1.178280711174011230e+00,-3.527828156948089600e-01
-8.257304430007934570e-01,-1.178280711174011230e+00,-3.527828156948089600e-01
-8.236590623855590820e-01,-1.160803675651550293e+00,-3.531211614608764648e-01
-8.368639349937438965e-01,-1.063493609428405762e+00,-3.648002445697784424e-01
-8.454996943473815918e-01,-9.902244210243225098e-01,-3.568046987056732178e-01
-8.409368395805358887e-01,-9.634046554565429688e-01,-3.554074466228485107e-01
-8.433368802070617676e-01,-8.119016885757446289e-01,-3.433142602443695068e-01
-8.349749445915222168e-01,-7.628360986709594727e-01,-3.410678803920745850e-01
-8.364109396934509277e-01,-7.024117112159729004e-01,-3.374871611595153809e-01
-8.221548795700073242e-01,-5.837608575820922852e-01,-3.339096307754516602e-01
-8.291509747505187988e-01,-5.144075751304626465e-01,-3.407071530818939209e-01
-8.159399032592773438e-01,-4.708069264888763428e-01,-3.311216235160827637e-01
-8.117494583129882812e-01,-4.050680696964263916e-01,-3.288856744766235352e-01
-7.934833765029907227e-01,-2.816743254661560059e-01,-3.256085515022277832e-01
-7.858711481094360352e-01,-2.310663163661956787e-01,-3.205762505531311035e-01
-7.786632180213928223e-01,-1.582428961992263794e-01,-3.084036409854888916e-01
-7.792087197303771973e-01,-1.045483201742172241e-01,-3.002308607101440430e-01
-7.420424222946166992e-01,6.147595122456550598e-02,-2.756030857563018799e-01
-7.251213192939758301e-01,2.032599449157714844e-01,-2.580719292163848877e-01
-7.251213192939758301e-01,2.032599449157714844e-01,-2.580719292163848877e-01
-7.251213192939758301e-01,2.032599449157714844e-01,-2.580719292163848877e-01
-6.950284838676452637e-01,3.483408987522125244e-01,-2.356383502483367920e-01
-6.954278945922851562e-01,4.197501838207244873e-01,-2.327033728361129761e-01
-6.769686937332153320e-01,4.522877633571624756e-01,-2.279407829046249390e-01
-6.597411632537841797e-01,6.215803623199462891e-01,-2.142571210861206055e-01
-6.591061949729919434e-01,6.690080761909484863e-01,-2.115438729524612427e-01
-6.498965620994567871e-01,7.192743420600891113e-01,-2.071797996759414673e-01
-6.428497433662414551e-01,8.213915228843688965e-01,-1.924539357423782349e-01
-6.384803652763366699e-01,9.058080911636352539e-01,-1.744137108325958252e-01
-6.313045024871826172e-01,9.226316213607788086e-01,-1.738259196281433105e-01
-6.202685236930847168e-01,1.071985244750976562e+00,-1.533677577972412109e-01
-6.131953001022338867e-01,1.131250619888305664e+00,-1.429611593484878540e-01
-6.131953001022338867e-01,1.131250619888305664e+00,-1.429611593484878540e-01
-6.080577373504638672e-01,1.169753313064575195e+00,-1.464888900518417358e-01
-6.080577373504638672e-01,1.169753313064575195e+00,-1.464888900518417358e-01
-5.927882194519042969e-01,1.227574467658996582e+00,-1.419653296470642090e-01
-5.718169808387756348e-01,1.295358657836914062e+00,-1.432506293058395386e-01
-5.536136031150817871e-01,1.348236322402954102e+00,-1.518063694238662720e-01
-5.311709642410278320e-01,1.402138948440551758e+00,-1.537454873323440552e-01
-4.683263003826141357e-01,1.566060423851013184e+00,-1.529309451580047607e-01
-4.683263003826141357e-01,1.566060423851013184e+00,-1.529309451580047607e-01
-4.607217311859130859e-01,1.574304580688476562e+00,-1.523802727460861206e-01
-4.292943179607391357e-01,1.643100380897521973e+00,-1.348343342542648315e-01
-4.040489494800567627e-01,1.676650643348693848e+00,-1.238620430231094360e-01
-3.813166916370391846e-01,1.702280759811401367e+00,-1.084436401724815369e-01
-3.421929478645324707e-01,1.723613858222961426e+00,-9.232748299837112427e-02
-3.046722412109375000e-01,1.750548839569091797e+00,-6.287692487239837646e-02
-2.993301451206207275e-01,1.765882730484008789e+00,-5.985563993453979492e-02
-2.650582492351531982e-01,1.780522704124450684e+00,-2.541426382958889008e-02
-2.303362190723419189e-01,1.758419036865234375e+00,9.738014079630374908e-03
-1.985922157764434814e-01,1.744052886962890625e+00,4.080644622445106506e-02
-1.865355223417282104e-01,1.746534943580627441e+00,5.888495594263076782e-02
-1.865355223417282104e-01,1.746534943580627441e+00,5.888495594263076782e-02
-1.688621491193771362e-01,1.729282259941101074e+00,6.862836331129074097e-02
-1.437811851501464844e-01,1.714929342269897461e+00,7.575692981481552124e-02
-1.265323162078857422e-01,1.692637085914611816e+00,7.955244183540344238e-02
-8.930434286594390869e-02,1.646985650062561035e+00,8.670680969953536987e-02
-8.674395084381103516e-02,1.650183558464050293e+00,8.480682224035263062e-02
-7.221888005733489990e-02,1.621700882911682129e+00,8.995689451694488525e-02
-4.103379324078559875e-02,1.581538796424865723e+00,8.654028177261352539e-02
-2.732621878385543823e-02,1.551007270812988281e+00,8.394838124513626099e-02
1.631969586014747620e-02,1.497984290122985840e+00,7.698054611682891846e-02
1.631969586014747620e-02,1.497984290122985840e+00,7.698054611682891846e-02
4.817077890038490295e-02,1.445527791976928711e+00,6.634432822465896606e-02
6.971682608127593994e-02,1.404590725898742676e+00,6.196016073226928711e-02
9.214270114898681641e-02,1.356492877006530762e+00,6.522721797227859497e-02
1.303207427263259888e-01,1.300034761428833008e+00,8.911991119384765625e-02
1.447100639343261719e-01,1.260089755058288574e+00,9.570807218551635742e-02
1.928830444812774658e-01,1.177209734916687012e+00,1.093448922038078308e-01
2.748958170413970947e-01,1.037096619606018066e+00,1.556590199470520020e-01
3.154719173908233643e-01,9.522054195404052734e-01,1.747078746557235718e-01
3.304542601108551025e-01,9.369543790817260742e-01,1.871524006128311157e-01
3.919228613376617432e-01,8.369265794754028320e-01,2.037337422370910645e-01
4.368137717247009277e-01,7.485537528991699219e-01,2.092872112989425659e-01
4.460968673229217529e-01,7.253208160400390625e-01,2.066977471113204956e-01
4.460968673229217529e-01,7.253208160400390625e-01,2.066977471113204956e-01
5.053959488868713379e-01,6.117994189262390137e-01,2.156841754913330078e-01
5.596353411674499512e-01,5.011844038963317871e-01,2.169944196939468384e-01
6.076557040214538574e-01,4.036256372928619385e-01,2.362797558307647705e-01
6.152299642562866211e-01,3.774965703487396240e-01,2.376973330974578857e-01
6.152299642562866211e-01,3.774965703487396240e-01,2.376973330974578857e-01
6.658133268356323242e-01,2.608889639377593994e-01,2.441964149475097656e-01
7.113628983497619629e-01,1.488782465457916260e-01,2.415221631526947021e-01
7.113628983497619629e-01,1.488782465457916260e-01,2.415221631526947021e-01
7.472324967384338379e-01,5.654105171561241150e-02,2.393189668655395508e-01
7.687600851058959961e-01,-1.220422890037298203e-02,2.397401183843612671e-01
7.993490099906921387e-01,-8.459971845149993896e-02,2.518611848354339600e-01
8.237381577491760254e-01,-1.730024963617324829e-01,2.614118158817291260e-01
8.437545299530029297e-01,-2.396797239780426025e-01,2.765142917633056641e-01
8.629600405693054199e-01,-3.079440593719482422e-01,2.797238230705261230e-01
8.935577869415283203e-01,-3.993103802204132080e-01,2.857168912887573242e-01
9.110816121101379395e-01,-4.657336771488189697e-01,2.872469127178192139e-01
9.907088279724121094e-01,-7.190318703651428223e-01,3.138094842433929443e-01
1.020686268806457520e+00,-8.017225861549377441e-01,3.242569565773010254e-01
1.062682032585144043e+00,-9.378845691680908203e-01,3.281368017196655273e-01
1.100288033485412598e+00,-1.065469622611999512e+00,3.479389548301696777e-01
1.128684520721435547e+00,-1.146986484527587891e+00,3.428326547145843506e-01
1.161653280258178711e+00,-1.233355760574340820e+00,3.366064727306365967e-01
1.200364232063293457e+00,-1.323998689651489258e+00,3.552181124687194824e-01
1.219413280487060547e+00,-1.375836372375488281e+00,3.531273007392883301e-01
1.252592206001281738e+00,-1.439300060272216797e+00,3.539330363273620605e-01
1.246343255043029785e+00,-1.440089106559753418e+00,3.576520085334777832e-01
1.264488458633422852e+00,-1.474439263343811035e+00,3.567536175251007080e-01
1.264551162719726562e+00,-1.479700803756713867e+00,3.535812497138977051e-01
1.293161273002624512e+00,-1.534409046173095703e+00,3.755855858325958252e-01
1.294413328170776367e+00,-1.538824915885925293e+00,3.739911019802093506e-01
1.299191355705261230e+00,-1.552359342575073242e+00,3.828757703304290771e-01
1.309573531150817871e+00,-1.576173305511474609e+00,3.854077756404876709e-01
1.313835740089416504e+00,-1.593256711959838867e+00,3.883544206619262695e-01
1.315413832664489746e+00,-1.600521445274353027e+00,3.811262547969818115e-01
1.317900538444519043e+00,-1.607387423515319824e+00,3.729652166366577148e-01
1.317900538444519043e+00,-1.607387423515319824e+00,3.729652166366577148e-01
1.314573168754577637e+00,-1.597612500190734863e+00,3.760582804679870605e-01
1.315451979637145996e+00,-1.603953361511230469e+00,3.710227310657501221e-01
1.311189413070678711e+00,-1.587967634201049805e+00,3.669888973236083984e-01
1.307068705558776855e+00,-1.583779573440551758e+00,3.794051110744476318e-01
1.295422315597534180e+00,-1.568700909614562988e+00,3.764388263225555420e-01
1.289501547813415527e+00,-1.551798939704895020e+00,3.590978384017944336e-01
1.282239913940429688e+00,-1.527278065681457520e+00,3.653559088706970215e-01
1.251618981361389160e+00,-1.453803658485412598e+00,3.630303144454956055e-01
1.230604648590087891e+00,-1.400416970252990723e+00,3.556196391582489014e-01
1.230604648590087891e+00,-1.400416970252990723e+00,3.556196391582489014e-01
1.212557196617126465e+00,-1.367836356163024902e+00,3.569302260875701904e-01
1.212557196617126465e+00,-1.367836356163024902e+00,3.569302260875701904e-01
1.201313972473144531e+00,-1.341570019721984863e+00,3.673048615455627441e-01
1.157387495040893555e+00,-1.234745264053344727e+00,3.455932438373565674e-01
1.157387495040893555e+00,-1.234745264053344727e+00,3.455932438373565674e-01
1.122014999389648438e+00,-1.154429078102111816e+00,3.311039805412292480e-01
1.094059586524963379e+00,-1.088037133216857910e+00,3.185405731201171875e-01
1.084847688674926758e+00,-1.072531223297119141e+00,3.156814873218536377e-01
1.070661187171936035e+00,-1.036597728729248047e+00,3.152519762516021729e-01
1.013482213020324707e+00,-8.985989689826965332e-01,2.993246614933013916e-01
1.013482213020324707e+00,-8.985989689826965332e-01,2.993246614933013916e-01
9.974155426025390625e-01,-8.587465882301330566e-01,2.816694676876068115e-01
9.806804656982421875e-01,-8.095506429672241211e-01,2.698841392993927002e-01
9.516675472259521484e-01,-7.299990057945251465e-01,2.573486566543579102e-01
9.343317151069641113e-01,-6.811480522155761719e-01,2.379795461893081665e-01
9.181639552116394043e-01,-6.214989423751831055e-01,2.348112761974334717e-01
8.746211528778076172e-01,-5.100561380386352539e-01,2.250998020172119141e-01
8.346128463745117188e-01,-4.048288464546203613e-01,2.368840873241424561e-01
8.294489979743957520e-01,-3.820675015449523926e-01,2.341399490833282471e-01
8.026768565177917480e-01,-2.947609424591064453e-01,2.258403152227401733e-01
7.568403482437133789e-01,-1.819019615650177002e-01,2.107359617948532104e-01
7.375168204307556152e-01,-1.343098878860473633e-01,2.047063261270523071e-01
7.253782153129577637e-01,-8.804874122142791748e-02,1.965850442647933960e-01
6.631445288658142090e-01,8.238431066274642944e-02,1.890606284141540527e-01
6.218510866165161133e-01,1.909493207931518555e-01,1.844158619642257690e-01
5.916620492935180664e-01,2.547777891159057617e-01,1.817383468151092529e-01
5.464640855789184570e-01,3.642214536666870117e-01,1.681979894638061523e-01
4.721417129039764404e-01,5.178934931755065918e-01,1.524583101272583008e-01
4.721417129039764404e-01,5.178934931755065918e-01,1.524583101272583008e-01
4.390050768852233887e-01,5.830135941505432129e-01,1.413047462701797485e-01
3.816934823989868164e-01,6.798554062843322754e-01,1.343951821327209473e-01
3.451574742794036865e-01,7.582909464836120605e-01,1.245478689670562744e-01
3.351227939128875732e-01,7.745508551597595215e-01,1.215939223766326904e-01
3.004739880561828613e-01,8.497551679611206055e-01,1.098331063985824585e-01
2.507975995540618896e-01,9.368016719818115234e-01,1.073954328894615173e-01
1.767358332872390747e-01,1.054885864257812500e+00,1.140727922320365906e-01
1.108187362551689148e-01,1.148912906646728516e+00,8.963112533092498779e-02
8.906821906566619873e-02,1.195680975914001465e+00,8.714143186807632446e-02
3.924453631043434143e-02,1.264897227287292480e+00,8.871029317378997803e-02
3.099337406456470490e-02,1.289898514747619629e+00,8.803433924913406372e-02
2.239986509084701538e-02,1.295235395431518555e+00,8.064139634370803833e-02
-2.540535666048526764e-02,1.353487014770507812e+00,4.580678790807723999e-02
-2.540535666048526764e-02,1.353487014770507812e+00,4.580678790807723999e-02
-3.309470415115356445e-02,1.356017589569091797e+00,4.232554510235786438e-02
-9.952692687511444092e-02,1.408413410186767578e+00,2.008919976651668549e-02
-1.001042425632476807e-01,1.401837468147277832e+00,3.175513446331024170e-02
-1.312724947929382324e-01,1.431099176406860352e+00,3.505112975835800171e-02
-1.396055966615676880e-01,1.428963184356689453e+00,2.941195480525493622e-02
-1.738072782754898071e-01,1.434060454368591309e+00,3.590211272239685059e-02
-1.738072782754898071e-01,1.434060454368591309e+00,3.590211272239685059e-02
-2.051919549703598022e-01,1.426979660987854004e+00,1.396972779184579849e-02
-2.299059182405471802e-01,1.416575551033020020e+00,-8.229267783463001251e-03
-2.697808444499969482e-01,1.399643540382385254e+00,-4.244359210133552551e-02
-2.954472601413726807e-01,1.372228622436523438e+00,-7.304623723030090332e-02
-3.338142335414886475e-01,1.336633801460266113e+00,-1.355995088815689087e-01
-3.585576117038726807e-01,1.280838847160339355e+00,-1.670421063899993896e-01
-3.691459298133850098e-01,1.267327070236206055e+00,-1.529349982738494873e-01
-3.691459298133850098e-01,1.267327070236206055e+00,-1.529349982738494873e-01
-3.840047419071197510e-01,1.236832618713378906e+00,-1.650308668613433838e-01
-3.909032642841339111e-01,1.213058233261108398e+00,-1.869070678949356079e-01
-4.184348583221435547e-01,1.165358781814575195e+00,-1.655496209859848022e-01
-4.511220455169677734e-01,1.071508407592773438e+00,-1.755136996507644653e-01
-4.731511771678924561e-01,1.007726669311523438e+00,-1.748443543910980225e-01
-4.747453331947326660e-01,9.942747354507446289e-01,-1.778887957334518433e-01
-4.821122884750366211e-01,9.575155377388000488e-01,-1.810253262519836426e-01
-4.855026900768280029e-01,9.273036718368530273e-01,-1.751648485660552979e-01
-5.005899667739868164e-01,8.379023671150207520e-01,-1.825873553752899170e-01
-5.029591917991638184e-01,6.772361397743225098e-01,-1.907595843076705933e-01
-5.040961503982543945e-01,5.704536437988281250e-01,-2.223583906888961792e-01
-5.296422243118286133e-01,3.597859144210815430e-01,-2.820165455341339111e-01
-5.464854240417480469e-01,1.983152627944946289e-01,-3.197564184665679932e-01
-5.578258633613586426e-01,7.074540853500366211e-02,-3.339345753192901611e-01
-5.643694400787353516e-01,3.211785340681672096e-03,-3.063254952430725098e-01
-5.702281594276428223e-01,-1.187271401286125183e-01,-2.964325845241546631e-01
-5.702281594276428223e-01,-1.187271401286125183e-01,-2.964325845241546631e-01
-5.678567290306091309e-01,-1.942645907402038574e-01,-3.001190423965454102e-01
-5.670244693756103516e-01,-2.520134449005126953e-01,-2.978579699993133545e-01
-5.718753933906555176e-01,-4.643831253051757812e-01,-2.980252206325531006e-01
-5.588545799255371094e-01,-5.867264270782470703e-01,-3.121356368064880371e-01
-5.583800077438354492e-01,-7.031350731849670410e-01,-3.263950049877166748e-01
-5.545449852943420410e-01,-8.384596705436706543e-01,-3.343551754951477051e-01
-5.572489500045776367e-01,-8.812403082847595215e-01,-3.327267765998840332e-01
-5.597185492515563965e-01,-9.367743134498596191e-01,-3.421638011932373047e-01
-5.618599653244018555e-01,-9.880127310752868652e-01,-3.423098027706146240e-01
-5.679121017456054688e-01,-1.045766115188598633e+00,-3.482448458671569824e-01
-5.685076117515563965e-01,-1.069426178932189941e+00,-3.467293679714202881e-01
-5.926723480224609375e-01,-1.188942551612854004e+00,-3.014745414257049561e-01
-5.926723480224609375e-01,-1.188942551612854004e+00,-3.014745414257049561e-01
-6.015241742134094238e-01,-1.262352108955383301e+00,-2.727614343166351318e-01
-6.072121858596801758e-01,-1.289767622947692871e+00,-2.687830328941345215e-01
-6.214836239814758301e-01,-1.318781971931457520e+00,-2.671763002872467041e-01
-6.214836239814758301e-01,-1.318781971931457520e+00,-2.671763002872467041e-01
-6.301240324974060059e-01,-1.375274896621704102e+00,-2.691470086574554443e-01
-6.323012709617614746e-01,-1.430089473724365234e+00,-2.725422382354736328e-01
-6.376035213470458984e-01,-1.444076180458068848e+00,-2.780347764492034912e-01
-6.449416279792785645e-01,-1.498088240623474121e+00,-2.975808680057525635e-01
-6.408709287643432617e-01,-1.525282859802246094e+00,-3.101412355899810791e-01
-6.496927738189697266e-01,-1.601695895195007324e+00,-3.296761214733123779e-01
-6.496927738189697266e-01,-1.601695895195007324e+00,-3.296761214733123779e-01
-6.489633321762084961e-01,-1.628395795822143555e+00,-3.492218852043151855e-01
-6.529696583747863770e-01,-1.678591370582580566e+00,-3.750886023044586182e-01
-6.494241356849670410e-01,-1.685476064682006836e+00,-3.815616965293884277e-01
-6.530268192291259766e-01,-1.741592764854431152e+00,-4.143589735031127930e-01
-6.531923413276672363e-01,-1.740352034568786621e+00,-4.105662703514099121e-01
-6.503342986106872559e-01,-1.768097281455993652e+00,-4.026868641376495361e-01
-6.540908813476562500e-01,-1.776828169822692871e+00,-4.065423309803009033e-01
-6.540908813476562500e-01,-1.776828169822692871e+00,-4.065423309803009033e-01
-6.614550352096557617e-01,-1.796864867210388184e+00,-3.832671940326690674e-01
-6.703947782516479492e-01,-1.802530527114868164e+00,-3.767940104007720947e-01
-6.693597435951232910e-01,-1.804715156555175781e+00,-3.652965724468231201e-01
-6.702796220779418945e-01,-1.789675474166870117e+00,-3.641719818115234375e-01
-6.763851642608642578e-01,-1.768477439880371094e+00,-3.680761456489562988e-01
-6.682927012443542480e-01,-1.664152145385742188e+00,-3.228181004524230957e-01
-6.752824187278747559e-01,-1.642560005187988281e+00,-3.163869678974151611e-01
-6.684075593948364258e-01,-1.599793195724487305e+00,-3.100651800632476807e-01
-6.697344183921813965e-01,-1.561704993247985840e+00,-2.971463203430175781e-01
-6.738271117210388184e-01,-1.534126281738281250e+00,-3.000000417232513428e-01
-6.748213768005371094e-01,-1.505543112754821777e+00,-2.972183525562286377e-01
-6.794155836105346680e-01,-1.373947620391845703e+00,-2.910006046295166016e-01
-6.886045932769775391e-01,-1.296537280082702637e+00,-3.027193248271942139e-01
-6.968751549720764160e-01,-1.208639621734619141e+00,-3.347642123699188232e-01
-7.138358354568481445e-01,-1.078763604164123535e+00,-3.643801212310791016e-01
-7.191713452339172363e-01,-1.057573795318603516e+00,-3.623487353324890137e-01
-7.265155315399169922e-01,-1.017322063446044922e+00,-3.610183000564575195e-01
-7.229323983192443848e-01,-9.067104458808898926e-01,-3.545368313789367676e-01
-7.285020947456359863e-01,-8.642294406890869141e-01,-3.432362973690032959e-01
-7.300859093666076660e-01,-7.300285100936889648e-01,-3.323003649711608887e-01
-7.388009428977966309e-01,-6.157913208007812500e-01,-3.278251290321350098e-01
-7.392802834510803223e-01,-4.004226922988891602e-01,-3.224640190601348877e-01
-7.472515702247619629e-01,-2.199256718158721924e-01,-3.164153695106506348e-01
-7.472515702247619629e-01,-2.199256718158721924e-01,-3.164153695106506348e-01
-7.373018264770507812e-01,-3.527322411537170410e-02,-2.936390042304992676e-01
-7.270479202270507812e-01,9.787645190954208374e-03,-2.860109508037567139e-01
-7.258636951446533203e-01,8.047854155302047729e-02,-2.813504934310913086e-01
-7.239658236503601074e-01,1.234663650393486023e-01,-2.694495022296905518e-01
-7.214676737785339355e-01,1.691324263811111450e-01,-2.690825760364532471e-01
-7.135078907012939453e-01,2.842482924461364746e-01,-2.494996935129165649e-01
-7.159062027931213379e-01,3.520469069480895996e-01,-2.311230450868606567e-01
-7.162593007087707520e-01,3.986044526100158691e-01,-2.185442596673965454e-01
-7.146446108818054199e-01,4.190900027751922607e-01,-2.184149622917175293e-01
-7.109729647636413574e-01,4.622216820716857910e-01,-2.199643999338150024e-01
-7.001872062683105469e-01,5.500577688217163086e-01,-2.184151709079742432e-01
-7.004090547561645508e-01,7.563205957412719727e-01,-2.059904634952545166e-01
-6.978549957275390625e-01,8.406671881675720215e-01,-2.087580263614654541e-01
-6.986706852912902832e-01,9.020348191261291504e-01,-2.029528766870498657e-01
-6.975681781768798828e-01,1.054063558578491211e+00,-1.883750259876251221e-01
-7.001506686210632324e-01,1.070314168930053711e+00,-1.839166134595870972e-01
-7.014200091361999512e-01,1.179715871810913086e+00,-1.918934881687164307e-01
-6.973569989204406738e-01,1.251149177551269531e+00,-1.811574995517730713e-01
-6.888408064842224121e-01,1.306754708290100098e+00,-1.693008840084075928e-01
-6.820767521858215332e-01,1.356923460960388184e+00,-1.606624126434326172e-01
-6.754012107849121094e-01,1.421080827713012695e+00,-1.558230668306350708e-01
-6.474378108978271484e-01,1.490153908729553223e+00,-1.274710744619369507e-01
-6.035529375076293945e-01,1.578781008720397949e+00,-9.091589599847793579e-02
-5.705638527870178223e-01,1.649714231491088867e+00,-5.855353921651840210e-02
-5.455712676048278809e-01,1.657668113708496094e+00,-3.933482244610786438e-02
-4.719366133213043213e-01,1.692427515983581543e+00,3.231320763006806374e-03
-4.719366133213043213e-01,1.692427515983581543e+00,3.231320763006806374e-03
-4.154300987720489502e-01,1.703774452209472656e+00,4.135274142026901245e-02
-4.003159701824188232e-01,1.708986759185791016e+00,4.773620143532752991e-02
-3.913492262363433838e-01,1.698293447494506836e+00,4.741218313574790955e-02
-3.504318594932556152e-01,1.676752209663391113e+00,4.781063273549079895e-02
-3.149077594280242920e-01,1.659688472747802734e+00,5.154463276267051697e-02
-2.952011823654174805e-01,1.640496850013732910e+00,5.043647438287734985e-02
-2.952011823654174805e-01,1.640496850013732910e+00,5.043647438287734985e-02
-2.894891500473022461e-01,1.645820617675781250e+00,5.004952475428581238e-02
-2.331840544939041138e-01,1.582280397415161133e+00,5.533279851078987122e-02
-2.152734100818634033e-01,1.575075268745422363e+00,5.813882872462272644e-02
-1.961210966110229492e-01,1.564442873001098633e+00,7.414462417364120483e-02
-1.677004098892211914e-01,1.534646153450012207e+00,8.135052025318145752e-02
-1.219873800873756409e-01,1.485854625701904297e+00,8.737037330865859985e-02
-9.911067783832550049e-02,1.466203331947326660e+00,9.511443972587585449e-02
-6.871872395277023315e-02,1.432353258132934570e+00,9.954389929771423340e-02
-3.487183526158332825e-02,1.391459584236145020e+00,1.123070642352104187e-01
8.880458772182464600e-03,1.327336192131042480e+00,1.166141629219055176e-01
4.305273666977882385e-02,1.299391746520996094e+00,1.173542365431785583e-01
7.247222214937210083e-02,1.254749059677124023e+00,1.095990464091300964e-01
1.203356385231018066e-01,1.184746861457824707e+00,1.100271865725517273e-01
1.524350643157958984e-01,1.131100177764892578e+00,1.257818639278411865e-01
1.885970085859298706e-01,1.080322980880737305e+00,1.261684596538543701e-01
2.365899980068206787e-01,1.010470867156982422e+00,1.488381773233413696e-01
2.760842740535736084e-01,9.534883499145507812e-01,1.636974811553955078e-01
3.137395083904266357e-01,8.963546752929687500e-01,1.846536844968795776e-01
3.637559711933135986e-01,8.233351707458496094e-01,1.895457506179809570e-01
4.005059599876403809e-01,7.619588971138000488e-01,1.972985416650772095e-01
4.355430603027343750e-01,7.047805190086364746e-01,2.062495946884155273e-01
4.811806976795196533e-01,6.197140812873840332e-01,2.012143731117248535e-01
5.192635059356689453e-01,5.618855953216552734e-01,2.143287658691406250e-01
5.708146095275878906e-01,4.535189270973205566e-01,2.182884514331817627e-01
6.562525033950805664e-01,3.001573085784912109e-01,2.276124507188796997e-01
6.621926426887512207e-01,2.783527672290802002e-01,2.296245098114013672e-01
6.621926426887512207e-01,2.783527672290802002e-01,2.296245098114013672e-01
7.122350931167602539e-01,1.835004091262817383e-01,2.423549443483352661e-01
7.463748455047607422e-01,1.166209280490875244e-01,2.682938277721405029e-01
8.032857179641723633e-01,-4.466608152142725885e-05,2.843344807624816895e-01
8.797702193260192871e-01,-1.616036593914031982e-01,3.066481351852416992e-01
9.096945524215698242e-01,-2.283733338117599487e-01,3.134197294712066650e-01
9.096945524215698242e-01,-2.283733338117599487e-01,3.134197294712066650e-01
9.290554523468017578e-01,-2.701392173767089844e-01,3.057573437690734863e-01
9.869968891143798828e-01,-3.934512138366699219e-01,3.161377906799316406e-01
1.044866204261779785e+00,-5.342724323272705078e-01,3.138510286808013916e-01
1.058675169944763184e+00,-5.799255967140197754e-01,3.182646334171295166e-01
1.073622584342956543e+00,-6.032909750938415527e-01,3.192159533500671387e-01
1.130633354187011719e+00,-7.542853951454162598e-01,3.179553747177124023e-01
1.130633354187011719e+00,-7.542853951454162598e-01,3.179553747177124023e-01
1.185367703437805176e+00,-8.839818835258483887e-01,2.903875410556793213e-01
1.185367703437805176e+00,-8.839818835258483887e-01,2.903875410556793213e-01
1.208579659461975098e+00,-9.273209571838378906e-01,2.918565273284912109e-01
1.247273802757263184e+00,-1.012996673583984375e+00,2.831727266311645508e-01
1.287219882011413574e+00,-1.095957756042480469e+00,2.961220145225524902e-01
1.312769889831542969e+00,-1.157942771911621094e+00,3.028074800968170166e-01
1.322411894798278809e+00,-1.177568316459655762e+00,3.040313124656677246e-01
1.365095853805541992e+00,-1.260032176971435547e+00,3.347109854221343994e-01
1.409306168556213379e+00,-1.334946870803833008e+00,3.595701754093170166e-01
1.410416245460510254e+00,-1.341716885566711426e+00,3.599520325660705566e-01
1.418936610221862793e+00,-1.364424228668212891e+00,3.592455685138702393e-01
1.431416749954223633e+00,-1.386041760444641113e+00,3.634806275367736816e-01
1.453102827072143555e+00,-1.433457374572753906e+00,3.720074594020843506e-01
1.453102827072143555e+00,-1.433457374572753906e+00,3.720074594020843506e-01
1.462070703506469727e+00,-1.444804668426513672e+00,3.768585622310638428e-01
1.476349830627441406e+00,-1.460965752601623535e+00,3.894242048263549805e-01
1.469778299331665039e+00,-1.466057896614074707e+00,3.851420283317565918e-01
1.476304769515991211e+00,-1.475469589233398438e+00,3.932911753654479980e-01
1.461403489112854004e+00,-1.472060918807983398e+00,3.952531218528747559e-01
1.456037640571594238e+00,-1.480229258537292480e+00,4.116700291633605957e-01
1.443199157714843750e+00,-1.465009212493896484e+00,4.050784707069396973e-01
1.436359405517578125e+00,-1.460075974464416504e+00,4.025315642356872559e-01
1.435795545578002930e+00,-1.455364823341369629e+00,3.782639503479003906e-01
1.424582481384277344e+00,-1.443896770477294922e+00,3.733582496643066406e-01
1.414908885955810547e+00,-1.439662098884582520e+00,3.686811923980712891e-01
1.406851649284362793e+00,-1.421705484390258789e+00,3.509004712104797363e-01
1.388784766197204590e+00,-1.397975206375122070e+00,3.544803857803344727e-01
1.371676206588745117e+00,-1.369779825210571289e+00,3.526745736598968506e-01
1.371676206588745117e+00,-1.369779825210571289e+00,3.526745736598968506e-01
1.354915738105773926e+00,-1.322881937026977539e+00,3.413763344287872314e-01
1.340065240859985352e+00,-1.302829384803771973e+00,3.411081433296203613e-01
1.308436155319213867e+00,-1.218394637107849121e+00,3.463922142982482910e-01
1.308436155319213867e+00,-1.218394637107849121e+00,3.463922142982482910e-01
1.295638918876647949e+00,-1.197204351425170898e+00,3.361034989356994629e-01
1.279400110244750977e+00,-1.143335938453674316e+00,3.334724009037017822e-01
1.257398605346679688e+00,-1.095052599906921387e+00,3.135619163513183594e-01
1.232823610305786133e+00,-1.054900050163269043e+00,3.061623871326446533e-01
1.206548929214477539e+00,-9.845724105834960938e-01,3.153233826160430908e-01
1.134250998497009277e+00,-8.266714215278625488e-01,3.382498621940612793e-01
1.104759454727172852e+00,-7.639145255088806152e-01,3.379256427288055420e-01
1.034871220588684082e+00,-6.019842028617858887e-01,2.977302372455596924e-01
1.012331962585449219e+00,-5.581222772598266602e-01,2.968743741512298584e-01
9.839222431182861328e-01,-4.946327507495880127e-01,2.944678962230682373e-01
9.412676692008972168e-01,-4.124438762664794922e-01,2.845953404903411865e-01
9.068443775177001953e-01,-3.471908569335937500e-01,2.707323133945465088e-01
8.688585758209228516e-01,-2.769400179386138916e-01,2.414111346006393433e-01
8.688585758209228516e-01,-2.769400179386138916e-01,2.414111346006393433e-01
8.111102581024169922e-01,-1.601838618516921997e-01,2.234954833984375000e-01
7.624247074127197266e-01,-7.044664025306701660e-02,2.087692916393280029e-01
7.481917738914489746e-01,-4.700613766908645630e-02,2.061179280281066895e-01
7.268767356872558594e-01,-3.182360436767339706e-03,1.965606212615966797e-01
6.322482824325561523e-01,1.811872422695159912e-01,1.684613525867462158e-01
5.469133257865905762e-01,3.300005495548248291e-01,1.558253914117813110e-01
4.333430826663970947e-01,5.317422151565551758e-01,1.569891273975372314e-01
4.099981486797332764e-01,5.747925639152526855e-01,1.508739739656448364e-01
3.764386475086212158e-01,6.338200569152832031e-01,1.525283902883529663e-01
3.559111654758453369e-01,6.676366329193115234e-01,1.703698784112930298e-01
3.233292698860168457e-01,7.216763496398925781e-01,1.760788708925247192e-01
2.940580844879150391e-01,7.718452215194702148e-01,1.816490441560745239e-01
2.690562307834625244e-01,8.030252456665039062e-01,1.754986792802810669e-01
2.530840337276458740e-01,8.366020321846008301e-01,1.742503643035888672e-01
1.679248213768005371e-01,9.614333510398864746e-01,1.364916712045669556e-01
1.514622122049331665e-01,9.808637499809265137e-01,1.328292638063430786e-01
1.265245825052261353e-01,1.033571362495422363e+00,1.239075213670730591e-01
9.970742464065551758e-02,1.067919373512268066e+00,1.068708673119544983e-01
8.753370493650436401e-02,1.081582665443420410e+00,9.993334859609603882e-02
6.670412421226501465e-02,1.112246155738830566e+00,8.744933456182479858e-02
4.642411693930625916e-02,1.141285419464111328e+00,8.711844682693481445e-02
1.568827591836452484e-02,1.170029640197753906e+00,7.947862148284912109e-02
-2.481997385621070862e-02,1.220112442970275879e+00,6.187849119305610657e-02
-5.805259943008422852e-02,1.252100229263305664e+00,6.259340047836303711e-02
-1.391901671886444092e-01,1.329533219337463379e+00,3.464130684733390808e-02
-1.625557988882064819e-01,1.355140447616577148e+00,2.624586969614028931e-02
-2.333141863346099854e-01,1.400801777839660645e+00,2.849251590669155121e-02
-2.481587678194046021e-01,1.416153669357299805e+00,1.967060379683971405e-02
-2.741282880306243896e-01,1.424122214317321777e+00,8.805667981505393982e-03
-2.949252426624298096e-01,1.431751251220703125e+00,1.457149814814329147e-02
-2.949252426624298096e-01,1.431751251220703125e+00,1.457149814814329147e-02
-3.154538273811340332e-01,1.447458744049072266e+00,1.811513677239418030e-03
-3.534665405750274658e-01,1.451097249984741211e+00,-1.010746322572231293e-02
-3.684011995792388916e-01,1.452576756477355957e+00,-1.468609273433685303e-02
-4.177750945091247559e-01,1.438020467758178711e+00,-2.983318828046321869e-02
-4.485679268836975098e-01,1.406193137168884277e+00,-6.058586761355400085e-02
-4.571314156055450439e-01,1.395442366600036621e+00,-7.259955257177352905e-02
-4.620896577835083008e-01,1.385702610015869141e+00,-7.507120817899703979e-02
-4.653061330318450928e-01,1.368326425552368164e+00,-7.908396422863006592e-02
-4.723667502403259277e-01,1.342058539390563965e+00,-9.321626275777816772e-02
-4.779070019721984863e-01,1.337900519371032715e+00,-8.895108103752136230e-02
-4.910804033279418945e-01,1.291928768157958984e+00,-9.667029231786727905e-02
-5.019010305404663086e-01,1.222409009933471680e+00,-1.559801101684570312e-01
-5.193096995353698730e-01,1.158678412437438965e+00,-1.598314195871353149e-01
-5.241324305534362793e-01,1.091971158981323242e+00,-1.576355397701263428e-01
-5.319895148277282715e-01,1.045902132987976074e+00,-1.594475507736206055e-01
-5.452185869216918945e-01,9.273322820663452148e-01,-1.739647686481475830e-01
-5.509530305862426758e-01,8.664271235466003418e-01,-1.905266195535659790e-01
-5.559560060501098633e-01,8.204883337020874023e-01,-1.872453242540359497e-01
-5.589667558670043945e-01,7.815738320350646973e-01,-1.961904168128967285e-01
-5.605052709579467773e-01,6.833581924438476562e-01,-2.188819646835327148e-01
-5.649989247322082520e-01,5.989848375320434570e-01,-2.257624119520187378e-01
-5.686917304992675781e-01,5.635228157043457031e-01,-2.260186076164245605e-01
-5.705486536026000977e-01,4.800436198711395264e-01,-2.589146494865417480e-01
-5.747400522232055664e-01,3.303828537464141846e-01,-2.637522816658020020e-01
-5.747400522232055664e-01,3.303828537464141846e-01,-2.637522816658020020e-01
-5.756552219390869141e-01,2.213184833526611328e-01,-2.739077806472778320e-01
-5.800272226333618164e-01,1.487577110528945923e-01,-2.780449092388153076e-01
-5.800272226333618164e-01,1.487577110528945923e-01,-2.780449092388153076e-01
-5.861082673072814941e-01,5.888989940285682678e-02,-2.632418274879455566e-01
-5.829191803932189941e-01,-1.895856857299804688e-02,-2.785035669803619385e-01
-5.646587610244750977e-01,-2.606855630874633789e-01,-3.075667619705200195e-01
-5.586576461791992188e-01,-2.882695198059082031e-01,-3.114221394062042236e-01
-5.397464036941528320e-01,-4.049630761146545410e-01,-3.074415028095245361e-01
-5.322244167327880859e-01,-5.007911920547485352e-01,-3.101191818714141846e-01
-5.219917297363281250e-01,-5.472016334533691406e-01,-3.263462185859680176e-01
-5.134586095809936523e-01,-6.119719743728637695e-01,-3.176969289779663086e-01
-4.944816529750823975e-01,-7.198706865310668945e-01,-3.300055861473083496e-01
-4.934917986392974854e-01,-7.642306089401245117e-01,-3.356434702873229980e-01
-4.866211414337158203e-01,-8.219591975212097168e-01,-3.400649726390838623e-01
-4.852157235145568848e-01,-9.183861017227172852e-01,-3.350972235202789307e-01
-4.828930199146270752e-01,-9.765498638153076172e-01,-3.344295620918273926e-01
-4.833257794380187988e-01,-1.044279694557189941e+00,-3.334151506423950195e-01
-4.781376719474792480e-01,-1.139594793319702148e+00,-3.447490334510803223e-01
-4.853375256061553955e-01,-1.177214503288269043e+00,-3.246152102947235107e-01
-4.900729060173034668e-01,-1.267368793487548828e+00,-3.165363669395446777e-01
-4.900729060173034668e-01,-1.267368793487548828e+00,-3.165363669395446777e-01
-4.900729060173034668e-01,-1.267368793487548828e+00,-3.165363669395446777e-01
-4.900729060173034668e-01,-1.267368793487548828e+00,-3.165363669395446777e-01
-4.968643486499786377e-01,-1.313097238540649414e+00,-3.171540796756744385e-01
-5.078748464584350586e-01,-1.382944941520690918e+00,-3.092896938323974609e-01
-5.082911849021911621e-01,-1.420644760131835938e+00,-3.083387911319732666e-01
-5.083833336830139160e-01,-1.462503075599670410e+00,-3.065764904022216797e-01
-5.190913677215576172e-01,-1.520707607269287109e+00,-3.013736307621002197e-01
-5.212056040763854980e-01,-1.549972057342529297e+00,-3.193150460720062256e-01
-5.306424498558044434e-01,-1.601503849029541016e+00,-3.352974951267242432e-01
-5.274661183357238770e-01,-1.634179234504699707e+00,-3.433653712272644043e-01
-5.141189694404602051e-01,-1.635952949523925781e+00,-3.514659106731414795e-01
-5.018649101257324219e-01,-1.624728918075561523e+00,-3.590152561664581299e-01
-5.142058730125427246e-01,-1.690889239311218262e+00,-3.290629386901855469e-01
-4.523090422153472900e-01,-1.491949081420898438e+00,-2.324731051921844482e-01
-4.175195395946502686e-01,-1.411924958229064941e+00,-2.359135746955871582e-01
-3.649259507656097412e-01,-1.252897858619689941e+00,-1.375293582677841187e-01
-2.917600870132446289e-01,-1.015994071960449219e+00,-8.736529946327209473e-02
-2.297164499759674072e-01,-8.489281535148620605e-01,-1.175048202276229858e-01
-1.375329941511154175e-01,-5.739488601684570312e-01,-1.683584451675415039e-01
-7.156984508037567139e-02,-2.940585613250732422e-01,-2.305627316236495972e-01
-3.306681662797927856e-02,-1.113815456628799438e-01,-2.885182201862335205e-01
2.581652021035552025e-03,1.476511061191558838e-01,-3.445441424846649170e-01
3.377410117536783218e-03,3.118543326854705811e-01,-3.655811846256256104e-01
2.228411380201578140e-03,5.228868722915649414e-01,-3.618674874305725098e-01
-5.902440170757472515e-04,5.777010917663574219e-01,-3.464390635490417480e-01
-2.410348691046237946e-02,6.362292766571044922e-01,-3.261210918426513672e-01
-2.410348691046237946e-02,6.362292766571044922e-01,-3.261210918426513672e-01
-5.457061529159545898e-02,6.469365358352661133e-01,-2.762453258037567139e-01
-9.266744554042816162e-02,6.154538989067077637e-01,-2.146994173526763916e-01
-1.665852963924407959e-01,4.879816770553588867e-01,-5.340197682380676270e-02
-1.932869106531143188e-01,4.366588592529296875e-01,-1.952756196260452271e-02
-2.507312595844268799e-01,2.499582320451736450e-01,1.066088899970054626e-01
-2.994817197322845459e-01,7.557895779609680176e-02,1.870896369218826294e-01
-3.209105730056762695e-01,-2.339818701148033142e-02,2.330023646354675293e-01
-3.423986732959747314e-01,-1.336659640073776245e-01,2.526840269565582275e-01
-3.496080636978149414e-01,-2.619778215885162354e-01,2.305246889591217041e-01
-3.521648049354553223e-01,-2.869919538497924805e-01,2.233558297157287598e-01
-3.465474545955657959e-01,-3.248837590217590332e-01,1.682771593332290649e-01
-3.486726880073547363e-01,-3.744848966598510742e-01,9.165143966674804688e-02
-3.486495614051818848e-01,-4.466446042060852051e-01,-4.109497647732496262e-03
-3.486495614051818848e-01,-4.466446042060852051e-01,-4.109497647732496262e-03
-3.440558910369873047e-01,-4.604953527450561523e-01,-1.660461165010929108e-02
-3.338948488235473633e-01,-4.799956083297729492e-01,-7.652925699949264526e-02
-3.148243129253387451e-01,-4.890036284923553467e-01,-1.169405430555343628e-01
-2.898631989955902100e-01,-4.553850889205932617e-01,-1.005316004157066345e-01
-2.637762725353240967e-01,-4.149087667465209961e-01,-6.203287094831466675e-02
-2.454858869314193726e-01,-3.761599063873291016e-01,-4.615772888064384460e-02
-2.132573574781417847e-01,-3.033349514007568359e-01,2.564094401895999908e-02
-1.894900500774383545e-01,-2.540195286273956299e-01,5.593513697385787964e-02
-1.806524246931076050e-01,-2.233159989118576050e-01,6.427902728319168091e-02
-1.597264260053634644e-01,-1.698351502418518066e-01,1.113181784749031067e-01
-1.459754109382629395e-01,-1.348216533660888672e-01,1.344444453716278076e-01
-1.229934841394424438e-01,-5.933160334825515747e-02,1.448978334665298462e-01
-1.122444942593574524e-01,-2.216064929962158203e-02,1.274867951869964600e-01
-9.798781573772430420e-02,2.874661050736904144e-02,9.432689100503921509e-02
-9.479981660842895508e-02,4.590260982513427734e-02,8.514381945133209229e-02
-9.231447428464889526e-02,6.428489834070205688e-02,6.211933493614196777e-02
-9.149421006441116333e-02,7.985947281122207642e-02,3.270379453897476196e-02
-8.990531414747238159e-02,9.049195051193237305e-02,1.664549857378005981e-02
-9.327049553394317627e-02,9.291201829910278320e-02,-3.260730067268013954e-03
-9.436994045972824097e-02,9.308898448944091797e-02,-5.470222793519496918e-03
-9.444677084684371948e-02,8.704723417758941650e-02,-1.753609254956245422e-02
-1.018308848142623901e-01,6.242618337273597717e-02,-1.194804906845092773e-02
-1.027623042464256287e-01,6.179535388946533203e-02,-1.050322595983743668e-02
-1.061613857746124268e-01,3.792158141732215881e-02,5.191548189031891525e-05
-1.111585944890975952e-01,5.154638085514307022e-03,9.982406161725521088e-03
-1.145247071981430054e-01,-2.706150710582733154e-02,2.029741182923316956e-03
-1.161418706178665161e-01,-3.445073962211608887e-02,7.266809698194265366e-03
-1.177378073334693909e-01,-6.349353492259979248e-02,3.809192916378378868e-03
-1.166305094957351685e-01,-6.466829776763916016e-02,4.760896787047386169e-03
-1.082958057522773743e-01,-9.727124124765396118e-02,1.912508159875869751e-03
-1.017537266016006470e-01,-1.079173758625984192e-01,-1.181498914957046509e-02
-8.758420497179031372e-02,-1.154996752738952637e-01,-5.153734236955642700e-03
-7.102014124393463135e-02,-1.246535480022430420e-01,-9.200085885822772980e-03
-6.184976175427436829e-02,-1.093941256403923035e-01,-1.421642862260341644e-02
-5.028881877660751343e-02,-9.942512959241867065e-02,8.656446821987628937e-03
-4.677585884928703308e-02,-9.734261780977249146e-02,1.085995417088270187e-02
-4.521755874156951904e-02,-8.899237960577011108e-02,2.342979982495307922e-02
-3.413794934749603271e-02,-6.577233225107192993e-02,2.026087418198585510e-02
-2.876398339867591858e-02,-3.342669457197189331e-02,3.243936970829963684e-02
-2.241165377199649811e-02,-1.272656582295894623e-02,2.714678645133972168e-02
-2.241165377199649811e-02,-1.272656582295894623e-02,2.714678645133972168e-02
-1.999834552407264709e-02,-5.377506371587514877e-03,2.671021595597267151e-02
-1.600824855268001556e-02,3.990938887000083923e-02,1.646623201668262482e-02
-1.494182180613279343e-02,4.604830220341682434e-02,1.565008051693439484e-02
-1.649431139230728149e-02,5.602602288126945496e-02,1.465132087469100952e-02
-1.619186438620090485e-02,5.872550979256629944e-02,1.430312730371952057e-02
-1.753819920122623444e-02,6.964550912380218506e-02,2.376664988696575165e-02
-1.822172291576862335e-02,7.600406557321548462e-02,1.365767046809196472e-02
-2.769299782812595367e-02,7.257178425788879395e-02,4.717123229056596756e-03
-2.506840974092483521e-02,7.158773392438888550e-02,1.015154086053371429e-02
-2.504574134945869446e-02,6.853889673948287964e-02,-8.517146110534667969e-03
-2.996440418064594269e-02,6.005058437585830688e-02,-1.356122922152280807e-02
-2.796342782676219940e-02,4.945576190948486328e-02,-7.756324950605630875e-03
-3.027768619358539581e-02,2.900346182286739349e-02,8.675309829413890839e-03
-2.884573675692081451e-02,2.850173413753509521e-02,7.855744101107120514e-03
-2.710587531328201294e-02,1.424533780664205551e-02,1.360171381384134293e-02
-2.416927739977836609e-02,9.194064885377883911e-03,1.058678794652223587e-02
-1.841720379889011383e-02,-4.126924555748701096e-03,1.497743744403123856e-02
-2.084897086024284363e-02,-9.333392605185508728e-03,1.464358437806367874e-02
-2.063974179327487946e-02,-2.844708785414695740e-02,-1.763650332577526569e-03
-1.962790638208389282e-02,-3.358467295765876770e-02,-2.685869694687426090e-04
-1.110958587378263474e-02,-4.507577791810035706e-02,8.015627827262505889e-05
-1.393978390842676163e-02,-4.604751616716384888e-02,-5.517361685633659363e-03
-5.666256882250308990e-03,-5.135125294327735901e-02,-2.486516535282135010e-02
2.765784156508743763e-04,-5.133228749036788940e-02,-2.087147161364555359e-02
8.237381465733051300e-03,-4.125905409455299377e-02,-8.151711896061897278e-03
1.671728305518627167e-02,-3.562787547707557678e-02,-7.116219028830528259e-03
2.132973819971084595e-02,-2.925762906670570374e-02,-3.385585965588688850e-03
2.202864736318588257e-02,-2.627261728048324585e-02,-1.836945884861052036e-03
2.202864736318588257e-02,-2.627261728048324585e-02,-1.836945884861052036e-03
3.255537897348403931e-02,-7.592412643134593964e-03,-1.914628315716981888e-03
3.978381305932998657e-02,9.411841630935668945e-03,3.826538333669304848e-03
4.726502671837806702e-02,3.331431373953819275e-02,1.427314803004264832e-02
4.891214519739151001e-02,4.096158593893051147e-02,1.252605486661195755e-02
5.545882880687713623e-02,5.135289579629898071e-02,1.133069861680269241e-02
5.684615671634674072e-02,7.235649228096008301e-02,4.786889534443616867e-03
5.245873704552650452e-02,7.352563738822937012e-02,1.483523566275835037e-02
5.223102867603302002e-02,7.848119735717773438e-02,1.586874946951866150e-02
4.927846044301986694e-02,8.002142608165740967e-02,1.137467753142118454e-02
4.555089771747589111e-02,9.291210025548934937e-02,1.185315847396850586e-02
5.053381621837615967e-02,8.944056928157806396e-02,7.125777658075094223e-03
3.645722940564155579e-02,9.709539264440536499e-02,-1.036453247070312500e-02
3.259603679180145264e-02,9.786510467529296875e-02,-1.361540425568819046e-02
2.800647169351577759e-02,1.007221266627311707e-01,-2.452253177762031555e-02
2.639747038483619690e-02,1.010467931628227234e-01,-2.099910192191600800e-02
1.686441525816917419e-02,9.374660253524780273e-02,-1.618606038391590118e-02
1.379170827567577362e-02,8.288463950157165527e-02,-2.848711051046848297e-02
1.309677958488464355e-03,7.390091568231582642e-02,-3.814961016178131104e-02
2.716271905228495598e-03,6.753397732973098755e-02,-2.584154345095157623e-02
1.084856339730322361e-03,4.666887968778610229e-02,-8.559267036616802216e-03
9.129851241596043110e-04,4.128976911306381226e-02,-7.099193986505270004e-03
-2.577042207121849060e-03,2.015510387718677521e-02,-1.073411572724580765e-02
5.395683911046944559e-05,1.109592383727431297e-03,-7.667131721973419189e-03
7.508102338761091232e-03,-1.498369313776493073e-02,-1.910553686320781708e-02
1.009710226207971573e-02,-2.934129163622856140e-02,-2.151265181601047516e-02
2.472625859081745148e-02,-4.984809085726737976e-02,-8.242898620665073395e-03
4.005393385887145996e-02,-5.184575542807579041e-02,3.584746271371841431e-03
4.580131545662879944e-02,-4.560996592044830322e-02,1.043956074863672256e-02
5.345813184976577759e-02,-4.688521847128868103e-02,1.582340896129608154e-02
6.210483238101005554e-02,-4.295194521546363831e-02,2.230036072432994843e-02
6.042869389057159424e-02,-4.627243801951408386e-02,2.226933836936950684e-02
7.122629880905151367e-02,-4.050603881478309631e-02,2.434032969176769257e-02
7.309766113758087158e-02,-3.085784055292606354e-02,2.210903726518154144e-02
8.028371632099151611e-02,-2.271150797605514526e-02,1.669640839099884033e-02
8.175848424434661865e-02,-1.336118113249540329e-02,9.646637365221977234e-03
8.230092376470565796e-02,3.472502576187252998e-03,-2.512334100902080536e-02
8.363828063011169434e-02,1.618838869035243988e-02,-4.816019162535667419e-02
8.742889016866683960e-02,2.941966056823730469e-02,-5.953129008412361145e-02
8.743578195571899414e-02,4.937209933996200562e-02,-7.899861782789230347e-02
7.760368287563323975e-02,6.549397855997085571e-02,-9.895987808704376221e-02
7.049041241407394409e-02,7.488647848367691040e-02,-1.053975224494934082e-01
6.421706080436706543e-02,9.189446270465850830e-02,-1.219475567340850830e-01
5.144769325852394104e-02,9.609996527433395386e-02,-1.438995003700256348e-01
4.058241844177246094e-02,1.007720902562141418e-01,-1.608218699693679810e-01
3.445458784699440002e-02,9.584553539752960205e-02,-1.666486114263534546e-01
1.324609015136957169e-02,8.896510303020477295e-02,-2.218675762414932251e-01
5.284214392304420471e-03,8.866135776042938232e-02,-2.575686872005462646e-01
-2.105023246258497238e-03,7.950130850076675415e-02,-2.804054617881774902e-01
-7.480181753635406494e-03,7.151181995868682861e-02,-2.921041548252105713e-01
-5.698868539184331894e-03,6.330048292875289917e-02,-3.162170350551605225e-01
-1.566169224679470062e-02,5.038505792617797852e-02,-3.336561620235443115e-01
-1.675228029489517212e-02,3.504831343889236450e-02,-3.587133586406707764e-01
-9.599356912076473236e-03,1.554851047694683075e-02,-3.842985332012176514e-01
-8.073890581727027893e-03,9.228884242475032806e-03,-3.966499269008636475e-01
-1.311385259032249451e-02,-7.011644076555967331e-03,-3.933982849121093750e-01
-9.724711999297142029e-03,-2.292447723448276520e-02,-4.064091444015502930e-01
1.331281941384077072e-02,-3.565824031829833984e-02,-4.349438250064849854e-01
2.019279450178146362e-02,-4.255201667547225952e-02,-4.502053558826446533e-01
2.526298724114894867e-02,-4.455694556236267090e-02,-4.565912485122680664e-01
2.191530354321002960e-02,-5.272149667143821716e-02,-4.634745419025421143e-01
3.248839452862739563e-02,-5.777886137366294861e-02,-4.592843949794769287e-01
4.398622363805770874e-02,-5.423634871840476990e-02,-4.795512855052947998e-01
4.501259326934814453e-02,-5.997610092163085938e-02,-4.964851438999176025e-01
5.463901162147521973e-02,-5.911026522517204285e-02,-5.330945253372192383e-01
7.418220490217208862e-02,-5.087484046816825867e-02,-5.367796421051025391e-01
8.770327270030975342e-02,-3.876169025897979736e-02,-5.601997375488281250e-01
7.943388074636459351e-02,7.262084167450666428e-03,-5.867111086845397949e-01
4.554536566138267517e-02,1.731852628290653229e-02,-5.959096550941467285e-01
6.278347223997116089e-02,2.737712673842906952e-02,-6.180401444435119629e-01
6.421881169080734253e-02,4.596700519323348999e-02,-6.405529975891113281e-01
5.419389158487319946e-02,5.816998705267906189e-02,-6.497037410736083984e-01
3.009814582765102386e-02,7.624886929988861084e-02,-7.040829062461853027e-01
3.267451375722885132e-02,6.231933832168579102e-02,-7.179854512214660645e-01
1.882581971585750580e-02,5.685960128903388977e-02,-7.328917384147644043e-01
1.776782050728797913e-02,5.549537390470504761e-02,-7.369781732559204102e-01
7.487085182219743729e-03,6.392022222280502319e-02,-7.477784156799316406e-01
1.522856578230857849e-02,6.093603372573852539e-02,-7.561569213867187500e-01
7.139752060174942017e-02,1.368598267436027527e-02,-7.767184972763061523e-01
1.161619871854782104e-01,-3.635650500655174255e-02,-7.915795445442199707e-01
1.127790138125419617e-01,-4.016948491334915161e-02,-7.949828505516052246e-01
1.073819920420646667e-01,-5.331054329872131348e-02,-7.995678186416625977e-01
9.524493664503097534e-02,-5.215713009238243103e-02,-8.098601698875427246e-01
1.363819390535354614e-01,-6.800403445959091187e-02,-8.294946551322937012e-01
8.384851366281509399e-02,-5.405058339238166809e-02,-8.409919738769531250e-01
-4.517229739576578140e-03,-6.704449653625488281e-02,-8.567188978195190430e-01
-7.035025861114263535e-03,-9.874135255813598633e-02,-8.719201683998107910e-01
-9.737709164619445801e-02,-7.525863498449325562e-02,-8.809456229209899902e-01
-8.620020747184753418e-02,-5.530187860131263733e-02,-9.009430408477783203e-01
-1.374886333942413330e-01,-9.213961660861968994e-02,-9.053949117660522461e-01
