-9.662779048085212708e-03,2.541250176727771759e-02,-3.117849584668874741e-03,-9.996255636215209961e-01
-1.347667630761861801e-02,2.487961947917938232e-02,-5.963709554634988308e-04,-9.995994567871093750e-01
-2.713947743177413940e-02,3.206019103527069092e-02,1.096150930970907211e-02,-9.990573525428771973e-01
-8.077388256788253784e-02,4.944700747728347778e-02,3.178869932889938354e-02,-9.949975013732910156e-01
-1.571811139583587646e-01,7.530625909566879272e-02,5.355110391974449158e-02,-9.832372069358825684e-01
-2.846193909645080566e-01,1.018459498882293701e-01,1.014412716031074524e-01,-9.478021264076232910e-01
-2.846193909645080566e-01,1.018459498882293701e-01,1.014412716031074524e-01,-9.478021264076232910e-01
-2.706764936447143555e-01,9.890104830265045166e-02,1.522203683853149414e-01,-9.454002976417541504e-01
-2.706764936447143555e-01,9.890104830265045166e-02,1.522203683853149414e-01,-9.454002976417541504e-01
-2.347887605428695679e-01,9.034341573715209961e-02,2.254321724176406860e-01,-9.412187337875366211e-01
-2.377176731824874878e-01,8.710300177335739136e-02,2.400735616683959961e-01,-9.371595978736877441e-01
-2.377176731824874878e-01,8.710300177335739136e-02,2.400735616683959961e-01,-9.371595978736877441e-01
-2.168577164411544800e-01,4.958586394786834717e-02,2.872910797595977783e-01,-9.316533207893371582e-01
-2.168577164411544800e-01,4.958586394786834717e-02,2.872910797595977783e-01,-9.316533207893371582e-01
-1.770038753747940063e-01,2.215055376291275024e-02,3.081699609756469727e-01,-9.344571828842163086e-01
-1.415716111660003662e-01,-7.641486823558807373e-03,3.279149234294891357e-01,-9.340079426765441895e-01
-4.086126759648323059e-02,-3.602037951350212097e-02,3.635656237602233887e-01,-9.299746751785278320e-01
3.628619387745857239e-02,-5.999979004263877869e-02,3.762496113777160645e-01,-9.238612651824951172e-01
9.647662192583084106e-02,-7.960508763790130615e-02,3.823412060737609863e-01,-9.155164957046508789e-01
1.079063937067985535e-01,-8.583348989486694336e-02,3.878796994686126709e-01,-9.113386869430541992e-01
1.771413683891296387e-01,-6.412997841835021973e-02,3.872531652450561523e-01,-9.025204777717590332e-01
1.862996369600296021e-01,-5.884163081645965576e-02,3.848306238651275635e-01,-9.020729660987854004e-01
1.921983212232589722e-01,-5.508424714207649231e-02,3.833885788917541504e-01,-9.016866087913513184e-01
1.979584097862243652e-01,-5.326217412948608398e-02,3.796443939208984375e-01,-9.021340608596801758e-01
2.154758870601654053e-01,-4.209344461560249329e-02,3.569228947162628174e-01,-9.079671502113342285e-01
2.196890413761138916e-01,-4.342604428529739380e-02,3.498890995979309082e-01,-9.096310138702392578e-01
2.196890413761138916e-01,-4.342604428529739380e-02,3.498890995979309082e-01,-9.096310138702392578e-01
2.182238399982452393e-01,-5.417462065815925598e-02,3.232748210430145264e-01,-9.192044734954833984e-01
2.184216678142547607e-01,-5.665835365653038025e-02,3.132012784481048584e-01,-9.224894642829895020e-01
2.164638191461563110e-01,-6.253998726606369019e-02,2.991630733013153076e-01,-9.272181987762451172e-01
2.122995853424072266e-01,-6.666366010904312134e-02,2.803989052772521973e-01,-9.337351322174072266e-01
2.064469903707504272e-01,-7.115543633699417114e-02,2.787213623523712158e-01,-9.352171421051025391e-01
1.923555284738540649e-01,-6.941789388656616211e-02,2.617666125297546387e-01,-9.432172775268554688e-01
1.485373526811599731e-01,-6.910415738821029663e-02,2.282875180244445801e-01,-9.597114920616149902e-01
1.403546482324600220e-01,-6.651570647954940796e-02,2.194233238697052002e-01,-9.631872177124023438e-01
1.094140559434890747e-01,-6.803764402866363525e-02,2.072977870702743530e-01,-9.697561860084533691e-01
4.401193559169769287e-02,-5.924700573086738586e-02,1.644902676343917847e-01,-9.836136102676391602e-01
2.836091443896293640e-02,-6.073160469532012939e-02,1.544297188520431519e-01,-9.857276082038879395e-01
-2.189614810049533844e-03,-6.081189587712287903e-02,1.346213966608047485e-01,-9.890269637107849121e-01
-3.128640353679656982e-02,-5.362191051244735718e-02,1.128453165292739868e-01,-9.916712641716003418e-01
-6.176878139376640320e-02,-3.704611957073211670e-02,8.102172613143920898e-02,-9.941064715385437012e-01
-7.986629754304885864e-02,-2.778975851833820343e-02,6.235259026288986206e-02,-9.944652915000915527e-01
-9.160210192203521729e-02,-9.759237989783287048e-03,3.258702158927917480e-02,-9.952145814895629883e-01
-9.425801038742065430e-02,-4.523741081357002258e-03,1.198550034314393997e-02,-9.954653978347778320e-01
-7.553496211767196655e-02,1.296116784214973450e-02,-1.923425868153572083e-02,-9.968734383583068848e-01
-6.545936316251754761e-02,2.028358727693557739e-02,-3.956774249672889709e-02,-9.968641400337219238e-01
-5.714634433388710022e-02,2.510442957282066345e-02,-4.949971660971641541e-02,-9.968219399452209473e-01
-4.750551283359527588e-02,2.701773308217525482e-02,-5.718719959259033203e-02,-9.968665242195129395e-01
-3.892861306667327881e-02,3.016333468258380890e-02,-6.551912426948547363e-02,-9.966353774070739746e-01
-1.468813698738813400e-02,3.314793109893798828e-02,-8.267698436975479126e-02,-9.959166646003723145e-01
1.505431905388832092e-02,3.868279978632926941e-02,-1.067720651626586914e-01,-9.934167861938476562e-01
3.688997030258178711e-02,3.441041335463523865e-02,-1.222254559397697449e-01,-9.912195205688476562e-01
6.329951435327529907e-02,2.410518191754817963e-02,-1.432186216115951538e-01,-9.873705506324768066e-01
9.892280399799346924e-02,1.972617208957672119e-02,-1.689082086086273193e-01,-9.804567098617553711e-01
1.050735339522361755e-01,1.448631845414638519e-02,-1.754733026027679443e-01,-9.787537455558776855e-01
1.097894832491874695e-01,1.097461488097906113e-02,-1.808201521635055542e-01,-9.773075580596923828e-01
1.097894832491874695e-01,1.097461488097906113e-02,-1.808201521635055542e-01,-9.773075580596923828e-01
1.199002191424369812e-01,-2.098402008414268494e-02,-2.041197419166564941e-01,-9.713490009307861328e-01
1.202956438064575195e-01,-2.761987410485744476e-02,-2.160819619894027710e-01,-9.685426354408264160e-01
1.188924834132194519e-01,-2.702875435352325439e-02,-2.241191565990447998e-01,-9.669046401977539062e-01
1.137012988328933716e-01,-4.212994500994682312e-02,-2.430350482463836670e-01,-9.624090790748596191e-01
1.079762056469917297e-01,-5.141758546233177185e-02,-2.502765655517578125e-01,-9.607596397399902344e-01
1.021993011236190796e-01,-5.482531711459159851e-02,-2.554685771465301514e-01,-9.598361253738403320e-01
9.191527217626571655e-02,-5.844606831669807434e-02,-2.658197283744812012e-01,-9.578495025634765625e-01
7.825276255607604980e-02,-6.443427503108978271e-02,-2.754449248313903809e-01,-9.559575319290161133e-01
4.827960953116416931e-02,-5.583772808313369751e-02,-3.080193996429443359e-01,-9.485121965408325195e-01
1.366654504090547562e-02,-4.196566343307495117e-02,-3.478051424026489258e-01,-9.365274906158447266e-01
7.638370618224143982e-03,-3.567954897880554199e-02,-3.553289473056793213e-01,-9.340289831161499023e-01
7.638370618224143982e-03,-3.567954897880554199e-02,-3.553289473056793213e-01,-9.340289831161499023e-01
-4.859805107116699219e-03,-3.439337760210037231e-02,-3.635977506637573242e-01,-9.309082627296447754e-01
-1.911104097962379456e-02,-2.308853529393672943e-02,-3.787256479263305664e-01,-9.250236153602600098e-01
-3.419779986143112183e-02,1.535912742838263512e-03,-4.123949706554412842e-01,-9.103618860244750977e-01
-3.419779986143112183e-02,1.535912742838263512e-03,-4.123949706554412842e-01,-9.103618860244750977e-01
-3.680749237537384033e-02,9.542330168187618256e-03,-4.282774627208709717e-01,-9.028469324111938477e-01
-3.142127022147178650e-02,1.891409419476985931e-02,-4.452483355998992920e-01,-8.946557044982910156e-01
-2.143391035497188568e-02,2.446918748319149017e-02,-4.642198979854583740e-01,-8.851224780082702637e-01
-1.820769719779491425e-02,3.152041137218475342e-02,-4.805259406566619873e-01,-8.762246966361999512e-01
-9.733726270496845245e-03,4.848242551088333130e-02,-4.994226098060607910e-01,-8.649460673332214355e-01
-3.690876183100044727e-04,4.924052953720092773e-02,-5.192221403121948242e-01,-8.532195687294006348e-01
2.244077622890472412e-02,4.856045544147491455e-02,-5.450550913810729980e-01,-8.366918563842773438e-01
4.430691897869110107e-02,4.604718834161758423e-02,-5.659277439117431641e-01,-8.219747543334960938e-01
5.110007897019386292e-02,4.387985914945602417e-02,-5.719496607780456543e-01,-8.175187706947326660e-01
6.012393534183502197e-02,3.982016444206237793e-02,-5.855759382247924805e-01,-8.074034452438354492e-01
6.803201138973236084e-02,3.645376116037368774e-02,-5.990291237831115723e-01,-7.969987988471984863e-01
7.018372416496276855e-02,3.314218670129776001e-02,-6.083403825759887695e-01,-7.898719906806945801e-01
7.989970594644546509e-02,3.033266402781009674e-02,-6.247156858444213867e-01,-7.761613130569458008e-01
7.989970594644546509e-02,3.033266402781009674e-02,-6.247156858444213867e-01,-7.761613130569458008e-01
8.518162369728088379e-02,2.599065937101840973e-02,-6.316554546356201172e-01,-7.701168060302734375e-01
9.047380834817886353e-02,2.415352873504161835e-02,-6.428076624870300293e-01,-7.602825760841369629e-01
8.175139874219894409e-02,1.553881447762250900e-02,-6.578467488288879395e-01,-7.485405802726745605e-01
8.013462275266647339e-02,1.122858002781867981e-02,-6.619865298271179199e-01,-7.451350092887878418e-01
7.742749154567718506e-02,3.254519775509834290e-03,-6.840934753417968750e-01,-7.252659201622009277e-01
8.155255764722824097e-02,-1.190096489153802395e-03,-6.960753202438354492e-01,-7.133210301399230957e-01
7.631431519985198975e-02,1.041161245666444302e-03,-7.034866213798522949e-01,-7.065987586975097656e-01
7.414566725492477417e-02,2.774071646854281425e-03,-7.160698771476745605e-01,-6.940739750862121582e-01
7.036931067705154419e-02,6.685082800686359406e-03,-7.230042219161987305e-01,-6.872178316116333008e-01
6.445699185132980347e-02,1.783630065619945526e-02,-7.396103143692016602e-01,-6.697042584419250488e-01
6.131177395582199097e-02,2.296978607773780823e-02,-7.529084086418151855e-01,-6.548604369163513184e-01
5.383576452732086182e-02,2.787580341100692749e-02,-7.573087811470031738e-01,-6.502370238304138184e-01
4.160260036587715149e-02,3.491154313087463379e-02,-7.784544825553894043e-01,-6.253471374511718750e-01
3.550174832344055176e-02,3.653516992926597595e-02,-7.832887768745422363e-01,-6.195671558380126953e-01
2.311899513006210327e-02,4.210806638002395630e-02,-7.960900664329528809e-01,-6.032686233520507812e-01
8.773347362875938416e-03,5.332182347774505615e-02,-8.192903995513916016e-01,-5.708267688751220703e-01
2.094271592795848846e-03,5.798664316534996033e-02,-8.334829807281494141e-01,-5.494900941848754883e-01
2.094271592795848846e-03,5.798664316534996033e-02,-8.334829807281494141e-01,-5.494900941848754883e-01
1.265793544007465243e-04,6.056991219520568848e-02,-8.393280506134033203e-01,-5.402404665946960449e-01
8.314195438288152218e-04,6.447130441665649414e-02,-8.602225184440612793e-01,-5.058261156082153320e-01
-1.571572385728359222e-03,6.245865672826766968e-02,-8.632816076278686523e-01,-5.008406043052673340e-01
5.700979847460985184e-03,5.879962071776390076e-02,-8.801524639129638672e-01,-4.710009694099426270e-01
6.203448865562677383e-03,5.969568341970443726e-02,-8.844674229621887207e-01,-4.627261459827423096e-01
6.787621881812810898e-03,5.660700425505638123e-02,-8.870984315872192383e-01,-4.580459296703338623e-01
8.990439586341381073e-03,5.437970906496047974e-02,-8.904429674148559570e-01,-4.517447054386138916e-01
9.842276573181152344e-03,5.585705488920211792e-02,-9.007586240768432617e-01,-4.306006729602813721e-01
1.342036481946706772e-02,4.975911229848861694e-02,-9.077050685882568359e-01,-4.164319038391113281e-01
2.413764223456382751e-02,3.704024106264114380e-02,-9.162451028823852539e-01,-3.981713056564331055e-01
2.544839121401309967e-02,3.307854756712913513e-02,-9.208698272705078125e-01,-3.876299858093261719e-01
2.873782999813556671e-02,3.536308929324150085e-02,-9.347174167633056641e-01,-3.524584174156188965e-01
3.344194218516349792e-02,2.445200458168983459e-02,-9.435696601867675781e-01,-3.285726904869079590e-01
3.079753741621971130e-02,2.023106254637241364e-02,-9.516184329986572266e-01,-3.050648868083953857e-01
2.198084816336631775e-02,1.940802671015262604e-02,-9.587984681129455566e-01,-2.825699448585510254e-01
1.962094940245151520e-02,2.061287313699722290e-02,-9.612631797790527344e-01,-2.741594612598419189e-01
2.120820060372352600e-02,1.984229870140552521e-02,-9.639768600463867188e-01,-2.643959522247314453e-01
2.039030939340591431e-02,2.588512748479843140e-02,-9.673405289649963379e-01,-2.513295412063598633e-01
2.747942321002483368e-02,2.199690602719783783e-02,-9.727521538734436035e-01,-2.291603535413742065e-01
2.078358083963394165e-02,2.544333226978778839e-02,-9.756084680557250977e-01,-2.170455455780029297e-01
1.509305834770202637e-02,3.111297264695167542e-02,-9.803227782249450684e-01,-1.943489015102386475e-01
1.716293767094612122e-02,2.821957506239414215e-02,-9.814446568489074707e-01,-1.888800859451293945e-01
2.131048962473869324e-02,3.714770451188087463e-02,-9.854534268379211426e-01,-1.644617021083831787e-01
3.098526038229465485e-02,3.540683910250663757e-02,-9.869745969772338867e-01,-1.538421213626861572e-01
3.672915324568748474e-02,2.970479242503643036e-02,-9.883354902267456055e-01,-1.447809189558029175e-01
3.110548108816146851e-02,2.736939862370491028e-02,-9.918956160545349121e-01,-1.201103031635284424e-01
3.940895944833755493e-02,2.191833034157752991e-02,-9.947068691253662109e-01,-9.232974052429199219e-02
3.683799877762794495e-02,2.239600941538810730e-02,-9.954506158828735352e-01,-8.496778458356857300e-02
3.361822664737701416e-02,2.206263504922389984e-02,-9.974352121353149414e-01,-5.921311676502227783e-02
3.313154727220535278e-02,2.626108191907405853e-02,-9.977604746818542480e-01,-5.183355510234832764e-02
3.641333431005477905e-02,2.623544260859489441e-02,-9.982726573944091797e-01,-3.791674599051475525e-02
3.729963302612304688e-02,2.783552557229995728e-02,-9.988087415695190430e-01,-1.466678921133279800e-02
3.291637822985649109e-02,2.768342755734920502e-02,-9.990746974945068359e-01,2.235566353192552924e-04
2.967042103409767151e-02,2.675505355000495911e-02,-9.991528987884521484e-01,9.867451153695583344e-03
3.210953250527381897e-02,2.856829762458801270e-02,-9.988578557968139648e-01,2.087529376149177551e-02
3.201306611299514771e-02,2.479081787168979645e-02,-9.987196922302246094e-01,3.032466210424900055e-02
2.676150947809219360e-02,2.318734489381313324e-02,-9.983467459678649902e-01,4.527628794312477112e-02
3.441334469243884087e-03,2.691928111016750336e-02,-9.962490200996398926e-01,8.216682076454162598e-02
5.639893934130668640e-03,2.709715254604816437e-02,-9.942794442176818848e-01,1.031618267297744751e-01
4.951539449393749237e-03,2.660926431417465210e-02,-9.937598109245300293e-01,1.082082539796829224e-01
2.329129958525300026e-03,3.178624808788299561e-02,-9.897153973579406738e-01,1.394548118114471436e-01
1.556845614686608315e-03,3.667980059981346130e-02,-9.883145093917846680e-01,1.479415893554687500e-01
-6.723827216774225235e-03,5.023029819130897522e-02,-9.808916449546813965e-01,1.878384053707122803e-01
-7.468554191291332245e-03,4.938429221510887146e-02,-9.791257977485656738e-01,1.970229744911193848e-01
-6.823881063610315323e-03,4.887934774160385132e-02,-9.770362377166748047e-01,2.072787880897521973e-01
-1.033477950841188431e-02,5.220578983426094055e-02,-9.691067337989807129e-01,2.408316731452941895e-01
1.875382498838007450e-03,5.376746505498886108e-02,-9.631869196891784668e-01,2.633945345878601074e-01
7.421227172017097473e-03,5.042154714465141296e-02,-9.576705694198608398e-01,2.833191752433776855e-01
9.352207183837890625e-03,5.314104631543159485e-02,-9.535607695579528809e-01,2.963285744190216064e-01
1.508880779147148132e-02,5.343346297740936279e-02,-9.519345164299011230e-01,3.012271821498870850e-01
1.508880779147148132e-02,5.343346297740936279e-02,-9.519345164299011230e-01,3.012271821498870850e-01
1.912945695221424103e-02,5.769184976816177368e-02,-9.459422826766967773e-01,3.185892403125762939e-01
2.652712166309356689e-02,5.447506159543991089e-02,-9.405416250228881836e-01,3.342308104038238525e-01
2.417636103928089142e-02,5.228503793478012085e-02,-9.398407340049743652e-01,3.367211520671844482e-01
2.535162121057510376e-02,5.246833711862564087e-02,-9.296892285346984863e-01,3.637065291404724121e-01
2.038203738629817963e-02,5.020251125097274780e-02,-9.268720746040344238e-01,3.714466691017150879e-01
2.302580140531063080e-02,3.779701888561248779e-02,-9.048894643783569336e-01,4.233393669128417969e-01
1.980045996606349945e-02,3.528000041842460632e-02,-8.968619108200073242e-01,4.404565989971160889e-01
1.130618248134851456e-02,3.379384800791740417e-02,-8.873845338821411133e-01,4.596508443355560303e-01
7.177177816629409790e-03,2.687867172062397003e-02,-8.813591599464416504e-01,4.716269373893737793e-01
-7.799104787409305573e-04,2.549820579588413239e-02,-8.771679401397705078e-01,4.795056879520416260e-01
5.608765059150755405e-04,2.243889868259429932e-02,-8.746862411499023438e-01,4.841697812080383301e-01
2.506816759705543518e-03,1.732728257775306702e-02,-8.689351081848144531e-01,4.946164786815643311e-01
-4.008515272289514542e-03,1.642798632383346558e-02,-8.657393455505371094e-01,5.002093911170959473e-01
-1.011884026229381561e-02,1.612261869013309479e-02,-8.615623116493225098e-01,5.072949528694152832e-01
-1.882250420749187469e-02,1.634802296757698059e-02,-8.460683822631835938e-01,5.324909687042236328e-01
-2.737463265657424927e-02,1.851477473974227905e-02,-8.382657766342163086e-01,5.442596673965454102e-01
-3.510797023773193359e-02,1.880859583616256714e-02,-8.290951848030090332e-01,5.576870441436767578e-01
-4.956698790192604065e-02,2.672768384218215942e-02,-8.122798204421997070e-01,5.805430412292480469e-01
-4.956698790192604065e-02,2.672768384218215942e-02,-8.122798204421997070e-01,5.805430412292480469e-01
-5.448423326015472412e-02,3.291396051645278931e-02,-8.024660944938659668e-01,5.932927131652832031e-01
-6.590552628040313721e-02,3.821475058794021606e-02,-7.844331264495849609e-01,6.155166029930114746e-01
-7.242413610219955444e-02,4.120401665568351746e-02,-7.690511345863342285e-01,6.337329745292663574e-01
-7.460316270589828491e-02,4.605000093579292297e-02,-7.635804414749145508e-01,6.397333741188049316e-01
-6.273889541625976562e-02,5.610907077789306641e-02,-7.467728853225708008e-01,6.597316861152648926e-01
-6.328272819519042969e-02,5.728843808174133301e-02,-7.413300871849060059e-01,6.656899452209472656e-01
-5.267480015754699707e-02,5.568929761648178101e-02,-7.222718596458435059e-01,6.873481273651123047e-01
-5.005474761128425598e-02,5.323139205574989319e-02,-7.174921035766601562e-01,6.927236914634704590e-01
-4.018646478652954102e-02,5.734340846538543701e-02,-7.021923065185546875e-01,7.085357308387756348e-01
-2.313051745295524597e-02,5.765385180711746216e-02,-6.910349130630493164e-01,7.201471328735351562e-01
-7.873178459703922272e-03,4.935667663812637329e-02,-6.629286408424377441e-01,7.470124959945678711e-01
-7.873178459703922272e-03,4.935667663812637329e-02,-6.629286408424377441e-01,7.470124959945678711e-01
-7.757747080177068710e-03,4.697940498590469360e-02,-6.526422500610351562e-01,7.561685442924499512e-01
-4.922111053019762039e-03,3.960301727056503296e-02,-6.441228985786437988e-01,7.638803720474243164e-01
-1.246892567723989487e-02,2.364452928304672241e-02,-6.219820380210876465e-01,7.825751900672912598e-01
-1.513316575437784195e-02,1.761243864893913269e-02,-6.027577519416809082e-01,7.975863814353942871e-01
-1.877372339367866516e-02,2.062901481986045837e-02,-5.909244418144226074e-01,8.062446117401123047e-01
-2.170838601887226105e-02,1.926270313560962677e-02,-5.773417949676513672e-01,8.159866333007812500e-01
-2.426354400813579559e-02,-2.930650953203439713e-04,-5.433292388916015625e-01,8.391690254211425781e-01
-2.762575447559356689e-02,-1.825133949751034379e-04,-5.347946286201477051e-01,8.445304036140441895e-01
-3.163820505142211914e-02,1.954437233507633209e-03,-5.272789001464843750e-01,8.491008877754211426e-01
-3.363545611500740051e-02,3.656177781522274017e-03,-5.202265977859497070e-01,8.533577919006347656e-01
-4.537358507513999939e-02,9.125758893787860870e-03,-4.957666099071502686e-01,8.672217130661010742e-01
-5.089608579874038696e-02,1.402465626597404480e-02,-4.662224352359771729e-01,8.830909132957458496e-01
-5.011387169361114502e-02,1.405046414583921432e-02,-4.604828059673309326e-01,8.861415982246398926e-01
-6.841610372066497803e-02,1.531139388680458069e-02,-4.249028265476226807e-01,9.025200605392456055e-01
-6.838910281658172607e-02,2.187450416386127472e-02,-4.143389463424682617e-01,9.072858691215515137e-01
-6.838910281658172607e-02,2.187450416386127472e-02,-4.143389463424682617e-01,9.072858691215515137e-01
-6.838910281658172607e-02,2.187450416386127472e-02,-4.143389463424682617e-01,9.072858691215515137e-01
-6.696626543998718262e-02,3.023231960833072662e-02,-4.010865390300750732e-01,9.130887985229492188e-01
-6.793624162673950195e-02,2.899469435214996338e-02,-3.839623630046844482e-01,9.203895926475524902e-01
-6.357809901237487793e-02,3.487308695912361145e-02,-3.663161396980285645e-01,9.276606440544128418e-01
-6.361525505781173706e-02,3.595498949289321899e-02,-3.522595763206481934e-01,9.330452680587768555e-01
-6.636118143796920776e-02,4.375572502613067627e-02,-3.392188251018524170e-01,9.373431801795959473e-01
-5.844029411673545837e-02,5.601834878325462341e-02,-3.013282716274261475e-01,9.500778913497924805e-01
-5.683095008134841919e-02,5.391832813620567322e-02,-2.942007184028625488e-01,9.525277614593505859e-01
-5.512192472815513611e-02,5.512449517846107483e-02,-2.870874702930450439e-01,9.547269940376281738e-01
-5.526793375611305237e-02,5.426280573010444641e-02,-2.771815955638885498e-01,9.576906561851501465e-01
-5.339880660176277161e-02,5.779580771923065186e-02,-2.598688900470733643e-01,9.624325037002563477e-01
-4.990668594837188721e-02,5.618057399988174438e-02,-2.506234347820281982e-01,9.651637673377990723e-01
-4.229685291647911072e-02,4.577500373125076294e-02,-2.306666374206542969e-01,9.710347652435302734e-01
-3.409667313098907471e-02,4.202376306056976318e-02,-2.164219021797180176e-01,9.747989773750305176e-01
-2.722130715847015381e-02,2.458769641816616058e-02,-1.778869777917861938e-01,9.833670854568481445e-01
-2.284616790711879730e-02,2.192200720310211182e-02,-1.623015850782394409e-01,9.862331151962280273e-01
-2.471826411783695221e-02,1.922604441642761230e-02,-1.530872881412506104e-01,9.877163767814636230e-01
-2.703629620373249054e-02,1.904994621872901917e-02,-1.329372376203536987e-01,9.905724525451660156e-01
-3.198942542076110840e-02,1.630574092268943787e-02,-1.237310767173767090e-01,9.916660189628601074e-01
-4.049330949783325195e-02,1.743602566421031952e-02,-1.056868806481361389e-01,9.934216737747192383e-01
-3.816089034080505371e-02,1.596950553357601166e-02,-8.790615200996398926e-02,9.952695369720458984e-01
-3.611865267157554626e-02,9.521127678453922272e-03,-6.701884418725967407e-02,9.970523118972778320e-01
-3.657954931259155273e-02,9.003869257867336273e-03,-4.995661601424217224e-02,9.980407953262329102e-01
-4.143977165222167969e-02,1.373968739062547684e-02,-3.328064084053039551e-02,9.984921216964721680e-01
-4.583935812115669250e-02,2.034513093531131744e-02,-1.532003097236156464e-02,9.986240863800048828e-01
-4.761501774191856384e-02,2.656269632279872894e-02,-4.199620161671191454e-04,9.985124468803405762e-01
-4.622350260615348816e-02,3.253117948770523071e-02,1.372086443006992340e-02,9.983069896697998047e-01
-3.943297266960144043e-02,3.894479572772979736e-02,2.638970501720905304e-02,9.981141686439514160e-01
-3.761881589889526367e-02,4.037827625870704651e-02,4.101052135229110718e-02,9.976335167884826660e-01
-4.019507020711898804e-02,4.206723347306251526e-02,5.549842119216918945e-02,9.967621564865112305e-01
-3.934798762202262878e-02,4.419647529721260071e-02,6.846050173044204712e-02,9.958974123001098633e-01
-3.906812891364097595e-02,3.906354308128356934e-02,8.983158320188522339e-02,9.944235086441040039e-01
-3.972925990819931030e-02,3.625895455479621887e-02,1.138511970639228821e-01,9.920406937599182129e-01
-3.141106665134429932e-02,3.576110675930976868e-02,1.495659053325653076e-01,9.876055121421813965e-01
-2.923325076699256897e-02,3.778214752674102783e-02,1.577680706977844238e-01,9.863200187683105469e-01
-2.923325076699256897e-02,3.778214752674102783e-02,1.577680706977844238e-01,9.863200187683105469e-01
-2.923325076699256897e-02,3.778214752674102783e-02,1.577680706977844238e-01,9.863200187683105469e-01
-2.773266471922397614e-02,3.570626676082611084e-02,1.747685074806213379e-01,9.835711121559143066e-01
-2.768221870064735413e-02,2.382317930459976196e-02,1.912731528282165527e-01,9.808571934700012207e-01
-2.844516187906265259e-02,1.594224013388156891e-02,2.113666087388992310e-01,9.768627882003784180e-01
-3.611046448349952698e-02,9.597933851182460785e-03,2.522593736648559570e-01,9.669380784034729004e-01
-3.829454630613327026e-02,8.156572468578815460e-03,2.613576650619506836e-01,9.644475579261779785e-01
-3.974383324384689331e-02,-5.423747468739748001e-03,2.908124327659606934e-01,9.559389352798461914e-01
-3.755068406462669373e-02,-6.970176007598638535e-03,3.194290995597839355e-01,9.468402266502380371e-01
-3.928233683109283447e-02,-4.695844370871782303e-03,3.391076922416687012e-01,9.399154186248779297e-01
-3.966258466243743896e-02,-1.262269332073628902e-03,3.536927103996276855e-01,9.345195889472961426e-01
-3.871101886034011841e-02,3.443649737164378166e-03,3.696554601192474365e-01,9.283558130264282227e-01
-4.095400497317314148e-02,5.139489192515611649e-03,4.056011140346527100e-01,9.131177663803100586e-01
-4.883645474910736084e-02,8.470111526548862457e-03,4.268506467342376709e-01,9.029627442359924316e-01
-5.068436637520790100e-02,1.101341098546981812e-02,4.310118556022644043e-01,9.008544683456420898e-01
-5.362112075090408325e-02,1.321798097342252731e-02,4.504127204418182373e-01,8.911108374595642090e-01
-5.058674886822700500e-02,1.148522831499576569e-02,4.601216316223144531e-01,8.863392472267150879e-01
-4.848939552903175354e-02,1.686185598373413086e-02,4.776609539985656738e-01,8.770430684089660645e-01
-4.715658724308013916e-02,2.447673678398132324e-02,4.862488508224487305e-01,8.722037076950073242e-01
-4.556996002793312073e-02,2.416025288403034210e-02,4.975556731224060059e-01,8.658971786499023438e-01
-4.432685300707817078e-02,2.515683136880397797e-02,5.079190135002136230e-01,8.598957061767578125e-01
-3.435090929269790649e-02,1.922690495848655701e-02,5.184237360954284668e-01,8.542172908782958984e-01
-2.071764878928661346e-02,3.814410883933305740e-03,5.355664491653442383e-01,8.442302942276000977e-01
-1.723671890795230865e-02,5.720187909901142120e-04,5.509437918663024902e-01,8.343641161918640137e-01
-1.328064780682325363e-02,-5.686111282557249069e-03,5.703614354133605957e-01,8.212668299674987793e-01
-1.268318761140108109e-02,-1.860866136848926544e-02,5.845750570297241211e-01,8.110270500183105469e-01
-3.744615009054541588e-03,-3.504863381385803223e-02,6.031363010406494141e-01,7.968590259552001953e-01
-4.933319985866546631e-03,-3.593613207340240479e-02,6.179180741310119629e-01,7.854053378105163574e-01
-4.933319985866546631e-03,-3.593613207340240479e-02,6.179180741310119629e-01,7.854053378105163574e-01
-6.601580884307622910e-03,-4.121259227395057678e-02,6.240729093551635742e-01,7.802505493164062500e-01
-1.626792363822460175e-02,-3.669543936848640442e-02,6.378530859947204590e-01,7.691113352775573730e-01
-3.328943997621536255e-02,-4.157337173819541931e-02,6.555134057998657227e-01,7.533031702041625977e-01
-4.399614781141281128e-02,-4.180560633540153503e-02,6.721785664558410645e-01,7.378975152969360352e-01
-4.430079087615013123e-02,-4.266539588570594788e-02,6.801637411117553711e-01,7.304754853248596191e-01
-4.849795997142791748e-02,-4.443823173642158508e-02,6.936113238334655762e-01,7.173399925231933594e-01
-5.906040966510772705e-02,-3.832713514566421509e-02,6.988697648048400879e-01,7.117752432823181152e-01
-6.363227218389511108e-02,-4.273074120283126831e-02,7.087101936340332031e-01,7.013236880302429199e-01
-7.312578707933425903e-02,-4.762829467654228210e-02,7.293652296066284180e-01,6.785355806350708008e-01
-7.312578707933425903e-02,-4.762829467654228210e-02,7.293652296066284180e-01,6.785355806350708008e-01
-7.433997094631195068e-02,-4.603849723935127258e-02,7.385233640670776367e-01,6.685337424278259277e-01
-7.608417421579360962e-02,-4.152568057179450989e-02,7.550529837608337402e-01,6.499090790748596191e-01
-8.010314404964447021e-02,-3.672078251838684082e-02,7.675877809524536133e-01,6.348574757575988770e-01
-8.144909143447875977e-02,-3.745219856500625610e-02,7.705906033515930176e-01,6.309940218925476074e-01
-7.657623291015625000e-02,-3.370844200253486633e-02,7.812607288360595703e-01,6.185721755027770996e-01
-7.145932316780090332e-02,-3.258120641112327576e-02,7.928600907325744629e-01,6.043218374252319336e-01
-7.054729014635086060e-02,-3.376843035221099854e-02,8.170181512832641602e-01,5.712828040122985840e-01
-6.935768574476242065e-02,-3.312056139111518860e-02,8.215094208717346191e-01,5.649911165237426758e-01
-6.186273694038391113e-02,-2.811858616769313812e-02,8.303534984588623047e-01,5.530781745910644531e-01
-5.773672834038734436e-02,-2.344426326453685760e-02,8.379469513893127441e-01,5.421823859214782715e-01
-5.773672834038734436e-02,-2.344426326453685760e-02,8.379469513893127441e-01,5.421823859214782715e-01
-5.394509807229042053e-02,-1.814542897045612335e-02,8.463300466537475586e-01,5.296095013618469238e-01
-4.801055416464805603e-02,-1.342094130814075470e-02,8.542672395706176758e-01,5.174381732940673828e-01
-4.059149324893951416e-02,-4.571062047034502029e-03,8.642986416816711426e-01,5.013174414634704590e-01
-2.880131639540195465e-02,2.349820919334888458e-03,8.729587197303771973e-01,4.869373142719268799e-01
-1.565059646964073181e-02,-4.133464768528938293e-03,8.856098651885986328e-01,4.641477465629577637e-01
-1.665705256164073944e-02,-5.491552408784627914e-03,8.876278996467590332e-01,4.602273106575012207e-01
-1.795252319425344467e-03,-3.001137077808380127e-02,9.060373306274414062e-01,4.221284687519073486e-01
-3.517332253977656364e-03,-2.763083204627037048e-02,9.113746881484985352e-01,4.106339812278747559e-01
-3.517332253977656364e-03,-2.763083204627037048e-02,9.113746881484985352e-01,4.106339812278747559e-01
7.090501021593809128e-03,-4.383147880434989929e-02,9.251664280891418457e-01,3.769559860229492188e-01
7.090501021593809128e-03,-4.383147880434989929e-02,9.251664280891418457e-01,3.769559860229492188e-01
1.220396999269723892e-02,-5.102302506566047668e-02,9.326711297035217285e-01,3.568924367427825928e-01
1.244833786040544510e-02,-5.373003333806991577e-02,9.369776248931884766e-01,3.450089693069458008e-01
1.555247232317924500e-02,-6.305797398090362549e-02,9.429200291633605957e-01,3.266248404979705811e-01
9.018708020448684692e-03,-6.808990985155105591e-02,9.478527307510375977e-01,3.112198412418365479e-01
3.438920946791768074e-03,-6.703907251358032227e-02,9.590481519699096680e-01,2.751736938953399658e-01
-3.685281146317720413e-03,-6.282692402601242065e-02,9.625499248504638672e-01,2.636983394622802734e-01
-2.107274252921342850e-03,-6.545820087194442749e-02,9.649875164031982422e-01,2.539878487586975098e-01
-4.646190907806158066e-03,-6.589429825544357300e-02,9.669706225395202637e-01,2.461793273687362671e-01
-1.282561570405960083e-02,-6.545396894216537476e-02,9.734384417533874512e-01,2.190182060003280640e-01
-1.885230466723442078e-02,-6.283032894134521484e-02,9.757348299026489258e-01,2.088983654975891113e-01
-2.795267663896083832e-02,-6.125661730766296387e-02,9.800590276718139648e-01,1.869512051343917847e-01
-3.081428818404674530e-02,-5.856970697641372681e-02,9.812030196189880371e-01,1.812756210565567017e-01
-3.325366973876953125e-02,-5.232244357466697693e-02,9.860227108001708984e-01,1.546475291252136230e-01
-3.119328990578651428e-02,-4.882741719484329224e-02,9.896988868713378906e-01,1.309164911508560181e-01
-3.247748315334320068e-02,-4.667746275663375854e-02,9.907991290092468262e-01,1.228153780102729797e-01
-3.247748315334320068e-02,-4.667746275663375854e-02,9.907991290092468262e-01,1.228153780102729797e-01
-3.071291744709014893e-02,-4.915757104754447937e-02,9.925915598869323730e-01,1.067811921238899231e-01
-3.102432191371917725e-02,-4.176188632845878601e-02,9.944278001785278320e-01,9.168958663940429688e-02
-3.093571960926055908e-02,-2.947695180773735046e-02,9.967041015625000000e-01,6.895689666271209717e-02
-2.954186126589775085e-02,-1.685236766934394836e-02,9.979835152626037598e-01,5.359266698360443115e-02
-2.698708884418010712e-02,-7.445852737873792648e-03,9.985573291778564453e-01,4.582060500979423523e-02
-2.766589261591434479e-02,-4.505635239183902740e-03,9.995276927947998047e-01,1.259703282266855240e-02
-4.022033512592315674e-02,-7.632405031472444534e-03,9.989029765129089355e-01,-2.273814193904399872e-02
-3.807700425386428833e-02,-4.691080655902624130e-03,9.986456632614135742e-01,-3.514225408434867859e-02
-3.899528831243515015e-02,-1.622867770493030548e-03,9.983638525009155273e-01,-4.179108142852783203e-02
-4.002841189503669739e-02,1.167060108855366707e-03,9.979911446571350098e-01,-4.909379407763481140e-02
-4.023848101496696472e-02,1.551006222143769264e-03,9.972001910209655762e-01,-6.300970911979675293e-02
-3.082335181534290314e-02,2.494553569704294205e-03,9.957533478736877441e-01,-8.671298623085021973e-02
-2.405252121388912201e-02,-2.785693155601620674e-03,9.945957660675048828e-01,-1.009608954191207886e-01
-2.296209707856178284e-02,-6.284785456955432892e-03,9.940827488899230957e-01,-1.059847101569175720e-01
-1.666610501706600189e-02,-1.620722562074661255e-02,9.901239871978759766e-01,-1.382539272308349609e-01
-8.479063399136066437e-03,-3.831690177321434021e-02,9.829656481742858887e-01,-1.795512288808822632e-01
-1.204026117920875549e-02,-5.330947786569595337e-02,9.790044426918029785e-01,-1.963759362697601318e-01
-1.613420993089675903e-02,-6.696946173906326294e-02,9.756041765213012695e-01,-2.084496617317199707e-01
-1.237527560442686081e-02,-7.554713636636734009e-02,9.731801152229309082e-01,-2.169328927993774414e-01
-1.220750436186790466e-02,-7.977605611085891724e-02,9.708279967308044434e-01,-2.257870733737945557e-01
-9.571269154548645020e-03,-8.485792577266693115e-02,9.666082859039306641e-01,-2.416111379861831665e-01
-1.151842158287763596e-02,-8.225560933351516724e-02,9.626612067222595215e-01,-2.576526403427124023e-01
-1.466710306704044342e-02,-8.012447506189346313e-02,9.584057331085205078e-01,-2.735388576984405518e-01
-1.542586926370859146e-02,-8.318977057933807373e-02,9.531850218772888184e-01,-2.903101146221160889e-01
-1.761159673333168030e-02,-8.184875547885894775e-02,9.506019353866577148e-01,-2.989090979099273682e-01
-1.549298595637083054e-02,-7.910642772912979126e-02,9.468080997467041016e-01,-3.115393221378326416e-01
-6.544355768710374832e-03,-6.566502153873443604e-02,9.397172927856445312e-01,-3.355245888233184814e-01
-2.467202953994274139e-03,-5.997310578823089600e-02,9.377928972244262695e-01,-3.419672846794128418e-01
7.355354260653257370e-03,-5.352988466620445251e-02,9.270139932632446289e-01,-3.711139559745788574e-01
9.979810565710067749e-03,-5.517882853746414185e-02,9.246432781219482422e-01,-3.766835331916809082e-01
1.461607776582241058e-02,-5.242914706468582153e-02,9.225434064865112305e-01,-3.820355832576751709e-01
1.554090902209281921e-02,-4.204561188817024231e-02,9.149324297904968262e-01,-4.011102616786956787e-01
1.648911647498607635e-02,-2.699868567287921906e-02,9.034462571144104004e-01,-4.275325536727905273e-01
1.520266104489564896e-02,-2.258902601897716522e-02,9.008676409721374512e-01,-4.332391619682312012e-01
1.674539037048816681e-02,-2.073788270354270935e-02,8.943322300910949707e-01,-4.466089606285095215e-01
1.921436190605163574e-02,-2.439618296921253204e-02,8.814980387687683105e-01,-4.711655378341674805e-01
1.652716659009456635e-02,-2.368493378162384033e-02,8.712383508682250977e-01,-4.900099337100982666e-01
1.593897491693496704e-02,-2.313256449997425079e-02,8.685666322708129883e-01,-4.947757720947265625e-01
1.789472997188568115e-02,-2.401856146752834320e-02,8.554887175559997559e-01,-5.169544816017150879e-01
2.830527350306510925e-02,-3.000796027481555939e-02,8.380472660064697266e-01,-5.440360903739929199e-01
2.830527350306510925e-02,-3.000796027481555939e-02,8.380472660064697266e-01,-5.440360903739929199e-01
2.830527350306510925e-02,-3.000796027481555939e-02,8.380472660064697266e-01,-5.440360903739929199e-01
2.996894530951976776e-02,-3.311347588896751404e-02,8.276987075805664062e-01,-5.593929290771484375e-01
3.632738441228866577e-02,-3.750471770763397217e-02,8.118630647659301758e-01,-5.815085172653198242e-01
3.885344043374061584e-02,-3.489431366324424744e-02,8.045082688331604004e-01,-5.916412472724914551e-01
3.085199184715747833e-02,-3.367778286337852478e-02,7.971965074539184570e-01,-6.019896864891052246e-01
2.278048358857631683e-02,-3.223549202084541321e-02,7.818537950515747070e-01,-6.222109794616699219e-01
2.396871522068977356e-02,-3.315576165914535522e-02,7.709235548973083496e-01,-6.356124877929687500e-01
2.546432055532932281e-02,-3.215793147683143616e-02,7.633815407752990723e-01,-6.446442604064941406e-01
2.234053984284400940e-02,-2.917134948074817657e-02,7.549530267715454102e-01,-6.547486186027526855e-01
1.771924085915088654e-02,-3.821314871311187744e-02,7.303294539451599121e-01,-6.817952394485473633e-01
2.103045396506786346e-02,-3.718812763690948486e-02,7.264449596405029297e-01,-6.858955025672912598e-01
1.903929375112056732e-02,-4.023103043437004089e-02,7.229874730110168457e-01,-6.894258856773376465e-01
2.336744219064712524e-02,-3.902110457420349121e-02,7.104575634002685547e-01,-7.022687792778015137e-01
1.806050539016723633e-02,-4.279745742678642273e-02,6.954777836799621582e-01,-7.170446515083312988e-01
2.373111248016357422e-02,-4.630243405699729919e-02,6.801026463508605957e-01,-7.312683463096618652e-01
3.308884054422378540e-02,-5.530053749680519104e-02,6.677383780479431152e-01,-7.416013479232788086e-01
3.548500314354896545e-02,-6.148151680827140808e-02,6.557586789131164551e-01,-7.516259551048278809e-01
3.702731803059577942e-02,-5.285374075174331665e-02,6.260283589363098145e-01,-7.771254181861877441e-01
4.330699890851974487e-02,-5.958673730492591858e-02,6.167985200881958008e-01,-7.836666703224182129e-01
4.676662385463714600e-02,-5.754932016134262085e-02,6.064680814743041992e-01,-7.916422486305236816e-01
5.387824401259422302e-02,-6.513860821723937988e-02,5.771048665046691895e-01,-8.122832179069519043e-01
5.481060221791267395e-02,-6.386297196149826050e-02,5.664758086204528809e-01,-8.197698593139648438e-01
5.481060221791267395e-02,-6.386297196149826050e-02,5.664758086204528809e-01,-8.197698593139648438e-01
5.778976157307624817e-02,-5.971365049481391907e-02,5.574751496315002441e-01,-8.260243535041809082e-01
6.183964386582374573e-02,-5.590273067355155945e-02,5.341880321502685547e-01,-8.412454724311828613e-01
5.766705051064491272e-02,-5.481717735528945923e-02,5.152658224105834961e-01,-8.533291220664978027e-01
5.754211172461509705e-02,-4.724381864070892334e-02,5.007652044296264648e-01,-8.623753786087036133e-01
5.417626351118087769e-02,-3.776811435818672180e-02,4.866791963577270508e-01,-8.710809350013732910e-01
5.122468248009681702e-02,-3.592343255877494812e-02,4.711460769176483154e-01,-8.798335194587707520e-01
5.137602984905242920e-02,-3.283990547060966492e-02,4.634914696216583252e-01,-8.840010166168212891e-01
5.702376365661621094e-02,-3.060373663902282715e-02,4.533132314682006836e-01,-8.889988064765930176e-01
9.383070468902587891e-02,-2.335520833730697632e-02,4.288667738437652588e-01,-8.981779217720031738e-01
1.267786622047424316e-01,-1.093836873769760132e-02,4.091593325138092041e-01,-9.035464525222778320e-01
2.126560211181640625e-01,3.452580794692039490e-02,3.602603673934936523e-01,-9.076330661773681641e-01
2.264406979084014893e-01,6.056788563728332520e-02,3.299904465675354004e-01,-9.144191741943359375e-01
2.238029986619949341e-01,7.064644247293472290e-02,3.003411889076232910e-01,-9.245087504386901855e-01
2.133443653583526611e-01,5.581356212496757507e-02,2.521680891513824463e-01,-9.422209858894348145e-01
2.193364799022674561e-01,5.400041118264198303e-02,2.323960959911346436e-01,-9.460272789001464844e-01
2.294044643640518188e-01,4.226577281951904297e-02,2.007579952478408813e-01,-9.514638781547546387e-01
2.278183549642562866e-01,3.189008682966232300e-02,1.656424850225448608e-01,-9.589809179306030273e-01
2.150797247886657715e-01,1.453810278326272964e-02,1.368609368801116943e-01,-9.668497443199157715e-01
1.966510713100433350e-01,-2.735251793637871742e-03,1.132823675870895386e-01,-9.739035367965698242e-01
1.693699508905410767e-01,-1.973428204655647278e-02,7.986374944448471069e-02,-9.821131229400634766e-01
1.392685621976852417e-01,-2.216580137610435486e-02,6.522553414106369019e-02,-9.878556132316589355e-01
1.002130582928657532e-01,-2.210722677409648895e-02,5.120203644037246704e-02,-9.934017658233642578e-01
6.139232590794563293e-02,-1.961675286293029785e-02,3.994637355208396912e-02,-9.971210956573486328e-01
4.446088150143623352e-02,-1.779760979115962982e-02,3.531863540410995483e-02,-9.982280135154724121e-01
-8.902765810489654541e-03,-8.809664286673069000e-03,2.364467084407806396e-02,-9.996420741081237793e-01
-4.600582644343376160e-02,1.534205657662823796e-04,1.445199176669120789e-02,-9.988366365432739258e-01
-9.961989521980285645e-02,1.382922194898128510e-02,1.106338575482368469e-02,-9.948680400848388672e-01
-1.075464338064193726e-01,1.665542088449001312e-02,6.632345262914896011e-03,-9.940384626388549805e-01
-1.213750168681144714e-01,2.657758072018623352e-02,1.368260476738214493e-02,-9.921565651893615723e-01
-1.298755556344985962e-01,3.403296321630477905e-02,6.108815781772136688e-03,-9.909272193908691406e-01
-1.343376338481903076e-01,4.637431725859642029e-02,5.568915512412786484e-03,-9.898342490196228027e-01
-1.339919120073318481e-01,5.263710394501686096e-02,9.472488425672054291e-03,-9.895381927490234375e-01
-1.289659440517425537e-01,5.407534539699554443e-02,1.140042208135128021e-02,-9.901078939437866211e-01
-1.177876517176628113e-01,5.348875746130943298e-02,9.651049040257930756e-03,-9.915502071380615234e-01
-9.714344143867492676e-02,5.599795281887054443e-02,1.157372165471315384e-02,-9.936264753341674805e-01
-7.624610513448715210e-02,5.488788709044456482e-02,6.827800069004297256e-03,-9.955537915229797363e-01
-6.170576810836791992e-02,5.576131492853164673e-02,1.030341628938913345e-02,-9.964823126792907715e-01
-4.296207800507545471e-02,5.485896393656730652e-02,8.207170292735099792e-03,-9.975357055664062500e-01
-2.521972358226776123e-02,4.983078688383102417e-02,7.788924034684896469e-03,-9.984088540077209473e-01
-1.387501321732997894e-02,4.615655168890953064e-02,5.959341768175363541e-03,-9.988200664520263672e-01
1.347596943378448486e-02,3.265604376792907715e-02,5.171126686036586761e-03,-9.993624091148376465e-01
2.724594250321388245e-02,2.748014219105243683e-02,3.952569793909788132e-03,-9.992431998252868652e-01
3.886466845870018005e-02,2.224292978644371033e-02,1.698411651886999607e-03,-9.989955425262451172e-01
4.605929553508758545e-02,1.454415079206228256e-02,-3.004872472956776619e-03,-9.988283514976501465e-01
5.418673530220985413e-02,9.773458354175090790e-03,-1.158837578259408474e-03,-9.984824061393737793e-01
5.454902723431587219e-02,8.374993689358234406e-03,-1.001864904537796974e-03,-9.984755516052246094e-01
6.122303381562232971e-02,-2.712924033403396606e-04,-3.534520976245403290e-03,-9.981178641319274902e-01
6.142749264836311340e-02,-6.202152464538812637e-03,-4.669409245252609253e-03,-9.980813264846801758e-01
5.486060306429862976e-02,-2.325329231098294258e-03,-3.569243941456079483e-03,-9.984849095344543457e-01
5.065749213099479675e-02,-3.298101248219609261e-03,-2.943595172837376595e-03,-9.987062811851501465e-01
4.094209894537925720e-02,-5.428683944046497345e-04,1.255974173545837402e-03,-9.991605877876281738e-01
3.471095860004425049e-02,2.036771737039089203e-03,9.384208242408931255e-04,-9.993949532508850098e-01
2.480478957295417786e-02,4.610398318618535995e-03,3.821969032287597656e-03,-9.996743798255920410e-01
1.690631359815597534e-02,4.417251329869031906e-03,3.305909689515829086e-03,-9.998418688774108887e-01
9.600965306162834167e-03,6.529211997985839844e-03,5.098264664411544800e-03,-9.999196529388427734e-01
2.222230192273855209e-03,1.072729192674160004e-02,7.204788736999034882e-03,-9.999141097068786621e-01
-8.649763651192188263e-03,1.345700398087501526e-02,7.055477704852819443e-03,-9.998471736907958984e-01
-1.155955623835325241e-02,1.705411821603775024e-02,9.335013106465339661e-03,-9.997442364692687988e-01
-1.704825833439826965e-02,1.419413462281227112e-02,9.147389791905879974e-03,-9.997121691703796387e-01
-2.012443728744983673e-02,1.581448689103126526e-02,1.226432621479034424e-02,-9.995971918106079102e-01
-2.584928460419178009e-02,1.833329536020755768e-02,1.258103735744953156e-02,-9.994185566902160645e-01
-2.983823791146278381e-02,1.805326342582702637e-02,1.249193679541349411e-02,-9.993135929107666016e-01
-3.021697700023651123e-02,1.993220485746860504e-02,1.106758043169975281e-02,-9.992833733558654785e-01
-3.111939691007137299e-02,2.021554857492446899e-02,1.152361370623111725e-02,-9.992447495460510254e-01
-2.890468575060367584e-02,2.195199020206928253e-02,1.126560382544994354e-02,-9.992776513099670410e-01
-2.311310544610023499e-02,2.247175388038158417e-02,5.307834129780530930e-03,-9.994662404060363770e-01
-1.975133456289768219e-02,2.272983454167842865e-02,5.880300421267747879e-03,-9.995292425155639648e-01
-1.977698132395744324e-02,2.271354757249355316e-02,6.272779777646064758e-03,-9.995266795158386230e-01
-1.373787131160497665e-02,2.271848171949386597e-02,4.042335785925388336e-03,-9.996393918991088867e-01
-3.765781177207827568e-03,2.065088786184787750e-02,3.153237281367182732e-03,-9.997746944427490234e-01
2.642380073666572571e-03,2.356491237878799438e-02,-1.984853297472000122e-03,-9.997168779373168945e-01
4.373509902507066727e-03,2.363416738808155060e-02,-2.008132170885801315e-03,-9.997091889381408691e-01
5.450102500617504120e-03,2.392716892063617706e-02,-2.245772862806916237e-03,-9.996963143348693848e-01
1.066688168793916702e-02,2.017294801771640778e-02,-3.440782427787780762e-03,-9.997336864471435547e-01
1.284940913319587708e-02,1.913410797715187073e-02,-1.487402245402336121e-03,-9.997333288192749023e-01
1.799019612371921539e-02,2.028214558959007263e-02,-4.324948880821466446e-03,-9.996230602264404297e-01
1.954400353133678436e-02,2.096412517130374908e-02,-6.801503710448741913e-03,-9.995660781860351562e-01
1.974520646035671234e-02,1.953272148966789246e-02,-6.695332005620002747e-03,-9.995918869972229004e-01
2.131618186831474304e-02,1.787614077329635620e-02,-8.054483681917190552e-03,-9.995805621147155762e-01
2.243811450898647308e-02,1.385323237627744675e-02,-8.981782011687755585e-03,-9.996118545532226562e-01
2.299307659268379211e-02,1.750872656702995300e-02,-1.030140090733766556e-02,-9.995292425155639648e-01
1.955445483326911926e-02,1.716687530279159546e-02,-1.047398243099451065e-02,-9.996065497398376465e-01
1.788633503019809723e-02,1.645052991807460785e-02,-1.235078182071447372e-02,-9.996284246444702148e-01
1.511760242283344269e-02,1.892588846385478973e-02,-1.143551059067249298e-02,-9.996411800384521484e-01
1.370700541883707047e-02,1.692157611250877380e-02,-1.162915024906396866e-02,-9.996952414512634277e-01
1.063324045389890671e-02,1.969230733811855316e-02,-1.009837910532951355e-02,-9.996985793113708496e-01
3.563109785318374634e-03,1.765606924891471863e-02,-1.053725276142358780e-02,-9.997822642326354980e-01
3.164177294820547104e-03,1.717004552483558655e-02,-1.089261937886476517e-02,-9.997882246971130371e-01
-1.676389132626354694e-03,1.186570618301630020e-02,-6.991973146796226501e-03,-9.999037981033325195e-01
-3.295840229839086533e-03,1.633868925273418427e-02,-8.880523033440113068e-03,-9.998216032981872559e-01
-1.194421388208866119e-02,1.602502353489398956e-02,-6.769357249140739441e-03,-9.997773170471191406e-01
-1.238072477281093597e-02,2.015919052064418793e-02,-7.903385907411575317e-03,-9.996889233589172363e-01
-1.625217311084270477e-02,1.904630661010742188e-02,-7.599113043397665024e-03,-9.996576309204101562e-01
-1.672476902604103088e-02,1.946278847754001617e-02,-5.815425422042608261e-03,-9.996538162231445312e-01
-1.596636511385440826e-02,2.188964188098907471e-02,-7.885931059718132019e-03,-9.996017813682556152e-01
-1.729033887386322021e-02,2.009134739637374878e-02,-4.331951960921287537e-03,-9.996393322944641113e-01
-1.485341135412454605e-02,2.008289657533168793e-02,-2.479947172105312347e-03,-9.996848702430725098e-01
-1.219191867858171463e-02,2.202930115163326263e-02,-2.079264260828495026e-03,-9.996808767318725586e-01
-1.177905872464179993e-02,2.252740412950515747e-02,-3.294924739748239517e-03,-9.996713995933532715e-01
-1.260901335626840591e-02,2.378165721893310547e-02,-1.511823647888377309e-04,-9.996376633644104004e-01
-1.143880374729633331e-02,2.280896343290805817e-02,-1.479272905271500349e-04,-9.996743798255920410e-01
-9.262827225029468536e-03,2.232254296541213989e-02,1.444800407625734806e-03,-9.997069239616394043e-01
-7.724719122052192688e-03,2.580012194812297821e-02,5.676841828972101212e-03,-9.996212124824523926e-01
-5.684366915374994278e-03,2.621752023696899414e-02,8.900145068764686584e-03,-9.996004700660705566e-01
-2.335081808269023895e-03,2.385907992720603943e-02,8.020336739718914032e-03,-9.996804594993591309e-01
-6.350534386001527309e-04,1.970825530588626862e-02,7.829811424016952515e-03,-9.997749924659729004e-01
2.464237855747342110e-03,2.152090147137641907e-02,8.340803906321525574e-03,-9.997306466102600098e-01
3.611557884141802788e-03,2.514620125293731689e-02,6.283968687057495117e-03,-9.996575713157653809e-01
2.382904291152954102e-03,2.238807454705238342e-02,4.630298819392919540e-03,-9.997358322143554688e-01
1.022432581521570683e-03,2.298524416983127594e-02,6.313527002930641174e-03,-9.997153282165527344e-01
4.282905254513025284e-03,2.191135101020336151e-02,6.988325156271457672e-03,-9.997263550758361816e-01
4.377705045044422150e-03,2.227810584008693695e-02,7.128223311156034470e-03,-9.997168183326721191e-01
4.177267197519540787e-03,2.178930863738059998e-02,1.075648237019777298e-02,-9.996960163116455078e-01
2.433983841910958290e-03,1.900097727775573730e-02,1.115919370204210281e-02,-9.997542500495910645e-01
1.810671295970678329e-03,2.068513631820678711e-02,8.356167003512382507e-03,-9.997495412826538086e-01
1.667819451540708542e-04,1.948329061269760132e-02,9.894121438264846802e-03,-9.997612237930297852e-01
-1.518736011348664761e-03,1.984106190502643585e-02,1.082451082766056061e-02,-9.997434020042419434e-01
-4.976275842636823654e-03,1.764429360628128052e-02,1.524744834750890732e-02,-9.997156858444213867e-01
-3.328730817884206772e-03,1.719932071864604950e-02,1.072028558701276779e-02,-9.997891187667846680e-01
-1.573060057125985622e-03,1.478541083633899689e-02,1.333432178944349289e-02,-9.998005628585815430e-01
-4.039112012833356857e-03,1.970509998500347137e-02,1.500752754509449005e-02,-9.996851086616516113e-01
-5.631916224956512451e-03,2.505059912800788879e-02,1.497699413448572159e-02,-9.995582103729248047e-01
-9.209965355694293976e-03,2.058399096131324768e-02,1.787773333489894867e-02,-9.995859265327453613e-01
-7.576938718557357788e-03,2.099638618528842926e-02,1.911302655935287476e-02,-9.995681047439575195e-01
-5.711992736905813217e-03,1.825367286801338196e-02,1.851539127528667450e-02,-9.996456503868103027e-01
-3.476866986602544785e-03,2.052547410130500793e-02,1.633600518107414246e-02,-9.996498227119445801e-01
-4.793882835656404495e-03,2.078628167510032654e-02,1.809139922261238098e-02,-9.996087551116943359e-01
-8.481953293085098267e-03,1.738595217466354370e-02,1.839676126837730408e-02,-9.996436238288879395e-01
-9.213476441800594330e-03,2.370538935065269470e-02,2.013526484370231628e-02,-9.994738101959228516e-01
-8.181814104318618774e-03,2.068717405200004578e-02,1.323768403381109238e-02,-9.996649026870727539e-01
-8.082570508122444153e-03,1.599137112498283386e-02,1.419826224446296692e-02,-9.997386336326599121e-01
-8.254659362137317657e-03,1.972740888595581055e-02,1.021150033921003342e-02,-9.997192025184631348e-01
-1.197942905128002167e-02,1.832572929561138153e-02,3.452825127169489861e-03,-9.997543692588806152e-01
-1.820456422865390778e-02,1.552777271717786789e-02,1.230496098287403584e-03,-9.997130036354064941e-01
-1.354083884507417679e-02,2.004106156527996063e-02,-1.098923105746507645e-02,-9.996470808982849121e-01
-1.477206684648990631e-02,1.072851009666919708e-02,-1.462277024984359741e-02,-9.997264146804809570e-01
-1.209799759089946747e-02,9.786763228476047516e-03,-2.281340956687927246e-02,-9.996186494827270508e-01
-6.030436139553785324e-03,1.315916236490011215e-02,-3.092258796095848083e-02,-9.994169473648071289e-01
-1.277135312557220459e-02,1.614589989185333252e-02,-3.563625738024711609e-02,-9.991527795791625977e-01
-2.129106968641281128e-02,2.038503065705299377e-02,-5.395330116152763367e-02,-9.981083869934082031e-01
-1.989426091313362122e-02,2.255955897271633148e-02,-5.768753215670585632e-02,-9.978814721107482910e-01
-1.177874673157930374e-02,1.850805245339870453e-02,-6.664302945137023926e-02,-9.975357055664062500e-01
-7.958578877151012421e-03,4.410707578063011169e-02,-7.971107959747314453e-02,-9.958099722862243652e-01
-1.887462101876735687e-02,5.070064216852188110e-02,-8.192841708660125732e-02,-9.951688647270202637e-01
-2.102857641875743866e-02,5.629536509513854980e-02,-8.671183139085769653e-02,-9.944192767143249512e-01
-1.730135083198547363e-02,5.428840592503547668e-02,-8.831338584423065186e-02,-9.944617748260498047e-01
-1.730135083198547363e-02,5.428840592503547668e-02,-8.831338584423065186e-02,-9.944617748260498047e-01
6.644944660365581512e-04,4.122839123010635376e-02,-8.627755939960479736e-02,-9.954175353050231934e-01
1.188159734010696411e-02,3.582800179719924927e-02,-8.716388046741485596e-02,-9.954786300659179688e-01
1.418269891291856766e-02,4.268491268157958984e-02,-7.907135784626007080e-02,-9.958537220954895020e-01
9.591616690158843994e-03,3.558243066072463989e-02,-7.700884342193603516e-02,-9.963491559028625488e-01
1.069603301584720612e-02,3.391754627227783203e-02,-7.670962810516357422e-02,-9.964190721511840820e-01
1.363969407975673676e-02,2.559994719922542572e-02,-6.840237230062484741e-02,-9.972360134124755859e-01
2.247994206845760345e-02,2.026004530489444733e-02,-6.479088217020034790e-02,-9.974399209022521973e-01
