9.557930380105972290e-02,1.082981377840042114e-01,9.842186570167541504e-01
9.558522701263427734e-02,1.094019562005996704e-01,9.866349101066589355e-01
9.544420242309570312e-02,1.092899590730667114e-01,9.895378947257995605e-01
9.517955034971237183e-02,1.078408509492874146e-01,9.935088157653808594e-01
9.320393949747085571e-02,1.048872470855712891e-01,9.979545474052429199e-01
8.543503284454345703e-02,8.595066517591476440e-02,1.006217598915100098e+00
8.543503284454345703e-02,8.595066517591476440e-02,1.006217598915100098e+00
6.752978265285491943e-02,4.570309072732925415e-02,1.009747505187988281e+00
6.752978265285491943e-02,4.570309072732925415e-02,1.009747505187988281e+00
2.999600581824779510e-02,-3.402147069573402405e-02,1.008775711059570312e+00
2.069896459579467773e-02,-5.294315516948699951e-02,1.007884025573730469e+00
2.069896459579467773e-02,-5.294315516948699951e-02,1.007884025573730469e+00
-2.220484241843223572e-02,-1.384799033403396606e-01,1.002470493316650391e+00
-2.220484241843223572e-02,-1.384799033403396606e-01,1.002470493316650391e+00
-4.656091704964637756e-02,-1.863946914672851562e-01,9.984683990478515625e-01
-7.162547856569290161e-02,-2.375956922769546509e-01,9.946011900901794434e-01
-1.217306479811668396e-01,-3.459590375423431396e-01,9.892846941947937012e-01
-1.519429236650466919e-01,-4.200586080551147461e-01,9.878931641578674316e-01
-1.750293523073196411e-01,-4.837390482425689697e-01,9.881861805915832520e-01
-1.809101849794387817e-01,-5.014445185661315918e-01,9.886031150817871094e-01
-2.080984860658645630e-01,-6.087625622749328613e-01,9.916887283325195312e-01
-2.120541483163833618e-01,-6.312398910522460938e-01,9.922370314598083496e-01
-2.152395695447921753e-01,-6.528605818748474121e-01,9.925830960273742676e-01
-2.176057547330856323e-01,-6.734698414802551270e-01,9.927567839622497559e-01
-2.194256782531738281e-01,-7.513400912284851074e-01,9.900233745574951172e-01
-2.184097319841384888e-01,-7.618436813354492188e-01,9.891559481620788574e-01
-2.184097319841384888e-01,-7.618436813354492188e-01,9.891559481620788574e-01
-2.078791409730911255e-01,-8.152749538421630859e-01,9.764814376831054688e-01
-2.037187069654464722e-01,-8.266261219978332520e-01,9.717438220977783203e-01
-1.938980370759963989e-01,-8.462659716606140137e-01,9.598206877708435059e-01
-1.814753264188766479e-01,-8.626944422721862793e-01,9.458475708961486816e-01
-1.747637838125228882e-01,-8.699653744697570801e-01,9.374427199363708496e-01
-1.592272967100143433e-01,-8.815533518791198730e-01,9.188757538795471191e-01
-1.119526103138923645e-01,-8.991310000419616699e-01,8.613007664680480957e-01
-1.008943095803260803e-01,-9.006483554840087891e-01,8.486188054084777832e-01
-7.793059200048446655e-02,-9.018914103507995605e-01,8.219419121742248535e-01
-1.300561614334583282e-02,-8.977022767066955566e-01,7.554062008857727051e-01
9.714019834063947201e-04,-8.961428999900817871e-01,7.430000901222229004e-01
3.036991506814956665e-02,-8.922829627990722656e-01,7.191352844238281250e-01
6.072906777262687683e-02,-8.891150355339050293e-01,6.973932385444641113e-01
1.082604601979255676e-01,-8.862779140472412109e-01,6.699511408805847168e-01
1.406262516975402832e-01,-8.863560557365417480e-01,6.549283862113952637e-01
1.897395253181457520e-01,-8.906853795051574707e-01,6.377498507499694824e-01
2.276393920183181763e-01,-8.970868587493896484e-01,6.274544596672058105e-01
2.861940860748291016e-01,-9.130277037620544434e-01,6.170073747634887695e-01
3.172215521335601807e-01,-9.239323139190673828e-01,6.135220527648925781e-01
3.326523303985595703e-01,-9.301990866661071777e-01,6.121229529380798340e-01
3.475668430328369141e-01,-9.360725283622741699e-01,6.113076210021972656e-01
3.623996973037719727e-01,-9.425218105316162109e-01,6.104815006256103516e-01
3.910735547542572021e-01,-9.553484320640563965e-01,6.094357371330261230e-01
4.319774210453033447e-01,-9.747076630592346191e-01,6.087727546691894531e-01
4.581442773342132568e-01,-9.865948557853698730e-01,6.088411211967468262e-01
4.875282347202301025e-01,-9.989091753959655762e-01,6.092662215232849121e-01
5.305970311164855957e-01,-1.013408541679382324e+00,6.102502942085266113e-01
5.419339537620544434e-01,-1.015870571136474609e+00,6.105793118476867676e-01
5.528764724731445312e-01,-1.017876744270324707e+00,6.109057664871215820e-01
5.528764724731445312e-01,-1.017876744270324707e+00,6.109057664871215820e-01
5.955138206481933594e-01,-1.018458724021911621e+00,6.132031083106994629e-01
6.159909367561340332e-01,-1.013895034790039062e+00,6.152914166450500488e-01
6.262081265449523926e-01,-1.010554194450378418e+00,6.161860227584838867e-01
6.600942611694335938e-01,-9.937105178833007812e-01,6.203270554542541504e-01
6.770415902137756348e-01,-9.824444651603698730e-01,6.232832074165344238e-01
6.874691843986511230e-01,-9.744846224784851074e-01,6.252725720405578613e-01
7.015240788459777832e-01,-9.628617763519287109e-01,6.281403899192810059e-01
7.195933461189270020e-01,-9.465758800506591797e-01,6.326363682746887207e-01
7.654818892478942871e-01,-9.014042019844055176e-01,6.475850939750671387e-01
8.140063881874084473e-01,-8.499245047569274902e-01,6.687639355659484863e-01
8.266614079475402832e-01,-8.364669680595397949e-01,6.751576066017150879e-01
8.266614079475402832e-01,-8.364669680595397949e-01,6.751576066017150879e-01
8.395711779594421387e-01,-8.228155970573425293e-01,6.820533871650695801e-01
8.655400276184082031e-01,-7.956479191780090332e-01,6.972625255584716797e-01
9.189481735229492188e-01,-7.419412732124328613e-01,7.332982420921325684e-01
9.189481735229492188e-01,-7.419412732124328613e-01,7.332982420921325684e-01
9.460477828979492188e-01,-7.160909771919250488e-01,7.544336318969726562e-01
9.725648760795593262e-01,-6.911659836769104004e-01,7.766783237457275391e-01
9.987556338310241699e-01,-6.666898727416992188e-01,8.000845909118652344e-01
1.024498581886291504e+00,-6.429888606071472168e-01,8.254031538963317871e-01
1.049418807029724121e+00,-6.199836134910583496e-01,8.518201708793640137e-01
1.072619080543518066e+00,-5.980874896049499512e-01,8.789253234863281250e-01
1.116240739822387695e+00,-5.547402501106262207e-01,9.340536594390869141e-01
1.144861578941345215e+00,-5.222976207733154297e-01,9.760329127311706543e-01
1.153622746467590332e+00,-5.114009976387023926e-01,9.899446964263916016e-01
1.169997096061706543e+00,-4.891296327114105225e-01,1.017487049102783203e+00
1.184544205665588379e+00,-4.661930501461029053e-01,1.044140219688415527e+00
1.197438359260559082e+00,-4.420534670352935791e-01,1.070293068885803223e+00
1.214013457298278809e+00,-4.045242071151733398e-01,1.107728958129882812e+00
1.214013457298278809e+00,-4.045242071151733398e-01,1.107728958129882812e+00
1.218690514564514160e+00,-3.916517198085784912e-01,1.119837880134582520e+00
1.226762533187866211e+00,-3.651039600372314453e-01,1.142626404762268066e+00
1.236185550689697266e+00,-3.228717744350433350e-01,1.174835801124572754e+00
1.238543152809143066e+00,-3.082473576068878174e-01,1.184859395027160645e+00
1.244788050651550293e+00,-2.474281787872314453e-01,1.221943497657775879e+00
1.246029376983642578e+00,-2.154163569211959839e-01,1.238505959510803223e+00
1.246146082878112793e+00,-1.989482492208480835e-01,1.246528267860412598e+00
1.245543479919433594e+00,-1.654433161020278931e-01,1.261554718017578125e+00
1.244621872901916504e+00,-1.427833884954452515e-01,1.270882606506347656e+00
1.241052269935607910e+00,-9.624743461608886719e-02,1.287976384162902832e+00
1.237095475196838379e+00,-6.065908074378967285e-02,1.299772143363952637e+00
1.234435081481933594e+00,-4.312408342957496643e-02,1.305106520652770996e+00
1.225009799003601074e+00,1.022052578628063202e-02,1.319367766380310059e+00
1.221378207206726074e+00,2.836228907108306885e-02,1.323915004730224609e+00
1.213124632835388184e+00,6.378987431526184082e-02,1.331878066062927246e+00
1.192349076271057129e+00,1.381537467241287231e-01,1.346017241477966309e+00
1.177778005599975586e+00,1.817027330398559570e-01,1.352280616760253906e+00
1.177778005599975586e+00,1.817027330398559570e-01,1.352280616760253906e+00
1.171968340873718262e+00,1.975252032279968262e-01,1.354119777679443359e+00
1.147146701812744141e+00,2.581485807895660400e-01,1.357955574989318848e+00
1.140601277351379395e+00,2.724079191684722900e-01,1.357779145240783691e+00
1.112888455390930176e+00,3.269680142402648926e-01,1.354154586791992188e+00
1.105328083038330078e+00,3.405366837978363037e-01,1.352403044700622559e+00
1.098000526428222656e+00,3.529377877712249756e-01,1.349902987480163574e+00
1.090456128120422363e+00,3.653210103511810303e-01,1.347195625305175781e+00
1.069282054901123047e+00,3.975698053836822510e-01,1.338051915168762207e+00
1.049995541572570801e+00,4.245837032794952393e-01,1.327501177787780762e+00
1.023908495903015137e+00,4.576254785060882568e-01,1.310271382331848145e+00
1.005536675453186035e+00,4.791616499423980713e-01,1.297210812568664551e+00
9.666814804077148438e-01,5.202845931053161621e-01,1.266728997230529785e+00
9.356606602668762207e-01,5.497702360153198242e-01,1.239760041236877441e+00
8.991074562072753906e-01,5.815173983573913574e-01,1.206793665885925293e+00
8.687998652458190918e-01,6.061745882034301758e-01,1.179138660430908203e+00
8.572255969047546387e-01,6.151673197746276855e-01,1.168196558952331543e+00
8.456789851188659668e-01,6.239700913429260254e-01,1.157185673713684082e+00
8.217811584472656250e-01,6.415517330169677734e-01,1.134567618370056152e+00
7.855079174041748047e-01,6.666607856750488281e-01,1.099874734878540039e+00
7.726922035217285156e-01,6.745709776878356934e-01,1.088059782981872559e+00
7.474390864372253418e-01,6.899629235267639160e-01,1.064581274986267090e+00
7.220851778984069824e-01,7.049801945686340332e-01,1.040586590766906738e+00
6.957493424415588379e-01,7.189903259277343750e-01,1.017074823379516602e+00
6.690133213996887207e-01,7.325942516326904297e-01,9.932562708854675293e-01
6.419856548309326172e-01,7.448223233222961426e-01,9.699681401252746582e-01
6.134020686149597168e-01,7.563166022300720215e-01,9.471777081489562988e-01
5.547406077384948730e-01,7.781484127044677734e-01,9.028303027153015137e-01
5.394394993782043457e-01,7.835500836372375488e-01,8.923673629760742188e-01
4.921879470348358154e-01,7.977492809295654297e-01,8.616178035736083984e-01
4.760606288909912109e-01,8.022549748420715332e-01,8.517928719520568848e-01
4.431942999362945557e-01,8.107693791389465332e-01,8.324766755104064941e-01
3.920692503452301025e-01,8.226587176322937012e-01,8.057792186737060547e-01
3.567503392696380615e-01,8.297359943389892578e-01,7.897689938545227051e-01
3.386594355106353760e-01,8.329440951347351074e-01,7.821493148803710938e-01
3.024747073650360107e-01,8.387061953544616699e-01,7.675116658210754395e-01
2.838567197322845459e-01,8.414747118949890137e-01,7.609679102897644043e-01
2.463576197624206543e-01,8.462398648262023926e-01,7.488163113594055176e-01
1.704751998186111450e-01,8.530812263488769531e-01,7.290433049201965332e-01
1.327483206987380981e-01,8.550906181335449219e-01,7.207606434822082520e-01
1.136613711714744568e-01,8.559113144874572754e-01,7.172191143035888672e-01
5.743067711591720581e-02,8.564365506172180176e-01,7.085571289062500000e-01
3.885035961866378784e-02,8.565551638603210449e-01,7.064294815063476562e-01
-4.089166224002838135e-02,8.519623279571533203e-01,7.013505101203918457e-01
-7.113733887672424316e-02,8.493182063102722168e-01,7.012318968772888184e-01
-8.886730670928955078e-02,8.466537594795227051e-01,7.014288902282714844e-01
-1.587942689657211304e-01,8.343046307563781738e-01,7.068889737129211426e-01
-2.096774131059646606e-01,8.217043280601501465e-01,7.141361236572265625e-01
-2.483420372009277344e-01,8.096136450767517090e-01,7.218167185783386230e-01
-2.757471799850463867e-01,8.001294136047363281e-01,7.283685207366943359e-01
-2.921005189418792725e-01,7.935327887535095215e-01,7.331619262695312500e-01
-2.921005189418792725e-01,7.935327887535095215e-01,7.331619262695312500e-01
-3.245266377925872803e-01,7.802994847297668457e-01,7.432365417480468750e-01
-3.567843437194824219e-01,7.648901939392089844e-01,7.543465495109558105e-01
-3.620169162750244141e-01,7.621400356292724609e-01,7.563773989677429199e-01
-4.212534427642822266e-01,7.303509712219238281e-01,7.812789082527160645e-01
-4.373350143432617188e-01,7.205805778503417969e-01,7.890027165412902832e-01
-5.328279137611389160e-01,6.555995941162109375e-01,8.394106030464172363e-01
-5.646519064903259277e-01,6.313448548316955566e-01,8.584048151969909668e-01
-5.961697697639465332e-01,6.063205599784851074e-01,8.786826133728027344e-01
-6.321076750755310059e-01,5.756140351295471191e-01,9.026091098785400391e-01
-6.427138447761535645e-01,5.667012333869934082e-01,9.100245833396911621e-01
-6.578380465507507324e-01,5.534775853157043457e-01,9.208262562751770020e-01
-6.778144836425781250e-01,5.352099537849426270e-01,9.352104067802429199e-01
-6.879823803901672363e-01,5.258948206901550293e-01,9.429974555969238281e-01
-7.028162479400634766e-01,5.122472047805786133e-01,9.542770385742187500e-01
-7.459061145782470703e-01,4.702438414096832275e-01,9.888563156127929688e-01
-7.738512158393859863e-01,4.420782327651977539e-01,1.012597918510437012e+00
-8.007414937019348145e-01,4.137353003025054932e-01,1.036285996437072754e+00
-8.387010693550109863e-01,3.710441589355468750e-01,1.072173118591308594e+00
-8.387010693550109863e-01,3.710441589355468750e-01,1.072173118591308594e+00
-8.621414303779602051e-01,3.422837257385253906e-01,1.095739245414733887e+00
-8.978719711303710938e-01,2.951269149780273438e-01,1.134409546852111816e+00
-9.228540062904357910e-01,2.573572695255279541e-01,1.164255619049072266e+00
-9.312204718589782715e-01,2.432134300470352173e-01,1.175272822380065918e+00
-9.542350769042968750e-01,2.009379863739013672e-01,1.206013441085815430e+00
-9.606377482414245605e-01,1.869585663080215454e-01,1.216110110282897949e+00
-9.820649027824401855e-01,1.297852396965026855e-01,1.253455638885498047e+00
-9.865863919258117676e-01,1.154989823698997498e-01,1.262226343154907227e+00
-9.973447918891906738e-01,7.183458656072616577e-02,1.286316990852355957e+00
-1.004950881004333496e+00,2.737333811819553375e-02,1.307446718215942383e+00
-1.012350559234619141e+00,-6.557846814393997192e-02,1.342014908790588379e+00
-1.012350559234619141e+00,-6.557846814393997192e-02,1.342014908790588379e+00
-1.013021111488342285e+00,-9.707259386777877808e-02,1.351099610328674316e+00
-1.012719511985778809e+00,-1.294220387935638428e-01,1.359352111816406250e+00
-1.010544776916503906e+00,-1.623842567205429077e-01,1.366569042205810547e+00
-1.008613467216491699e+00,-1.950480192899703979e-01,1.372078299522399902e+00
-1.006145358085632324e+00,-2.278439253568649292e-01,1.376403212547302246e+00
-1.002958774566650391e+00,-2.607882320880889893e-01,1.379571437835693359e+00
-9.925972819328308105e-01,-3.422633111476898193e-01,1.382493138313293457e+00
-9.902173876762390137e-01,-3.581931591033935547e-01,1.381942868232727051e+00
-9.877871870994567871e-01,-3.740742206573486328e-01,1.381097197532653809e+00
-9.851603507995605469e-01,-3.898839652538299561e-01,1.379913449287414551e+00
-9.764764308929443359e-01,-4.361056983470916748e-01,1.374215960502624512e+00
-9.626939296722412109e-01,-4.951315820217132568e-01,1.361940026283264160e+00
-9.587548375129699707e-01,-5.093140006065368652e-01,1.358010172843933105e+00
-9.413575530052185059e-01,-5.640133023262023926e-01,1.338110446929931641e+00
-9.317528605461120605e-01,-5.896853804588317871e-01,1.325645565986633301e+00
-9.317528605461120605e-01,-5.896853804588317871e-01,1.325645565986633301e+00
-9.317528605461120605e-01,-5.896853804588317871e-01,1.325645565986633301e+00
-9.208340644836425781e-01,-6.146505475044250488e-01,1.311440587043762207e+00
-9.088053703308105469e-01,-6.386208534240722656e-01,1.295564532279968262e+00
-8.888242840766906738e-01,-6.727135777473449707e-01,1.268806576728820801e+00
-8.742055892944335938e-01,-6.945222020149230957e-01,1.248755812644958496e+00
-8.584027290344238281e-01,-7.154933810234069824e-01,1.227019667625427246e+00
-8.128736615180969238e-01,-7.642160058021545410e-01,1.167052149772644043e+00
-8.027598261833190918e-01,-7.734887003898620605e-01,1.154232144355773926e+00
-7.922880053520202637e-01,-7.825515270233154297e-01,1.141183137893676758e+00
-7.815837860107421875e-01,-7.913067936897277832e-01,1.128034710884094238e+00
-7.587903141975402832e-01,-8.085561394691467285e-01,1.101316332817077637e+00
-7.471800446510314941e-01,-8.167740702629089355e-01,1.087893724441528320e+00
-7.225501537322998047e-01,-8.327888846397399902e-01,1.060804843902587891e+00
-6.967372894287109375e-01,-8.480111956596374512e-01,1.034284234046936035e+00
-6.376900076866149902e-01,-8.789412975311279297e-01,9.781425595283508301e-01
-6.140740513801574707e-01,-8.902533650398254395e-01,9.576523900032043457e-01
-5.996890664100646973e-01,-8.966929912567138672e-01,9.456868171691894531e-01
-5.707507133483886719e-01,-9.094565510749816895e-01,9.225206375122070312e-01
-5.562449693679809570e-01,-9.154685139656066895e-01,9.112119674682617188e-01
-5.268318057060241699e-01,-9.273476600646972656e-01,8.894775509834289551e-01
-4.969918429851531982e-01,-9.380585551261901855e-01,8.689484596252441406e-01
-4.672893285751342773e-01,-9.476824402809143066e-01,8.497715592384338379e-01
-4.372991621494293213e-01,-9.565358161926269531e-01,8.318752646446228027e-01
-4.074468910694122314e-01,-9.644408226013183594e-01,8.149482607841491699e-01
-3.771741390228271484e-01,-9.713976979255676270e-01,7.994300723075866699e-01
-3.468466997146606445e-01,-9.767621159553527832e-01,7.850400805473327637e-01
-3.159441649913787842e-01,-9.810431599617004395e-01,7.716372609138488770e-01
-2.846162319183349609e-01,-9.838321208953857422e-01,7.593935132026672363e-01
-2.526402771472930908e-01,-9.855378270149230957e-01,7.480397224426269531e-01
-2.198135703802108765e-01,-9.861364364624023438e-01,7.379233241081237793e-01
-1.863035708665847778e-01,-9.854280948638916016e-01,7.287058234214782715e-01
-1.348566710948944092e-01,-9.821896553039550781e-01,7.169795036315917969e-01
-8.216138184070587158e-02,-9.765685200691223145e-01,7.072866559028625488e-01
7.198218721896409988e-03,-9.607982635498046875e-01,6.951563954353332520e-01
2.537676692008972168e-02,-9.570372700691223145e-01,6.935773491859436035e-01
2.537676692008972168e-02,-9.570372700691223145e-01,6.935773491859436035e-01
2.537676692008972168e-02,-9.570372700691223145e-01,6.935773491859436035e-01
6.175654381513595581e-02,-9.484260678291320801e-01,6.912749409675598145e-01
9.851437807083129883e-02,-9.389894604682922363e-01,6.903135180473327637e-01
1.413231343030929565e-01,-9.267857670783996582e-01,6.907921433448791504e-01
2.256795167922973633e-01,-8.988026976585388184e-01,6.966412663459777832e-01
2.432436794042587280e-01,-8.921611309051513672e-01,6.989604830741882324e-01
2.962606251239776611e-01,-8.705736994743347168e-01,7.085693478584289551e-01
3.470816612243652344e-01,-8.464701175689697266e-01,7.210909724235534668e-01
3.793728649616241455e-01,-8.295769095420837402e-01,7.310643196105957031e-01
4.113933145999908447e-01,-8.114505410194396973e-01,7.427155971527099609e-01
4.425674378871917725e-01,-7.928608059883117676e-01,7.559944987297058105e-01
5.025833249092102051e-01,-7.521108984947204590e-01,7.865395545959472656e-01
5.313208699226379395e-01,-7.306167483329772949e-01,8.035557866096496582e-01
5.459147095680236816e-01,-7.192807197570800781e-01,8.126479983329772949e-01
5.736292004585266113e-01,-6.960272789001464844e-01,8.314219117164611816e-01
6.161578297615051270e-01,-6.579669117927551270e-01,8.615024685859680176e-01
6.421732902526855469e-01,-6.315427422523498535e-01,8.824123740196228027e-01
6.549187302589416504e-01,-6.183962225914001465e-01,8.932479023933410645e-01
6.725597381591796875e-01,-5.992267727851867676e-01,9.075430035591125488e-01
6.941353678703308105e-01,-5.751863121986389160e-01,9.260716438293457031e-01
7.198734283447265625e-01,-5.451579689979553223e-01,9.488037228584289551e-01
7.577635645866394043e-01,-4.982728958129882812e-01,9.839525818824768066e-01
7.822313904762268066e-01,-4.666649401187896729e-01,1.007098674774169922e+00
8.182898163795471191e-01,-4.184889495372772217e-01,1.041819572448730469e+00
8.415336608886718750e-01,-3.863770961761474609e-01,1.064863681793212891e+00
8.749900460243225098e-01,-3.385296761989593506e-01,1.099234938621520996e+00
8.960331082344055176e-01,-3.069217503070831299e-01,1.121390223503112793e+00
8.960331082344055176e-01,-3.069217503070831299e-01,1.121390223503112793e+00
9.061550498008728027e-01,-2.915990948677062988e-01,1.132053256034851074e+00
9.257604479789733887e-01,-2.604409754276275635e-01,1.153429150581359863e+00
9.527619481086730957e-01,-2.148980349302291870e-01,1.184372067451477051e+00
9.767293930053710938e-01,-1.699243038892745972e-01,1.213555812835693359e+00
9.842899441719055176e-01,-1.548762619495391846e-01,1.222511649131774902e+00
9.979948997497558594e-01,-1.251518726348876953e-01,1.240170121192932129e+00
1.004199862480163574e+00,-1.098009720444679260e-01,1.248839974403381348e+00
1.015355467796325684e+00,-7.991471141576766968e-02,1.265204310417175293e+00
1.032238245010375977e+00,-1.884099654853343964e-02,1.294688820838928223e+00
1.032238245010375977e+00,-1.884099654853343964e-02,1.294688820838928223e+00
1.038179993629455566e+00,1.222202926874160767e-02,1.307451009750366211e+00
1.043067336082458496e+00,5.890203639864921570e-02,1.323850512504577637e+00
1.044000983238220215e+00,9.050095826387405396e-02,1.333136916160583496e+00
1.044062018394470215e+00,1.065110042691230774e-01,1.337114930152893066e+00
1.042578577995300293e+00,1.381470561027526855e-01,1.343792557716369629e+00
1.039350390434265137e+00,1.703948229551315308e-01,1.349045753479003906e+00
1.024567008018493652e+00,2.517928183078765869e-01,1.354678034782409668e+00
1.020542860031127930e+00,2.681823074817657471e-01,1.354495167732238770e+00
1.011209964752197266e+00,3.007893860340118408e-01,1.353029131889343262e+00
1.000654339790344238e+00,3.339141309261322021e-01,1.350062727928161621e+00
1.000654339790344238e+00,3.339141309261322021e-01,1.350062727928161621e+00
9.887660145759582520e-01,3.669377267360687256e-01,1.345412850379943848e+00
9.757492542266845703e-01,3.997658193111419678e-01,1.339338660240173340e+00
9.619343280792236328e-01,4.332241117954254150e-01,1.332327365875244141e+00
9.474329948425292969e-01,4.663846790790557861e-01,1.324180603027343750e+00
9.243712425231933594e-01,5.166826248168945312e-01,1.310170769691467285e+00
9.166278839111328125e-01,5.336899161338806152e-01,1.304936289787292480e+00
8.844631314277648926e-01,5.995358824729919434e-01,1.282174468040466309e+00
8.681464195251464844e-01,6.311568617820739746e-01,1.269546747207641602e+00
8.681464195251464844e-01,6.311568617820739746e-01,1.269546747207641602e+00
8.339301943778991699e-01,6.928243637084960938e-01,1.243643283843994141e+00
8.339301943778991699e-01,6.928243637084960938e-01,1.243643283843994141e+00
8.168522715568542480e-01,7.217748761177062988e-01,1.229648470878601074e+00
7.991608977317810059e-01,7.497081756591796875e-01,1.214623928070068359e+00
7.814406752586364746e-01,7.761571407318115234e-01,1.198935866355895996e+00
7.534500956535339355e-01,8.126823902130126953e-01,1.173417210578918457e+00
7.169118523597717285e-01,8.561326861381530762e-01,1.135791420936584473e+00
6.980185508728027344e-01,8.756090998649597168e-01,1.115182518959045410e+00
6.884316802024841309e-01,8.848655223846435547e-01,1.104594349861145020e+00
6.785268187522888184e-01,8.936088681221008301e-01,1.093661427497863770e+00
6.460822224617004395e-01,9.200331568717956543e-01,1.055272698402404785e+00
6.291152238845825195e-01,9.319210648536682129e-01,1.035103678703308105e+00
5.977419018745422363e-01,9.509010910987854004e-01,9.975550770759582520e-01
5.867701172828674316e-01,9.564954638481140137e-01,9.846513867378234863e-01
5.529425144195556641e-01,9.713785648345947266e-01,9.463265538215637207e-01
5.172441005706787109e-01,9.834272861480712891e-01,9.076344966888427734e-01
5.048609375953674316e-01,9.868727326393127441e-01,8.949634432792663574e-01
5.048609375953674316e-01,9.868727326393127441e-01,8.949634432792663574e-01
4.920850694179534912e-01,9.902566075325012207e-01,8.826114535331726074e-01
4.664163589477539062e-01,9.959117770195007324e-01,8.579999804496765137e-01
4.261272847652435303e-01,1.003100872039794922e+00,8.225597739219665527e-01
3.981132209300994873e-01,1.006855607032775879e+00,8.003478050231933594e-01
3.788837492465972900e-01,1.009654402732849121e+00,7.862551808357238770e-01
3.243902325630187988e-01,1.015751481056213379e+00,7.514018416404724121e-01
2.613941431045532227e-01,1.021625399589538574e+00,7.193879485130310059e-01
2.452036887407302856e-01,1.022856235504150391e+00,7.125113606452941895e-01
2.284103780984878540e-01,1.024572610855102539e+00,7.057890892028808594e-01
2.114933282136917114e-01,1.025824666023254395e+00,6.997774243354797363e-01
1.769090443849563599e-01,1.028490543365478516e+00,6.889176368713378906e-01
1.354995816946029663e-01,1.031104087829589844e+00,6.783527731895446777e-01
1.053018793463706970e-01,1.032750964164733887e+00,6.725361347198486328e-01
8.671238273382186890e-02,1.033744215965270996e+00,6.691954731941223145e-01
1.266997121274471283e-02,1.036593914031982422e+00,6.608144640922546387e-01
-6.858820468187332153e-02,1.035835266113281250e+00,6.574007868766784668e-01
-1.057090759277343750e-01,1.033599019050598145e+00,6.573999524116516113e-01
-1.367519050836563110e-01,1.030805945396423340e+00,6.585925221443176270e-01
-1.552781462669372559e-01,1.028140544891357422e+00,6.598268747329711914e-01
-1.733507663011550903e-01,1.025470733642578125e+00,6.613170504570007324e-01
-2.100667804479598999e-01,1.017830848693847656e+00,6.650677323341369629e-01
-2.461081296205520630e-01,1.008356213569641113e+00,6.700859069824218750e-01
-2.815484702587127686e-01,9.968223571777343750e-01,6.763994097709655762e-01
-3.168168962001800537e-01,9.825809001922607422e-01,6.835452914237976074e-01
-3.341505527496337891e-01,9.750954508781433105e-01,6.876888275146484375e-01
-3.685881197452545166e-01,9.582089781761169434e-01,6.969227194786071777e-01
-4.192957580089569092e-01,9.288795590400695801e-01,7.131530642509460449e-01
-4.359757900238037109e-01,9.182038307189941406e-01,7.191329598426818848e-01
-4.848903119564056396e-01,8.846665024757385254e-01,7.387207150459289551e-01
-5.007702112197875977e-01,8.727886676788330078e-01,7.459086775779724121e-01
-5.163198709487915039e-01,8.609406948089599609e-01,7.532742023468017578e-01
-5.471789836883544922e-01,8.357318043708801270e-01,7.692026495933532715e-01
-5.909821987152099609e-01,7.971763610839843750e-01,7.952199578285217285e-01
-6.049883961677551270e-01,7.841565608978271484e-01,8.043177723884582520e-01
-6.329109072685241699e-01,7.577717304229736328e-01,8.237498402595520020e-01
-6.735565066337585449e-01,7.177022099494934082e-01,8.550259470939636230e-01
-7.121753692626953125e-01,6.770604252815246582e-01,8.884555697441101074e-01
-7.246366143226623535e-01,6.634149551391601562e-01,9.000468254089355469e-01
-7.609613537788391113e-01,6.220799684524536133e-01,9.364151954650878906e-01
-8.066675662994384766e-01,5.664825439453125000e-01,9.871352314949035645e-01
-8.066675662994384766e-01,5.664825439453125000e-01,9.871352314949035645e-01
-8.066675662994384766e-01,5.664825439453125000e-01,9.871352314949035645e-01
-8.278570175170898438e-01,5.383143424987792969e-01,1.012728691101074219e+00
-8.579130768775939941e-01,4.952201843261718750e-01,1.050845980644226074e+00
-8.672258853912353516e-01,4.809153079986572266e-01,1.063641905784606934e+00
-8.852607607841491699e-01,4.517512619495391846e-01,1.088105678558349609e+00
-9.102365374565124512e-01,4.077758789062500000e-01,1.124028444290161133e+00
-9.258605837821960449e-01,3.779506981372833252e-01,1.147204518318176270e+00
-9.330483078956604004e-01,3.629019558429718018e-01,1.158507943153381348e+00
-9.473319053649902344e-01,3.327299058437347412e-01,1.180564045906066895e+00
-9.751167297363281250e-01,2.665517330169677734e-01,1.224281668663024902e+00
-9.789970517158508301e-01,2.562775909900665283e-01,1.230522990226745605e+00
-9.846567511558532715e-01,2.408273220062255859e-01,1.239800095558166504e+00
-9.951741099357604980e-01,2.093386054039001465e-01,1.257469773292541504e+00
-1.009547829627990723e+00,1.621456891298294067e-01,1.281638145446777344e+00
-1.018022060394287109e+00,1.302496492862701416e-01,1.296058773994445801e+00
-1.025235652923583984e+00,9.800253063440322876e-02,1.309029459953308105e+00
-1.030968666076660156e+00,6.544223427772521973e-02,1.320861101150512695e+00
-1.039545178413391113e+00,-1.732186973094940186e-02,1.344522595405578613e+00
-1.040326952934265137e+00,-3.358702734112739563e-02,1.348212599754333496e+00
-1.040360331535339355e+00,-5.003872513771057129e-02,1.351563453674316406e+00
-1.037065148353576660e+00,-1.216937005519866943e-01,1.361561417579650879e+00
-1.033764839172363281e+00,-1.491336226463317871e-01,1.363491892814636230e+00
-1.033764839172363281e+00,-1.491336226463317871e-01,1.363491892814636230e+00
-1.030184149742126465e+00,-1.709728688001632690e-01,1.364578843116760254e+00
-1.017034173011779785e+00,-2.300635576248168945e-01,1.363559246063232422e+00
-1.002364039421081543e+00,-2.773709297180175781e-01,1.358434081077575684e+00
-9.908701777458190918e-01,-3.082527816295623779e-01,1.353075623512268066e+00
-9.779301285743713379e-01,-3.384529352188110352e-01,1.346382737159729004e+00
-9.637801647186279297e-01,-3.682369291782379150e-01,1.338075280189514160e+00
-9.563608169555664062e-01,-3.827171325683593750e-01,1.333336949348449707e+00
-9.485008120536804199e-01,-3.970503509044647217e-01,1.328495144844055176e+00
-9.320405125617980957e-01,-4.245741367340087891e-01,1.318880558013916016e+00
-9.228467345237731934e-01,-4.377801418304443359e-01,1.314337253570556641e+00
-8.941066265106201172e-01,-4.713042676448822021e-01,1.300206542015075684e+00
-8.815691471099853516e-01,-4.838728010654449463e-01,1.292075991630554199e+00
-8.649266362190246582e-01,-4.962851107120513916e-01,1.280476331710815430e+00
-8.350972533226013184e-01,-5.107740759849548340e-01,1.258277535438537598e+00
-8.253114819526672363e-01,-5.132524967193603516e-01,1.250513672828674316e+00
-8.052493929862976074e-01,-5.142883062362670898e-01,1.235329747200012207e+00
-7.851676940917968750e-01,-5.106872916221618652e-01,1.218949675559997559e+00
-7.655296921730041504e-01,-5.026643276214599609e-01,1.201872944831848145e+00
-7.457947134971618652e-01,-4.902034997940063477e-01,1.184319376945495605e+00
-7.152514457702636719e-01,-4.638030529022216797e-01,1.158683300018310547e+00
-6.943154335021972656e-01,-4.416626691818237305e-01,1.142205357551574707e+00
-6.727879047393798828e-01,-4.169549047946929932e-01,1.126886487007141113e+00
-6.506517529487609863e-01,-3.904473483562469482e-01,1.112781763076782227e+00
-6.393899917602539062e-01,-3.767856061458587646e-01,1.106459736824035645e+00
-6.048183441162109375e-01,-3.355399072170257568e-01,1.090569972991943359e+00
-5.817111134529113770e-01,-3.086950778961181641e-01,1.082379579544067383e+00
-5.469450354576110840e-01,-2.723703086376190186e-01,1.074284672737121582e+00
-5.356137156486511230e-01,-2.615245878696441650e-01,1.072361826896667480e+00
-5.244054198265075684e-01,-2.515553236007690430e-01,1.070924282073974609e+00
-5.025573372840881348e-01,-2.341866046190261841e-01,1.069268584251403809e+00
-4.715045988559722900e-01,-2.148595452308654785e-01,1.069335818290710449e+00
-4.526067674160003662e-01,-2.064368724822998047e-01,1.071018099784851074e+00
-4.406661093235015869e-01,-2.024713307619094849e-01,1.072198152542114258e+00
-4.269991815090179443e-01,-1.992995589971542358e-01,1.073856472969055176e+00
-4.037335813045501709e-01,-1.983145922422409058e-01,1.077126383781433105e+00
-3.899940550327301025e-01,-2.000381797552108765e-01,1.078905344009399414e+00
-3.773629665374755859e-01,-2.037197351455688477e-01,1.080195784568786621e+00
-3.660677969455718994e-01,-2.081891894340515137e-01,1.080673217773437500e+00
-3.556377887725830078e-01,-2.134108096361160278e-01,1.080399513244628906e+00
-3.508739471435546875e-01,-2.161563634872436523e-01,1.079838395118713379e+00
-3.359472751617431641e-01,-2.260157614946365356e-01,1.077316164970397949e+00
-3.288020789623260498e-01,-2.307197004556655884e-01,1.075596451759338379e+00
-3.207940161228179932e-01,-2.355877906084060669e-01,1.073477268218994141e+00
-3.132575452327728271e-01,-2.395641058683395386e-01,1.071359038352966309e+00
-3.053816854953765869e-01,-2.427178174257278442e-01,1.069397568702697754e+00
-3.014959394931793213e-01,-2.437432557344436646e-01,1.068634033203125000e+00
-2.844299674034118652e-01,-2.445120811462402344e-01,1.066047668457031250e+00
-2.734885215759277344e-01,-2.418340891599655151e-01,1.065441370010375977e+00
-2.647883594036102295e-01,-2.382234781980514526e-01,1.065963864326477051e+00
-2.604272067546844482e-01,-2.360610216856002808e-01,1.066180348396301270e+00
-2.498013973236083984e-01,-2.301868051290512085e-01,1.067390322685241699e+00
-2.452036589384078979e-01,-2.273064702749252319e-01,1.068002104759216309e+00
-2.327243685722351074e-01,-2.191773504018783569e-01,1.069673061370849609e+00
-2.234452515840530396e-01,-2.124242037534713745e-01,1.070865035057067871e+00
-2.170333713293075562e-01,-2.077966183423995972e-01,1.071651816368103027e+00
-2.091189175844192505e-01,-2.020432949066162109e-01,1.072510838508605957e+00
-1.950506716966629028e-01,-1.921206116676330566e-01,1.073712348937988281e+00
-1.902850419282913208e-01,-1.889507025480270386e-01,1.074037909507751465e+00
-1.810988038778305054e-01,-1.828398555517196655e-01,1.074175953865051270e+00
-1.718274354934692383e-01,-1.775370240211486816e-01,1.074153661727905273e+00
-1.628066897392272949e-01,-1.726721376180648804e-01,1.073907494544982910e+00
-1.583095639944076538e-01,-1.706459075212478638e-01,1.073843121528625488e+00
-1.495513319969177246e-01,-1.664779633283615112e-01,1.073143839836120605e+00
-1.410551816225051880e-01,-1.635308116674423218e-01,1.072184205055236816e+00
-1.284321099519729614e-01,-1.600707620382308960e-01,1.070535302162170410e+00
-1.203183233737945557e-01,-1.585896760225296021e-01,1.069234967231750488e+00
-1.122897192835807800e-01,-1.575308889150619507e-01,1.067892670631408691e+00
-1.084009185433387756e-01,-1.572330594062805176e-01,1.067376255989074707e+00
-1.006083264946937561e-01,-1.570452302694320679e-01,1.066193103790283203e+00
-8.551609516143798828e-02,-1.575256735086441040e-01,1.063632130622863770e+00
-7.465834170579910278e-02,-1.577355712652206421e-01,1.061553478240966797e+00
-7.110480964183807373e-02,-1.578233838081359863e-01,1.060828328132629395e+00
-6.770142912864685059e-02,-1.579103469848632812e-01,1.059851050376892090e+00
-6.081886589527130127e-02,-1.578961163759231567e-01,1.058177947998046875e+00
-5.717260017991065979e-02,-1.580967754125595093e-01,1.057124495506286621e+00
-4.611010476946830750e-02,-1.572580486536026001e-01,1.054161667823791504e+00
-3.742481395602226257e-02,-1.556019037961959839e-01,1.051674365997314453e+00
-3.092746250331401825e-02,-1.540202647447586060e-01,1.049861907958984375e+00
-2.782545052468776703e-02,-1.529979854822158813e-01,1.049008011817932129e+00
-2.139078825712203979e-02,-1.505061239004135132e-01,1.047373414039611816e+00
-1.829518005251884460e-02,-1.492001265287399292e-01,1.046826004981994629e+00
-8.961699903011322021e-03,-1.441352218389511108e-01,1.044921755790710449e+00
-5.856602452695369720e-03,-1.421253830194473267e-01,1.044493317604064941e+00
3.312513232231140137e-03,-1.357301622629165649e-01,1.043107151985168457e+00
6.299587432295084000e-03,-1.334871798753738403e-01,1.042755365371704102e+00
1.229431200772523880e-02,-1.286188513040542603e-01,1.042186021804809570e+00
2.412961609661579132e-02,-1.184087246656417847e-01,1.041280627250671387e+00
2.700215019285678864e-02,-1.158103793859481812e-01,1.041007995605468750e+00
2.972019277513027191e-02,-1.131344288587570190e-01,1.040714383125305176e+00
3.539202734827995300e-02,-1.078399568796157837e-01,1.040616035461425781e+00
4.389561340212821960e-02,-1.000075936317443848e-01,1.040207743644714355e+00
4.937807843089103699e-02,-9.492282569408416748e-02,1.039922595024108887e+00
5.206175521016120911e-02,-9.256884455680847168e-02,1.039864540100097656e+00
5.639919638633728027e-02,-8.890549093484878540e-02,1.039398789405822754e+00
6.492930650711059570e-02,-8.186486363410949707e-02,1.038532376289367676e+00
6.734332442283630371e-02,-7.982884347438812256e-02,1.038178086280822754e+00
7.438698410987854004e-02,-7.491588592529296875e-02,1.036801338195800781e+00
7.658030837774276733e-02,-7.319285720586776733e-02,1.036316514015197754e+00
8.094993978738784790e-02,-7.004833966493606567e-02,1.035203337669372559e+00
8.540263772010803223e-02,-6.723834574222564697e-02,1.034038901329040527e+00
8.944574743509292603e-02,-6.491292268037796021e-02,1.032638669013977051e+00
9.326171129941940308e-02,-6.263148784637451172e-02,1.031085014343261719e+00
9.727033227682113647e-02,-6.062117591500282288e-02,1.029508948326110840e+00
1.008885875344276428e-01,-5.862769857048988342e-02,1.027897357940673828e+00
1.050001978874206543e-01,-5.630901828408241272e-02,1.025720119476318359e+00
1.077995374798774719e-01,-5.457773059606552124e-02,1.024385809898376465e+00
1.108625903725624084e-01,-5.276971310377120972e-02,1.022673130035400391e+00
1.137813031673431396e-01,-5.044070258736610413e-02,1.020938396453857422e+00
1.167330518364906311e-01,-4.838142544031143188e-02,1.019369244575500488e+00
1.195619404315948486e-01,-4.626021161675453186e-02,1.017848372459411621e+00
1.219601407647132874e-01,-4.419636726379394531e-02,1.016226768493652344e+00
1.245390772819519043e-01,-4.186933487653732300e-02,1.014974474906921387e+00
1.270951479673385620e-01,-3.958545625209808350e-02,1.013500332832336426e+00
1.294445246458053589e-01,-3.707604855298995972e-02,1.012246727943420410e+00
1.314703226089477539e-01,-3.442984074354171753e-02,1.011105179786682129e+00
1.346334666013717651e-01,-3.070334903895854950e-02,1.008656501770019531e+00
1.356556862592697144e-01,-2.932632714509963989e-02,1.007687926292419434e+00
1.375006437301635742e-01,-2.698059193789958954e-02,1.004724025726318359e+00
1.393904238939285278e-01,-2.434032037854194641e-02,1.000899791717529297e+00
1.411955952644348145e-01,-2.197048626840114594e-02,9.958662986755371094e-01
1.434825658798217773e-01,-1.950312405824661255e-02,9.885761737823486328e-01
1.449448466300964355e-01,-1.756536774337291718e-02,9.822921156883239746e-01
1.472658365964889526e-01,-1.436950266361236572e-02,9.685837626457214355e-01
1.486071795225143433e-01,-1.261452306061983109e-02,9.580656886100769043e-01
1.498144567012786865e-01,-1.123283058404922485e-02,9.502826333045959473e-01
1.506168097257614136e-01,-9.862285107374191284e-03,9.397463798522949219e-01
1.520722359418869019e-01,-8.236046880483627319e-03,9.260744452476501465e-01
1.532131284475326538e-01,-6.747792940586805344e-03,9.111111164093017578e-01
1.543017178773880005e-01,-5.189975257962942123e-03,8.950330615043640137e-01
1.552693098783493042e-01,-3.500287653878331184e-03,8.776707649230957031e-01
1.559285968542098999e-01,-2.347147557884454727e-03,8.587321639060974121e-01
1.565434336662292480e-01,-9.377934038639068604e-04,8.388068079948425293e-01
1.574821919202804565e-01,6.287719006650149822e-04,8.066599965095520020e-01
1.577651649713516235e-01,1.092091319151222706e-03,7.955181002616882324e-01
1.587841659784317017e-01,2.073828130960464478e-03,7.605242729187011719e-01
1.592025309801101685e-01,2.641136525198817253e-03,7.358748912811279297e-01
1.595918983221054077e-01,2.907569287344813347e-03,7.187662720680236816e-01
1.603118777275085449e-01,2.944020088762044907e-03,6.973413825035095215e-01
1.611295789480209351e-01,2.913286443799734116e-03,6.705932617187500000e-01
1.623697429895401001e-01,2.050450770184397697e-03,6.148002147674560547e-01
1.626997143030166626e-01,1.995739992707967758e-03,6.001470088958740234e-01
1.635605096817016602e-01,1.126633491367101669e-03,5.708406567573547363e-01
1.649398356676101685e-01,-1.734493416734039783e-04,5.259712338447570801e-01
1.649750620126724243e-01,-1.366338226944208145e-03,4.949424266815185547e-01
1.645921319723129272e-01,-2.664502477273344994e-03,4.627071917057037354e-01
1.634219437837600708e-01,-4.559783730655908585e-03,4.291208684444427490e-01
1.634219437837600708e-01,-4.559783730655908585e-03,4.291208684444427490e-01
1.607349365949630737e-01,-7.446841336786746979e-03,3.762729465961456299e-01
1.582463830709457397e-01,-9.516704827547073364e-03,3.400727510452270508e-01
1.539063900709152222e-01,-1.214377209544181824e-02,2.848170697689056396e-01
1.523357182741165161e-01,-1.282366830855607986e-02,2.659050524234771729e-01
1.505361050367355347e-01,-1.360477972775697708e-02,2.464587688446044922e-01
1.469394415616989136e-01,-1.475675124675035477e-02,2.070654481649398804e-01
1.450262814760208130e-01,-1.531042717397212982e-02,1.869964152574539185e-01
