-4.325237751007080078e+00,3.959082663059234619e-01
-4.235118865966796875e+00,4.433328807353973389e-01
-3.911716461181640625e+00,7.845294475555419922e-01
-4.125507831573486328e+00,1.109855771064758301e+00
-4.100561141967773438e+00,1.143254637718200684e+00
-4.016193389892578125e+00,1.144346833229064941e+00
-4.047413349151611328e+00,1.128489017486572266e+00
-4.047413349151611328e+00,1.128489017486572266e+00
-4.101319313049316406e+00,9.906175136566162109e-01
-4.040425300598144531e+00,9.561885595321655273e-01
-4.014996051788330078e+00,9.400267004966735840e-01
-3.986101150512695312e+00,8.356287479400634766e-01
-3.987552165985107422e+00,7.322634458541870117e-01
-4.068856239318847656e+00,7.594482898712158203e-01
-4.114551544189453125e+00,8.663789033889770508e-01
-4.378696918487548828e+00,7.989660501480102539e-01
-4.648781299591064453e+00,8.964586257934570312e-01
-4.704630851745605469e+00,1.073376655578613281e+00
-4.704630851745605469e+00,1.073376655578613281e+00
-4.747664928436279297e+00,1.098982810974121094e+00
-4.799583911895751953e+00,1.177564978599548340e+00
-4.910063266754150391e+00,1.184610962867736816e+00
-5.056383132934570312e+00,1.197787880897521973e+00
-5.045417785644531250e+00,1.283508658409118652e+00
-4.746657848358154297e+00,1.149605035781860352e+00
-4.774575233459472656e+00,1.048327922821044922e+00
-4.854737758636474609e+00,9.310071468353271484e-01
-4.717799186706542969e+00,1.067673444747924805e+00
-4.646788120269775391e+00,1.181325674057006836e+00
-4.632302761077880859e+00,1.292939066886901855e+00
-4.729440689086914062e+00,1.393581151962280273e+00
-4.830863952636718750e+00,1.464407086372375488e+00
-4.887925148010253906e+00,1.528353452682495117e+00
-4.955449581146240234e+00,1.696160078048706055e+00
-5.084914207458496094e+00,1.786381363868713379e+00
-5.188206195831298828e+00,1.841988325119018555e+00
-5.141072273254394531e+00,1.947215557098388672e+00
-5.148804664611816406e+00,1.982002973556518555e+00
-5.110772132873535156e+00,1.872747898101806641e+00
-5.095694541931152344e+00,1.688575625419616699e+00
-5.331498146057128906e+00,1.641633033752441406e+00
-5.368992328643798828e+00,1.656532883644104004e+00
-5.270202159881591797e+00,1.727060079574584961e+00
-5.079685211181640625e+00,1.640295028686523438e+00
-4.970234870910644531e+00,1.487876296043395996e+00
-4.663325309753417969e+00,1.110820174217224121e+00
-4.815926074981689453e+00,1.076242804527282715e+00
-4.995371341705322266e+00,1.110419511795043945e+00
-5.105661392211914062e+00,9.666071534156799316e-01
-5.165441989898681641e+00,6.410676836967468262e-01
-5.116088867187500000e+00,6.349079608917236328e-01
-4.788766384124755859e+00,1.095221638679504395e+00
-4.802455902099609375e+00,1.302447438240051270e+00
-5.112400531768798828e+00,1.444557785987854004e+00
-5.170804977416992188e+00,1.505961775779724121e+00
-4.992023944854736328e+00,1.708128452301025391e+00
-4.739387512207031250e+00,1.744170188903808594e+00
-4.387396812438964844e+00,1.772534251213073730e+00
-4.387396812438964844e+00,1.772534251213073730e+00
-4.356028556823730469e+00,1.885146617889404297e+00
-3.999333858489990234e+00,1.913218259811401367e+00
-3.775920867919921875e+00,1.942793011665344238e+00
-3.742191314697265625e+00,2.243436098098754883e+00
-3.652116537094116211e+00,2.672910928726196289e+00
-3.503460884094238281e+00,3.056851625442504883e+00
-3.503460884094238281e+00,3.056851625442504883e+00
-3.334740161895751953e+00,3.479631662368774414e+00
-3.768757343292236328e+00,3.363206863403320312e+00
-3.239603042602539062e+00,3.116080284118652344e+00
-3.894203424453735352e+00,3.410885334014892578e+00
-4.146416187286376953e+00,3.568763494491577148e+00
-3.795392513275146484e+00,3.930211782455444336e+00
-3.454428195953369141e+00,3.985412120819091797e+00
-2.916161775588989258e+00,3.997442722320556641e+00
-3.774554491043090820e+00,4.625626564025878906e+00
-3.367046594619750977e+00,5.633764743804931641e+00
-3.786853790283203125e+00,4.834390640258789062e+00
-2.967035531997680664e+00,5.114264965057373047e+00
-3.785984754562377930e+00,5.281065464019775391e+00
-3.508835554122924805e+00,4.816711902618408203e+00
-2.961526393890380859e+00,4.171552658081054688e+00
-3.172262907028198242e+00,4.001749038696289062e+00
-3.743783473968505859e+00,4.512163162231445312e+00
-2.710819482803344727e+00,3.934432029724121094e+00
-2.849307060241699219e+00,3.866752147674560547e+00
-3.414190053939819336e+00,4.232028961181640625e+00
-3.576695680618286133e+00,4.624699115753173828e+00
-3.361162900924682617e+00,4.586997032165527344e+00
-3.245605945587158203e+00,4.477241992950439453e+00
-2.802967786788940430e+00,4.269245147705078125e+00
-2.653169393539428711e+00,4.208581447601318359e+00
-2.589543819427490234e+00,4.100202560424804688e+00
-2.589543819427490234e+00,4.100202560424804688e+00
-2.429282665252685547e+00,3.932436466217041016e+00
-3.051307678222656250e+00,3.899478912353515625e+00
-3.075778722763061523e+00,3.899814128875732422e+00
-2.476506710052490234e+00,3.271380424499511719e+00
-2.559218883514404297e+00,3.047185897827148438e+00
-2.574862241744995117e+00,3.004434585571289062e+00
-2.527334690093994141e+00,2.734390974044799805e+00
-2.499758958816528320e+00,2.762744188308715820e+00
-2.430293560028076172e+00,2.406255006790161133e+00
-2.643139362335205078e+00,1.975782632827758789e+00
-2.933319807052612305e+00,1.742586612701416016e+00
-3.088092565536499023e+00,1.304383993148803711e+00
-3.399375677108764648e+00,8.187235593795776367e-01
-3.524866819381713867e+00,7.183146476745605469e-01
-3.676704645156860352e+00,6.098423004150390625e-01
-3.702049493789672852e+00,3.710227608680725098e-01
-3.884927749633789062e+00,2.157399505376815796e-01
-4.447460174560546875e+00,3.181420564651489258e-01
-4.648261547088623047e+00,2.353299707174301147e-01
-4.828832626342773438e+00,2.505562603473663330e-01
-5.037718296051025391e+00,6.375892758369445801e-01
-5.100595951080322266e+00,6.492279767990112305e-01
-5.104069232940673828e+00,5.946432948112487793e-01
-5.031926631927490234e+00,5.135301351547241211e-01
-5.013164997100830078e+00,4.002486467361450195e-01
-5.042860507965087891e+00,2.632024586200714111e-01
-4.956784248352050781e+00,2.542877197265625000e-01
-4.889358997344970703e+00,1.494807749986648560e-01
-4.884301185607910156e+00,7.200415432453155518e-02
-4.850739479064941406e+00,-1.787385903298854828e-02
-4.785612106323242188e+00,-1.017740517854690552e-01
-4.834760189056396484e+00,-5.400956049561500549e-02
-4.799822330474853516e+00,-2.201190363848581910e-04
-4.712793350219726562e+00,-4.793308302760124207e-02
-4.612886905670166016e+00,-1.899347901344299316e-01
-4.592887878417968750e+00,-6.841109693050384521e-02
-4.605307579040527344e+00,-7.106218487024307251e-02
-4.832005977630615234e+00,-3.496519327163696289e-01
-4.848452568054199219e+00,-2.789658606052398682e-01
-4.848452568054199219e+00,-2.789658606052398682e-01
-4.899155616760253906e+00,-2.219560891389846802e-01
-5.090676307678222656e+00,-2.365976870059967041e-01
-5.126066207885742188e+00,-2.600662410259246826e-01
-5.261950016021728516e+00,-3.604823648929595947e-01
-5.373994350433349609e+00,-3.646613657474517822e-01
-5.307841777801513672e+00,-1.842430084943771362e-01
-5.357310771942138672e+00,-1.218685209751129150e-01
-5.530945777893066406e+00,-4.922127723693847656e-02
-5.561427593231201172e+00,-3.061404265463352203e-02
-5.687113285064697266e+00,2.015933692455291748e-01
-5.862749099731445312e+00,3.327027261257171631e-01
-6.114245891571044922e+00,4.969103634357452393e-01
-6.395925045013427734e+00,6.510513424873352051e-01
-6.395925045013427734e+00,6.510513424873352051e-01
-6.492501735687255859e+00,6.668148040771484375e-01
-6.017620086669921875e+00,8.183360695838928223e-01
-5.947319507598876953e+00,9.136018753051757812e-01
-6.107153415679931641e+00,9.984292984008789062e-01
-6.269021034240722656e+00,1.079557538032531738e+00
-5.917754173278808594e+00,1.204894542694091797e+00
-5.856889247894287109e+00,1.247071027755737305e+00
-5.925313949584960938e+00,1.291803121566772461e+00
-5.971127986907958984e+00,1.282751917839050293e+00
-5.943770885467529297e+00,1.297255635261535645e+00
-5.947249889373779297e+00,1.360319375991821289e+00
-6.035098552703857422e+00,1.412858247756958008e+00
-6.089013099670410156e+00,1.373908758163452148e+00
-6.000975131988525391e+00,1.483324766159057617e+00
-6.046339988708496094e+00,1.702226877212524414e+00
-6.061521530151367188e+00,1.774317145347595215e+00
-5.944656848907470703e+00,1.657835841178894043e+00
-5.772677421569824219e+00,1.597497940063476562e+00
-5.844615459442138672e+00,1.572836041450500488e+00
-5.956868648529052734e+00,1.520312190055847168e+00
-6.011700630187988281e+00,1.476347208023071289e+00
-6.002983570098876953e+00,1.513787269592285156e+00
-6.090667724609375000e+00,1.521788239479064941e+00
-6.274335861206054688e+00,1.532553076744079590e+00
-6.524676322937011719e+00,1.555268526077270508e+00
-6.466749668121337891e+00,1.580632328987121582e+00
-6.178788661956787109e+00,1.567779898643493652e+00
-6.145702362060546875e+00,1.546144962310791016e+00
-6.205555438995361328e+00,1.603464245796203613e+00
-6.187942028045654297e+00,1.868625283241271973e+00
-6.070353507995605469e+00,1.896846055984497070e+00
-6.052272796630859375e+00,1.937692165374755859e+00
-6.175385475158691406e+00,2.139131546020507812e+00
-6.147577285766601562e+00,2.329862117767333984e+00
-6.071050643920898438e+00,2.545402050018310547e+00
-6.170097351074218750e+00,2.589185237884521484e+00
-6.146117210388183594e+00,2.618274211883544922e+00
-6.014862060546875000e+00,2.808432102203369141e+00
-5.943857192993164062e+00,3.013561010360717773e+00
-5.907561302185058594e+00,3.100866794586181641e+00
-5.701172828674316406e+00,3.347273826599121094e+00
-5.456561088562011719e+00,3.463133335113525391e+00
-5.262783527374267578e+00,3.598031997680664062e+00
-5.132384300231933594e+00,3.689913988113403320e+00
-4.800649642944335938e+00,3.939239978790283203e+00
-4.485971927642822266e+00,3.915807008743286133e+00
-4.140758514404296875e+00,4.203894138336181641e+00
-4.140758514404296875e+00,4.203894138336181641e+00
-3.981719255447387695e+00,4.204256057739257812e+00
-3.884112834930419922e+00,4.100181579589843750e+00
-3.785459995269775391e+00,4.033029079437255859e+00
-3.831778287887573242e+00,4.060947895050048828e+00
-3.649701118469238281e+00,4.213936805725097656e+00
-3.431473731994628906e+00,4.526870250701904297e+00
-3.478655338287353516e+00,4.959152221679687500e+00
-3.427543163299560547e+00,5.110177516937255859e+00
-3.444295644760131836e+00,4.999328136444091797e+00
-3.232084989547729492e+00,5.091819286346435547e+00
-3.928971290588378906e+00,5.954990863800048828e+00
-3.928971290588378906e+00,5.954990863800048828e+00
-4.047239303588867188e+00,6.303913116455078125e+00
-4.600183010101318359e+00,6.272621154785156250e+00
-4.237224102020263672e+00,5.674955844879150391e+00
-3.969678401947021484e+00,5.568504333496093750e+00
-3.293299198150634766e+00,5.501760482788085938e+00
-3.520815372467041016e+00,5.609661579132080078e+00
-3.758088588714599609e+00,5.378277778625488281e+00
-3.387815713882446289e+00,4.587843418121337891e+00
-2.797533750534057617e+00,4.477682590484619141e+00
-2.306298732757568359e+00,4.738953113555908203e+00
-1.862138867378234863e+00,4.553848743438720703e+00
-1.832763552665710449e+00,4.010910987854003906e+00
-2.016087532043457031e+00,3.972740411758422852e+00
-1.949247360229492188e+00,4.098243236541748047e+00
-2.028905868530273438e+00,3.605297565460205078e+00
-2.015979528427124023e+00,3.570419549942016602e+00
-1.997546076774597168e+00,3.507758617401123047e+00
-2.088607788085937500e+00,3.310364723205566406e+00
-2.468198060989379883e+00,2.795291423797607422e+00
-2.569389820098876953e+00,2.603723526000976562e+00
-2.681150197982788086e+00,2.460650920867919922e+00
-2.693052530288696289e+00,2.445836544036865234e+00
-2.957372188568115234e+00,2.445876121520996094e+00
-3.469733715057373047e+00,1.872897744178771973e+00
-3.493012189865112305e+00,1.602906107902526855e+00
-3.552028417587280273e+00,1.350341558456420898e+00
-3.876080036163330078e+00,1.301259279251098633e+00
-4.273256301879882812e+00,1.315936565399169922e+00
-4.678581237792968750e+00,4.579091370105743408e-01
-4.898413181304931641e+00,-1.469193845987319946e-01
-5.251794815063476562e+00,-4.132030904293060303e-01
-5.847359180450439453e+00,-4.182084798812866211e-01
-6.081325531005859375e+00,-6.614603400230407715e-01
-6.108085632324218750e+00,-8.982134461402893066e-01
-6.149259090423583984e+00,-1.068278431892395020e+00
-6.282035350799560547e+00,-1.321784138679504395e+00
-6.421619415283203125e+00,-1.686151623725891113e+00
-6.401575088500976562e+00,-1.705459475517272949e+00
-6.240578651428222656e+00,-1.535069704055786133e+00
-6.061352729797363281e+00,-1.473916053771972656e+00
-5.684857368469238281e+00,-1.383832931518554688e+00
-5.236216545104980469e+00,-1.167998671531677246e+00
-5.165528297424316406e+00,-1.053356170654296875e+00
-5.093521118164062500e+00,-9.595846533775329590e-01
-4.526244640350341797e+00,-5.909803509712219238e-01
-4.060206413269042969e+00,-2.561812102794647217e-01
-3.710294246673583984e+00,7.309276610612869263e-03
-3.360068559646606445e+00,9.239275008440017700e-02
-3.346382617950439453e+00,1.494748741388320923e-01
-2.909055233001708984e+00,4.459781572222709656e-02
-2.777277708053588867e+00,3.100222945213317871e-01
-3.134763479232788086e+00,3.299081921577453613e-01
-3.828072786331176758e+00,1.925152987241744995e-01
-4.627698421478271484e+00,3.321883082389831543e-01
-5.070329189300537109e+00,1.872389912605285645e-01
-5.259455204010009766e+00,1.411728709936141968e-01
-5.446462631225585938e+00,1.165908724069595337e-01
-5.896647453308105469e+00,2.247198671102523804e-02
-6.028370380401611328e+00,7.239029742777347565e-03
-6.119234085083007812e+00,-9.062144905328750610e-02
-5.856504440307617188e+00,8.884268999099731445e-02
-5.851656436920166016e+00,1.414163857698440552e-01
-5.462362766265869141e+00,-2.170048952102661133e-01
-5.287870883941650391e+00,-1.561852544546127319e-01
-5.233430862426757812e+00,-1.007557883858680725e-01
-5.212944984436035156e+00,6.514662504196166992e-02
-5.373027324676513672e+00,2.784381508827209473e-01
-5.421010494232177734e+00,3.553108870983123779e-01
-5.077075004577636719e+00,2.376779168844223022e-01
-4.854274272918701172e+00,3.569635152816772461e-01
-4.733269691467285156e+00,4.652716517448425293e-01
-4.731522083282470703e+00,5.458713769912719727e-01
-4.864211082458496094e+00,9.379961490631103516e-01
-4.731510639190673828e+00,1.067147135734558105e+00
-4.701421737670898438e+00,1.082810521125793457e+00
-4.787174224853515625e+00,1.566302895545959473e+00
-4.814162731170654297e+00,1.833396434783935547e+00
-4.791544437408447266e+00,1.921674489974975586e+00
-4.708930015563964844e+00,2.099776744842529297e+00
-5.039684295654296875e+00,2.051459789276123047e+00
-5.195436954498291016e+00,1.973600983619689941e+00
-5.310421466827392578e+00,2.136117219924926758e+00
-5.310421466827392578e+00,2.136117219924926758e+00
-5.231069087982177734e+00,2.362903594970703125e+00
-5.258794784545898438e+00,2.284793138504028320e+00
-5.391554832458496094e+00,2.302905321121215820e+00
-5.461636066436767578e+00,2.525231838226318359e+00
-5.405037879943847656e+00,2.537931442260742188e+00
-5.371789932250976562e+00,2.537504911422729492e+00
-5.433850288391113281e+00,2.569333553314208984e+00
-5.299747943878173828e+00,2.892237901687622070e+00
-5.390187740325927734e+00,3.104397535324096680e+00
-5.604308128356933594e+00,3.546087026596069336e+00
-5.836441993713378906e+00,4.079264640808105469e+00
-5.629636287689208984e+00,4.109236240386962891e+00
-5.387882709503173828e+00,3.864251136779785156e+00
-5.120585441589355469e+00,3.605493068695068359e+00
-4.706902503967285156e+00,3.488857507705688477e+00
-4.746421337127685547e+00,3.469934940338134766e+00
-4.659969329833984375e+00,3.232490301132202148e+00
-4.339766502380371094e+00,3.151636838912963867e+00
-4.292057514190673828e+00,3.165424108505249023e+00
-4.278177738189697266e+00,3.127999544143676758e+00
-4.363265037536621094e+00,3.052817821502685547e+00
-4.248738765716552734e+00,2.872687816619873047e+00
-3.999169826507568359e+00,2.549017667770385742e+00
-3.747772932052612305e+00,2.359539508819580078e+00
-3.754081249237060547e+00,2.256010532379150391e+00
-3.851489305496215820e+00,2.114645957946777344e+00
-3.590940952301025391e+00,1.871318459510803223e+00
-3.231340408325195312e+00,1.661637187004089355e+00
-3.193415880203247070e+00,1.687425971031188965e+00
-3.193415880203247070e+00,1.687425971031188965e+00
-3.371348381042480469e+00,1.288711786270141602e+00
-3.191208600997924805e+00,1.186962246894836426e+00
-3.295975685119628906e+00,2.261696100234985352e+00
-3.295975685119628906e+00,2.261696100234985352e+00
-3.791378498077392578e+00,3.408915281295776367e+00
-3.765632390975952148e+00,3.539720773696899414e+00
-3.465344667434692383e+00,3.662914991378784180e+00
-3.745784759521484375e+00,4.070415496826171875e+00
-4.136619091033935547e+00,5.275087356567382812e+00
-3.590041160583496094e+00,5.550094604492187500e+00
-3.300833940505981445e+00,5.509267807006835938e+00
-3.300833940505981445e+00,5.509267807006835938e+00
-2.912592172622680664e+00,6.352672576904296875e+00
-3.110510587692260742e+00,6.115663051605224609e+00
-2.823826313018798828e+00,5.791984081268310547e+00
-2.263098001480102539e+00,5.510892391204833984e+00
-2.534096956253051758e+00,5.175500392913818359e+00
-3.010457992553710938e+00,5.307312488555908203e+00
-3.871475696563720703e+00,6.078664779663085938e+00
-3.590412616729736328e+00,5.696119785308837891e+00
-3.644435882568359375e+00,4.631434917449951172e+00
-3.462580204010009766e+00,3.961165428161621094e+00
-3.728707313537597656e+00,4.194107055664062500e+00
-3.984635353088378906e+00,4.110855102539062500e+00
-3.925199270248413086e+00,3.595813035964965820e+00
-3.661033391952514648e+00,3.190717697143554688e+00
-3.550773143768310547e+00,3.068625926971435547e+00
-3.546811342239379883e+00,2.539097309112548828e+00
-3.507814645767211914e+00,2.617836236953735352e+00
-3.352293491363525391e+00,2.706496000289916992e+00
-3.087960481643676758e+00,2.672958135604858398e+00
-2.993221521377563477e+00,2.488352537155151367e+00
-2.968276500701904297e+00,2.412789106369018555e+00
-2.919857025146484375e+00,2.322604417800903320e+00
-2.660497188568115234e+00,2.256544828414916992e+00
-2.719699382781982422e+00,2.153805971145629883e+00
-2.753825426101684570e+00,2.209102153778076172e+00
-2.905947685241699219e+00,2.324859380722045898e+00
-3.328944683074951172e+00,2.337049961090087891e+00
-3.545001268386840820e+00,1.994428396224975586e+00
-3.576000452041625977e+00,1.896594643592834473e+00
-3.747839927673339844e+00,1.911536574363708496e+00
-3.968043804168701172e+00,1.912679314613342285e+00
-4.116980075836181641e+00,2.046373128890991211e+00
-4.296787738800048828e+00,2.334283351898193359e+00
-4.332899093627929688e+00,2.190485954284667969e+00
-4.270217895507812500e+00,1.818766832351684570e+00
-4.204635143280029297e+00,1.728356003761291504e+00
-4.260428428649902344e+00,2.007939338684082031e+00
-4.164918899536132812e+00,1.862253069877624512e+00
-3.926083564758300781e+00,1.482993483543395996e+00
-3.684946537017822266e+00,1.319638133049011230e+00
-3.700906276702880859e+00,1.480444550514221191e+00
-3.809801578521728516e+00,1.634910225868225098e+00
-3.793036937713623047e+00,1.293973445892333984e+00
-3.202123165130615234e+00,6.996484994888305664e-01
-3.452497482299804688e+00,6.253515481948852539e-01
-3.544955730438232422e+00,6.069666147232055664e-01
-3.563926458358764648e+00,4.675492644309997559e-01
-3.527675151824951172e+00,5.092895627021789551e-01
-3.696933984756469727e+00,4.319126605987548828e-01
-3.856079578399658203e+00,2.112061679363250732e-01
-3.783618450164794922e+00,-1.142005398869514465e-01
-3.726078987121582031e+00,-2.246031761169433594e-01
-4.093936920166015625e+00,-1.601430922746658325e-01
-4.168381690979003906e+00,-1.078550592064857483e-01
-4.295448303222656250e+00,-2.337594032287597656e-01
-4.377542495727539062e+00,-2.785914838314056396e-01
-4.530447959899902344e+00,-2.401829510927200317e-01
-5.151992321014404297e+00,-9.971444308757781982e-02
-5.269317150115966797e+00,-1.312349438667297363e-01
-5.363010883331298828e+00,-8.267869800329208374e-02
-5.467898845672607422e+00,8.329162001609802246e-02
-5.622659206390380859e+00,2.873406112194061279e-01
-5.782621383666992188e+00,4.953531324863433838e-01
-5.611448287963867188e+00,5.119324922561645508e-01
-5.498028755187988281e+00,4.614675045013427734e-01
-5.462439060211181641e+00,4.854268431663513184e-01
-5.388532161712646484e+00,6.360762119293212891e-01
-5.210390090942382812e+00,7.154345512390136719e-01
-4.842649936676025391e+00,9.354777336120605469e-01
-4.826901912689208984e+00,1.013271927833557129e+00
-4.814055442810058594e+00,1.049448847770690918e+00
-4.814055442810058594e+00,1.049448847770690918e+00
-4.841676712036132812e+00,1.048803329467773438e+00
-4.867259979248046875e+00,1.137554049491882324e+00
-4.806005001068115234e+00,1.319784402847290039e+00
-4.856076717376708984e+00,1.374292135238647461e+00
-5.081607341766357422e+00,1.578441739082336426e+00
-5.104956626892089844e+00,1.584345698356628418e+00
-5.055058956146240234e+00,1.559792399406433105e+00
-5.074394702911376953e+00,1.376340150833129883e+00
-5.257121562957763672e+00,1.369417667388916016e+00
-5.446558475494384766e+00,1.398631930351257324e+00
-5.571341514587402344e+00,1.447689056396484375e+00
-5.666929244995117188e+00,1.363493561744689941e+00
-5.725502014160156250e+00,1.374750733375549316e+00
-6.009613990783691406e+00,1.558347463607788086e+00
-6.095415592193603516e+00,1.672260046005249023e+00
-6.092310905456542969e+00,1.633124113082885742e+00
-6.152372360229492188e+00,1.475462913513183594e+00
-6.160335063934326172e+00,1.487674117088317871e+00
-6.142019271850585938e+00,1.625358343124389648e+00
-6.236704826354980469e+00,1.632631421089172363e+00
-6.158946990966796875e+00,1.655076384544372559e+00
-6.144690036773681641e+00,1.725718975067138672e+00
-6.169503211975097656e+00,1.801243782043457031e+00
-6.166197299957275391e+00,1.870189309120178223e+00
-6.112514972686767578e+00,1.859209656715393066e+00
-6.295424938201904297e+00,2.052741050720214844e+00
-6.295424938201904297e+00,2.052741050720214844e+00
-6.458788394927978516e+00,2.222512245178222656e+00
-6.505853652954101562e+00,2.397930860519409180e+00
-6.407285690307617188e+00,2.502759933471679688e+00
-6.172018527984619141e+00,2.542839288711547852e+00
-6.089853763580322266e+00,2.566188097000122070e+00
-6.089853763580322266e+00,2.566188097000122070e+00
-5.970366001129150391e+00,2.574877262115478516e+00
-5.924334526062011719e+00,2.610483646392822266e+00
-5.873203754425048828e+00,2.468828201293945312e+00
-5.873203754425048828e+00,2.468828201293945312e+00
-5.827531814575195312e+00,2.532291412353515625e+00
-5.961234092712402344e+00,2.880783319473266602e+00
-5.862776756286621094e+00,2.920173645019531250e+00
-5.682518959045410156e+00,3.055155515670776367e+00
-5.612738609313964844e+00,3.216413497924804688e+00
-5.604934215545654297e+00,3.197920799255371094e+00
-5.256749153137207031e+00,3.059333801269531250e+00
-5.039040565490722656e+00,3.266804456710815430e+00
-5.118075370788574219e+00,3.506226301193237305e+00
-5.123102188110351562e+00,3.599241733551025391e+00
-5.057686805725097656e+00,3.740551948547363281e+00
-5.057686805725097656e+00,3.740551948547363281e+00
-4.997056007385253906e+00,3.879450798034667969e+00
-4.876341819763183594e+00,3.689410209655761719e+00
-4.802525997161865234e+00,3.516022682189941406e+00
-4.661540985107421875e+00,3.768175840377807617e+00
-4.673149108886718750e+00,4.020073413848876953e+00
-4.849195480346679688e+00,4.309661865234375000e+00
-4.903597354888916016e+00,4.433151245117187500e+00
-4.222517013549804688e+00,4.183631420135498047e+00
-4.107863903045654297e+00,3.768662452697753906e+00
-4.107863903045654297e+00,3.768662452697753906e+00
-4.402510643005371094e+00,4.248399257659912109e+00
-4.866055011749267578e+00,5.456825733184814453e+00
-3.802316665649414062e+00,5.431709766387939453e+00
-3.612198352813720703e+00,5.306437969207763672e+00
-3.864345312118530273e+00,5.859022140502929688e+00
-1.935515165328979492e+00,6.181501388549804688e+00
-1.897027492523193359e+00,5.914866447448730469e+00
-1.781539559364318848e+00,6.041995048522949219e+00
-1.647235155105590820e+00,6.060625076293945312e+00
-1.394058585166931152e+00,5.868299484252929688e+00
-1.566019773483276367e+00,5.596009731292724609e+00
-1.532124757766723633e+00,6.180854320526123047e+00
-1.099560618400573730e+00,6.191985130310058594e+00
-1.081187605857849121e+00,6.167431354522705078e+00
-1.203454017639160156e+00,5.994645595550537109e+00
-1.630894660949707031e+00,5.611784934997558594e+00
-1.349718570709228516e+00,5.441881656646728516e+00
-1.349718570709228516e+00,5.441881656646728516e+00
-1.482992410659790039e+00,4.997706413269042969e+00
-1.850573301315307617e+00,4.900570392608642578e+00
-2.157527685165405273e+00,4.694467067718505859e+00
-2.185410261154174805e+00,4.272693634033203125e+00
-2.402256011962890625e+00,3.866107225418090820e+00
-2.837109088897705078e+00,3.575263977050781250e+00
-3.420692920684814453e+00,3.206098318099975586e+00
-3.863065958023071289e+00,2.619522571563720703e+00
-3.913398981094360352e+00,2.658984184265136719e+00
-4.267305374145507812e+00,2.775870561599731445e+00
-4.267305374145507812e+00,2.775870561599731445e+00
-4.326843261718750000e+00,2.560942649841308594e+00
-4.101066589355468750e+00,1.853170037269592285e+00
-3.915609359741210938e+00,1.590724825859069824e+00
-3.708445549011230469e+00,9.350248575210571289e-01
-3.784896612167358398e+00,3.795953392982482910e-01
-3.708419084548950195e+00,1.470869630575180054e-01
-3.666079044342041016e+00,2.840874902904033661e-02
-4.156411170959472656e+00,-3.951137363910675049e-01
-3.807824373245239258e+00,-7.860184907913208008e-01
-3.773868083953857422e+00,-8.797524571418762207e-01
-3.773868083953857422e+00,-8.797524571418762207e-01
-3.898940324783325195e+00,-1.059630155563354492e+00
-4.313115596771240234e+00,-1.003834843635559082e+00
-4.471156120300292969e+00,-9.538709521293640137e-01
-4.692059040069580078e+00,-7.977807521820068359e-01
-5.189072132110595703e+00,-9.891409873962402344e-01
-5.442093849182128906e+00,-7.324942350387573242e-01
-5.408722877502441406e+00,-6.194446682929992676e-01
-5.560648441314697266e+00,-7.207060456275939941e-01
-5.938271045684814453e+00,-3.151079714298248291e-01
-5.938271045684814453e+00,-3.151079714298248291e-01
-5.829599380493164062e+00,-3.915360197424888611e-02
-5.537297725677490234e+00,-8.649697154760360718e-02
-5.562044620513916016e+00,-1.601556092500686646e-01
-5.446436405181884766e+00,-8.800327777862548828e-03
-5.019187927246093750e+00,2.180346548557281494e-01
-4.752523422241210938e+00,2.751176655292510986e-01
-4.360529422760009766e+00,2.992044389247894287e-01
-4.322422027587890625e+00,3.718952834606170654e-01
-4.566630840301513672e+00,6.212817430496215820e-01
-4.566630840301513672e+00,6.212817430496215820e-01
-4.548943519592285156e+00,7.568473219871520996e-01
-4.170140266418457031e+00,4.042094349861145020e-01
-4.019340515136718750e+00,1.372387111186981201e-01
-3.983196258544921875e+00,3.607582747936248779e-01
-3.654379367828369141e+00,3.103031218051910400e-02
-3.700360298156738281e+00,-1.872323825955390930e-02
-3.835016012191772461e+00,-1.177343502640724182e-01
-3.934150218963623047e+00,-1.527938246726989746e-01
-3.934150218963623047e+00,-1.527938246726989746e-01
-4.254184246063232422e+00,-2.869442403316497803e-01
-4.278432369232177734e+00,-1.958218663930892944e-01
-4.330698490142822266e+00,-2.853388488292694092e-01
-4.809622287750244141e+00,-3.317399621009826660e-01
-4.957875251770019531e+00,-3.198980987071990967e-01
-4.874585151672363281e+00,-2.692358195781707764e-01
-5.153120517730712891e+00,-6.725021451711654663e-02
-5.381011962890625000e+00,-4.305141791701316833e-02
-5.483036041259765625e+00,1.228041797876358032e-01
-5.370258331298828125e+00,9.021905660629272461e-01
-5.545760631561279297e+00,1.135962843894958496e+00
-5.899413585662841797e+00,1.524552464485168457e+00
-5.803205490112304688e+00,1.683769583702087402e+00
-5.829020023345947266e+00,1.987679719924926758e+00
-6.153776168823242188e+00,2.072520256042480469e+00
-6.183337688446044922e+00,2.087433576583862305e+00
-5.713765621185302734e+00,2.443561315536499023e+00
-5.800033569335937500e+00,2.535503387451171875e+00
-5.800033569335937500e+00,2.535503387451171875e+00
-5.805675506591796875e+00,2.803064346313476562e+00
-5.688520908355712891e+00,2.919343948364257812e+00
-5.648004055023193359e+00,2.872543573379516602e+00
-5.425261020660400391e+00,2.861161708831787109e+00
-5.234813213348388672e+00,2.680159091949462891e+00
-5.163252353668212891e+00,2.442185163497924805e+00
-5.101962089538574219e+00,2.298604488372802734e+00
-4.978508472442626953e+00,2.099551916122436523e+00
-4.832605361938476562e+00,1.835346460342407227e+00
-4.876443862915039062e+00,1.560617804527282715e+00
-4.895534038543701172e+00,1.608008384704589844e+00
-4.895534038543701172e+00,1.608008384704589844e+00
-4.866013526916503906e+00,1.800068497657775879e+00
-4.602907657623291016e+00,1.603101968765258789e+00
-4.497767448425292969e+00,1.422683954238891602e+00
-4.498330593109130859e+00,1.410200476646423340e+00
-4.694885730743408203e+00,1.774298071861267090e+00
-4.694885730743408203e+00,1.774298071861267090e+00
-4.580947875976562500e+00,1.785359025001525879e+00
-4.343826770782470703e+00,1.768169999122619629e+00
-4.407151222229003906e+00,1.801611304283142090e+00
-4.530617713928222656e+00,1.528053998947143555e+00
-4.535075664520263672e+00,1.624807476997375488e+00
-4.614455223083496094e+00,2.032793283462524414e+00
-4.787848949432373047e+00,2.274791002273559570e+00
-5.077611923217773438e+00,2.253292798995971680e+00
-5.035211563110351562e+00,2.054822921752929688e+00
-5.075995922088623047e+00,2.027683496475219727e+00
-5.269865989685058594e+00,2.180431127548217773e+00
-5.276896476745605469e+00,2.104491233825683594e+00
-5.095262050628662109e+00,1.964787721633911133e+00
-4.518028736114501953e+00,1.909353017807006836e+00
-4.569237709045410156e+00,1.999760866165161133e+00
-4.695518970489501953e+00,2.224791288375854492e+00
-4.529635906219482422e+00,2.430129766464233398e+00
-4.371212959289550781e+00,2.616837501525878906e+00
-4.371212959289550781e+00,2.616837501525878906e+00
-4.384877681732177734e+00,2.636681556701660156e+00
-4.576007366180419922e+00,2.693779945373535156e+00
-4.648133754730224609e+00,2.891455650329589844e+00
-4.110219955444335938e+00,3.324754238128662109e+00
-4.543310165405273438e+00,4.023338794708251953e+00
-4.761456966400146484e+00,4.407049655914306641e+00
-4.759379386901855469e+00,4.763191699981689453e+00
-4.759379386901855469e+00,4.763191699981689453e+00
-4.759379386901855469e+00,4.763191699981689453e+00
-3.619440793991088867e+00,4.818995475769042969e+00
-3.160088062286376953e+00,4.652232646942138672e+00
-2.733907938003540039e+00,4.758259773254394531e+00
-3.099304676055908203e+00,6.022326469421386719e+00
-2.792688846588134766e+00,7.580772876739501953e+00
-2.792688846588134766e+00,7.580772876739501953e+00
-2.262912988662719727e+00,9.407345771789550781e+00
-2.798178672790527344e+00,9.570152282714843750e+00
-1.402851104736328125e+00,9.886556625366210938e+00
-1.534835219383239746e+00,9.927296638488769531e+00
-2.858075857162475586e+00,8.067687034606933594e+00
-2.358709812164306641e+00,6.348559856414794922e+00
-2.635297536849975586e+00,5.500627994537353516e+00
-2.933261632919311523e+00,4.721335411071777344e+00
-3.114991426467895508e+00,3.200465917587280273e+00
-2.754620552062988281e+00,1.245450735092163086e+00
-3.857500553131103516e+00,3.419331312179565430e-01
-4.270609378814697266e+00,2.497368305921554565e-01
-3.807217359542846680e+00,-1.055142641067504883e+00
-3.813273906707763672e+00,-1.364043116569519043e+00
-3.813273906707763672e+00,-1.364043116569519043e+00
-5.303167343139648438e+00,-4.246685504913330078e-01
-5.320597171783447266e+00,1.690585315227508545e-01
-4.566326141357421875e+00,-2.241579145193099976e-01
-4.223845005035400391e+00,-2.195223867893218994e-01
-3.578478813171386719e+00,1.379870533943176270e+00
-3.219714403152465820e+00,1.638229131698608398e+00
-3.255337476730346680e+00,1.889907717704772949e+00
-3.255337476730346680e+00,1.889907717704772949e+00
-3.276239156723022461e+00,2.334598541259765625e+00
-2.810709238052368164e+00,2.979374885559082031e+00
-2.012123346328735352e+00,3.307845354080200195e+00
-1.607043623924255371e+00,3.601650714874267578e+00
-1.579177260398864746e+00,3.673864603042602539e+00
-1.418715476989746094e+00,3.828964948654174805e+00
-1.322292447090148926e+00,3.907135725021362305e+00
-1.153355121612548828e+00,3.590713977813720703e+00
-1.110007882118225098e+00,3.369514465332031250e+00
-1.281270146369934082e+00,3.229910373687744141e+00
-2.016313314437866211e+00,2.724912881851196289e+00
-2.377005100250244141e+00,2.045448064804077148e+00
-2.659913301467895508e+00,1.743605256080627441e+00
-2.972143650054931641e+00,1.566699743270874023e+00
-3.791852712631225586e+00,9.561189413070678711e-01
-4.437994956970214844e+00,5.449115633964538574e-01
-4.696484088897705078e+00,4.694763422012329102e-01
-5.468019962310791016e+00,1.841674894094467163e-01
-5.938144683837890625e+00,-2.772905826568603516e-01
-5.938144683837890625e+00,-2.772905826568603516e-01
-6.034115314483642578e+00,-3.733085989952087402e-01
-6.108077049255371094e+00,-3.916112482547760010e-01
-6.198039054870605469e+00,-1.846986562013626099e-01
-6.389648437500000000e+00,-2.678298950195312500e-01
-6.354480743408203125e+00,-2.171144783496856689e-01
-5.965409755706787109e+00,1.082278713583946228e-01
-5.850714206695556641e+00,1.627454608678817749e-01
-5.747247219085693359e+00,1.145615428686141968e-01
-5.640296936035156250e+00,1.623864322900772095e-01
-5.411234378814697266e+00,3.214434683322906494e-01
-5.112405300140380859e+00,4.518362581729888916e-01
-4.879101753234863281e+00,5.607201457023620605e-01
-4.844031333923339844e+00,8.076340556144714355e-01
-4.652370929718017578e+00,9.600887894630432129e-01
-4.276900768280029297e+00,7.602773904800415039e-01
-4.205802440643310547e+00,6.934107542037963867e-01
-4.094159603118896484e+00,4.486615061759948730e-01
-3.798651218414306641e+00,3.491234481334686279e-01
-3.942068576812744141e+00,6.817030906677246094e-01
-4.034353733062744141e+00,8.155378103256225586e-01
-4.475962638854980469e+00,1.623408317565917969e+00
-4.566166400909423828e+00,1.844613552093505859e+00
-4.659072399139404297e+00,2.133104801177978516e+00
-4.944952487945556641e+00,2.631957292556762695e+00
-5.301208019256591797e+00,2.259378194808959961e+00
-5.128406047821044922e+00,1.502967476844787598e+00
-4.802220344543457031e+00,4.649825096130371094e-01
-5.091302394866943359e+00,-9.212103486061096191e-02
-5.520731925964355469e+00,-3.368856012821197510e-01
-5.520731925964355469e+00,-3.368856012821197510e-01
-5.797678470611572266e+00,-9.308446049690246582e-01
-5.868519783020019531e+00,-1.185488581657409668e+00
-6.017736434936523438e+00,-1.194336056709289551e+00
-6.366051673889160156e+00,-1.022547364234924316e+00
-6.460216045379638672e+00,-7.664210200309753418e-01
-6.645141601562500000e+00,-5.251432657241821289e-01
-6.830879688262939453e+00,-3.380844593048095703e-01
-6.967037677764892578e+00,-1.316635310649871826e-01
-6.918817996978759766e+00,6.484858989715576172e-01
-6.918817996978759766e+00,6.484858989715576172e-01
-6.890547275543212891e+00,9.311077594757080078e-01
-6.907555103302001953e+00,1.313231706619262695e+00
-6.766047477722167969e+00,1.835718631744384766e+00
-6.622229576110839844e+00,2.152356147766113281e+00
-6.343152523040771484e+00,2.778033494949340820e+00
-6.287547588348388672e+00,2.911240100860595703e+00
-6.178392410278320312e+00,2.978833436965942383e+00
-5.937226772308349609e+00,3.006842136383056641e+00
-5.701188087463378906e+00,3.058220386505126953e+00
-5.379591464996337891e+00,3.117644786834716797e+00
-5.313893795013427734e+00,3.115466117858886719e+00
-5.105739593505859375e+00,3.106296777725219727e+00
-4.936500549316406250e+00,2.999610900878906250e+00
-4.788867950439453125e+00,2.929286956787109375e+00
-4.578138351440429688e+00,2.695461988449096680e+00
-4.557487964630126953e+00,2.421233892440795898e+00
-4.587767601013183594e+00,2.373500108718872070e+00
-4.658426284790039062e+00,2.212567806243896484e+00
-4.662424564361572266e+00,2.183465480804443359e+00
-4.733891963958740234e+00,2.088235616683959961e+00
-5.276505470275878906e+00,1.806658387184143066e+00
-5.547679424285888672e+00,1.828834891319274902e+00
-5.581762790679931641e+00,1.883248448371887207e+00
-5.755551815032958984e+00,2.066369295120239258e+00
-5.822063922882080078e+00,2.081577539443969727e+00
-5.905984401702880859e+00,2.519378662109375000e+00
-5.905984401702880859e+00,2.519378662109375000e+00
-5.700033664703369141e+00,2.699243068695068359e+00
-5.571485519409179688e+00,2.921533107757568359e+00
-5.344391822814941406e+00,3.396253824234008789e+00
-5.441472530364990234e+00,4.000016212463378906e+00
-5.225073337554931641e+00,4.612723827362060547e+00
-5.708563804626464844e+00,4.743104457855224609e+00
-6.042065143585205078e+00,4.908525466918945312e+00
-6.083045482635498047e+00,5.010469436645507812e+00
-6.008316040039062500e+00,5.148274421691894531e+00
-5.984940052032470703e+00,5.172742366790771484e+00
-5.336369514465332031e+00,5.201011180877685547e+00
-5.188279151916503906e+00,5.199934959411621094e+00
-5.188279151916503906e+00,5.199934959411621094e+00
-4.341604709625244141e+00,5.028573036193847656e+00
-4.321977615356445312e+00,4.954833984375000000e+00
-4.365547657012939453e+00,4.928191661834716797e+00
-3.531039237976074219e+00,5.006143569946289062e+00
-3.214808464050292969e+00,5.396626472473144531e+00
-3.214808464050292969e+00,5.396626472473144531e+00
-2.643784523010253906e+00,5.191436767578125000e+00
-2.161316156387329102e+00,4.941125869750976562e+00
-1.839861154556274414e+00,4.866246700286865234e+00
-1.257105350494384766e+00,4.541763782501220703e+00
-1.190601110458374023e+00,4.574342727661132812e+00
-1.216104030609130859e+00,4.430695533752441406e+00
-1.201126456260681152e+00,4.332146644592285156e+00
-1.023318767547607422e+00,4.224097728729248047e+00
-1.084236145019531250e+00,3.742567300796508789e+00
-1.436128497123718262e+00,3.643298625946044922e+00
-1.581885457038879395e+00,3.599254608154296875e+00
-1.816117048263549805e+00,3.537562608718872070e+00
-1.820524334907531738e+00,3.649308443069458008e+00
-1.934345960617065430e+00,3.681122064590454102e+00
-2.380203723907470703e+00,3.404190540313720703e+00
-2.827739238739013672e+00,2.877963304519653320e+00
-3.307993412017822266e+00,2.824248075485229492e+00
-3.505828142166137695e+00,3.060863494873046875e+00
-3.719083070755004883e+00,2.963600635528564453e+00
-4.043360233306884766e+00,2.792930603027343750e+00
-4.291995525360107422e+00,2.778445243835449219e+00
-4.519625663757324219e+00,2.989437341690063477e+00
-4.460361003875732422e+00,3.097827196121215820e+00
-4.601830482482910156e+00,2.927256584167480469e+00
-4.987700939178466797e+00,2.709241390228271484e+00
-5.348363876342773438e+00,2.686328411102294922e+00
-5.485448837280273438e+00,2.451795101165771484e+00
-5.513838291168212891e+00,1.825889825820922852e+00
-5.815410614013671875e+00,1.285150408744812012e+00
-5.824185848236083984e+00,1.215519428253173828e+00
-5.826537132263183594e+00,8.213275074958801270e-01
-5.828722476959228516e+00,7.039920091629028320e-01
-5.547203540802001953e+00,4.805113673210144043e-01
-5.412809848785400391e+00,3.699073195457458496e-02
-5.491431236267089844e+00,-1.411658376455307007e-01
-5.610751628875732422e+00,-2.066900730133056641e-01
-5.745718955993652344e+00,-4.458410143852233887e-01
-5.735688686370849609e+00,-5.691128969192504883e-01
-5.698332309722900391e+00,-1.179167270660400391e+00
-5.869623184204101562e+00,-1.314049482345581055e+00
-5.736424446105957031e+00,-1.321886897087097168e+00
-5.582328319549560547e+00,-1.261806011199951172e+00
-5.399842262268066406e+00,-1.136820316314697266e+00
-5.341844081878662109e+00,-1.138151764869689941e+00
-4.880923271179199219e+00,-1.251400709152221680e+00
-4.383355140686035156e+00,-1.161041021347045898e+00
-4.283998489379882812e+00,-1.129576563835144043e+00
-4.218717098236083984e+00,-9.321016669273376465e-01
-3.656857490539550781e+00,-5.163885354995727539e-01
-3.656857490539550781e+00,-5.163885354995727539e-01
-3.488468647003173828e+00,-4.934753775596618652e-01
-3.120476007461547852e+00,-1.032422930002212524e-01
-2.824730873107910156e+00,5.903230607509613037e-02
-2.752177953720092773e+00,1.327569484710693359e-01
-3.007436037063598633e+00,6.514023542404174805e-01
-3.245947122573852539e+00,5.791400074958801270e-01
-3.394686460494995117e+00,2.973479032516479492e-01
-3.479518890380859375e+00,3.194393515586853027e-01
-3.807084798812866211e+00,4.882423877716064453e-01
-4.131262779235839844e+00,6.405863761901855469e-01
-4.604793548583984375e+00,7.164917588233947754e-01
-4.936581134796142578e+00,6.519472002983093262e-01
-5.022765159606933594e+00,6.326913833618164062e-01
-5.120643138885498047e+00,6.522544622421264648e-01
-5.543227672576904297e+00,7.076516747474670410e-01
-5.615263938903808594e+00,5.602894425392150879e-01
-5.709901332855224609e+00,2.306944578886032104e-01
-5.625507354736328125e+00,2.192046344280242920e-01
-5.699078559875488281e+00,1.073595881462097168e-01
-5.705337524414062500e+00,-2.309546917676925659e-01
-5.556061744689941406e+00,-4.167010784149169922e-01
-5.441335201263427734e+00,-5.291186571121215820e-01
-5.446619510650634766e+00,-5.807198286056518555e-01
-5.460412979125976562e+00,-7.244250774383544922e-01
-5.279601573944091797e+00,-7.309038639068603516e-01
-5.182910919189453125e+00,-6.900761127471923828e-01
-5.314077854156494141e+00,-5.690947175025939941e-01
-5.308913707733154297e+00,-5.066593289375305176e-01
-5.309774875640869141e+00,-2.367695569992065430e-01
-5.306908130645751953e+00,-1.067186817526817322e-01
-5.133748531341552734e+00,-1.257167458534240723e-01
-4.922791481018066406e+00,-1.082073301076889038e-01
-4.728574752807617188e+00,5.376095771789550781e-01
-4.609352588653564453e+00,7.840816378593444824e-01
-4.465261936187744141e+00,1.028323411941528320e+00
-4.351155757904052734e+00,1.490568757057189941e+00
-4.302416801452636719e+00,1.698071479797363281e+00
-4.372462272644042969e+00,1.905370116233825684e+00
-4.447860717773437500e+00,2.078666687011718750e+00
-4.401496410369873047e+00,2.468966722488403320e+00
-4.696967124938964844e+00,2.590972185134887695e+00
-4.653559684753417969e+00,2.609668731689453125e+00
-4.460588932037353516e+00,2.722157716751098633e+00
-4.340307712554931641e+00,2.801468610763549805e+00
-4.279561519622802734e+00,3.032634973526000977e+00
-4.703687667846679688e+00,2.993115186691284180e+00
-4.736361026763916016e+00,2.585076093673706055e+00
-4.736361026763916016e+00,2.585076093673706055e+00
-4.764325618743896484e+00,2.598363637924194336e+00
-5.402839660644531250e+00,2.538469552993774414e+00
-5.402839660644531250e+00,2.538469552993774414e+00
-5.746322631835937500e+00,2.502347707748413086e+00
-5.748504638671875000e+00,2.494513750076293945e+00
-5.615442276000976562e+00,2.110743999481201172e+00
-5.615442276000976562e+00,2.110743999481201172e+00
-5.544780254364013672e+00,1.945223450660705566e+00
-5.639941692352294922e+00,1.990743279457092285e+00
-5.380980491638183594e+00,2.223173618316650391e+00
-5.121359825134277344e+00,1.907552599906921387e+00
-5.121359825134277344e+00,1.907552599906921387e+00
-4.947464466094970703e+00,1.700331926345825195e+00
-4.847226142883300781e+00,1.684005498886108398e+00
-4.338213443756103516e+00,1.588173627853393555e+00
-4.416851997375488281e+00,1.693774819374084473e+00
-4.477294445037841797e+00,1.726124763488769531e+00
-4.581154346466064453e+00,1.897047758102416992e+00
-4.487304687500000000e+00,2.172285079956054688e+00
-4.372577667236328125e+00,2.595035076141357422e+00
-4.584606170654296875e+00,2.952997446060180664e+00
-3.087726831436157227e+00,3.551043272018432617e+00
-2.885294914245605469e+00,4.032602787017822266e+00
-2.848957061767578125e+00,3.830598354339599609e+00
-2.989863634109497070e+00,3.825448274612426758e+00
-3.115299940109252930e+00,3.933079719543457031e+00
-3.555110692977905273e+00,4.474499702453613281e+00
-3.480194330215454102e+00,4.518776416778564453e+00
-3.480194330215454102e+00,4.518776416778564453e+00
-2.769896030426025391e+00,4.186740875244140625e+00
-2.509096145629882812e+00,4.011361598968505859e+00
-3.445473194122314453e+00,4.943192481994628906e+00
-3.218368530273437500e+00,4.823121070861816406e+00
-2.741694211959838867e+00,4.526326656341552734e+00
-2.775193452835083008e+00,4.493428230285644531e+00
-3.334699392318725586e+00,4.814970493316650391e+00
-2.822618484497070312e+00,4.666024684906005859e+00
-3.282827854156494141e+00,4.837408065795898438e+00
-2.985780239105224609e+00,5.549615383148193359e+00
-3.200297594070434570e+00,5.498712539672851562e+00
-3.778578758239746094e+00,5.192486763000488281e+00
-3.778578758239746094e+00,5.192486763000488281e+00
-3.778578758239746094e+00,5.192486763000488281e+00
-3.535089254379272461e+00,4.974302768707275391e+00
-3.169512510299682617e+00,4.565496921539306641e+00
-3.322228908538818359e+00,4.378347873687744141e+00
-3.537063121795654297e+00,3.970248699188232422e+00
-3.610903501510620117e+00,4.290598392486572266e+00
-3.642361640930175781e+00,4.369308948516845703e+00
-3.624336481094360352e+00,4.278859138488769531e+00
-3.542868375778198242e+00,3.748923778533935547e+00
-3.412249088287353516e+00,3.667315721511840820e+00
-2.893712997436523438e+00,3.199605703353881836e+00
-2.869550466537475586e+00,3.089783668518066406e+00
-2.893214941024780273e+00,3.019460439682006836e+00
-2.924813747406005859e+00,2.917303323745727539e+00
-2.815784931182861328e+00,2.404788732528686523e+00
-3.023344993591308594e+00,1.969826459884643555e+00
-3.011174440383911133e+00,1.828577518463134766e+00
-2.961700677871704102e+00,1.787582039833068848e+00
-3.006050586700439453e+00,1.661699652671813965e+00
-3.408493995666503906e+00,1.634251594543457031e+00
-3.524559020996093750e+00,1.560575127601623535e+00
-3.544552564620971680e+00,1.545921802520751953e+00
-3.823948621749877930e+00,1.473232030868530273e+00
-4.066325187683105469e+00,1.528227448463439941e+00
-4.093460559844970703e+00,1.597228765487670898e+00
-4.157116889953613281e+00,1.460950493812561035e+00
-4.300920009613037109e+00,1.491597652435302734e+00
-4.467757225036621094e+00,1.441783905029296875e+00
-4.517261505126953125e+00,1.434358477592468262e+00
-4.457260131835937500e+00,1.366024732589721680e+00
-4.434680461883544922e+00,1.071280002593994141e+00
-4.487265586853027344e+00,7.442070841789245605e-01
-4.597468852996826172e+00,5.408794879913330078e-01
-4.915143013000488281e+00,6.163133978843688965e-01
-4.557250976562500000e+00,4.070325791835784912e-01
-4.476431846618652344e+00,2.278795838356018066e-01
-4.476431846618652344e+00,2.278795838356018066e-01
-4.476431846618652344e+00,2.278795838356018066e-01
-4.547224998474121094e+00,2.666313052177429199e-01
-4.766394615173339844e+00,5.349922776222229004e-01
-4.490669250488281250e+00,4.380543828010559082e-01
-4.134142398834228516e+00,-1.672122441232204437e-02
-4.071702957153320312e+00,-3.303582370281219482e-01
-4.152792453765869141e+00,-2.191166430711746216e-01
-4.043312549591064453e+00,-3.234002888202667236e-01
-4.023377895355224609e+00,-3.718468248844146729e-01
-4.023377895355224609e+00,-3.718468248844146729e-01
-4.283601284027099609e+00,1.042983531951904297e-01
-4.338347434997558594e+00,1.467922478914260864e-01
-4.511655330657958984e+00,3.892409205436706543e-01
-4.436330795288085938e+00,1.902228742837905884e-01
-4.432367801666259766e+00,1.799204796552658081e-01
-4.538997173309326172e+00,3.075858056545257568e-01
-4.630000114440917969e+00,3.165388703346252441e-01
-4.595193386077880859e+00,3.179244101047515869e-01
-4.704227447509765625e+00,4.197038710117340088e-02
-4.834654331207275391e+00,9.115168452262878418e-02
-4.834654331207275391e+00,9.115168452262878418e-02
-4.916314601898193359e+00,2.275512069463729858e-01
-4.935797691345214844e+00,2.124973982572555542e-01
-4.935797691345214844e+00,2.124973982572555542e-01
-5.026631832122802734e+00,1.314029693603515625e-01
-5.026631832122802734e+00,1.314029693603515625e-01
-5.113645076751708984e+00,1.246525570750236511e-01
-5.353181838989257812e+00,3.836505711078643799e-01
-5.488640308380126953e+00,2.759068012237548828e-01
-5.532193183898925781e+00,2.205803692340850830e-01
-5.514417171478271484e+00,2.848456799983978271e-01
-5.558530807495117188e+00,6.554134488105773926e-01
-5.728836536407470703e+00,8.199950456619262695e-01
-5.775042533874511719e+00,7.637488842010498047e-01
-5.663741588592529297e+00,6.036437749862670898e-01
-5.593642234802246094e+00,7.261967062950134277e-01
-5.487301826477050781e+00,8.714066147804260254e-01
-5.524035453796386719e+00,9.375829100608825684e-01
-5.664234638214111328e+00,1.019147992134094238e+00
-5.664234638214111328e+00,1.019147992134094238e+00
-5.755659580230712891e+00,1.220745086669921875e+00
-5.681118011474609375e+00,1.314168810844421387e+00
-5.648278713226318359e+00,1.499641537666320801e+00
-5.654636383056640625e+00,1.536915063858032227e+00
-5.637507438659667969e+00,1.597727656364440918e+00
-5.622722625732421875e+00,1.761490106582641602e+00
-5.613649368286132812e+00,1.825534462928771973e+00
-5.615412235260009766e+00,1.947550177574157715e+00
-5.648822307586669922e+00,1.943051099777221680e+00
-5.631708621978759766e+00,1.933344483375549316e+00
-5.604031085968017578e+00,2.329887151718139648e+00
-5.604031085968017578e+00,2.329887151718139648e+00
-5.736597061157226562e+00,2.436874866485595703e+00
-5.755281925201416016e+00,2.352982044219970703e+00
-5.633581638336181641e+00,2.294727087020874023e+00
-5.513851642608642578e+00,2.331305265426635742e+00
-5.530982017517089844e+00,2.240724563598632812e+00
-5.491627216339111328e+00,1.921865463256835938e+00
-5.446647167205810547e+00,1.934390783309936523e+00
-5.460946559906005859e+00,2.048420190811157227e+00
-5.589549541473388672e+00,2.051387310028076172e+00
-9.680690765380859375e+00,-3.649674355983734131e-01
-1.306363296508789062e+01,-2.900228261947631836e+00
-2.107837867736816406e+01,-8.936146736145019531e+00
-2.323124122619628906e+01,-7.357511043548583984e+00
-2.306604385375976562e+01,-5.294516086578369141e+00
-2.304841232299804688e+01,-3.726750373840332031e+00
-2.374437332153320312e+01,-2.625761747360229492e+00
-2.519178199768066406e+01,-2.006058454513549805e+00
-2.555064392089843750e+01,1.382485270500183105e+00
-2.459840774536132812e+01,4.610174655914306641e+00
-2.409233856201171875e+01,5.209953784942626953e+00
-2.084837150573730469e+01,6.765164852142333984e+00
-1.771062088012695312e+01,7.440797328948974609e+00
-1.446726226806640625e+01,7.947062015533447266e+00
-8.580297470092773438e+00,8.181193351745605469e+00
-3.588276863098144531e+00,7.123516559600830078e+00
-2.141808032989501953e+00,6.604821205139160156e+00
4.177011013031005859e+00,3.605716943740844727e+00
6.408268451690673828e+00,2.336499691009521484e+00
1.081541347503662109e+01,-1.069839596748352051e+00
1.209472560882568359e+01,-2.402704954147338867e+00
1.357530975341796875e+01,-4.817183971405029297e+00
1.345697498321533203e+01,-7.755464076995849609e+00
1.246331596374511719e+01,-8.830552101135253906e+00
1.173407363891601562e+01,-9.195172309875488281e+00
7.583352088928222656e+00,-9.869639396667480469e+00
3.886913061141967773e+00,-9.296897888183593750e+00
3.095437765121459961e+00,-9.090599060058593750e+00
1.621223688125610352e+00,-8.569167137145996094e+00
3.795050829648971558e-02,-7.827498912811279297e+00
-2.027863264083862305e+00,-6.818561077117919922e+00
-5.048082828521728516e+00,-4.636133670806884766e+00
-5.693021774291992188e+00,-4.082400798797607422e+00
-8.010296821594238281e+00,-1.845983624458312988e+00
-8.516324043273925781e+00,-1.323714017868041992e+00
-1.038750839233398438e+01,1.430430650711059570e+00
-1.055893611907958984e+01,1.792996644973754883e+00
-1.113854312896728516e+01,3.472571849822998047e+00
-1.118120002746582031e+01,4.118864059448242188e+00
-1.016390132904052734e+01,4.687813758850097656e+00
-9.876107215881347656e+00,4.733218193054199219e+00
-8.518496513366699219e+00,4.676383972167968750e+00
-7.071064949035644531e+00,4.225448131561279297e+00
-6.100952148437500000e+00,3.886907577514648438e+00
-3.758757114410400391e+00,2.915827035903930664e+00
-2.238146543502807617e+00,2.107431888580322266e+00
-9.178290367126464844e-01,1.317403912544250488e+00
9.391552209854125977e-01,1.613534688949584961e-01
2.279080152511596680e+00,-7.319616079330444336e-01
3.378665924072265625e+00,-1.571973443031311035e+00
4.533356189727783203e+00,-2.626338958740234375e+00
5.138846874237060547e+00,-3.297799348831176758e+00
5.574016571044921875e+00,-3.863420724868774414e+00
5.840460300445556641e+00,-4.664867401123046875e+00
5.754818916320800781e+00,-4.915667533874511719e+00
5.432428836822509766e+00,-5.181885242462158203e+00
4.741819858551025391e+00,-5.324484348297119141e+00
4.114110946655273438e+00,-5.383273601531982422e+00
3.401142120361328125e+00,-5.272772789001464844e+00
2.434933423995971680e+00,-5.009776115417480469e+00
9.528728127479553223e-01,-4.519222259521484375e+00
-2.159789577126502991e-02,-4.188376426696777344e+00
-8.236322999000549316e-01,-3.759350061416625977e+00
-1.684133052825927734e+00,-3.153934001922607422e+00
-1.915041327476501465e+00,-2.997507333755493164e+00
-2.834627151489257812e+00,-2.421737670898437500e+00
-3.401531934738159180e+00,-2.089504480361938477e+00
-3.785540342330932617e+00,-1.766676068305969238e+00
-4.382644653320312500e+00,-7.773913741111755371e-01
-4.382899284362792969e+00,-6.793895959854125977e-01
-4.197861671447753906e+00,-4.432922899723052979e-01
-3.675170898437500000e+00,-3.309683501720428467e-01
-3.348701953887939453e+00,-3.134049773216247559e-01
-2.973869800567626953e+00,-2.896924614906311035e-01
-2.778462171554565430e+00,-3.266135156154632568e-01
-2.331896305084228516e+00,-4.282402396202087402e-01
-1.760332942008972168e+00,-5.993143916130065918e-01
-8.896254897117614746e-01,-8.684612512588500977e-01
-1.194533035159111023e-01,-1.138787150382995605e+00
5.322421789169311523e-01,-1.490852475166320801e+00
1.213310241699218750e+00,-1.939680099487304688e+00
1.669678688049316406e+00,-2.170808553695678711e+00
2.053551435470581055e+00,-2.461633205413818359e+00
2.260673999786376953e+00,-2.848269939422607422e+00
2.270215511322021484e+00,-3.002262353897094727e+00
2.092943429946899414e+00,-3.047493457794189453e+00
1.991291165351867676e+00,-3.026386022567749023e+00
1.958012104034423828e+00,-3.100927352905273438e+00
1.548512220382690430e+00,-3.357230424880981445e+00
1.188162207603454590e+00,-3.379835367202758789e+00
1.012137174606323242e+00,-3.376935958862304688e+00
7.946659922599792480e-01,-3.320903062820434570e+00
3.623796999454498291e-01,-3.159302711486816406e+00
-3.271447420120239258e-01,-3.026537418365478516e+00
-4.868561923503875732e-01,-3.013156890869140625e+00
-9.687467813491821289e-01,-2.777143239974975586e+00
-1.286126732826232910e+00,-2.356863021850585938e+00
-1.362393140792846680e+00,-2.307347536087036133e+00
-1.689288377761840820e+00,-2.146176815032958984e+00
-1.829188823699951172e+00,-1.958927989006042480e+00
-1.842698693275451660e+00,-1.712750792503356934e+00
-1.907276630401611328e+00,-1.391406059265136719e+00
-1.944796562194824219e+00,-1.201753616333007812e+00
-1.890058398246765137e+00,-1.062654376029968262e+00
-1.685942411422729492e+00,-9.333155155181884766e-01
-1.416858196258544922e+00,-7.912867665290832520e-01
-1.075802803039550781e+00,-6.750259399414062500e-01
-5.763521790504455566e-01,-5.168810486793518066e-01
-4.239571839570999146e-02,-5.416853427886962891e-01
1.839122623205184937e-01,-6.338203549385070801e-01
3.331032991409301758e-01,-6.739316582679748535e-01
6.039207577705383301e-01,-7.469166517257690430e-01
8.844567537307739258e-01,-8.831990957260131836e-01
1.369367957115173340e+00,-1.115214586257934570e+00
1.587678074836730957e+00,-1.362978100776672363e+00
1.589649796485900879e+00,-1.492838859558105469e+00
1.571683883666992188e+00,-1.715181946754455566e+00
1.434846878051757812e+00,-1.989656567573547363e+00
1.330308914184570312e+00,-2.073666334152221680e+00
1.292661786079406738e+00,-2.086059808731079102e+00
1.088118791580200195e+00,-2.258894681930541992e+00
1.021850466728210449e+00,-2.324234247207641602e+00
7.093567848205566406e-01,-2.563091754913330078e+00
5.542842745780944824e-01,-2.530044555664062500e+00
4.089940190315246582e-01,-2.490991830825805664e+00
1.411918401718139648e-01,-2.597382068634033203e+00
-6.098179146647453308e-02,-2.693823575973510742e+00
-3.447981178760528564e-01,-2.490206718444824219e+00
-4.473361968994140625e-01,-2.265523672103881836e+00
-8.349680900573730469e-01,-1.951367378234863281e+00
-1.034258246421813965e+00,-1.806672930717468262e+00
-1.080485939979553223e+00,-1.747806310653686523e+00
-1.151794314384460449e+00,-1.604657530784606934e+00
-1.207594871520996094e+00,-1.425170779228210449e+00
-1.234917998313903809e+00,-1.351608514785766602e+00
-1.231125831604003906e+00,-1.278065919876098633e+00
-1.214694619178771973e+00,-1.147125601768493652e+00
-1.090426564216613770e+00,-8.913760185241699219e-01
-8.959282636642456055e-01,-7.291327714920043945e-01
-7.153267264366149902e-01,-5.328784584999084473e-01
-7.153267264366149902e-01,-5.328784584999084473e-01
-7.153267264366149902e-01,-5.328784584999084473e-01
-7.153267264366149902e-01,-5.328784584999084473e-01
-7.153267264366149902e-01,-5.328784584999084473e-01
-7.153267264366149902e-01,-5.328784584999084473e-01
-7.153267264366149902e-01,-5.328784584999084473e-01
-7.153267264366149902e-01,-5.328784584999084473e-01
-7.153267264366149902e-01,-5.328784584999084473e-01
-7.153267264366149902e-01,-5.328784584999084473e-01
-7.153267264366149902e-01,-5.328784584999084473e-01
-7.153267264366149902e-01,-5.328784584999084473e-01
-7.153267264366149902e-01,-5.328784584999084473e-01
-7.153267264366149902e-01,-5.328784584999084473e-01
-7.153267264366149902e-01,-5.328784584999084473e-01
-7.153267264366149902e-01,-5.328784584999084473e-01
-7.153267264366149902e-01,-5.328784584999084473e-01
-7.153267264366149902e-01,-5.328784584999084473e-01
-7.153267264366149902e-01,-5.328784584999084473e-01
-7.153267264366149902e-01,-5.328784584999084473e-01
-7.153267264366149902e-01,-5.328784584999084473e-01
-7.153267264366149902e-01,-5.328784584999084473e-01
-7.153267264366149902e-01,-5.328784584999084473e-01
-7.153267264366149902e-01,-5.328784584999084473e-01
-7.153267264366149902e-01,-5.328784584999084473e-01
-7.153267264366149902e-01,-5.328784584999084473e-01
-7.153267264366149902e-01,-5.328784584999084473e-01
-7.153267264366149902e-01,-5.328784584999084473e-01
-7.153267264366149902e-01,-5.328784584999084473e-01
-7.153267264366149902e-01,-5.328784584999084473e-01
-7.153267264366149902e-01,-5.328784584999084473e-01
-7.153267264366149902e-01,-5.328784584999084473e-01
-7.153267264366149902e-01,-5.328784584999084473e-01
-7.153267264366149902e-01,-5.328784584999084473e-01
-7.153267264366149902e-01,-5.328784584999084473e-01
-7.153267264366149902e-01,-5.328784584999084473e-01
-7.153267264366149902e-01,-5.328784584999084473e-01
-7.153267264366149902e-01,-5.328784584999084473e-01
-7.153267264366149902e-01,-5.328784584999084473e-01
-7.153267264366149902e-01,-5.328784584999084473e-01
-7.153267264366149902e-01,-5.328784584999084473e-01
-7.153267264366149902e-01,-5.328784584999084473e-01
-7.153267264366149902e-01,-5.328784584999084473e-01
-7.153267264366149902e-01,-5.328784584999084473e-01
-7.153267264366149902e-01,-5.328784584999084473e-01
-7.153267264366149902e-01,-5.328784584999084473e-01
-7.153267264366149902e-01,-5.328784584999084473e-01
-7.153267264366149902e-01,-5.328784584999084473e-01
-7.153267264366149902e-01,-5.328784584999084473e-01
-7.153267264366149902e-01,-5.328784584999084473e-01
-7.153267264366149902e-01,-5.328784584999084473e-01
-7.153267264366149902e-01,-5.328784584999084473e-01
