3.273753717181281941e-01,3.910970426060210725e-01,1.019048333168029785e+00
7.844957207813310629e-02,2.523817993007637095e-01,1.022557377815246582e+00
-1.419767373927562359e-01,1.420606266898144232e-01,1.024956345558166504e+00
-1.419767373927562359e-01,1.420606266898144232e-01,1.024956345558166504e+00
1.860084031189208342e-01,-3.181568649317662034e-02,1.028457045555114746e+00
1.015788520868464440e-01,2.771283298455474164e-01,1.032487869262695312e+00
4.426034694178287987e-01,-2.350874170477492697e-01,1.039766788482666016e+00
8.441357064848087344e-02,2.324436709585263050e-01,1.044534802436828613e+00
2.063065593505741813e-01,1.998912654708417391e-01,1.050472617149353027e+00
2.066974377105404159e-01,-1.225932533827757132e-01,1.057781338691711426e+00
2.066974377105404159e-01,-1.225932533827757132e-01,1.057781338691711426e+00
2.673897159694776926e-01,-2.048634007543588820e-01,1.072125077247619629e+00
4.747729057094939031e-02,2.473900339251595693e-01,1.086202025413513184e+00
-1.437198747054327930e-01,1.292662794601696086e-01,1.097132205963134766e+00
-2.095408949015792888e-01,1.741582670835890856e-01,1.108559608459472656e+00
-8.733336838533131696e-02,2.832068705675268583e-01,1.121073246002197266e+00
-2.140589740821006171e-01,1.092498569739920045e-01,1.135028958320617676e+00
-2.140589740821006171e-01,1.092498569739920045e-01,1.135028958320617676e+00
2.088123950515045069e-01,1.789498736827457859e-01,1.168190479278564453e+00
-3.058925888487388778e-01,2.241643310384677790e-02,1.187445878982543945e+00
-3.058925888487388778e-01,2.241643310384677790e-02,1.187445878982543945e+00
-1.887176908443106704e-01,-2.239603951062611453e-01,1.208676695823669434e+00
-3.920658374567486115e-01,1.636100480185899153e-01,1.231989026069641113e+00
-5.610362239032391507e-01,1.710137318800435124e-01,1.257406234741210938e+00
-2.602131578888911001e-02,5.929566322942865231e-01,1.313411831855773926e+00
-2.602131578888911001e-02,5.929566322942865231e-01,1.313411831855773926e+00
-7.663883502065351738e-01,3.722876870108916547e-01,1.343074321746826172e+00
-2.702293801356738800e-01,-3.281770249895576974e-01,1.373963356018066406e+00
-3.981164753443043880e-01,3.400675996622875563e-01,1.436219096183776855e+00
-3.981164753443043880e-01,3.400675996622875563e-01,1.436219096183776855e+00
-4.031166765366651084e-01,-3.861124362953669564e-01,1.467141509056091309e+00
-7.386129574230811956e-01,1.272777081671386812e-01,1.525940895080566406e+00
-7.386129574230811956e-01,1.272777081671386812e-01,1.525940895080566406e+00
-8.203920468932905941e-01,-7.336145257982421009e-02,1.553629398345947266e+00
-7.513977471364280403e-01,-2.218409265551061771e-01,1.580108642578125000e+00
-6.722419271616750791e-01,3.553654125577776490e-02,1.604849815368652344e+00
-1.147856194868936530e+00,-4.724947232935564068e-02,1.628089785575866699e+00
-7.731504392351145061e-01,-5.746494341423717955e-01,1.650037288665771484e+00
-1.950453792208002302e-01,-1.682613026291258362e-01,1.680360198020935059e+00
-7.698006627273699110e-01,-7.130113030921544914e-02,1.699025988578796387e+00
-5.470492912825707377e-01,-3.187511609486892716e-01,1.725266098976135254e+00
-5.470492912825707377e-01,-3.187511609486892716e-01,1.725266098976135254e+00
-6.672679172339122111e-01,-3.264325914879806501e-01,1.741594672203063965e+00
-1.134017308149759540e+00,-5.358018661688793705e-01,1.757132172584533691e+00
-6.092310148194511887e-01,-3.559915546332191871e-01,1.785158157348632812e+00
-6.092310148194511887e-01,-3.559915546332191871e-01,1.785158157348632812e+00
-7.611408471047762525e-01,-3.616070828015194305e-01,1.808732628822326660e+00
-7.611408471047762525e-01,-3.616070828015194305e-01,1.808732628822326660e+00
-7.656132878343679948e-01,-4.043385202607858719e-01,1.827547669410705566e+00
-6.370151040667180187e-01,-7.633990767301357394e-01,1.835168242454528809e+00
-6.368959491756231994e-01,-1.573634727682219903e-01,1.841039299964904785e+00
-8.517975671464584897e-01,-4.466704580895070609e-01,1.849333167076110840e+00
-8.517975671464584897e-01,-4.466704580895070609e-01,1.849333167076110840e+00
-1.143738283518402232e+00,-2.101105880962014505e-01,1.850888371467590332e+00
-8.299434577980662198e-01,-4.544958352791423906e-01,1.851025581359863281e+00
-5.756031741715299521e-01,-3.206225356493780376e-01,1.849547266960144043e+00
-5.756031741715299521e-01,-3.206225356493780376e-01,1.849547266960144043e+00
-5.401976425354046984e-01,-3.448245936752002416e-01,1.846963405609130859e+00
-1.092609815403421392e+00,-2.506190752447878811e-01,1.839894413948059082e+00
-1.092609815403421392e+00,-2.506190752447878811e-01,1.839894413948059082e+00
-6.700923437437789065e-01,-2.983324961710808187e-01,1.818819403648376465e+00
-6.721455432923252316e-01,-9.846634172274237873e-01,1.806975007057189941e+00
-4.808975982424390505e-01,-2.982661853954721720e-01,1.799977660179138184e+00
-9.279286526315545514e-01,-6.045983925157384364e-01,1.784910678863525391e+00
-9.279286526315545514e-01,-6.045983925157384364e-01,1.784910678863525391e+00
-6.527043357142684465e-01,-4.600324978031649636e-01,1.758225083351135254e+00
-1.261748985776746323e+00,-8.359286959413891882e-01,1.738085865974426270e+00
-7.769551609661601299e-01,-5.272481060289865296e-01,1.692635178565979004e+00
-6.949686481634261837e-01,-7.306892310063002327e-01,1.641538262367248535e+00
-6.949686481634261837e-01,-7.306892310063002327e-01,1.641538262367248535e+00
-7.470747429614230661e-01,-6.371479602487786220e-01,1.614344477653503418e+00
-6.508201033200780028e-01,-1.246441537501138619e+00,1.586587548255920410e+00
-8.604627332821259689e-01,-2.475242201685604604e-01,1.529209256172180176e+00
-8.604627332821259689e-01,-2.475242201685604604e-01,1.529209256172180176e+00
-8.604627332821259689e-01,-2.475242201685604604e-01,1.529209256172180176e+00
-6.825156969271450880e-01,-8.384046916555526474e-01,1.468789696693420410e+00
-6.825156969271450880e-01,-8.384046916555526474e-01,1.468789696693420410e+00
-6.715432006570272172e-01,-8.581848326618886080e-01,1.437809467315673828e+00
-6.552366526251865997e-01,-8.768188265351944954e-01,1.406379699707031250e+00
-8.051013718900498217e-01,-8.784318288150058107e-01,1.374776959419250488e+00
-6.402071337576278331e-01,-6.061836851268124216e-01,1.321724534034729004e+00
-6.402071337576278331e-01,-6.061836851268124216e-01,1.321724534034729004e+00
-8.387756546647646694e-01,-1.058504295377126203e+00,1.278523445129394531e+00
-7.065641498482071459e-01,-6.770472192743617335e-01,1.245637774467468262e+00
-7.616020418973169503e-01,-7.570075497608992343e-01,1.212474703788757324e+00
-7.738278450400175590e-01,-9.510353312841279827e-01,1.144625782966613770e+00
-7.509804068484482453e-01,-1.285170687810957002e+00,1.086355090141296387e+00
-4.727190182396122653e-01,-7.798705864636900076e-01,1.038210272789001465e+00
-4.727190182396122653e-01,-7.798705864636900076e-01,1.038210272789001465e+00
-8.680116475328019110e-01,-1.057773933277095013e+00,1.001556992530822754e+00
-8.680116475328019110e-01,-1.057773933277095013e+00,1.001556992530822754e+00
-4.815382603593073574e-01,-8.806509925024836871e-01,9.398691654205322266e-01
-8.464145669403551064e-01,-8.074862918322927019e-01,8.901829719543457031e-01
-4.231274952538499057e-01,-8.870656235804418310e-01,8.529677987098693848e-01
6.602343847024205736e-02,-8.988260562842157464e-01,8.166939616203308105e-01
6.602343847024205736e-02,-8.988260562842157464e-01,8.166939616203308105e-01
-3.551536116253960484e-01,-1.001804021882045204e+00,7.808647155761718750e-01
-4.346342931300882784e-01,-1.142962335819446951e+00,7.459277510643005371e-01
-6.259695533018558855e-01,-7.894712461636352874e-01,7.122007012367248535e-01
-5.547998644937973678e-01,-8.513294475121095939e-01,6.794508099555969238e-01
-4.083399469649043323e-01,-9.714674584758803411e-01,6.476228237152099609e-01
-3.466366657682313779e-01,-9.092902836773768538e-01,5.867584943771362305e-01
-3.780315379025058209e-01,-8.195904086312258974e-01,5.301732420921325684e-01
-3.780315379025058209e-01,-8.195904086312258974e-01,5.301732420921325684e-01
-3.630590957252241568e-01,-7.605825345204386689e-01,5.034654736518859863e-01
-4.933919095755193718e-01,-1.078071720118557675e+00,4.777180850505828857e-01
-3.579956916695238300e-01,-1.112536699460783929e+00,4.606796801090240479e-01
-1.894516767898672127e-01,-1.081023306963214692e+00,4.285717010498046875e-01
-2.570616075693977765e-01,-1.289728330430497394e+00,4.055975973606109619e-01
-6.153774164212728603e-01,-8.670748606306096784e-01,3.839261531829833984e-01
-3.726858228557478059e-03,-7.890183034938085260e-01,3.459917306900024414e-01
-3.726858228557478059e-03,-7.890183034938085260e-01,3.459917306900024414e-01
-3.726858228557478059e-03,-7.890183034938085260e-01,3.459917306900024414e-01
-1.324752670018783940e-01,-8.574718584911222852e-01,3.163509368896484375e-01
-1.451374872468988719e-01,-9.163021400007137496e-01,3.054682612419128418e-01
-4.927113159388253616e-02,-1.112773708879591483e+00,2.997432649135589600e-01
-4.927113159388253616e-02,-1.112773708879591483e+00,2.997432649135589600e-01
-7.826239091251893654e-02,-6.682990453328618852e-01,2.909378111362457275e-01
2.433898012460158911e-01,-1.014597256964768324e+00,2.870697975158691406e-01
7.284028431744632437e-02,-1.063365305854294451e+00,2.857462465763092041e-01
4.588852016705058379e-01,-9.610690781780929504e-01,2.863261997699737549e-01
-2.573119163342780791e-01,-1.079697403133923039e+00,2.890979051589965820e-01
2.952299100925270259e-01,-5.064533539139575158e-01,2.935219407081604004e-01
5.430302595452178860e-01,-1.236401506720868682e+00,3.066773116588592529e-01
-6.532265580950935568e-03,-8.639918113255689036e-01,3.154126107692718506e-01
-6.532265580950935568e-03,-8.639918113255689036e-01,3.154126107692718506e-01
6.784936502349907528e-01,-8.945213912941539780e-01,3.253452181816101074e-01
5.041704409847367341e-01,-7.849187957399879068e-01,3.445847034454345703e-01
1.064769441245844162e-01,-6.023734371529487763e-01,3.624624311923980713e-01
2.067034444489140865e-01,-7.198359878989450955e-01,3.766458034515380859e-01
2.067034444489140865e-01,-7.198359878989450955e-01,3.766458034515380859e-01
7.307161624907584363e-01,-9.711126461023710243e-01,4.097332954406738281e-01
7.307161624907584363e-01,-9.711126461023710243e-01,4.097332954406738281e-01
8.204243878615875563e-01,-1.218610675855081205e+00,4.471457004547119141e-01
8.204243878615875563e-01,-1.218610675855081205e+00,4.471457004547119141e-01
6.785386626293590240e-01,-7.503090665535228077e-01,4.676937758922576904e-01
5.110919344409547982e-01,-8.759195463020960082e-01,5.131075382232666016e-01
5.110919344409547982e-01,-8.759195463020960082e-01,5.131075382232666016e-01
8.566055467020219361e-01,-6.788035007026207435e-01,5.624848008155822754e-01
4.897967437610650232e-01,-7.750392819722311533e-01,5.894783139228820801e-01
4.897967437610650232e-01,-7.750392819722311533e-01,5.894783139228820801e-01
9.850156397283502674e-01,-8.929132989076031812e-01,6.473006010055541992e-01
9.850156397283502674e-01,-8.929132989076031812e-01,6.473006010055541992e-01
1.122116874656336805e+00,-1.805289869214825593e-01,6.777050495147705078e-01
9.449447675291012816e-01,-6.728924105188712756e-01,7.306303977966308594e-01
8.562368564572905294e-01,-5.404694225915003258e-01,7.637538313865661621e-01
9.573456628017211756e-01,-7.718747657399023243e-01,8.087639808654785156e-01
1.003245639637189379e+00,-1.846244596063458254e-01,8.428434729576110840e-01
1.017443363876173068e+00,-5.881712421655262979e-01,8.770709633827209473e-01
9.925240872824413474e-01,-8.570550071334623876e-01,9.116846919059753418e-01
7.861457111965691746e-01,-5.517832843895837946e-01,9.462037682533264160e-01
9.478610187843350410e-01,-8.242731579133841802e-01,1.015637040138244629e+00
6.342627903938845568e-01,-3.394228645916925746e-01,1.050252318382263184e+00
6.342627903938845568e-01,-3.394228645916925746e-01,1.050252318382263184e+00
9.826919373122755541e-01,-3.099644595834067928e-01,1.120025634765625000e+00
9.826919373122755541e-01,-3.099644595834067928e-01,1.120025634765625000e+00
9.826919373122755541e-01,-3.099644595834067928e-01,1.120025634765625000e+00
9.417447506820129099e-01,-1.638315204376292744e-01,1.189187645912170410e+00
9.417447506820129099e-01,-1.638315204376292744e-01,1.189187645912170410e+00
9.957207338267759500e-01,-4.035399880263157435e-01,1.223250985145568848e+00
9.990338683195347791e-01,-5.652324585194452577e-01,1.256936192512512207e+00
8.804443693275807448e-01,3.152069150234759753e-02,1.322652220726013184e+00
8.804443693275807448e-01,3.152069150234759753e-02,1.322652220726013184e+00
9.186420399212469334e-01,-2.032327260318260720e-01,1.354798197746276855e+00
1.359086861121933776e+00,-3.437821515644002845e-01,1.386311411857604980e+00
1.377976837733222215e+00,-5.604594335884433010e-02,1.448009490966796875e+00
1.245112522790163156e+00,-1.588387808633319742e-01,1.477993607521057129e+00
1.339466133828980610e+00,-1.059033493324177400e-01,1.512127876281738281e+00
1.339466133828980610e+00,-1.059033493324177400e-01,1.512127876281738281e+00
8.092727906601093757e-01,1.305379576714206791e-01,1.536224246025085449e+00
1.054451713558427262e+00,-2.163454375733117330e-01,1.563950419425964355e+00
1.246239166758699612e+00,2.361969912734593335e-01,1.595005035400390625e+00
7.923846661510600686e-01,8.517467148879620531e-02,1.620427489280700684e+00
1.371674497781655511e+00,-1.892328523443363997e-01,1.663674473762512207e+00
1.371674497781655511e+00,-1.892328523443363997e-01,1.663674473762512207e+00
1.107399786575902878e+00,6.096755119656356581e-02,1.685231566429138184e+00
9.025391740474670854e-01,-5.047430288640852164e-02,1.708796024322509766e+00
1.289385916261595044e+00,-1.350119357495255246e-01,1.726767420768737793e+00
1.179939528021426876e+00,-5.584194410809055487e-02,1.740732789039611816e+00
1.068081437274813528e+00,-5.619279805957771989e-02,1.756096243858337402e+00
1.267976769058837272e+00,2.551209136817330081e-01,1.769705772399902344e+00
1.278450759295550077e+00,-2.119727816365239992e-01,1.783450126647949219e+00
1.013865228162338816e+00,2.635294954141705892e-01,1.797827839851379395e+00
1.013865228162338816e+00,2.635294954141705892e-01,1.797827839851379395e+00
8.341382467624269825e-01,1.170167348147565928e-01,1.807922482490539551e+00
1.244560833073901973e+00,1.278130826246172136e-01,1.812087059020996094e+00
1.063541786977973524e+00,4.179213645360043694e-01,1.816394925117492676e+00
1.244880967687579165e+00,1.632223824688486258e-02,1.817318320274353027e+00
1.226062851723417113e+00,-1.173257970091738378e-01,1.816369414329528809e+00
1.047386814912507624e+00,2.893309176461436594e-01,1.811532020568847656e+00
1.047386814912507624e+00,2.893309176461436594e-01,1.811532020568847656e+00
1.233950379096648176e+00,4.323519026419359035e-01,1.807749629020690918e+00
1.431998408940863499e+00,3.121034715925271597e-01,1.800168633460998535e+00
1.173838369609912835e+00,3.197374632221245960e-01,1.788964390754699707e+00
1.156244490219407561e+00,5.001179913065953997e-01,1.783926606178283691e+00
8.845776465775732067e-01,4.442985831420731557e-02,1.772902846336364746e+00
1.041667212636535833e+00,2.830771552861219287e-01,1.753350377082824707e+00
1.105061685240848579e+00,3.472021342914712871e-01,1.738305568695068359e+00
1.230128933382206302e+00,6.542236889182211357e-01,1.713721275329589844e+00
1.230128933382206302e+00,6.542236889182211357e-01,1.713721275329589844e+00
1.232250605826919587e+00,7.173458023504233338e-01,1.665823340415954590e+00
1.232250605826919587e+00,7.173458023504233338e-01,1.665823340415954590e+00
1.217566277000750929e+00,5.330044484908341706e-01,1.644290328025817871e+00
1.234364483490013598e+00,9.497711954231513598e-01,1.629503607749938965e+00
1.229419641435081756e+00,6.270495331691301466e-01,1.610153317451477051e+00
6.875223005954151922e-01,6.654779358973088588e-01,1.572641849517822266e+00
1.027256853080614540e+00,5.707791774771633353e-01,1.532365918159484863e+00
1.027256853080614540e+00,5.707791774771633353e-01,1.532365918159484863e+00
1.081820321531925089e+00,6.070255298759303919e-01,1.489271163940429688e+00
1.104610672696538787e+00,8.138979973391682332e-01,1.473985552787780762e+00
1.084567139466938501e+00,8.653096438855547579e-01,1.437831044197082520e+00
1.366005861047743242e+00,7.933510659122132713e-01,1.361399292945861816e+00
7.986779904414076370e-01,1.058889085744960656e+00,1.344533920288085938e+00
1.029657579998419781e+00,7.143146445268894196e-01,1.309757113456726074e+00
1.029657579998419781e+00,7.143146445268894196e-01,1.309757113456726074e+00
1.089873360310794181e+00,8.862882218245773380e-01,1.238188266754150391e+00
6.458539613767542154e-01,8.178677394866982198e-01,1.165429592132568359e+00
9.758236508036104428e-01,9.270775873842738157e-01,1.128972768783569336e+00
9.758236508036104428e-01,9.270775873842738157e-01,1.128972768783569336e+00
7.545158572449089940e-01,1.162615018003810397e+00,1.092319130897521973e+00
8.014388901750926220e-01,6.420636409305309211e-01,1.049644112586975098e+00
8.014388901750926220e-01,6.420636409305309211e-01,1.049644112586975098e+00
5.595462776753262757e-01,1.141024487774267904e+00,1.013270378112792969e+00
1.176802495842852236e+00,1.093545128496434371e+00,9.414978623390197754e-01
1.176802495842852236e+00,1.093545128496434371e+00,9.414978623390197754e-01
4.677595082607038934e-01,4.695422218429130545e-01,8.421921133995056152e-01
5.866524868947848859e-01,8.475929866712313965e-01,7.701095938682556152e-01
7.570395288156328562e-01,6.483866386844310270e-01,7.269603610038757324e-01
7.091677814525619850e-01,1.119915200117839849e+00,6.951479911804199219e-01
4.472271667605814960e-01,8.929819357275153857e-01,6.643533706665039062e-01
8.564703460172746752e-01,9.207443190484837503e-01,6.344991922378540039e-01
5.063922217688288097e-01,8.970584317845751166e-01,6.050499081611633301e-01
3.900245691911751189e-01,8.577762854589041641e-01,5.769112110137939453e-01
3.900245691911751189e-01,8.577762854589041641e-01,5.769112110137939453e-01
1.720991248031306098e-02,1.007471081350617581e+00,5.148125886917114258e-01
3.905646708805686762e-01,9.171807903179457488e-01,4.923014342784881592e-01
4.487612427528442915e-01,1.223186247534625792e+00,4.681067764759063721e-01
4.487612427528442915e-01,1.223186247534625792e+00,4.681067764759063721e-01
2.476912152805470502e-01,1.168326279526677780e+00,4.484065473079681396e-01
2.348270635433802600e-01,8.017448942782712251e-01,4.250271320343017578e-01
6.412667708967317859e-01,1.060044786902053282e+00,4.093581140041351318e-01
2.898118467296392775e-01,1.089541987916426757e+00,3.953745663166046143e-01
4.010554821889445454e-01,1.001930662994386934e+00,3.833942413330078125e-01
-3.551944448896450224e-01,1.145153148519210573e+00,3.781691789627075195e-01
3.077263340303645900e-02,1.404959306567830302e+00,3.645414113998413086e-01
2.989284714938633125e-01,1.017450827334039909e+00,3.574834764003753662e-01
1.235133597234524400e-02,9.765776097086973362e-01,3.482569754123687744e-01
1.235133597234524400e-02,9.765776097086973362e-01,3.482569754123687744e-01
2.810557777456831885e-02,1.039643465954213752e+00,3.465987145900726318e-01
5.067240977055084694e-02,8.880648202467449348e-01,3.438681066036224365e-01
-2.296095319284783554e-01,1.017114807477009553e+00,3.437113463878631592e-01
-1.509331394768698709e-01,9.875715510209437387e-01,3.448507785797119141e-01
-5.485604488258521982e-02,1.013721005502717487e+00,3.467400968074798584e-01
-4.551723860722649562e-01,1.023769719538966783e+00,3.500063419342041016e-01
-8.946748476232785352e-02,1.333424324563543983e+00,3.635202348232269287e-01
-8.946748476232785352e-02,1.333424324563543983e+00,3.635202348232269287e-01
-6.613920316727087134e-02,9.780620766183996118e-01,3.717424869537353516e-01
-5.317397798615094984e-02,7.521358525165213749e-01,3.811737596988677979e-01
-4.265607139064098163e-01,5.073614246753728185e-01,3.924732506275177002e-01
-4.006809157196783988e-01,9.383339731910701476e-01,4.048462808132171631e-01
-2.432415113074743729e-01,1.056027386258642453e+00,4.187398850917816162e-01
-2.297516124138738736e-01,6.587034987778733752e-01,4.340658187866210938e-01
-4.150363706912509887e-01,7.748485202641991476e-01,4.509335458278656006e-01
-4.219972538820800922e-01,9.194963995250376998e-01,4.626893103122711182e-01
-4.813717029698179606e-01,6.284686905106784405e-01,4.885933399200439453e-01
-4.394259018962750618e-01,7.173494941826006333e-01,5.094711184501647949e-01
-2.106642510919035649e-01,7.972166502007521638e-01,5.314769148826599121e-01
-5.095096113510728664e-01,6.616395649140880408e-01,5.548274517059326172e-01
-1.110566600202661514e+00,9.851104617111430262e-01,5.788905620574951172e-01
-4.707335599348076438e-01,7.821473962263504331e-01,5.954751372337341309e-01
-7.013094833801215566e-01,8.526748387552866015e-01,6.300695538520812988e-01
-8.176577975143933807e-01,1.051112819683763577e+00,6.569016575813293457e-01
-8.517733148068538096e-01,6.527378974007423951e-01,6.848945617675781250e-01
-5.966818631154239272e-01,6.164021820215702663e-01,7.138089537620544434e-01
-5.580134671672397628e-01,7.863097247693284775e-01,7.438926100730895996e-01
-9.175095054534678773e-01,9.494146018319309377e-01,7.644343376159667969e-01
-9.912334202959454110e-01,4.517507703896291860e-01,8.065223693847656250e-01
-1.163075752787114725e+00,4.701032124512052324e-01,8.391107916831970215e-01
-6.554540079186821355e-01,8.242613783481113066e-01,8.723213672637939453e-01
-1.052035027097932174e+00,5.532886592821512073e-01,9.298961758613586426e-01
-1.331494426929495933e+00,7.313033659644125883e-01,9.471152424812316895e-01
-1.331494426929495933e+00,7.313033659644125883e-01,9.471152424812316895e-01
-5.307405367714234101e-01,6.392558122703522194e-01,1.012375354766845703e+00
-1.062338917445974973e+00,6.493705922196496561e-01,1.048125386238098145e+00
-8.656445839900442918e-01,9.421150428874169869e-01,1.084106683731079102e+00
-1.336546085132443107e+00,7.220915632226894143e-01,1.119905352592468262e+00
-9.367853247380655279e-01,8.061577445356549187e-01,1.155869841575622559e+00
-5.102595044037112615e-01,6.847803702134417358e-01,1.173494100570678711e+00
-8.984996727105745151e-01,-4.405954148375984536e-02,1.226558566093444824e+00
-1.081616900622980326e+00,-7.110761532982623478e-03,1.261438608169555664e+00
-1.038480929258432939e+00,2.629181310938205618e-01,1.284435153007507324e+00
-9.022923317271657195e-01,6.918900983203306598e-01,1.312694191932678223e+00
-1.190419078346980353e+00,2.683074420106570379e-01,1.346369385719299316e+00
-9.118074491956661420e-01,5.337241619556186700e-01,1.426697373390197754e+00
-9.118074491956661420e-01,5.337241619556186700e-01,1.426697373390197754e+00
-1.068064743125100469e+00,3.691625167590082968e-01,1.458142399787902832e+00
-1.094946425469245588e+00,4.817077954024779896e-01,1.488121390342712402e+00
-1.352120036417523430e+00,4.008123547328006353e-01,1.517145514488220215e+00
-1.352120036417523430e+00,4.008123547328006353e-01,1.517145514488220215e+00
-1.152002942985328460e+00,3.456204473754538875e-01,1.544909358024597168e+00
-1.063436853262269999e+00,2.165861873728969489e-01,1.597844481468200684e+00
-1.422186946699780741e+00,1.210823064705896512e-01,1.614692330360412598e+00
-1.422186946699780741e+00,1.210823064705896512e-01,1.614692330360412598e+00
-1.263376239561281755e+00,1.871896403310453760e-02,1.669304847717285156e+00
-1.278685162824022337e+00,-1.740174512886674130e-01,1.690894246101379395e+00
-1.113959781414312289e+00,-1.832792216727271717e-01,1.711439132690429688e+00
-1.559933876740742242e+00,-2.176039089141733607e-01,1.731256842613220215e+00
-7.617743636581457700e-01,2.256052186258880043e-01,1.731256842613220215e+00
-1.397138785518434512e+00,3.517551423947676281e-01,1.766579747200012207e+00
-1.240687222984699689e+00,1.667613567355828164e-01,1.782147765159606934e+00
-1.240687222984699689e+00,1.667613567355828164e-01,1.782147765159606934e+00
-1.242536022329195911e+00,-5.840871183566352931e-01,1.796261906623840332e+00
-6.932134799135675207e-01,-4.229805123231276109e-01,1.820146679878234863e+00
-1.349112958781550020e+00,-1.081740109267007172e-01,1.829187750816345215e+00
-8.114274521689714970e-01,-5.708606229001962629e-02,1.834011077880859375e+00
-1.448227235974909766e+00,-2.371220658962358563e-01,1.841965556144714355e+00
-1.348967475984192088e+00,4.797573351003864284e-03,1.845878124237060547e+00
-1.312338708054902714e+00,-1.697897998301383660e-01,1.847771167755126953e+00
-1.370454207060611385e+00,2.540501683202069372e-01,1.847940564155578613e+00
-1.592991189306552258e+00,-1.039043022903593239e-01,1.846439719200134277e+00
-1.493887756498124331e+00,-2.871295396148392798e-01,1.842748284339904785e+00
-1.346066662716898232e+00,-1.711836994827315162e-01,1.837220072746276855e+00
-1.229448762786151006e+00,-3.049858728827460896e-01,1.830239176750183105e+00
-1.216950303153694568e+00,-3.187699093908087367e-01,1.821419119834899902e+00
-1.432714416961224257e+00,-3.249842445916906186e-01,1.810846209526062012e+00
-1.634782823306121458e+00,-6.779176510303359660e-01,1.803070068359375000e+00
-1.399187908598434671e+00,-7.136692214243205434e-01,1.785604834556579590e+00
-1.471802902295076709e+00,-2.778965491827548595e-01,1.770220875740051270e+00
-1.421021679079228495e+00,-3.734762553338542568e-01,1.753325104713439941e+00
-1.037926703458467381e+00,-6.705675431830718791e-01,1.734878540039062500e+00
-9.991736463907243682e-01,-4.360505414900404109e-01,1.704821944236755371e+00
-1.064715495914890342e+00,-6.438004248926427753e-01,1.671506047248840332e+00
-1.136377311718280048e+00,-5.015139759086184590e-01,1.647827029228210449e+00
-1.136377311718280048e+00,-5.015139759086184590e-01,1.647827029228210449e+00
-1.079181024302159342e+00,-8.078921270642871466e-01,1.635391831398010254e+00
-1.122045035019989312e+00,-5.054217027941377838e-01,1.596665024757385254e+00
-1.188704445876020976e+00,-5.740308277441011908e-01,1.578773617744445801e+00
-9.819388202974994595e-01,-7.408410480687241950e-01,1.541776061058044434e+00
-9.857760722494565142e-01,-4.903713423159524742e-01,1.527621746063232422e+00
-1.256865092105223791e+00,-5.447561910766570703e-01,1.483190059661865234e+00
-9.220004724513766181e-01,-6.108740376027252950e-01,1.452950954437255859e+00
-1.040848469030560608e+00,-7.332612147152112181e-01,1.421319842338562012e+00
-1.159781727774273241e+00,-2.152396773694368326e-01,1.372560977935791016e+00
-1.159781727774273241e+00,-2.152396773694368326e-01,1.372560977935791016e+00
-1.353271205802140331e+00,-6.932884746848914093e-01,1.321682691574096680e+00
-1.563390519125898770e+00,-1.214626334128914964e+00,1.286582589149475098e+00
-7.953425269860399105e-01,-1.043680637933490196e+00,1.251287102699279785e+00
-1.533951435331184499e+00,-7.908467928752035414e-01,1.215135931968688965e+00
-1.015423940237095257e+00,-7.355905809046039412e-01,1.178627967834472656e+00
-1.047764626918358699e+00,-2.209919076995500165e-01,1.141848444938659668e+00
-5.309829826752872073e-01,-6.286296761642757858e-01,1.105066657066345215e+00
-1.107938718440826253e+00,-8.845923704631867279e-01,1.080559372901916504e+00
-5.637366725664154643e-01,-6.464095099983305781e-01,1.031735539436340332e+00
-1.110009732884423173e+00,-1.079028865725342179e+00,9.953448176383972168e-01
-1.014608156583745258e+00,-6.851612538309710398e-01,9.590179324150085449e-01
-9.243035304118873974e-01,-9.324977481456799833e-01,9.225916862487792969e-01
-5.630662967633734972e-01,-9.729457124474530927e-01,8.862954974174499512e-01
-7.386165442006864534e-01,-7.395604307246071984e-01,8.502128720283508301e-01
-4.227503344118694883e-01,-1.191101420049586190e+00,8.147943019866943359e-01
-4.227503344118694883e-01,-1.191101420049586190e+00,8.147943019866943359e-01
-6.693116674583607928e-01,-7.001456328751261005e-01,7.800890803337097168e-01
-7.388869111529462463e-01,-5.378914866940012196e-01,7.458913326263427734e-01
-7.225778392947890261e-01,-1.413227939399416933e+00,6.807090640068054199e-01
-7.075281388803097427e-01,-1.193657213020623109e+00,6.496088504791259766e-01
-7.731030835456076389e-01,-9.615603513006517611e-01,6.192208528518676758e-01
-7.731030835456076389e-01,-9.615603513006517611e-01,6.192208528518676758e-01
-3.506901134131358844e-01,-9.336662220919929034e-01,5.627703070640563965e-01
-4.422758203482877182e-01,-1.121453996383405816e+00,5.364730954170227051e-01
-6.233972000744504305e-01,-1.015786836764152268e+00,5.116361975669860840e-01
-7.850315698406900022e-01,-1.011558373975445679e+00,4.881576299667358398e-01
-6.805487867557487025e-01,-1.400944451092515974e+00,4.467495381832122803e-01
-3.449234575168513839e-01,-9.284359657581413572e-01,4.286646544933319092e-01
-5.966554709225164732e-01,-6.117426315719232122e-01,4.119769036769866943e-01
-4.323959752161805614e-01,-9.986118336880936974e-01,4.043381214141845703e-01
-4.323959752161805614e-01,-9.986118336880936974e-01,4.043381214141845703e-01
-5.972551431613197792e-01,-1.060468043669921201e+00,3.843749761581420898e-01
-4.406800119533906823e-01,-8.765424085431308132e-01,3.729119002819061279e-01
-3.597333845005739605e-01,-1.059625637839482604e+00,3.632729053497314453e-01
-2.738745291598506659e-01,-1.139235915999150084e+00,3.549028635025024414e-01
-2.802588976564287515e-01,-1.134170494357936709e+00,3.484363555908203125e-01
-1.795544386922521551e-01,-5.457326595014682091e-01,3.431256711483001709e-01
-1.795544386922521551e-01,-5.457326595014682091e-01,3.431256711483001709e-01
2.940895491553544017e-02,-9.348720133002118571e-01,3.389571905136108398e-01
-1.577180113569474074e-01,-1.137873984231750901e+00,3.347071707248687744e-01
-1.577180113569474074e-01,-1.137873984231750901e+00,3.347071707248687744e-01
-1.234537782804050188e-02,-1.188383047377945978e+00,3.347317278385162354e-01
2.339714881535215063e-01,-1.255627155396240369e+00,3.363344967365264893e-01
-1.460398430334189368e-02,-1.130790624079318629e+00,3.387225568294525146e-01
8.170817929030368965e-02,-1.005487799712395436e+00,3.429452478885650635e-01
1.385193693401359782e-01,-7.986219169318298228e-01,3.483434617519378662e-01
1.587156312411901471e-01,-8.565751235453195056e-01,3.555503785610198975e-01
1.476015244385869840e-02,-1.027766428162222301e+00,3.638975322246551514e-01
7.557819953348650088e-01,-8.052940362245064598e-01,3.850471079349517822e-01
7.557819953348650088e-01,-8.052940362245064598e-01,3.850471079349517822e-01
3.017828352190627950e-01,-6.983594806392673382e-01,3.978448212146759033e-01
4.272385776169094207e-01,-1.060606846243874024e+00,4.120624065399169922e-01
4.487942297100941391e-01,-4.642427358624596212e-01,4.284565448760986328e-01
3.361496290340228454e-01,-7.846829567235485969e-01,4.666583836078643799e-01
4.758366330777806796e-01,-4.352151495725081198e-01,4.802535474300384521e-01
4.758366330777806796e-01,-4.352151495725081198e-01,4.802535474300384521e-01
3.901385238974962588e-01,-7.659362100291003950e-01,5.266070961952209473e-01
4.894816565406088227e-01,-1.299759630233369379e+00,5.782368183135986328e-01
7.894619715018347250e-01,-5.414050036196516036e-01,6.449984908103942871e-01
7.388792406833641913e-01,-8.597518128236427692e-01,6.752941012382507324e-01
7.388792406833641913e-01,-8.597518128236427692e-01,6.752941012382507324e-01
6.999952270686028433e-01,-9.883487485536521788e-01,7.219254970550537109e-01
3.706632922894081972e-01,-6.923612412683425310e-01,7.703623771667480469e-01
1.093498394328593193e+00,-3.595333934709448176e-01,8.364487290382385254e-01
7.476009786512832767e-01,-6.887241982451505207e-01,8.699354529380798340e-01
1.169271090819004710e+00,-3.392971599900664881e-01,9.372131228446960449e-01
8.814505768842560984e-01,-3.441533072902782653e-01,9.707656502723693848e-01
9.114916091452426317e-01,-5.679096310032545336e-01,9.933349490165710449e-01
9.429149654499864308e-01,-6.309876979650166362e-01,1.037783503532409668e+00
7.332477063900613157e-01,-2.240319112121341716e-01,1.071445226669311523e+00
1.130715341898306692e+00,-5.880173911135716525e-01,1.104932427406311035e+00
7.556972822605823037e-01,-6.104272022831719324e-01,1.138812661170959473e+00
1.396435827706961730e+00,-2.719929817474935341e-01,1.172909736633300781e+00
5.928615362594467086e-01,-1.022599960922832563e-01,1.240945219993591309e+00
7.887610175660535461e-01,-4.733886568466133538e-01,1.246701598167419434e+00
8.370938994608514427e-01,-6.037427951629509293e-02,1.309066414833068848e+00
8.370938994608514427e-01,-6.037427951629509293e-02,1.309066414833068848e+00
1.031737272274212858e+00,-6.418105803229563477e-01,1.342512965202331543e+00
1.093602154707281393e+00,-2.789403549831459550e-01,1.375680088996887207e+00
1.209205589011876025e+00,-4.320693950108296377e-01,1.408326268196105957e+00
1.332165351328662428e+00,-7.178713826801361164e-02,1.440204024314880371e+00
1.330173821411712698e+00,4.000918667244535154e-02,1.455646395683288574e+00
1.348965949158626776e+00,-2.132016860132491254e-01,1.500982284545898438e+00
1.314085566883221645e+00,-3.817277679116218292e-02,1.529944419860839844e+00
1.091060615815407697e+00,-4.191798051269343683e-02,1.557408690452575684e+00
1.031145726228236192e+00,-3.248233833044228414e-01,1.583640933036804199e+00
1.140574911607886932e+00,4.568212564896101391e-02,1.608653426170349121e+00
1.554782768625643685e+00,-2.079917568585989418e-01,1.632571578025817871e+00
1.365106787790202558e+00,-1.202775340450995545e-01,1.655051708221435547e+00
1.132799669053032643e+00,-4.269937244230721518e-01,1.676368713378906250e+00
1.064245391949200314e+00,-3.490429300912987198e-01,1.696462631225585938e+00
1.077060435988905107e+00,-2.637643018619874324e-02,1.715405106544494629e+00
1.614525485456766329e+00,-3.185848624520385419e-01,1.733423233032226562e+00
1.103800117298245009e+00,1.919860280375068895e-01,1.750102639198303223e+00
1.258813342193743967e+00,2.069092584484170660e-01,1.765515327453613281e+00
1.426055632728823408e+00,6.357420153274456753e-02,1.779752612113952637e+00
1.139608428453725786e+00,-5.206390251695336424e-03,1.792601227760314941e+00
1.005501860700031003e+00,3.230227617809766638e-01,1.804047584533691406e+00
1.040213739756777667e+00,-9.168333425675961879e-02,1.810877799987792969e+00
1.371108657426043376e+00,2.225506338295159536e-01,1.822256445884704590e+00
1.196852548040891140e+00,1.565492014108507135e-01,1.825881361961364746e+00
1.291031471106883766e+00,6.024243428254019705e-02,1.827967286109924316e+00
1.300929637930265059e+00,-1.662490807883935107e-01,1.829838752746582031e+00
1.015465786908410495e+00,5.672034759918138935e-02,1.830611348152160645e+00
1.130915512540603851e+00,2.836703350618620112e-01,1.836260795593261719e+00
1.206814969481756039e+00,1.101710458031139039e-01,1.832974791526794434e+00
9.946910504494400618e-01,3.339236933112835204e-01,1.828438878059387207e+00
1.261404323420134865e+00,1.040983041970149903e-01,1.821965575218200684e+00
1.273079232994363430e+00,2.172015946027298638e-01,1.813663125038146973e+00
1.039318570212373727e+00,3.300379120648512798e-01,1.803678512573242188e+00
1.334999429636537505e+00,6.689828151184518124e-01,1.791980266571044922e+00
1.279943695498961587e+00,7.117421770454746000e-02,1.778886198997497559e+00
1.294755230026197523e+00,3.950664959356413597e-01,1.764225482940673828e+00
1.202317551678584895e+00,3.929775756259740738e-01,1.748085618019104004e+00
1.202317551678584895e+00,3.929775756259740738e-01,1.748085618019104004e+00
1.065930923653618301e+00,4.150860636802696790e-01,1.730774879455566406e+00
1.289494768954162041e+00,5.465581258152627520e-01,1.692687630653381348e+00
1.316048570808439733e+00,3.567832999510036629e-01,1.672073006629943848e+00
1.316048570808439733e+00,3.567832999510036629e-01,1.672073006629943848e+00
7.082480251615541622e-01,7.087701569811156732e-01,1.650025844573974609e+00
1.027210167778543237e+00,3.141036085703041714e-01,1.602583289146423340e+00
8.519153024689376519e-01,8.000434865335728229e-01,1.577853560447692871e+00
6.274500893435475124e-01,4.893828673864948353e-01,1.550823569297790527e+00
1.111557482240998818e+00,2.529954082470706189e-01,1.532658934593200684e+00
8.963665490391572455e-01,5.672346015182503365e-01,1.494715809822082520e+00
8.281113453796233870e-01,5.629476180128433205e-01,1.464977860450744629e+00
7.586419366203582815e-01,6.769032201782687608e-01,1.434369564056396484e+00
1.133701465242939799e+00,7.696295090648304082e-01,1.402751922607421875e+00
1.133701465242939799e+00,7.696295090648304082e-01,1.402751922607421875e+00
9.177358615160472466e-01,8.112903658714718524e-01,1.368932366371154785e+00
6.421753768466944567e-01,9.074700747082506957e-01,1.298865675926208496e+00
6.504459742849637571e-01,8.601755491401262832e-01,1.262891769409179688e+00
8.934792255476816658e-01,9.053664300969344048e-01,1.238221168518066406e+00
1.094789475599808659e+00,7.995089843724777490e-01,1.187996745109558105e+00
6.986999223414331883e-01,6.507111401180954990e-01,1.150167584419250488e+00
5.303449039230407891e-01,4.938716563270086346e-01,1.111935019493103027e+00
4.627071865298519326e-01,9.997875087465062371e-01,1.073932290077209473e+00
7.217497343998275916e-01,4.628127200840444488e-01,1.035681605339050293e+00
9.799947178400365555e-01,1.199029861158839472e+00,9.977083802223205566e-01
8.550223620841582717e-01,8.761111391396093628e-01,9.603102207183837891e-01
8.550223620841582717e-01,8.761111391396093628e-01,9.603102207183837891e-01
4.189690515385106617e-01,7.808307917934315112e-01,8.865806460380554199e-01
4.189690515385106617e-01,7.808307917934315112e-01,8.865806460380554199e-01
5.750764591786883262e-01,5.359853746550178322e-01,8.503200411796569824e-01
3.680821953274657776e-01,6.827875011480137868e-01,8.141553401947021484e-01
6.740033779422872628e-01,8.690761007715674946e-01,7.794120907783508301e-01
2.676579996398424921e-01,8.130384069282422521e-01,7.459951043128967285e-01
7.358349765478218174e-01,5.778198099114177921e-01,7.131042480468750000e-01
4.661725107193666062e-01,9.861599659380109184e-01,6.813101172447204590e-01
2.777806784944195639e-01,8.430571770985479940e-01,6.508076786994934082e-01
6.421744468029806363e-01,8.024814936059905257e-01,6.221542358398437500e-01
6.427730029663946132e-01,1.027637836703568786e+00,5.946119427680969238e-01
2.565166151621710577e-01,7.995190394852649263e-01,5.443918704986572266e-01
4.722269277590239733e-01,8.993044171995419056e-01,5.213202834129333496e-01
4.722269277590239733e-01,8.993044171995419056e-01,5.213202834129333496e-01
1.043950594416156452e+00,8.945267493191798591e-01,4.998379051685333252e-01
2.187931944787311345e-01,7.716961013078602605e-01,4.623521864414215088e-01
3.512566336512373821e-01,7.241521098965070236e-01,4.455553591251373291e-01
1.918478066894271916e-01,1.324355955099521420e+00,4.300287663936614990e-01
3.209292871364298194e-01,1.083182167228688320e+00,4.228908717632293701e-01
-1.762902247407749368e-01,9.500101497843137510e-01,3.911064565181732178e-01
-1.762902247407749368e-01,9.500101497843137510e-01,3.911064565181732178e-01
-1.762902247407749368e-01,9.500101497843137510e-01,3.911064565181732178e-01
2.168808664242319328e-01,1.020169429107475434e+00,3.800389766693115234e-01
3.216234053177149388e-01,9.785459545907818635e-01,3.704600036144256592e-01
2.277873921757846143e-01,1.626499167745250940e+00,3.621433675289154053e-01
1.101014028524193722e-01,9.164353741175048640e-01,3.553525507450103760e-01
-4.641252913444307571e-01,1.028859441628423799e+00,3.497467041015625000e-01
2.464200865603075608e-01,1.199884085720277049e+00,3.461917936801910400e-01
4.327998429987056639e-02,8.755648513749789696e-01,3.438480198383331299e-01
-4.212546803335354834e-02,8.217027427790215555e-01,3.431303799152374268e-01
-4.192851400441631737e-01,7.818627468869823183e-01,3.445312976837158203e-01
-1.414743816610876392e-01,8.940117987934490529e-01,3.474568426609039307e-01
-4.223783122289562209e-01,1.338904376252081141e+00,3.517431318759918213e-01
-3.081551148095321158e-01,9.592641140547764067e-01,3.579729795455932617e-01
-1.540992040659255879e-01,9.978261099805449952e-01,3.713426589965820312e-01
-1.540992040659255879e-01,9.978261099805449952e-01,3.713426589965820312e-01
-2.072941372000373927e-01,9.482673613363099552e-01,3.958011865615844727e-01
-2.072941372000373927e-01,9.482673613363099552e-01,3.958011865615844727e-01
-9.601223947812148607e-02,9.336241129112670123e-01,4.086715281009674072e-01
-7.130718082964945248e-01,9.673942904414086774e-01,4.542865455150604248e-01
-7.130718082964945248e-01,9.673942904414086774e-01,4.542865455150604248e-01
-3.218539597896551974e-01,1.227795473254402525e+00,4.722850024700164795e-01
-2.778582059734650000e-01,7.546147466450372487e-01,4.918185174465179443e-01
-2.778582059734650000e-01,7.546147466450372487e-01,4.918185174465179443e-01
-3.714011174446884000e-01,4.738089682842804296e-01,5.347013473510742188e-01
-6.199186004544611217e-01,3.333397399556855545e-01,5.585359930992126465e-01
-8.353440572951890131e-01,9.599675714109957569e-01,5.834293961524963379e-01
-8.353440572951890131e-01,9.599675714109957569e-01,5.834293961524963379e-01
-6.989211139023226993e-01,1.041310759995591528e+00,6.376948356628417969e-01
-6.989211139023226993e-01,1.041310759995591528e+00,6.376948356628417969e-01
-9.450456531486579603e-01,1.102464247928768293e+00,6.665495038032531738e-01
-7.008452010814690825e-01,1.009875008023040088e+00,6.962137222290039062e-01
-1.081582828655103690e+00,8.214190360708480965e-01,7.267338633537292480e-01
-1.093440228637782230e+00,6.831602254862934043e-01,7.579038739204406738e-01
-8.548889613978165603e-01,6.844267102185267460e-01,8.220457434654235840e-01
-1.128539578364336382e+00,6.725735795642853176e-01,8.544982075691223145e-01
-8.092178847930815433e-01,4.492612019133541690e-01,8.879162669181823730e-01
-8.092178847930815433e-01,4.492612019133541690e-01,8.879162669181823730e-01
-8.944244389525755068e-01,7.039445910421231467e-01,9.214200973510742188e-01
-9.874015639903145347e-01,6.072670421789322370e-01,9.901754260063171387e-01
-1.321595311114847071e+00,6.163963558921955466e-01,1.025131583213806152e+00
-1.321595311114847071e+00,6.163963558921955466e-01,1.025131583213806152e+00
-9.657241453026023104e-01,7.441362958165169683e-01,1.060284018516540527e+00
-8.017711126810331823e-01,2.259739992176031942e-01,1.130697846412658691e+00
-1.215911615936440038e+00,4.570779626902458093e-01,1.201041817665100098e+00
-1.215911615936440038e+00,4.570779626902458093e-01,1.201041817665100098e+00
-1.091007113196027056e+00,8.077026197817874786e-01,1.235812544822692871e+00
-1.091007113196027056e+00,8.077026197817874786e-01,1.235812544822692871e+00
-9.077841288709782575e-01,4.954660946077003025e-01,1.304445385932922363e+00
-1.156569837610774032e+00,2.935330576173355577e-01,1.338069319725036621e+00
-9.180714336919861829e-01,3.077443084931221762e-01,1.371033310890197754e+00
-1.182427917538457995e+00,3.480650930012180178e-01,1.403087019920349121e+00
-1.182427917538457995e+00,3.480650930012180178e-01,1.403087019920349121e+00
-1.116429300763321697e+00,4.827995542076075619e-01,1.434440970420837402e+00
-1.129307471505063054e+00,2.094227974448106822e-01,1.465128540992736816e+00
-1.054036535340353131e+00,4.933707939870790593e-02,1.528979182243347168e+00
-9.085687198880469939e-01,2.917221001484512910e-01,1.552392005920410156e+00
-1.532788664757478214e+00,1.730143104239265373e-01,1.579501986503601074e+00
-1.211018013247951330e+00,4.979195994627936828e-01,1.605547070503234863e+00
-1.312628598079051967e+00,-2.330245766195452872e-01,1.630764365196228027e+00
-9.251999310568417290e-01,2.012577153045534417e-01,1.658685207366943359e+00
-1.287482023149879584e+00,-1.835376941844898968e-01,1.677149891853332520e+00
-1.547697511910214985e+00,3.546812891858722172e-01,1.698531150817871094e+00
-1.547697511910214985e+00,3.546812891858722172e-01,1.698531150817871094e+00
-1.249550158836038705e+00,-2.811964437815606677e-01,1.737208843231201172e+00
-1.249550158836038705e+00,-2.811964437815606677e-01,1.737208843231201172e+00
-1.279385648410969356e+00,1.074234841859183359e-01,1.754802703857421875e+00
-1.421430778552127627e+00,2.140739367075467914e-01,1.775655150413513184e+00
-1.437009301185484755e+00,-7.002934387274484251e-02,1.798127293586730957e+00
-1.031705071939063023e+00,-8.050278651952136322e-02,1.809557557106018066e+00
-1.031705071939063023e+00,-8.050278651952136322e-02,1.809557557106018066e+00
-1.532558088440157729e+00,-8.436176806722196775e-02,1.819248557090759277e+00
-1.506034195625383321e+00,-2.240654981198183515e-01,1.834843158721923828e+00
-1.295829487707984784e+00,-8.059035716751770939e-02,1.838761687278747559e+00
-1.295829487707984784e+00,-8.059035716751770939e-02,1.838761687278747559e+00
-1.362274184665033250e+00,-1.444895503817732185e-01,1.843306899070739746e+00
-1.131742497341433618e+00,-2.761848799200834481e-01,1.844447255134582520e+00
-1.202847845603790322e+00,-7.871569624559165979e-02,1.843663573265075684e+00
-9.224048278988834504e-01,-7.759317218753539747e-01,1.839166045188903809e+00
-1.385615404242665383e+00,-2.759734268286411218e-01,1.833006501197814941e+00
-1.385615404242665383e+00,-2.759734268286411218e-01,1.833006501197814941e+00
-1.257007654274713504e+00,-3.427465551061684157e-01,1.823112607002258301e+00
-1.391614930737964828e+00,2.445309606927797974e-02,1.806354880332946777e+00
-1.423582175626452617e+00,-4.790979603852555946e-01,1.796339869499206543e+00
-1.423582175626452617e+00,-4.790979603852555946e-01,1.796339869499206543e+00
-1.526279326073809894e+00,-6.303702948691579655e-01,1.782805562019348145e+00
-1.122708740107039915e+00,-4.013401458744131345e-02,1.750847220420837402e+00
-1.157666891731663261e+00,-4.232403802878502708e-01,1.709055781364440918e+00
-1.157666891731663261e+00,-4.232403802878502708e-01,1.709055781364440918e+00
-1.080450679925224700e+00,-8.519407765074327177e-01,1.668309807777404785e+00
-1.080450679925224700e+00,-8.519407765074327177e-01,1.668309807777404785e+00
-1.566704736437922740e+00,-4.156491903612165029e-01,1.640179038047790527e+00
-1.128657406786312878e+00,-4.589101332708899195e-01,1.592735409736633301e+00
-9.873622944660096490e-01,-4.445472342658684517e-01,1.579168319702148438e+00
-9.836483147970083163e-01,-5.725388029469640205e-01,1.532024979591369629e+00
-9.836483147970083163e-01,-5.725388029469640205e-01,1.532024979591369629e+00
-9.836483147970083163e-01,-5.725388029469640205e-01,1.532024979591369629e+00
-1.024389795039248874e+00,-8.000303551468069818e-01,1.507214069366455078e+00
-1.279620811049667628e+00,-1.049115691735369893e+00,1.444899439811706543e+00
-1.279620811049667628e+00,-1.049115691735369893e+00,1.444899439811706543e+00
-6.783849921284750284e-01,-5.171662575638942272e-01,1.395843863487243652e+00
-1.037370312839267728e+00,-5.007000465450883731e-01,1.373391628265380859e+00
-1.096970961475501438e+00,-3.983964938466704186e-01,1.327669501304626465e+00
-8.189068358017443927e-01,-8.523134847911167933e-01,1.292449116706848145e+00
-9.788316526888485303e-01,-4.973418772084063910e-01,1.257009625434875488e+00
-1.217108731000031252e+00,-1.116870315914153755e+00,1.191265702247619629e+00
-1.217108731000031252e+00,-1.116870315914153755e+00,1.191265702247619629e+00
-8.133037706885043461e-01,-8.546771736951502829e-01,1.166871070861816406e+00
-6.780179549273555040e-01,-1.013995474708349942e+00,1.130079269409179688e+00
-1.081584915212493447e+00,-7.087095331381937369e-01,1.055529475212097168e+00
-1.081584915212493447e+00,-7.087095331381937369e-01,1.055529475212097168e+00
-1.157594562630985591e+00,-9.073527037632691528e-01,9.997391700744628906e-01
-8.874702370601018631e-01,-7.400247966641270159e-01,9.433540701866149902e-01
-8.546066488926160609e-01,-1.100854879901060901e+00,9.068514704704284668e-01
-8.546066488926160609e-01,-1.100854879901060901e+00,9.068514704704284668e-01
-6.334184250036788422e-01,-7.943223310624059064e-01,8.526127934455871582e-01
-7.827043460894255178e-01,-6.249165336376827362e-01,8.174510002136230469e-01
-6.790406883659159121e-01,-6.482016995270539761e-01,7.946462631225585938e-01
-4.881237554855108463e-01,-9.847255440519793179e-01,7.182598710060119629e-01
-6.660381628715572599e-01,-1.018430939476646424e+00,7.132278084754943848e-01
-6.660381628715572599e-01,-1.018430939476646424e+00,7.132278084754943848e-01
-8.803986262427976328e-01,-9.744854277468678605e-01,6.588978767395019531e-01
-5.414157302480480105e-01,-1.024065195860637267e+00,6.050601005554199219e-01
-5.597873722013440023e-01,-8.067330016774103552e-01,5.804008245468139648e-01
-5.597873722013440023e-01,-8.067330016774103552e-01,5.804008245468139648e-01
-4.548956722687220178e-01,-8.658947353280269654e-01,5.565860867500305176e-01
-1.744742891196729428e-01,-7.404113037108456252e-01,5.231562852859497070e-01
-1.744742891196729428e-01,-7.404113037108456252e-01,5.231562852859497070e-01
-4.120410365556327892e-01,-1.036198340703368803e+00,4.738765954971313477e-01
-2.846810273954877846e-01,-1.272780614537543320e+00,4.616591632366180420e-01
-4.383700164238749086e-01,-1.206936347498650752e+00,4.475082457065582275e-01
-4.383700164238749086e-01,-1.206936347498650752e+00,4.475082457065582275e-01
-3.012754016310728034e-01,-1.111507720653745812e+00,4.169985949993133545e-01
-1.406813233395390328e-01,-9.068215553280091212e-01,4.011772871017456055e-01
-2.384291996481052722e-01,-1.186570536122350861e+00,3.853886425495147705e-01
-2.384291996481052722e-01,-1.186570536122350861e+00,3.853886425495147705e-01
-2.737901322141609306e-01,-1.270725759476217132e+00,3.753684759140014648e-01
-1.988453053441398277e-02,-1.109384094740190951e+00,3.666541278362274170e-01
-6.484416639843434971e-03,-1.016424990550094387e+00,3.592689931392669678e-01
-3.132448586620800723e-01,-7.782182767493317499e-01,3.532731235027313232e-01
-9.241619742140949612e-02,-8.772502429543047597e-01,3.470545113086700439e-01
-9.241619742140949612e-02,-8.772502429543047597e-01,3.470545113086700439e-01
4.197911701372751825e-01,-4.298273988243163091e-01,3.446399867534637451e-01
2.456358061893851863e-01,-6.415277750340983021e-01,3.522478342056274414e-01
2.823510859643191262e-01,-5.620302453245118457e-01,3.579186499118804932e-01
2.823510859643191262e-01,-5.620302453245118457e-01,3.579186499118804932e-01
3.264208995083744957e-01,-7.133416798091507527e-01,3.659799396991729736e-01
3.264208995083744957e-01,-7.133416798091507527e-01,3.659799396991729736e-01
3.348937167092340683e-01,-9.706068637066177507e-01,3.752489984035491943e-01
2.836081874963534699e-01,-9.010705037501186565e-01,3.869158327579498291e-01
4.179481755922702102e-01,-1.186415371878395852e+00,3.929874002933502197e-01
2.089323559348565951e-01,-1.163604560425710810e+00,4.144067764282226562e-01
1.908379101204887018e-01,-1.034233663507470480e+00,4.301295280456542969e-01
4.062453381633773786e-01,-8.620107451695262490e-01,4.569004476070404053e-01
4.062453381633773786e-01,-8.620107451695262490e-01,4.569004476070404053e-01
2.232065610208592288e-01,-1.023803013392114103e+00,4.972877204418182373e-01
2.232065610208592288e-01,-1.023803013392114103e+00,4.972877204418182373e-01
3.623222553838890692e-01,-8.899810015618087045e-01,5.309720039367675781e-01
9.099126116871620873e-01,-9.807246930843286359e-01,5.543095469474792480e-01
1.112813879640494052e+00,-7.754927449476154422e-01,5.794456601142883301e-01
5.198612460200482399e-01,-7.958071677376643560e-01,6.057865619659423828e-01
6.437843994674951054e-01,-7.797689309250941392e-01,6.327922940254211426e-01
4.923186290399026444e-01,-1.144976114412035173e+00,6.794936060905456543e-01
5.146006884461351572e-01,-8.267857816897512535e-01,7.040128707885742188e-01
5.146006884461351572e-01,-8.267857816897512535e-01,7.040128707885742188e-01
2.958386171082267313e-01,-7.136368879051360192e-01,7.787091135978698730e-01
2.958386171082267313e-01,-7.136368879051360192e-01,7.787091135978698730e-01
5.780810381113091756e-01,-7.840453640346142228e-01,7.990953326225280762e-01
5.824650316083429535e-01,-7.714625599198831063e-01,8.566778302192687988e-01
1.333309119485575511e+00,-7.866290663991641896e-01,9.054977893829345703e-01
8.961989978520679134e-01,-6.079740396589895512e-01,9.614360928535461426e-01
1.157168058412946010e+00,-6.335470985259087362e-01,9.956965446472167969e-01
8.609324699469118602e-01,-3.485287701877683997e-01,1.029993891716003418e+00
1.087078054824244688e+00,-3.913376426659473384e-01,1.076194763183593750e+00
1.087078054824244688e+00,-3.913376426659473384e-01,1.076194763183593750e+00
1.087078054824244688e+00,-3.913376426659473384e-01,1.076194763183593750e+00
1.260211571109428164e+00,-7.510344262583086294e-01,1.099147558212280273e+00
6.728371116873403945e-01,-1.118631368372288715e-01,1.145397067070007324e+00
1.179815129599507406e+00,-2.187029734465834596e-01,1.214773774147033691e+00
1.179815129599507406e+00,-2.187029734465834596e-01,1.214773774147033691e+00
1.273934288653212343e+00,-1.156127217016302278e-01,1.248940348625183105e+00
9.160829209040379784e-01,-2.835828206504502069e-01,1.282752633094787598e+00
1.537979034770409426e+00,-4.934249086249543059e-01,1.315988779067993164e+00
1.215807644582941549e+00,-6.344892393888199589e-01,1.332420229911804199e+00
8.487102480957401385e-01,-3.814022658741613725e-01,1.380928874015808105e+00
1.112916448687808701e+00,-2.177511207197111998e-01,1.442352414131164551e+00
1.112916448687808701e+00,-2.177511207197111998e-01,1.442352414131164551e+00
1.085293815093796521e+00,-1.075036936820168154e-01,1.471727728843688965e+00
7.371784852177593050e-01,-8.460381919718373833e-02,1.499981284141540527e+00
1.042014921490882262e+00,-3.267856314837078169e-01,1.526985526084899902e+00
1.256138322082336556e+00,-3.945419006636696757e-02,1.578020691871643066e+00
1.256138322082336556e+00,-3.945419006636696757e-02,1.578020691871643066e+00
1.155273257887903693e+00,3.117915290326397915e-02,1.625699043273925781e+00
1.091462762236223849e+00,-4.031816487374773605e-01,1.648386478424072266e+00
1.091462762236223849e+00,-4.031816487374773605e-01,1.648386478424072266e+00
1.381549728625259377e+00,9.991792162351856299e-02,1.669969558715820312e+00
1.171006574003141676e+00,1.851486848044106015e-01,1.693956494331359863e+00
1.171006574003141676e+00,1.851486848044106015e-01,1.693956494331359863e+00
1.148547138484850461e+00,1.428383542152067143e-01,1.729179739952087402e+00
1.473121410087454564e+00,-1.908008423130710396e-01,1.762411594390869141e+00
1.455311929290195705e+00,-1.226235084602694259e-01,1.777042031288146973e+00
1.455311929290195705e+00,-1.226235084602694259e-01,1.777042031288146973e+00
1.592395767581854304e+00,2.064619700915501788e-01,1.801106333732604980e+00
1.115457938493545020e+00,7.076099180558448332e-02,1.807628154754638672e+00
9.880622507420843137e-01,4.134093747334028346e-01,1.823905348777770996e+00
9.880622507420843137e-01,4.134093747334028346e-01,1.823905348777770996e+00
1.365712039932374555e+00,-5.118359835782435030e-02,1.827948927879333496e+00
1.122354674873228708e+00,1.303661791704919248e-01,1.830234646797180176e+00
1.227622921030709024e+00,1.854389186701336512e-01,1.830789566040039062e+00
1.256319560851833828e+00,1.942174222228651159e-01,1.830127239227294922e+00
1.131238041211044099e+00,1.405447864036093453e-01,1.827131628990173340e+00
8.747665418401030513e-01,6.354587293604972986e-01,1.825105190277099609e+00
1.339078604703656250e+00,3.847740941614002930e-01,1.816156744956970215e+00
1.339078604703656250e+00,3.847740941614002930e-01,1.816156744956970215e+00
1.172980904357045162e+00,1.029938157145531274e-01,1.807937622070312500e+00
8.596460652022769322e-01,5.053145826848226552e-01,1.797604918479919434e+00
8.804044062523850300e-01,8.697315956467327469e-02,1.785767197608947754e+00
1.131337619799701377e+00,4.117672033366538975e-01,1.771993041038513184e+00
8.006797876882872922e-01,6.438252134381624581e-01,1.756613731384277344e+00
1.325686883898526292e+00,5.164245827568272329e-01,1.739567399024963379e+00
9.896369103232248721e-01,3.134936172871561899e-01,1.708179116249084473e+00
9.896369103232248721e-01,3.134936172871561899e-01,1.708179116249084473e+00
1.107419472096066393e+00,3.883820958134900914e-01,1.658312320709228516e+00
1.094150759629459957e+00,5.734765447097568414e-01,1.634655952453613281e+00
1.157722866256350125e+00,3.511835572525306981e-01,1.610029578208923340e+00
1.157722866256350125e+00,3.511835572525306981e-01,1.610029578208923340e+00
1.116440378489735430e+00,7.625837862204374318e-01,1.570936799049377441e+00
8.925735873715192614e-01,6.322947452330577311e-01,1.529541134834289551e+00
9.319022181236198410e-01,6.459120650449103884e-01,1.500673413276672363e+00
7.294591050650800490e-01,9.373818045493353956e-01,1.440045952796936035e+00
1.149956210131156675e+00,1.139207973301277210e+00,1.408386111259460449e+00
1.149956210131156675e+00,1.139207973301277210e+00,1.408386111259460449e+00
1.149956210131156675e+00,1.139207973301277210e+00,1.408386111259460449e+00
8.835379985272513448e-01,4.196007394365910415e-01,1.375464916229248047e+00
5.839255284620695763e-01,6.543917246561259393e-01,1.341478705406188965e+00
1.043616952688964261e+00,6.779746404882684985e-01,1.271543979644775391e+00
7.958225889564108924e-01,1.002346997495145775e+00,1.199749827384948730e+00
8.454947303225671673e-01,4.839820383378904411e-01,1.163281559944152832e+00
1.227041266170489697e+00,9.386782069006872620e-01,1.126707434654235840e+00
1.227041266170489697e+00,9.386782069006872620e-01,1.126707434654235840e+00
1.227041266170489697e+00,9.386782069006872620e-01,1.126707434654235840e+00
7.698678710966433414e-01,4.901434283032611305e-01,1.065478563308715820e+00
7.698678710966433414e-01,4.901434283032611305e-01,1.065478563308715820e+00
7.614378288783977267e-01,9.902583490433642943e-01,1.017148256301879883e+00
8.851205021320700528e-01,5.638462259777938801e-01,9.456300735473632812e-01
8.206023194816417510e-01,8.875534826149933387e-01,9.104472994804382324e-01
8.206023194816417510e-01,8.875534826149933387e-01,9.104472994804382324e-01
1.461890666839944064e+00,9.301460745087202220e-01,8.755062222480773926e-01
1.094831397910959181e+00,1.123667425563593891e+00,8.411747813224792480e-01
8.275999894330022810e-01,1.079948663027102684e+00,7.753128409385681152e-01
6.956563376775105612e-01,9.514668412755048488e-01,7.433761954307556152e-01
7.543542736430690621e-01,9.307977761670990224e-01,6.628398895263671875e-01
2.816301176618004609e-01,1.062666233706220043e+00,6.250891089439392090e-01
2.816301176618004609e-01,1.062666233706220043e+00,6.250891089439392090e-01
3.246197096614228395e-01,1.024566381429876882e+00,5.722053647041320801e-01
3.246197096614228395e-01,1.024566381429876882e+00,5.722053647041320801e-01
3.866693560665119267e-01,7.744038538799872251e-01,5.246937870979309082e-01
3.866693560665119267e-01,7.744038538799872251e-01,5.246937870979309082e-01
4.151617343848919561e-01,9.785685980889484714e-01,5.019018054008483887e-01
2.290697338367335689e-01,9.188260945772129817e-01,4.705084264278411865e-01
2.928239934946160750e-01,9.028165815174664655e-01,4.431383609771728516e-01
2.928239934946160750e-01,9.028165815174664655e-01,4.431383609771728516e-01
5.288261000573279969e-03,1.081535304482652782e+00,4.266492426395416260e-01
5.245831878672708726e-01,1.028804234548858387e+00,3.979505300521850586e-01
5.245831878672708726e-01,1.028804234548858387e+00,3.979505300521850586e-01
1.351969541535197050e-01,9.832689963166363345e-01,3.772443234920501709e-01
1.151609582653123909e-01,6.159047240714852212e-01,3.687675297260284424e-01
1.627864290263663916e-01,1.161885445894679680e+00,3.573236763477325439e-01
1.627864290263663916e-01,1.161885445894679680e+00,3.573236763477325439e-01
1.925824984744671786e-01,1.102103003693981176e+00,3.538276255130767822e-01
1.925824984744671786e-01,1.102103003693981176e+00,3.538276255130767822e-01
-3.302899240524343472e-01,9.595845639521051185e-01,3.513189554214477539e-01
2.622890562996780806e-01,7.349918016890433226e-01,3.503309190273284912e-01
-1.410951015953363086e-01,1.033129346131394177e+00,3.507509231567382812e-01
-1.103935104648987864e-01,1.462143840570473419e+00,3.523914515972137451e-01
-4.611654432186640395e-02,4.364073532300692948e-01,3.553564548492431641e-01
-4.157424621286953670e-02,8.681901316351198217e-01,3.590984642505645752e-01
-5.780099371673235176e-01,7.331366208698293363e-01,3.713884353637695312e-01
-5.780099371673235176e-01,7.331366208698293363e-01,3.713884353637695312e-01
-4.095587735610659585e-01,1.257549295294522640e+00,3.793457448482513428e-01
-3.559889144180520271e-01,1.007179481530813492e+00,3.887318670749664307e-01
-2.998182108770424126e-01,9.166740834356114087e-01,4.120410680770874023e-01
-7.941030234600809923e-02,1.558852092310253123e+00,4.258772432804107666e-01
-2.476097530444804073e-01,8.059743523713197577e-01,4.409474134445190430e-01
-2.306644443851939008e-01,6.970592651560324482e-01,4.581863880157470703e-01
-3.477769509830971884e-01,8.911687040400685378e-01,4.764375686645507812e-01
-6.867487433949341913e-01,9.408325313169060289e-01,5.177341103553771973e-01
-4.199715255102286493e-01,9.366146573254343632e-01,5.401365160942077637e-01
-9.699405424819643740e-01,1.145801461887447026e+00,5.563692450523376465e-01
-9.699405424819643740e-01,1.145801461887447026e+00,5.563692450523376465e-01
-9.699405424819643740e-01,1.145801461887447026e+00,5.563692450523376465e-01
-4.937439646488018252e-01,6.302345744586885790e-01,5.900396704673767090e-01
-3.986341134707120926e-01,9.679288211933118058e-01,6.163312196731567383e-01
-6.637889263871519230e-01,5.726294285948406726e-01,6.720874309539794922e-01
-6.235797713095292405e-01,8.332794879512150921e-01,7.013079524040222168e-01
-7.971496695555747580e-01,3.714830268218676790e-01,7.211186885833740234e-01
-1.005761926451977928e+00,5.668177850326580058e-01,7.617182731628417969e-01
-5.894753259030778292e-01,5.080167811937110756e-01,7.933452725410461426e-01
-5.894753259030778292e-01,5.080167811937110756e-01,7.933452725410461426e-01
-7.338907016770690461e-01,4.566458540315323500e-01,8.252744674682617188e-01
-9.228606755614808810e-01,6.088036571389268126e-01,8.468585014343261719e-01
-7.027073383460380462e-01,5.668885150449542998e-01,9.129250049591064453e-01
-1.296287973090557433e+00,4.826169020387943709e-01,9.584643244743347168e-01
-8.002738544189598180e-01,7.333689934350138273e-01,9.928162693977355957e-01
-9.099552440037200762e-01,6.967871488070997987e-01,1.016008615493774414e+00
-9.099552440037200762e-01,6.967871488070997987e-01,1.016008615493774414e+00
-1.067299944591907357e+00,5.295136729506422224e-01,1.045150399208068848e+00
-9.823251316833968572e-01,4.922842831355360715e-01,1.062890410423278809e+00
-8.510378477084792337e-01,2.436932997625496644e-01,1.080604910850524902e+00
-8.510378477084792337e-01,2.436932997625496644e-01,1.080604910850524902e+00
-6.778360956220391698e-01,3.201076830606753298e-01,1.092574119567871094e+00
-1.047484830238641695e+00,5.986504657259485995e-01,1.257717490196228027e+00
-1.063424757980959034e+00,3.605630948379595080e-01,1.310999751091003418e+00
-1.198501242119610843e+00,6.394311875988947236e-01,1.346413731575012207e+00
-1.042540239782997036e+00,4.563007057087634655e-01,1.382137894630432129e+00
-1.042540239782997036e+00,4.563007057087634655e-01,1.382137894630432129e+00
-5.436984484200311218e-01,1.781527506776146852e-01,1.417926907539367676e+00
-1.408333037986835734e+00,2.869756997158592338e-01,1.485853791236877441e+00
-1.308350100399426674e+00,5.621216554293202439e-01,1.518237233161926270e+00
-1.308350100399426674e+00,5.621216554293202439e-01,1.518237233161926270e+00
-1.031173718990413324e+00,6.883496167216723860e-02,1.548865318298339844e+00
-1.421415056197844251e+00,3.318733331941773335e-01,1.605337619781494141e+00
-1.421415056197844251e+00,3.318733331941773335e-01,1.605337619781494141e+00
-1.324139187466479184e+00,-2.355547016330003518e-02,1.654979109764099121e+00
-1.688755764643109281e+00,8.765440042640515461e-03,1.677325606346130371e+00
-1.540887558778736288e+00,6.727425511133401648e-03,1.717753410339355469e+00
-1.540887558778736288e+00,6.727425511133401648e-03,1.717753410339355469e+00
-1.195158946953750245e+00,-2.037156691859342839e-01,1.735548973083496094e+00
-1.172228950230557842e+00,-3.786903634035260757e-01,1.746629357337951660e+00
-1.172228950230557842e+00,-3.786903634035260757e-01,1.746629357337951660e+00
-1.286920759188686203e+00,2.794387702688704012e-02,1.766915678977966309e+00
-1.395093764098995326e+00,2.888601528088132198e-01,1.780289053916931152e+00
-1.284400013417930086e+00,1.064236351226121868e-01,1.792612910270690918e+00
-1.261092416042351338e+00,-3.156639489273804777e-01,1.803201079368591309e+00
-1.299748248704848397e+00,-4.132877600997383327e-01,1.820474982261657715e+00
-1.258167201100479193e+00,-1.318054155390588067e-01,1.827687621116638184e+00
-1.275780473569119389e+00,-3.711098280101660096e-01,1.833018422126770020e+00
-1.275780473569119389e+00,-3.711098280101660096e-01,1.833018422126770020e+00
-9.722263570556202161e-01,-2.414576284145525387e-01,1.837172150611877441e+00
-9.346964497664057570e-01,-2.618944315136575440e-01,1.839416146278381348e+00
-1.151531445549214716e+00,-2.638679515300819678e-01,1.840470790863037109e+00
-9.443205849195559498e-01,-4.809487222935938666e-01,1.839850306510925293e+00
-1.430770391706495115e+00,-3.329950936933295802e-01,1.837803483009338379e+00
-1.179976343086503787e+00,-4.040562116195263731e-01,1.834346413612365723e+00
-1.511515187813032846e+00,-2.587275104749287014e-02,1.828730940818786621e+00
-1.064369829123859468e+00,-5.119257190704779026e-01,1.821571946144104004e+00
-1.201230897697538769e+00,-2.248988545880713508e-01,1.812769532203674316e+00
-9.498142167536500757e-01,-3.776955471990893765e-01,1.802379250526428223e+00
-1.353817060848522491e+00,-5.256489274986417826e-01,1.790516018867492676e+00
-1.117445749131448007e+00,-3.089178946431367367e-01,1.776689052581787109e+00
-8.231974619858521969e-01,-8.395771752478451422e-01,1.761408448219299316e+00
-1.081679176375362594e+00,-1.763849497932293287e-01,1.744996666908264160e+00
-1.263489378360770798e+00,-4.383207889319188921e-01,1.726705074310302734e+00
-9.495111934639975937e-01,-8.074977670982611544e-01,1.687342643737792969e+00
-1.392723328539433814e+00,-2.650090648031497298e-01,1.665962815284729004e+00
-1.170362895053526975e+00,-7.922759444283470343e-01,1.643137335777282715e+00
-1.170362895053526975e+00,-7.922759444283470343e-01,1.643137335777282715e+00
-1.324629041697660492e+00,-5.917919987325205300e-01,1.618886947631835938e+00
-1.324687440449660247e+00,-5.380093542966349895e-01,1.594136834144592285e+00
-1.139735906790025455e+00,-5.137354996673247909e-01,1.567604541778564453e+00
-1.059827978589080510e+00,-1.081915695801684008e-01,1.539674878120422363e+00
-8.101728793348449420e-01,-5.583271636685771533e-01,1.510709762573242188e+00
-1.093167487294589346e+00,-6.578804555713887448e-01,1.448281407356262207e+00
-8.853196426565597132e-01,-6.140314044172556773e-01,1.415563464164733887e+00
-1.176407450624402440e+00,-6.182917647297289099e-01,1.381552219390869141e+00
-6.240300575855133314e-01,-6.454847827037847319e-01,1.346716523170471191e+00
-9.223513231125708423e-01,-6.184478174297756148e-01,1.311079025268554688e+00
-1.135463856534764115e+00,-7.753471665350758490e-01,1.237512111663818359e+00
-1.007476290556202692e+00,-1.035807886689768420e+00,1.199638724327087402e+00
-1.007476290556202692e+00,-1.035807886689768420e+00,1.199638724327087402e+00
-1.174419491018340533e+00,-5.290829657764366534e-01,1.161939024925231934e+00
-9.771060605642682972e-01,-4.812482928930659765e-01,1.123965740203857422e+00
-4.516477409410879496e-01,-1.208387542714786989e+00,1.085735678672790527e+00
-7.506848211244698810e-01,-9.249534958425498221e-01,1.047695636749267578e+00
-8.475862873930064545e-01,-9.026375075931221126e-01,9.722459912300109863e-01
-8.475862873930064545e-01,-9.026375075931221126e-01,9.722459912300109863e-01
-8.990203051154430636e-01,-1.192134705346667545e+00,9.353142380714416504e-01
-6.263245385251289266e-01,-1.053724454582740666e+00,8.992525935173034668e-01
-1.065959804511108722e+00,-1.049191307572572951e+00,8.757136464118957520e-01
-7.286739313681948049e-01,-6.312802340587670979e-01,8.301158547401428223e-01
-7.286739313681948049e-01,-6.312802340587670979e-01,8.301158547401428223e-01
-7.284324396729286999e-01,-8.674427795209656011e-01,7.762367725372314453e-01
-8.646141010953760642e-01,-9.061297587075286541e-01,7.354586124420166016e-01
-8.646141010953760642e-01,-9.061297587075286541e-01,7.354586124420166016e-01
-4.951184006640235169e-01,-9.557569105788618069e-01,6.781112551689147949e-01
-7.324632760527683972e-01,-1.031800141722783781e+00,6.511146426200866699e-01
-7.324632760527683972e-01,-1.031800141722783781e+00,6.511146426200866699e-01
-5.499182958494669426e-01,-8.398830669384905745e-01,6.251075863838195801e-01
-2.992677795485322312e-01,-6.827160162024862311e-01,5.999816656112670898e-01
-2.640601217768601128e-01,-1.121382321678447758e+00,5.761908888816833496e-01
-7.372573716643802122e-01,-7.380203819936445031e-01,5.535486340522766113e-01
-4.075832534387930917e-01,-1.085588219200141147e+00,5.320165157318115234e-01
-2.086905859969105936e-01,-1.040230732487245735e+00,5.113402605056762695e-01
-2.810466951648447620e-01,-1.310882438746649781e+00,4.916260540485382080e-01
-4.226321393737680898e-01,-1.106268379576946570e+00,4.551008641719818115e-01
-4.226321393737680898e-01,-1.106268379576946570e+00,4.551008641719818115e-01
-2.442325147653944539e-01,-9.843663212021784847e-01,4.387063980102539062e-01
-6.307307658064390532e-01,-8.961866724954959951e-01,4.235542714595794678e-01
-1.725863319965418863e-01,-1.135070330896070345e+00,4.092242717742919922e-01
-2.734167370829860277e-01,-7.757690226664987199e-01,3.965195417404174805e-01
-1.095252027760269253e-01,-9.390841934883628062e-01,3.850054740905761719e-01
2.688258540150316178e-01,-1.294584458351096368e+00,3.749502003192901611e-01
-2.962969467075532437e-01,-9.317199540115013168e-01,3.660674989223480225e-01
5.703720785607538368e-02,-9.582979075894675347e-01,3.587460517883300781e-01
1.822054914833411421e-01,-1.098340205163694128e+00,3.484326899051666260e-01
1.822054914833411421e-01,-1.098340205163694128e+00,3.484326899051666260e-01
5.936878377249534822e-01,-1.176522566192224062e+00,3.441171646118164062e-01
5.936878377249534822e-01,-1.176522566192224062e+00,3.441171646118164062e-01
1.710239566702172198e-01,-1.300189507506833486e+00,3.452695906162261963e-01
5.317157934856944212e-01,-3.514771680526225239e-01,3.506337702274322510e-01
5.317157934856944212e-01,-3.514771680526225239e-01,3.506337702274322510e-01
3.229599002528680263e-01,-1.027296261428286783e+00,3.605496883392333984e-01
2.473076699554294655e-01,-8.345782568250590394e-01,3.723897933959960938e-01
2.473076699554294655e-01,-8.345782568250590394e-01,3.723897933959960938e-01
4.106250805633939738e-01,-7.917771503894205365e-01,3.835239708423614502e-01
1.711467074706918279e-01,-7.552604725107003869e-01,4.109251499176025391e-01
3.988953891679791752e-01,-1.006582836268108183e+00,4.275486171245574951e-01
3.988953891679791752e-01,-1.006582836268108183e+00,4.275486171245574951e-01
5.191575417809718429e-01,-9.552370369181019116e-01,4.461109638214111328e-01
6.990557949543843019e-01,-9.574902535868974329e-01,4.657208025455474854e-01
4.097199648152901053e-01,-1.152200056280949791e+00,4.871501028537750244e-01
1.840187664777232501e-01,-7.055554317951429066e-01,5.099223256111145020e-01
1.822738631013085531e-01,-9.763896039743985567e-01,5.344009399414062500e-01
2.807859521976884265e-01,-5.743087533469757311e-01,5.868792533874511719e-01
6.876616778682062003e-01,-8.480587158847729956e-01,6.053050160408020020e-01
6.876616778682062003e-01,-8.480587158847729956e-01,6.053050160408020020e-01
8.313450488330855759e-01,-8.130125055875392359e-01,6.429657340049743652e-01
7.086896595050788950e-01,-4.397717038773742426e-01,6.724529266357421875e-01
9.577158528702696128e-01,-8.124752934391239467e-01,7.325778603553771973e-01
5.927568038290100816e-01,-5.418809623503684225e-01,7.631464004516601562e-01
1.122379201835444817e+00,-9.710307180162366381e-01,7.942106723785400391e-01
5.902428768366982936e-01,-4.379432942946155372e-01,8.575463294982910156e-01
5.902428768366982936e-01,-4.379432942946155372e-01,8.575463294982910156e-01
6.086340178223389463e-01,-7.050671068534122288e-01,8.898992538452148438e-01
7.461456349214531381e-01,-1.014821844480156221e+00,9.220915436744689941e-01
7.461456349214531381e-01,-1.014821844480156221e+00,9.220915436744689941e-01
9.934158819188039224e-01,-6.366483514360413709e-01,9.548695683479309082e-01
9.564997082788865290e-01,-5.471518954088868680e-01,9.879190325736999512e-01
9.452485916106124764e-01,-7.187088343165594084e-01,1.021404743194580078e+00
1.035536580673548812e+00,-4.863176803731549258e-01,1.055204272270202637e+00
9.460784394024212007e-01,-3.397062130414524317e-01,1.122856974601745605e+00
9.460784394024212007e-01,-3.397062130414524317e-01,1.122856974601745605e+00
1.367531021857797846e+00,-3.466344889312631961e-01,1.156857490539550781e+00
1.202489814085949904e+00,-3.944701844361267473e-01,1.190646648406982422e+00
1.175622615638144630e+00,-6.498807936708015376e-01,1.224385142326354980e+00
1.168392042393692654e+00,-4.250461818282617599e-01,1.257767558097839355e+00
9.193796992878630059e-01,-3.707357669951558687e-01,1.290956497192382812e+00
1.179148871383837172e+00,-6.134887721239015157e-01,1.323442339897155762e+00
1.115981747058040208e+00,-4.368722309564940232e-01,1.355454802513122559e+00
1.207037468123924207e+00,-7.358045187610759985e-01,1.387055277824401855e+00
1.225505031188518279e+00,-2.229202179753166091e-01,1.417810797691345215e+00
1.174885622200622759e+00,-3.623365197451147712e-01,1.447937846183776855e+00
1.274985339019843567e+00,-2.571374980958139878e-01,1.476832032203674316e+00
1.358568245925361184e+00,-4.169851421971371153e-01,1.504756450653076172e+00
1.097723253551040390e+00,-1.680044383872745239e-01,1.532189846038818359e+00
1.242746058336621662e+00,3.125967220473110930e-02,1.558674454689025879e+00
1.150614938925879072e+00,-3.866905578555299705e-01,1.584121823310852051e+00
1.336110441821395378e+00,-5.141427637391966510e-01,1.608778357505798340e+00
1.380076915169074159e+00,-2.465208663187568039e-01,1.654737114906311035e+00
1.380076915169074159e+00,-2.465208663187568039e-01,1.654737114906311035e+00
1.108171242554635949e+00,-2.846017878291490222e-01,1.676075339317321777e+00
1.611683826261552710e+00,-9.008956237491000385e-02,1.696185588836669922e+00
7.133239543272856809e-01,-2.359431830463869506e-01,1.715019822120666504e+00
1.094338039544732410e+00,1.667763996727680276e-01,1.732811093330383301e+00
9.447103138263446276e-01,-4.190494491266654603e-02,1.748905539512634277e+00
1.175215486862981384e+00,1.169359844891154215e-01,1.776484489440917969e+00
1.514663576286883861e+00,-1.960005905695442752e-01,1.789329528808593750e+00
1.525005726272787410e+00,8.474286218593282682e-02,1.797248244285583496e+00
1.477688045442849152e+00,7.613875901615740904e-02,1.805269598960876465e+00
1.477688045442849152e+00,7.613875901615740904e-02,1.805269598960876465e+00
1.461003467190874705e+00,2.119436102445349246e-01,1.811602234840393066e+00
1.627082966383518681e+00,3.290048640983236350e-01,1.816265702247619629e+00
1.496722814492771558e+00,1.990222441777073081e-02,1.821409106254577637e+00
9.403944608937182537e-01,4.526429946086282241e-01,1.821543216705322266e+00
9.403944608937182537e-01,4.526429946086282241e-01,1.821543216705322266e+00
1.179951540666031473e+00,6.509711895464115328e-02,1.817486763000488281e+00
1.179951540666031473e+00,6.509711895464115328e-02,1.817486763000488281e+00
9.813274553996986782e-01,3.136592338972652438e-01,1.806895256042480469e+00
9.813274553996986782e-01,3.136592338972652438e-01,1.806895256042480469e+00
1.389696026227362546e+00,1.794647987757720109e-01,1.794633507728576660e+00
1.342146869556135380e+00,1.663415263491120344e-01,1.789709091186523438e+00
1.186044363109187039e+00,4.128078418799459581e-01,1.772266864776611328e+00
6.247873753149512099e-01,2.080761895258318450e-01,1.758405089378356934e+00
1.262599544112866568e+00,2.723293428139511585e-01,1.734231114387512207e+00
1.403903775671779375e+00,2.948855272889244761e-01,1.716338992118835449e+00
1.403903775671779375e+00,2.948855272889244761e-01,1.716338992118835449e+00
1.015768115573310038e+00,3.795200188586503320e-01,1.675434470176696777e+00
1.015768115573310038e+00,3.795200188586503320e-01,1.675434470176696777e+00
8.801297878228857563e-01,3.835535466765775947e-01,1.640316367149353027e+00
1.272754282643580481e+00,4.988980032798835396e-01,1.602414250373840332e+00
1.272754282643580481e+00,4.988980032798835396e-01,1.602414250373840332e+00
1.237545941367260482e+00,4.066513543949462628e-01,1.561663746833801270e+00
1.396450963234220577e+00,4.737203649393628702e-01,1.533030509948730469e+00
1.038788085346430412e+00,8.468462192888260853e-01,1.488478660583496094e+00
1.038788085346430412e+00,8.468462192888260853e-01,1.488478660583496094e+00
9.897460801925440643e-01,9.768329402306308307e-02,1.393321156501770020e+00
8.460960545291952295e-01,4.443545597678816850e-01,1.321641802787780762e+00
9.226811765410954935e-01,6.745478584186577198e-01,1.288152813911437988e+00
9.226811765410954935e-01,6.745478584186577198e-01,1.288152813911437988e+00
9.226811765410954935e-01,6.745478584186577198e-01,1.288152813911437988e+00
9.449859273960206085e-01,1.016840811084172680e+00,1.242429375648498535e+00
1.153179988374006815e+00,9.026177953390098763e-01,1.207517981529235840e+00
1.153179988374006815e+00,9.026177953390098763e-01,1.207517981529235840e+00
1.002607366145072287e+00,8.228239209172005797e-01,1.172584056854248047e+00
8.786939714660095824e-01,7.648343371461628903e-01,1.137461543083190918e+00
9.666627107404797137e-01,7.042306739965098483e-01,1.095396876335144043e+00
6.592833112082813196e-01,6.586575564199798061e-01,1.047334313392639160e+00
6.592833112082813196e-01,6.586575564199798061e-01,1.047334313392639160e+00
9.525129437307496838e-01,1.152896524498725261e+00,9.930683970451354980e-01
8.801545844328458879e-01,6.537394818194519619e-01,9.562485814094543457e-01
6.823668956850014178e-01,6.480620817527911193e-01,9.201838970184326172e-01
5.696240290685745666e-01,8.258571464020239006e-01,8.666259646415710449e-01
8.133863576731393819e-01,8.861312756782042666e-01,8.074402809143066406e-01
5.538179351895342606e-01,1.005438842078651751e+00,7.620792388916015625e-01
5.886094074450869407e-01,7.292807789170254740e-01,7.134428024291992188e-01
5.886094074450869407e-01,7.292807789170254740e-01,7.134428024291992188e-01
5.886094074450869407e-01,7.292807789170254740e-01,7.134428024291992188e-01
7.678663805384899899e-01,9.781616408793043504e-01,6.825802922248840332e-01
3.931885749201306512e-01,1.322719860070816988e+00,6.528432965278625488e-01
5.604982245891083625e-01,1.155477307289059397e+00,6.387996077537536621e-01
2.833277132494991246e-01,1.131151045459967142e+00,5.812762379646301270e-01
5.637832388895489544e-01,1.348979426796425241e+00,5.607500672340393066e-01
1.626666144310436879e-01,1.057637486067081189e+00,5.340853929519653320e-01
1.626666144310436879e-01,1.057637486067081189e+00,5.340853929519653320e-01
4.311752486298556231e-01,1.180065039981387898e+00,5.056231617927551270e-01
2.211445284299108638e-01,1.050020453333151194e+00,4.857621192932128906e-01
2.812652017616329991e-01,6.868641155533983245e-01,4.642640650272369385e-01
2.652807007423579333e-01,8.354241562384880915e-01,4.395239353179931641e-01
2.652807007423579333e-01,8.354241562384880915e-01,4.395239353179931641e-01
1.114556417299201879e-01,9.951650619209319037e-01,4.197214543819427490e-01
4.688305322954026133e-01,1.011160758808822058e+00,4.065658152103424072e-01
2.131750119081356476e-01,8.781194142425057247e-01,3.875299990177154541e-01
1.748281116436878335e-01,1.127696512877235158e+00,3.748741149902343750e-01
1.748281116436878335e-01,1.127696512877235158e+00,3.748741149902343750e-01
-1.935966611044065422e-02,8.481897956501116553e-01,3.665782511234283447e-01
4.704861843685277656e-02,1.021498476646947484e+00,3.566022813320159912e-01
4.704861843685277656e-02,1.021498476646947484e+00,3.566022813320159912e-01
4.749407463518370287e-01,1.125446866402060930e+00,3.499850928783416748e-01
5.359922782845134848e-02,1.048144037440380316e+00,3.476180136203765869e-01
-1.523214385230753920e-01,8.524808308123265066e-01,3.465589582920074463e-01
-3.662434824952335299e-01,1.124571337474992161e+00,3.465538024902343750e-01
-2.780436010857043061e-02,1.053621567139198856e+00,3.508543968200683594e-01
-9.578023541287561393e-02,1.066675144303803613e+00,3.577022552490234375e-01
-1.924517325779387389e-01,1.084203600754166441e+00,3.612449169158935547e-01
-2.168853989982316155e-01,1.312556868861464610e+00,3.724838495254516602e-01
-2.168853989982316155e-01,1.312556868861464610e+00,3.724838495254516602e-01
-1.124378184880260312e-01,9.745659474470380612e-01,3.822033107280731201e-01
-4.604988018001122119e-01,1.056527631397870870e+00,4.047127664089202881e-01
-7.753711587869769328e-01,7.188698942113623813e-01,4.182558953762054443e-01
-7.753711587869769328e-01,7.188698942113623813e-01,4.182558953762054443e-01
-6.223741126165258652e-01,6.607720105696774926e-01,4.413610398769378662e-01
-3.256111687167634328e-02,7.591780385623460026e-01,4.584280550479888916e-01
-4.556566705815959240e-01,8.455588669643110400e-01,4.868124425411224365e-01
-4.556566705815959240e-01,8.455588669643110400e-01,4.868124425411224365e-01
-5.109847552092066092e-01,7.093733529145962446e-01,4.969253242015838623e-01
-8.341210980145883358e-01,1.244451442274927100e+00,5.289244055747985840e-01
-6.823041281159780702e-01,1.274541967390148578e+00,5.526478886604309082e-01
-5.941298658401813482e-01,9.627541324389544686e-01,5.774881243705749512e-01
-6.835278202569265993e-01,6.030761612514907721e-01,6.033949851989746094e-01
-7.279137117653280420e-01,8.599661705472310125e-01,6.305356621742248535e-01
-5.380223728945690009e-01,9.286247283882607118e-01,6.585410237312316895e-01
-6.813694199635633719e-01,7.099564959730713110e-01,6.877881884574890137e-01
-6.813694199635633719e-01,7.099564959730713110e-01,6.877881884574890137e-01
-9.521573848016926522e-01,8.888976665584007453e-01,7.803128361701965332e-01
-9.521573848016926522e-01,8.888976665584007453e-01,7.803128361701965332e-01
-8.891553754051905178e-01,5.517070743468827088e-01,8.131712079048156738e-01
-1.127221726815168745e+00,8.820256325080960691e-01,8.802345395088195801e-01
-9.201744427673825832e-01,4.860069764516451452e-01,8.975760340690612793e-01
-9.201744427673825832e-01,4.860069764516451452e-01,8.975760340690612793e-01
-9.956509210664101772e-01,3.961954160774607825e-01,9.850091934204101562e-01
-9.000284080987878133e-01,5.939207209000627596e-01,1.020763397216796875e+00
-1.122902802741383654e+00,6.114743865704113102e-01,1.056524157524108887e+00
-1.244361968989514455e+00,3.115845076092492727e-01,1.086361408233642578e+00
-1.244361968989514455e+00,3.115845076092492727e-01,1.086361408233642578e+00
-1.245802373155809883e+00,3.351544323865137676e-01,1.145770311355590820e+00
-5.749098900882128049e-01,8.046644635206381402e-01,1.187579751014709473e+00
-5.749098900882128049e-01,8.046644635206381402e-01,1.187579751014709473e+00
-1.526551063173515743e+00,4.278902511327095093e-01,1.269393801689147949e+00
-1.526551063173515743e+00,4.278902511327095093e-01,1.269393801689147949e+00
-1.393458479517879489e+00,5.275967372188870019e-01,1.303999066352844238e+00
-1.001199042217081780e+00,3.446698735454858942e-01,1.338113307952880859e+00
-1.331796727861219942e+00,4.384429653606323196e-01,1.371426701545715332e+00
-9.930982118532702962e-01,2.818478532128765313e-02,1.435268402099609375e+00
-9.930982118532702962e-01,2.818478532128765313e-02,1.435268402099609375e+00
-1.094196334892069133e+00,2.769262934640117635e-01,1.465760827064514160e+00
-1.271639154833608343e+00,4.903706554219525726e-01,1.494950771331787109e+00
-1.306411621571365922e+00,2.817526226698768843e-02,1.523570537567138672e+00
-9.511544957644106901e-01,4.080120288237393256e-01,1.550878524780273438e+00
-9.922649639936333976e-01,3.266852772548217709e-01,1.576964378356933594e+00
-1.243151881358215638e+00,1.285778189008732475e-01,1.601592540740966797e+00
-1.356072369427652635e+00,2.647023030162681811e-01,1.637088298797607422e+00
-9.572914802264366196e-01,4.044559898504117568e-01,1.662992358207702637e+00
-9.572914802264366196e-01,4.044559898504117568e-01,1.662992358207702637e+00
-1.414579479819664032e+00,-2.077172986966108748e-01,1.690529942512512207e+00
-1.175352269947769202e+00,1.997750985858910144e-01,1.709980964660644531e+00
-1.293943853915011655e+00,1.687531324147690803e-01,1.744816303253173828e+00
-1.339359329050379799e+00,2.184865562500028224e-01,1.760412335395812988e+00
-1.248490189474042777e+00,1.476313028515847392e-01,1.770143866539001465e+00
-1.248490189474042777e+00,1.476313028515847392e-01,1.770143866539001465e+00
-1.051354986583600049e+00,7.992032142724689314e-02,1.787394046783447266e+00
-1.441045951480568243e+00,-2.526833624400912637e-01,1.803923726081848145e+00
-1.441045951480568243e+00,-2.526833624400912637e-01,1.803923726081848145e+00
-1.159130922687642506e+00,-6.299034914236674165e-01,1.817096352577209473e+00
-1.123269601462623113e+00,-1.555065996652668647e-01,1.829623699188232422e+00
-1.123269601462623113e+00,-1.555065996652668647e-01,1.829623699188232422e+00
-9.809263481039093291e-01,-8.073039144702955916e-01,1.833108067512512207e+00
-1.359011221011506176e+00,-2.687314326409996901e-01,1.835511207580566406e+00
-1.061723423003972044e+00,2.702268917450639796e-02,1.835896492004394531e+00
-1.193458271920765368e+00,-6.970287304356812541e-01,1.834600567817687988e+00
-1.373455514930046251e+00,-5.710754226192811256e-01,1.831762671470642090e+00
-1.132298918268821231e+00,-1.227927726095034422e-01,1.822115778923034668e+00
-1.122386725538907282e+00,-3.245937775048081675e-01,1.810464024543762207e+00
-1.122386725538907282e+00,-3.245937775048081675e-01,1.810464024543762207e+00
-1.360637177248997354e+00,-6.893030533490973610e-02,1.799315929412841797e+00
-1.437250995936583342e+00,-5.871523394523237016e-01,1.787200927734375000e+00
-9.503356874561079692e-01,-3.972223571792629082e-01,1.774360179901123047e+00
-9.804661094654868458e-01,-3.663177642312620552e-01,1.742471098899841309e+00
-1.450903723937983170e+00,-5.175698405556355963e-01,1.721833229064941406e+00
-1.450903723937983170e+00,-5.175698405556355963e-01,1.721833229064941406e+00
-1.199814309623502995e+00,-3.911983021869089860e-01,1.698737263679504395e+00
-1.182761800712840206e+00,-4.381920644881153182e-01,1.674477577209472656e+00
-1.399866392952989314e+00,-6.988391087183076777e-01,1.649313330650329590e+00
-8.985285437711437728e-01,-5.950536535521546710e-01,1.622073173522949219e+00
-9.417692263728851820e-01,-4.005144725315011311e-01,1.562391638755798340e+00
-9.417692263728851820e-01,-4.005144725315011311e-01,1.562391638755798340e+00
-1.174797092859898306e+00,-5.984755629661394627e-01,1.531617641448974609e+00
-8.706710995551074639e-01,-6.689197270971881659e-01,1.501036643981933594e+00
-1.139515156493545289e+00,-2.092681572903569154e-01,1.471035003662109375e+00
-7.707556202275311907e-01,-6.080210620279784539e-01,1.442098498344421387e+00
-9.125401049789666486e-01,-1.815272381405277358e-01,1.390874385833740234e+00
-9.125401049789666486e-01,-1.815272381405277358e-01,1.390874385833740234e+00
-6.431272360502686691e-01,-1.005289595481591025e-01,1.369583129882812500e+00
-8.220495085930632495e-01,-7.051234374036152719e-03,1.350937247276306152e+00
-6.929009730660369293e-01,-1.830669514957931621e-01,1.335470557212829590e+00
-8.107918431413627669e-01,-3.309628161720553075e-01,1.322622776031494141e+00
-7.619966538508947673e-01,-3.716954936224015071e-02,1.312678575515747070e+00
-1.083527160102634612e+00,-4.296982352908893521e-01,1.305194020271301270e+00
-8.121247401914050146e-01,-2.223860070444918235e-01,1.299521803855895996e+00
-7.801578393835988390e-01,-3.261196460138865438e-01,1.295619487762451172e+00
-6.445986956742715268e-01,-3.057309464857473902e-01,1.291440963745117188e+00
-6.656525279194376310e-01,-3.844000992779371684e-01,1.290652275085449219e+00
-3.617486335371893902e-01,-7.227361447260854943e-02,1.288494706153869629e+00
-4.204218184056920382e-01,-2.596826149071846945e-01,1.285753965377807617e+00
-4.204218184056920382e-01,-2.596826149071846945e-01,1.285753965377807617e+00
-5.280565475781746620e-01,-1.452702624115587149e-01,1.282264232635498047e+00
-7.859506271655165577e-01,-4.025590664535415031e-01,1.277857661247253418e+00
-4.123264001552399693e-01,1.395374428288279067e-01,1.271921753883361816e+00
-5.083587263295078484e-01,-7.067299472291530549e-01,1.265486598014831543e+00
-6.286585446777378516e-01,-3.499013263649757843e-01,1.257909417152404785e+00
-1.151423908138689223e+00,-2.477170730728396331e-01,1.250119209289550781e+00
-6.600624523326302784e-01,-5.161344272621211093e-01,1.242159008979797363e+00
-4.635383570950286081e-01,-2.961231514042788060e-01,1.233877062797546387e+00
-2.526052063022531380e-01,-3.826105802699536484e-01,1.226117730140686035e+00
-3.349340986177546942e-01,-7.704068748034713643e-01,1.221092224121093750e+00
-4.662211652566258802e-01,-4.358248681983236117e-01,1.211726784706115723e+00
-5.938139207966930400e-01,-4.406908718896646038e-01,1.205160021781921387e+00
-5.002309244456450976e-01,-1.971839410785419244e-01,1.199391484260559082e+00
3.184333577103837243e-02,-4.297349664240812106e-01,1.194306135177612305e+00
-5.123392432377538164e-01,-1.179284765201373819e-01,1.189958691596984863e+00
-5.617922896163356494e-01,-7.197686705710301669e-02,1.186133861541748047e+00
-5.326106258379870173e-02,-5.331651891451303360e-01,1.182558894157409668e+00
-4.271035257609163693e-01,-2.446799887775701343e-01,1.179261088371276855e+00
-2.760906346415618051e-01,-2.726722690308662767e-01,1.176589965820312500e+00
-7.476305811896384323e-01,-4.292762723969672511e-01,1.174197793006896973e+00
-4.287546770691665343e-01,-2.422121256539118972e-01,1.172031998634338379e+00
-2.130429788554502046e-01,-2.543025684530897945e-01,1.170507669448852539e+00
1.655554568669179716e-01,-5.245494325856083773e-01,1.169244647026062012e+00
-2.397708266796638732e-01,-3.226655602277624935e-01,1.168262600898742676e+00
-1.079224076720625147e-02,3.883885631401617911e-01,1.167298078536987305e+00
-5.954350576418854235e-03,-2.006637678936570579e-01,1.166269659996032715e+00
-6.938530861749032663e-01,5.007572666203096157e-01,1.165174841880798340e+00
-3.352457822527705744e-01,-1.394217517436700526e-01,1.163873314857482910e+00
-2.543510645788106261e-01,-4.774365684941305754e-01,1.162269234657287598e+00
-6.719491985860344130e-01,1.398885033991997817e-01,1.160398602485656738e+00
-4.810401713509831478e-01,-4.492691083328340662e-01,1.157794833183288574e+00
7.001142182433794936e-02,-1.231059136890482741e-01,1.155005812644958496e+00
-3.727244467556736773e-02,4.644047142302387687e-02,1.151781082153320312e+00
-2.032987391052365478e-01,-1.318133579744774353e-01,1.148111939430236816e+00
-5.334683046150613395e-01,-3.224331825349071590e-01,1.144448876380920410e+00
5.790673863068651617e-02,4.369977235534294735e-02,1.140698552131652832e+00
-3.413717585264882670e-01,-1.732049172239577550e-02,1.137121796607971191e+00
2.324775081214344730e-02,-6.713509738151757222e-02,1.133661270141601562e+00
3.410402733497234218e-01,-6.973577416258311401e-02,1.129716873168945312e+00
-3.802537740130396693e-01,-2.483920091550168574e-01,1.124598145484924316e+00
1.193635822471992014e-01,-7.011875877574857974e-02,1.122297644615173340e+00
1.043291110196129801e-01,1.154949942242267102e-02,1.118684291839599609e+00
1.043291110196129801e-01,1.154949942242267102e-02,1.118684291839599609e+00
-1.373301969388761867e-01,-1.439125302825307595e-01,1.117067694664001465e+00
-1.373301969388761867e-01,-1.439125302825307595e-01,1.117067694664001465e+00
-1.187845797375924883e-01,-2.212209979374017421e-01,1.115924239158630371e+00
-1.233309323105670485e-02,3.703617346762554385e-01,1.114910125732421875e+00
2.146161064423443565e-01,3.904516990132386733e-02,1.113932132720947266e+00
-8.569091746816087651e-02,-1.935328409116268966e-01,1.112994790077209473e+00
2.337763730621804092e-01,-4.383401780785769475e-01,1.112217068672180176e+00
-1.912545284179962835e-01,-3.975245739765871922e-01,1.111555576324462891e+00
1.324903204804519230e-01,-3.474671476699563444e-01,1.111042141914367676e+00
9.624369703617052796e-02,-4.501643606907609341e-01,1.110876083374023438e+00
-4.200707052942539987e-02,8.155730920576745313e-02,1.110744833946228027e+00
5.129687819379268737e-02,-2.359541071938124623e-02,1.110601782798767090e+00
2.779134747887989088e-01,-3.552314564500550498e-01,1.108377099037170410e+00
2.779134747887989088e-01,-3.552314564500550498e-01,1.108377099037170410e+00
3.302492710591716646e-02,-8.849293692780216269e-02,1.108027696609497070e+00
2.107190526057327665e-02,-3.732549394935112952e-01,1.107540011405944824e+00
2.406782388510234072e-04,2.484994164026107510e-01,1.107219576835632324e+00
4.012111437335943442e-01,-1.543956625467631238e-01,1.106411457061767578e+00
1.814440362072755608e-01,-9.525948745662646266e-02,1.105730652809143066e+00
1.973214903489090566e-01,-3.021138314725499985e-01,1.104790687561035156e+00
1.340743527788059442e-01,-2.446642058040421619e-01,1.103546738624572754e+00
1.253789015503742332e-02,1.571586778958953823e-01,1.102058529853820801e+00
1.023767558228787511e-01,-1.156232160144078092e-01,1.100337862968444824e+00
-4.592714726262903113e-02,-1.105947584284688312e-01,1.098551630973815918e+00
2.197125044759656309e-01,4.719293646269662190e-03,1.096754670143127441e+00
6.024807836085070700e-02,-6.706882694255320021e-02,1.095059275627136230e+00
2.149691337920135725e-02,-7.364520791256927434e-02,1.093390583992004395e+00
-1.032293581553200001e-01,-8.435735015255449443e-02,1.091986775398254395e+00
4.883090406747662149e-01,3.207645533817171657e-02,1.090721607208251953e+00
1.970804165049921952e-01,-8.575848796488448611e-02,1.089620590209960938e+00
-1.595466454831315217e-01,3.222454730119258537e-01,1.088989615440368652e+00
1.138272172795332243e-01,-2.953282874819026516e-01,1.088652610778808594e+00
1.844627086211003686e-01,-9.217536192230343928e-02,1.088501930236816406e+00
1.703016487088941655e-02,-2.281113725638978795e-01,1.088517785072326660e+00
5.214988169955281361e-01,1.105280584777745823e-01,1.088833451271057129e+00
4.896701090831985237e-01,-3.605846505885564740e-02,1.088932871818542480e+00
-3.888494382905069435e-02,6.781899999763868481e-02,1.089288115501403809e+00
2.355351416288262723e-01,3.077245359837589844e-01,1.089573740959167480e+00
-2.968599457986911827e-01,-2.256683729964871210e-01,1.089790582656860352e+00
1.775354596633839932e-01,-2.468409273033686235e-01,1.089969277381896973e+00
8.987167740478155253e-02,-4.749632371259950858e-01,1.090184330940246582e+00
3.000454519755982874e-01,-1.557567434165729181e-01,1.090801715850830078e+00
3.272694130884519215e-01,4.339673301354253221e-01,1.090991020202636719e+00
3.272694130884519215e-01,4.339673301354253221e-01,1.090991020202636719e+00
1.506599711266057018e-01,1.908792838811040893e-02,1.091562032699584961e+00
4.074288178868318289e-01,-2.595124054422659476e-01,1.091601967811584473e+00
4.074288178868318289e-01,-2.595124054422659476e-01,1.091601967811584473e+00
1.836198510255061533e-01,-2.614853732944546483e-01,1.091872215270996094e+00
1.836198510255061533e-01,-2.614853732944546483e-01,1.091872215270996094e+00
4.370369679626293080e-01,1.840398083709594568e-01,1.091464996337890625e+00
4.370369679626293080e-01,1.840398083709594568e-01,1.091464996337890625e+00
1.563993463668642003e-01,1.133932110026578677e-01,1.090980172157287598e+00
1.863213860942154465e-01,-6.201780857601212754e-02,1.089527130126953125e+00
1.863213860942154465e-01,-6.201780857601212754e-02,1.089527130126953125e+00
6.397725898168182823e-01,-3.263946829236312186e-01,1.087508320808410645e+00
6.397725898168182823e-01,-3.263946829236312186e-01,1.087508320808410645e+00
5.330706602828280682e-02,3.555249288532809082e-01,1.085066795349121094e+00
2.640427429236081314e-01,-1.492332922866182188e-01,1.084558963775634766e+00
2.640427429236081314e-01,-1.492332922866182188e-01,1.084558963775634766e+00
4.484653371034397207e-01,-2.632617697194571393e-01,1.082990169525146484e+00
2.564548889631194650e-01,2.288628587973748352e-01,1.081491947174072266e+00
-9.089012387243267099e-02,-1.728045501599974887e-01,1.079632163047790527e+00
1.361190443027419372e-01,-1.295431649687558973e-01,1.077140927314758301e+00
4.593805445992667491e-01,-5.050630808970317798e-01,1.074587821960449219e+00
5.042826477778338257e-01,-2.718226659440301507e-01,1.071147561073303223e+00
3.905008930738158024e-01,-2.093002462289692556e-01,1.067417502403259277e+00
3.388122863118172567e-01,-2.020757764553917507e-02,1.062883019447326660e+00
5.159452827895183447e-01,-1.058755314838304984e-01,1.052631974220275879e+00
5.159452827895183447e-01,-1.058755314838304984e-01,1.052631974220275879e+00
3.900485588267412762e-01,1.674982327357196210e-01,1.046679377555847168e+00
4.177509296107145831e-01,-7.888135739457831364e-02,1.040211796760559082e+00
2.429679203494138906e-01,-1.900912991256276108e-02,1.036871552467346191e+00
-4.125165746213499407e-02,-8.515299837351394951e-02,1.026082158088684082e+00
4.921576622155862668e-01,1.408026389761233010e-01,1.018087029457092285e+00
1.197010683679606280e-01,-2.643888117517301239e-01,1.012338280677795410e+00
2.386909325412315541e-01,-1.402890858943972325e-03,1.000601410865783691e+00
2.162997527113930674e-01,5.869285325381953800e-02,9.975516796112060547e-01
4.101471314815113844e-02,3.474122536105386100e-02,9.927644133567810059e-01
3.199546041057329537e-01,-1.215586407195470287e-01,9.911475181579589844e-01
3.787520952861811452e-01,-5.090379630056565685e-02,9.895669817924499512e-01
-1.853213794624470889e-01,2.189591364686301056e-02,9.486105442047119141e-01
-7.048936836677954787e-02,2.437831194740286422e-02,9.363524913787841797e-01
3.711749376531053857e-01,6.467120216441120395e-02,9.239732623100280762e-01
7.781696797433738100e-01,1.577885935018385200e-01,9.109509587287902832e-01
1.851606877400831241e-01,1.892406668525167257e-01,8.969246745109558105e-01
5.087094064564589013e-01,-2.761626239132159433e-01,8.824725747108459473e-01
1.107837749963404145e-01,-3.568272513511039357e-02,8.677587509155273438e-01
2.267905352023447119e-01,1.495612132566704611e-01,8.524001240730285645e-01
4.054832670145691598e-02,-1.080908665465643570e-02,8.364377021789550781e-01
1.585392448705400525e-01,-1.077089992287515730e-01,8.199849128723144531e-01
3.202459336178631877e-01,-4.147960323698490076e-02,7.859064936637878418e-01
3.980884667361115348e-01,-2.659703324314992012e-01,7.677059769630432129e-01
3.980884667361115348e-01,-2.659703324314992012e-01,7.677059769630432129e-01
2.176963755780476628e-01,-2.926959716897768390e-02,7.304536700248718262e-01
2.176963755780476628e-01,-2.926959716897768390e-02,7.304536700248718262e-01
3.583939020748690973e-01,4.462318562424840152e-01,7.107866406440734863e-01
-2.027338540221372276e-01,1.566093207175896784e-01,6.906998753547668457e-01
3.038305922719974905e-03,-2.845067337176687694e-01,6.486232280731201172e-01
4.837460293522433119e-02,-2.379691797493097560e-01,6.340692639350891113e-01
1.980854128925784441e-01,2.555824705884045256e-02,6.044216752052307129e-01
1.980854128925784441e-01,2.555824705884045256e-02,6.044216752052307129e-01
3.345188628297538491e-01,4.705739296226453539e-02,5.817230343818664551e-01
4.436933501276713043e-01,-1.060054162794097643e-01,5.581778883934020996e-01
5.014350793169871645e-01,-6.723705619594744221e-02,5.342122912406921387e-01
-6.366787087049274874e-02,1.600553020671275084e-01,5.096558928489685059e-01
3.918286519072511354e-01,-1.590767436376294142e-01,4.842908084392547607e-01
-3.129187048730164289e-03,1.059292525999099566e-01,4.583280086517333984e-01
4.706270520525217549e-01,2.047247077905850476e-01,4.318124353885650635e-01
2.546362805713127120e-01,-1.852869505933196215e-01,4.044539034366607666e-01
3.715223939858861013e-02,-3.290463066120545843e-01,3.764277398586273193e-01
4.688338986771914962e-01,-2.374933562400569353e-01,3.478667438030242920e-01
3.207589343328267062e-01,3.198754118681227943e-01,3.184551000595092773e-01
4.282869590660717818e-02,-2.569819451867935145e-01,2.885964512825012207e-01
3.019141937714057700e-01,1.224973712269459003e-01,2.580347955226898193e-01
5.577773864206814203e-01,-4.840165474653566058e-01,2.265161722898483276e-01
5.730795031145182739e-01,3.911885084678434765e-02,1.946736574172973633e-01
3.248029546711310167e-01,-8.521839911906622933e-03,1.625345498323440552e-01
-1.390984849834496218e-01,2.972538645063443896e-02,1.295072585344314575e-01
