9.876786456725211716e-01,-5.247123637078828784e-01,9.112319721238213432e-01
9.799528357052526006e-01,-5.092886349303655802e-01,9.457200103073936104e-01
9.694752234010484138e-01,-4.996204003742973909e-01,9.805926878920352419e-01
9.549581806892690761e-01,-4.770038774944723170e-01,1.050132190186953585e+00
9.549581806892690761e-01,-4.770038774944723170e-01,1.050132190186953585e+00
9.936455992913594271e-01,-4.820296815199516804e-01,1.078033761701493676e+00
1.003143533891521333e+00,-4.434200199175478141e-01,1.117538438290857084e+00
1.003143533891521333e+00,-4.434200199175478141e-01,1.117538438290857084e+00
1.022112960786152325e+00,-4.395934854160108429e-01,1.154180750981298464e+00
1.023183920448926365e+00,-3.890875041444216142e-01,1.189129528570016525e+00
1.029151916990465931e+00,-3.689246067961395315e-01,1.223383291778556536e+00
1.034414936544588715e+00,-3.676470760109045721e-01,1.256946367345318061e+00
1.037159579960686528e+00,-3.463188578060623080e-01,1.290218784627612303e+00
1.027852064162338985e+00,-2.837588248631187637e-01,1.322556991661573589e+00
1.023172887591334401e+00,-2.525277643798869431e-01,1.354515898271286600e+00
1.065123184624423347e+00,-2.391897425534774413e-01,1.386003164008657418e+00
1.049343634433635986e+00,-2.157169182702156074e-01,1.417034110203572395e+00
1.110046506931666288e+00,-1.504877207847299669e-01,1.477782737971390814e+00
1.137865256250949253e+00,-1.221592666732445043e-01,1.510138921033647330e+00
1.137865256250949253e+00,-1.221592666732445043e-01,1.510138921033647330e+00
1.106173547593300110e+00,-7.162560245903264178e-02,1.537313743773974561e+00
1.103101625670285246e+00,-6.295242936656400556e-02,1.564705730180051324e+00
1.119871207459660623e+00,-7.286726812875725379e-03,1.593949645055867004e+00
1.086161896179931308e+00,2.695900625655198168e-02,1.620331037666709051e+00
1.085660749375891410e+00,3.632451479682324846e-02,1.649979689222739188e+00
1.115564469586555862e+00,3.718913520375188853e-02,1.667484577891108932e+00
1.113596543909692649e+00,6.443521881553486430e-02,1.687296940848784343e+00
1.089592904849534527e+00,7.704660951027247906e-02,1.708644660373866975e+00
1.108130454480684701e+00,7.940012941340159058e-02,1.727260678004171490e+00
1.112715981843451551e+00,8.986297597093693967e-02,1.742538446923172613e+00
1.104376070558134026e+00,9.910090276120697705e-02,1.757622329923321791e+00
1.117200799862243965e+00,1.403953862921654694e-01,1.771084314850811081e+00
1.129375145288150195e+00,1.279378077945346193e-01,1.784114134438347765e+00
1.136068409823650427e+00,1.273619227348377347e-01,1.796385861525657379e+00
1.116696176977422850e+00,1.665951728797070153e-01,1.801163581096923982e+00
1.079858320158276985e+00,1.860985143439584100e-01,1.808363567989829557e+00
1.089789788589503372e+00,2.047139247395638739e-01,1.813070982799843467e+00
1.078567061853387798e+00,2.519504775430018717e-01,1.816839105386545583e+00
1.087263041566665089e+00,2.517349567944865418e-01,1.818325342135398426e+00
1.092339186265812501e+00,2.374003900312497695e-01,1.817780520150362955e+00
1.039876787429379501e+00,2.963856810398871611e-01,1.812419074076002223e+00
1.039876787429379501e+00,2.963856810398871611e-01,1.812419074076002223e+00
1.048714349045632765e+00,3.351964752112724377e-01,1.808331570418465040e+00
1.076684011981800415e+00,3.568643774990756801e-01,1.801310337728449840e+00
1.073961431622026286e+00,3.769345746595419988e-01,1.791154312072114951e+00
1.069185382888612645e+00,4.136146441510843430e-01,1.783583567324733554e+00
1.035229175713848981e+00,3.980508003875009027e-01,1.773259892641391167e+00
1.021108000475273947e+00,4.091698898027932296e-01,1.756685164044057057e+00
1.014722658768512309e+00,4.255404124439669533e-01,1.740287236864312748e+00
1.028266166191709852e+00,4.485486933988538927e-01,1.723514305014686832e+00
1.033410340088900092e+00,4.923889352728583746e-01,1.711277466292276284e+00
1.010559381963174630e+00,5.116347686663811345e-01,1.689036138700032330e+00
1.016732412580274358e+00,5.543784954933086428e-01,1.667651262125357192e+00
1.020230340081347276e+00,5.728849466619412301e-01,1.645827435818183693e+00
1.024637104457230885e+00,6.331887325737377559e-01,1.627915334844736606e+00
1.027306437656664961e+00,6.523585823767511505e-01,1.608560808361426675e+00
9.720723954669582278e-01,6.733515440204500546e-01,1.577369599256182253e+00
9.456369422013997106e-01,6.883638899383666132e-01,1.528887569133456470e+00
9.456369422013997106e-01,6.883638899383666132e-01,1.528887569133456470e+00
9.392867410127203609e-01,6.982287702993453804e-01,1.494493115372462988e+00
9.354932276432069704e-01,7.287282300259525503e-01,1.471154077387660131e+00
9.293408256646011889e-01,7.608934661728464777e-01,1.439388342782345731e+00
9.387820885943521931e-01,7.920299254274654199e-01,1.400177133554473041e+00
9.618393678933992996e-01,8.089226056766161133e-01,1.364098370867826260e+00
9.102184470571899055e-01,8.530456181349626021e-01,1.308000328354670394e+00
9.102184470571899055e-01,8.530456181349626021e-01,1.308000328354670394e+00
9.053432838782828895e-01,8.344921567043777078e-01,1.262683266913150471e+00
8.549583550405845944e-01,8.363357448753969692e-01,1.207718891523719362e+00
8.075551528795293921e-01,8.498665315415435684e-01,1.167744969661763665e+00
7.998755972090496602e-01,8.724984002455707932e-01,1.129914675400206736e+00
7.695655856455783095e-01,9.175275450429765112e-01,1.092857748777283033e+00
7.695655856455783095e-01,9.175275450429765112e-01,1.092857748777283033e+00
7.473048463101907846e-01,9.021330232388221626e-01,1.052316130541968375e+00
7.015733070480818512e-01,9.403538830381475977e-01,1.014386537952967515e+00
6.594651910158867425e-01,9.588512304898372252e-01,9.777021922675188659e-01
6.885538524946959171e-01,9.855820721881333180e-01,9.414863514851036230e-01
6.121655657035431908e-01,1.040252453742242844e+00,8.708502949523320158e-01
5.376772785908988661e-01,9.991028826033179211e-01,7.714406967388977021e-01
5.318079319383458570e-01,9.712908802665547459e-01,7.314096295341229181e-01
5.213886267581071543e-01,9.957916337435599452e-01,6.965234102857977838e-01
4.849458119652042543e-01,9.932222241750350289e-01,6.643064913163342355e-01
4.948381819519654390e-01,9.931854932675384662e-01,6.337702333612377226e-01
4.667390174010913606e-01,9.904969474627230985e-01,6.042084391051087966e-01
4.494321431093193930e-01,9.994654480045630507e-01,5.844941385526233324e-01
4.138643256106652180e-01,9.907071195036866174e-01,5.689025795315857392e-01
3.920934331359159364e-01,9.673888450205154754e-01,5.323883786901441040e-01
3.231735773287980895e-01,9.771159143691979798e-01,5.119927234112729986e-01
3.008593246814606492e-01,9.751221232241538139e-01,4.903480386983462003e-01
2.868318898722241883e-01,1.005101344072125258e+00,4.676207239419343797e-01
2.530814398843823088e-01,1.025699984731235137e+00,4.472832410758345589e-01
2.213932686175732190e-01,1.004169645121358201e+00,4.255486680914288278e-01
2.360102894487403624e-01,1.011903361294302250e+00,4.084758729525688747e-01
2.115230167949958551e-01,1.021435427425992915e+00,3.937063419161437317e-01
2.013671701016686577e-01,1.019589866599024619e+00,3.813247113203053207e-01
1.118245641778846389e-01,1.033014367064904571e+00,3.744860254426870538e-01
7.287605458608500952e-02,1.071931626439260654e+00,3.639548016471690350e-01
6.579980940838194015e-02,1.065304889586554893e+00,3.561771705709096958e-01
-2.176149427516830756e-02,1.045783501518561476e+00,3.470788237198104698e-01
-2.176149427516830756e-02,1.045783501518561476e+00,3.470788237198104698e-01
-4.737115966065671979e-02,1.042369366024923805e+00,3.449916161164443551e-01
-4.737115966065671979e-02,1.042369366024923805e+00,3.449916161164443551e-01
-6.796645448915340781e-02,1.022292694050962014e+00,3.428331664967060877e-01
-1.161892814994058276e-01,1.017199047969801429e+00,3.427182454040012538e-01
-1.716508936976218203e-01,1.004528721183322482e+00,3.458227584108662378e-01
-2.327266333090141637e-01,1.000775178753661621e+00,3.489851789400515991e-01
-2.703376478524079363e-01,9.720830913319191691e-01,3.551801069897814744e-01
-2.814485813926008162e-01,1.003267043961186378e+00,3.621428511323989685e-01
-2.891149336045392704e-01,9.926044008939169938e-01,3.704186090489245964e-01
-2.891149336045392704e-01,9.926044008939169938e-01,3.704186090489245964e-01
-3.373938730165934596e-01,9.023766762974423372e-01,3.910337452215555953e-01
-3.373938730165934596e-01,9.023766762974423372e-01,3.910337452215555953e-01
-3.727153161517047231e-01,8.966372777555181584e-01,4.035249436834114634e-01
-3.871851950399111675e-01,9.036390536015183050e-01,4.174297561228759723e-01
-4.272970714539279791e-01,8.465612885248385844e-01,4.497208002694424445e-01
-4.535449935740784033e-01,8.425081885011321825e-01,4.636584564582845736e-01
-4.827593571235017089e-01,8.073986784199203015e-01,4.859677519641361076e-01
-4.827593571235017089e-01,8.073986784199203015e-01,4.859677519641361076e-01
-4.979954440311684105e-01,7.717143168660124397e-01,5.305232004892390663e-01
-5.238539196268474640e-01,7.456193795244672184e-01,5.540705387815528793e-01
-6.101233967720069984e-01,7.559802644382532799e-01,5.782038636452847546e-01
-6.187870868023963578e-01,7.429661086172748563e-01,5.978240849789373534e-01
-6.504466388723588732e-01,7.384801920464764136e-01,6.270189302916521212e-01
-6.504466388723588732e-01,7.384801920464764136e-01,6.270189302916521212e-01
-7.288832010776056247e-01,7.269738784285434408e-01,6.836308844193119683e-01
-7.358291962632839134e-01,6.975718808886200994e-01,7.126381216416721731e-01
-7.358291962632839134e-01,6.975718808886200994e-01,7.126381216416721731e-01
-7.756448684737530241e-01,6.977432180531779604e-01,7.670394014976424923e-01
-8.175143710900194538e-01,6.527797251504847686e-01,8.025582793557465289e-01
-8.723610480863244199e-01,6.138714121498046739e-01,8.367500120451600853e-01
-8.671313213274278731e-01,6.163220772960407157e-01,8.709760180067029900e-01
-9.045319782177504431e-01,6.075101133231229911e-01,8.983479390116787533e-01
-9.936459484155671928e-01,5.755514619764535711e-01,9.537850606725625235e-01
-9.936459484155671928e-01,5.755514619764535711e-01,9.537850606725625235e-01
-9.596876891022557698e-01,5.609290232022476896e-01,1.003190042125440939e+00
-9.850334675654695005e-01,5.486322090045759881e-01,1.044196123261048159e+00
-9.850334675654695005e-01,5.486322090045759881e-01,1.044196123261048159e+00
-9.858704821459400858e-01,5.682589512466924564e-01,1.082166352222326600e+00
-1.036732341159133153e+00,5.656429203246766679e-01,1.155564663479237364e+00
-9.922057986999038848e-01,5.557541559452743307e-01,1.180068366494849252e+00
-9.928942388309138778e-01,4.696456057061852429e-01,1.222291969531164701e+00
-1.011853196232992413e+00,3.963127140418722383e-01,1.259918364439378990e+00
-1.023492960699302401e+00,3.589121979098344184e-01,1.288354709693411371e+00
-1.018810034814872534e+00,3.706737813701429518e-01,1.316589418313511173e+00
-1.044564796356498126e+00,3.363989544428834244e-01,1.347972356661330640e+00
-1.065659666360998958e+00,3.248548037975459435e-01,1.383399731107067154e+00
-1.055150694589266802e+00,3.229145933612945774e-01,1.422656748631806467e+00
-1.061083868260234375e+00,3.035861968080362239e-01,1.456745631999859070e+00
-1.068747394004350149e+00,2.979169337312553290e-01,1.487948295710652902e+00
-1.068747394004350149e+00,2.979169337312553290e-01,1.487948295710652902e+00
-1.102259103868399093e+00,2.841099186931830833e-01,1.517486971375654470e+00
-1.110023247897807153e+00,2.658175194787588680e-01,1.545675310115456558e+00
-1.112321273862495019e+00,2.710762227920479606e-01,1.572634073565116308e+00
-1.141051013168057571e+00,2.022243084528596857e-01,1.618186809417443861e+00
-1.141051013168057571e+00,2.022243084528596857e-01,1.618186809417443861e+00
-1.137850918753138485e+00,1.373294208606390399e-01,1.668891498646300375e+00
-1.137850918753138485e+00,1.373294208606390399e-01,1.668891498646300375e+00
-1.150361299277882665e+00,7.847164715680260416e-02,1.691011856344694975e+00
-1.143266323868943779e+00,2.484830997199087912e-02,1.711761922535126157e+00
-1.134582812845894351e+00,-2.624838462870062936e-02,1.738681479848812161e+00
-1.156862163121090692e+00,-1.225866455887644757e-02,1.763084648207305039e+00
-1.159473756497449770e+00,-1.943284201925038132e-02,1.781439062349710056e+00
-1.159473756497449770e+00,-1.943284201925038132e-02,1.781439062349710056e+00
-1.161279655248373954e+00,-1.053066796341356193e-01,1.796559173595247083e+00
-1.134538819554905320e+00,-1.682551390644448641e-01,1.820799209933860574e+00
-1.148134520509771939e+00,-1.882615005362885119e-01,1.830133527540817928e+00
-1.102584327286212362e+00,-2.007342841852433057e-01,1.836240738226239344e+00
-1.128738534959647044e+00,-2.309309911608411203e-01,1.842844411697315721e+00
-1.128738534959647044e+00,-2.309309911608411203e-01,1.842844411697315721e+00
-1.140631025504038165e+00,-2.321999116722233969e-01,1.847258336937335654e+00
-1.157931174855916012e+00,-2.247479632867906973e-01,1.849290399294008180e+00
-1.157931174855916012e+00,-2.247479632867906973e-01,1.849290399294008180e+00
-1.190302199360254720e+00,-2.379639052651178754e-01,1.847932561201565793e+00
-1.208065206552169535e+00,-2.692419215930095255e-01,1.844051732994806070e+00
-1.194436236419507358e+00,-3.126481978176936516e-01,1.831520724609318584e+00
-1.194436236419507358e+00,-3.126481978176936516e-01,1.831520724609318584e+00
-1.190593982957293795e+00,-3.625127329954169197e-01,1.812278757245018967e+00
-1.220450125258697005e+00,-4.209673538940484905e-01,1.803023798105524600e+00
-1.221282885884749314e+00,-4.763060773459530384e-01,1.787883276742405103e+00
-1.229259022712778648e+00,-4.798372256562214999e-01,1.771974000882087452e+00
-1.229259022712778648e+00,-4.798372256562214999e-01,1.771974000882087452e+00
-1.230118763389434378e+00,-4.924404107623935878e-01,1.755013856130606120e+00
-1.187384996592337094e+00,-5.858807438993298700e-01,1.720371604880509997e+00
-1.115952433000663602e+00,-6.211498338749242842e-01,1.675399116302270119e+00
-1.115952433000663602e+00,-6.211498338749242842e-01,1.675399116302270119e+00
-1.095869518699861267e+00,-6.303203163110085994e-01,1.649514561683717462e+00
-1.071510539718271371e+00,-6.706996400631575206e-01,1.631566151111780716e+00
-1.071510539718271371e+00,-6.706996400631575206e-01,1.631566151111780716e+00
-1.043835237971074026e+00,-6.849492698449023420e-01,1.577325609502422399e+00
-1.043835237971074026e+00,-6.849492698449023420e-01,1.577325609502422399e+00
-9.847590299715710538e-01,-7.082715787665188056e-01,1.523635355358559762e+00
-9.874135450245093981e-01,-7.105832830491242147e-01,1.487832890789474005e+00
-9.541530428109432638e-01,-7.199870760816886595e-01,1.455146129402529853e+00
-9.541530428109432638e-01,-7.199870760816886595e-01,1.455146129402529853e+00
-9.379680111593684533e-01,-7.550388148393598620e-01,1.389940270907915831e+00
-9.332386550010778326e-01,-7.168823515687011705e-01,1.366588691291739766e+00
-9.489920463229828407e-01,-7.326590245359989595e-01,1.325923418060702463e+00
-9.489920463229828407e-01,-7.326590245359989595e-01,1.325923418060702463e+00
-9.847734466143159837e-01,-8.015604356328692726e-01,1.288409025017388299e+00
-9.701471028507850924e-01,-8.552864515028745229e-01,1.215142670423273508e+00
-9.460080446309840907e-01,-8.584591151664447972e-01,1.178504373024588103e+00
-9.273667019476299345e-01,-8.071773231190544351e-01,1.141864090399438814e+00
-9.273667019476299345e-01,-8.071773231190544351e-01,1.141864090399438814e+00
-8.520127099860586029e-01,-8.276175922168836907e-01,1.075698624757323252e+00
-8.520127099860586029e-01,-8.276175922168836907e-01,1.075698624757323252e+00
-7.909515884430874388e-01,-8.235570143988526493e-01,1.034522490484292234e+00
-7.868042671542290201e-01,-8.602458639657194484e-01,9.593349972970669493e-01
-7.703789449467405293e-01,-8.815554495699020610e-01,9.226116216911659507e-01
-7.703789449467405293e-01,-8.815554495699020610e-01,9.226116216911659507e-01
-7.172987041973174493e-01,-9.042345006522674034e-01,8.860762996703457350e-01
-6.279612630427681141e-01,-9.428464116614284629e-01,8.143330648722175713e-01
-6.279612630427681141e-01,-9.428464116614284629e-01,8.143330648722175713e-01
-5.998532643935260422e-01,-9.289530072456254617e-01,7.796759385942839682e-01
-5.815340973548710490e-01,-8.984862828423895165e-01,7.456128228029096361e-01
-5.528024061619095653e-01,-9.124442740684645115e-01,7.123654873411802146e-01
-5.211268229156857945e-01,-1.007360124042822269e+00,6.490910441583411794e-01
-5.134876269961331507e-01,-1.011075869195954269e+00,6.185237426215101086e-01
-5.134876269961331507e-01,-1.011075869195954269e+00,6.185237426215101086e-01
-4.713120487288646188e-01,-9.800794658056842801e-01,5.616815675329396296e-01
-4.713120487288646188e-01,-9.800794658056842801e-01,5.616815675329396296e-01
-4.339155233065187800e-01,-1.001483203834620417e+00,5.350134908566198666e-01
-4.228534347825986250e-01,-1.015749702993018699e+00,4.870435086601266894e-01
-4.032001879671467948e-01,-1.036328314344552082e+00,4.449915689435252619e-01
-3.616036692375642070e-01,-1.029133011034133460e+00,4.268269602353195191e-01
-3.616036692375642070e-01,-1.029133011034133460e+00,4.268269602353195191e-01
-3.508938048943064381e-01,-9.898459201266283092e-01,4.104775629021054639e-01
-3.243253480676948630e-01,-9.943320312910178815e-01,3.999662892835632033e-01
-3.183310179749250790e-01,-1.003990543537728763e+00,3.842859959940840842e-01
-3.183310179749250790e-01,-1.003990543537728763e+00,3.842859959940840842e-01
-2.687678276260881405e-01,-1.002712967085569895e+00,3.624754654921492625e-01
-2.687678276260881405e-01,-1.002712967085569895e+00,3.624754654921492625e-01
-2.046697867136237359e-01,-1.031675984194173612e+00,3.475778225105421448e-01
-1.673821477032684801e-01,-9.809659724741804920e-01,3.422631255428635888e-01
-1.673821477032684801e-01,-9.809659724741804920e-01,3.422631255428635888e-01
-1.118464555627302903e-01,-9.756744386929345758e-01,3.379185525327057515e-01
-4.952887194812810590e-02,-9.811471970196924408e-01,3.338086846388821916e-01
-4.952887194812810590e-02,-9.811471970196924408e-01,3.338086846388821916e-01
-1.065481880421196258e-02,-1.000655234791293813e+00,3.336593163411236684e-01
5.005028226426035121e-02,-1.024562457806956317e+00,3.353210507304097421e-01
7.752841695518125631e-02,-1.032005973245105235e+00,3.379719121368942036e-01
1.113704034484919864e-01,-1.024207154810036879e+00,3.421978133097178243e-01
1.472442881563440498e-01,-9.948676857817263519e-01,3.475876148262666554e-01
1.813902008971302326e-01,-9.740335478140926817e-01,3.545841735342096235e-01
1.957080803412465375e-01,-9.723092428334495496e-01,3.631798292080027357e-01
2.140194065358925479e-01,-9.703495105353413530e-01,3.725549609970477127e-01
3.015150174388487869e-01,-9.440778464975299045e-01,3.836508998459309816e-01
3.309300506535462483e-01,-9.085057302156789305e-01,3.964251471422743367e-01
3.695510435578617248e-01,-9.140997894632129084e-01,4.107777849434255391e-01
4.054420348388749762e-01,-8.554311190695960132e-01,4.269748259184580896e-01
4.411830356506734607e-01,-8.444600181706124475e-01,4.452506505851713814e-01
4.829432445829623388e-01,-7.711055572630055588e-01,4.815117907956985577e-01
4.829432445829623388e-01,-7.711055572630055588e-01,4.815117907956985577e-01
5.217365903263742055e-01,-7.162055152653588053e-01,5.273296805121810982e-01
5.684502453708113467e-01,-7.229245683917866483e-01,5.566503735906246364e-01
5.959701519791070767e-01,-7.753040541352019810e-01,5.972997009819539516e-01
6.368504275837572060e-01,-7.342866291923449973e-01,6.373119117929635369e-01
6.673218806565848205e-01,-7.308484630393405901e-01,6.717578031727013954e-01
7.405826777513785375e-01,-7.124261731810304088e-01,7.043965714243497489e-01
7.328344855392323609e-01,-7.034747446340889887e-01,7.658909403894883505e-01
7.907907013499493321e-01,-6.920469559030721918e-01,7.944214955391104560e-01
8.479014526058683554e-01,-6.259063772877515586e-01,8.682474589491518957e-01
9.358466977180505131e-01,-5.690750027029550795e-01,9.370010724824154869e-01
9.456234875183149313e-01,-5.258743897424874580e-01,9.708507194329804024e-01
9.571462867185311918e-01,-5.107284640229585726e-01,9.976683895274077729e-01
9.702383373852874193e-01,-5.033803304881399043e-01,1.035402088057014058e+00
9.586124135814643177e-01,-4.532522181328192956e-01,1.070784507433878430e+00
9.896474402127231063e-01,-4.466518227322860968e-01,1.104854006538971145e+00
9.768933487803894700e-01,-4.427561486185512263e-01,1.138868601046368223e+00
1.032040305855363771e+00,-4.029749015473380602e-01,1.172888656603739976e+00
1.056627762414120486e+00,-3.643134778597011403e-01,1.207239824072461332e+00
1.016837066809309853e+00,-3.143455283055310301e-01,1.241486466028320468e+00
1.001136722460280959e+00,-3.086688146534099508e-01,1.257989334625085887e+00
9.913736862324061816e-01,-2.597096885106033315e-01,1.302844727989673768e+00
1.002293098780190350e+00,-2.772377779658599106e-01,1.340403389441731763e+00
1.017485171197290095e+00,-2.542301973652018598e-01,1.375114161894339215e+00
1.042760993053556851e+00,-2.496998051710425104e-01,1.408320255869543347e+00
1.042760993053556851e+00,-2.496998051710425104e-01,1.408320255869543347e+00
1.107871027533931185e+00,-1.574870412670163755e-01,1.462113983990897204e+00
1.136159920360644726e+00,-1.395172726060128487e-01,1.498230253405343326e+00
1.157101209275949172e+00,-1.048628143129342605e-01,1.529332593788782502e+00
1.151264091925412458e+00,-7.432030998336544569e-02,1.557753769861260462e+00
1.139290507482922488e+00,-7.691856312503218829e-02,1.584350549463430458e+00
1.139326790353830665e+00,-4.001148456606836573e-02,1.609502998618476344e+00
1.182610289156011740e+00,-3.364059883373377025e-02,1.633385679851253158e+00
1.200732292453948302e+00,-1.866394388808792840e-02,1.655776341824019449e+00
1.191783404732161822e+00,-3.738194627276415077e-02,1.677049079040480617e+00
1.175594494925316980e+00,-4.564821456345376921e-02,1.696986040195698653e+00
1.162031581209724163e+00,-1.877830898600318585e-02,1.715904993922209743e+00
1.206117451134153029e+00,-2.545072769456098449e-02,1.733745776198314381e+00
1.190630516312699116e+00,2.255200324039640172e-02,1.750367394293292911e+00
1.190630516312699116e+00,2.255200324039640172e-02,1.750367394293292911e+00
1.211827399591085541e+00,9.195184147020639409e-02,1.780081636893818375e+00
1.197687702412576938e+00,1.069605461958404724e-01,1.792990469446168023e+00
1.197687702412576938e+00,1.069605461958404724e-01,1.792990469446168023e+00
1.148669086695094821e+00,1.545792394962122174e-01,1.812720504432231428e+00
1.148669086695094821e+00,1.545792394962122174e-01,1.812720504432231428e+00
1.163450088493428458e+00,1.871336464483705497e-01,1.822542162908511454e+00
1.157496256122362066e+00,2.092997766577066876e-01,1.827660433428533127e+00
1.165364869258439962e+00,2.033262881984330694e-01,1.832129051321014890e+00
1.138150799423194082e+00,2.128697960617371987e-01,1.832515392839486390e+00
1.138150799423194082e+00,2.128697960617371987e-01,1.832515392839486390e+00
1.120576135994918898e+00,2.560882152297837555e-01,1.833787408464561119e+00
1.093531748268072645e+00,2.892831074730923824e-01,1.829466159164872652e+00
1.096867796140758466e+00,2.945311632439301941e-01,1.823094638925014221e+00
1.096867796140758466e+00,2.945311632439301941e-01,1.823094638925014221e+00
1.079110185575882230e+00,3.379551774333160452e-01,1.804725534871061576e+00
1.079110185575882230e+00,3.379551774333160452e-01,1.804725534871061576e+00
1.090130005141013436e+00,3.976396055887195802e-01,1.792843038334912986e+00
1.097532548740560943e+00,4.130021678328353318e-01,1.764571221298236514e+00
1.097532548740560943e+00,4.130021678328353318e-01,1.764571221298236514e+00
1.090677743929314936e+00,4.350553007845786024e-01,1.748547861166781514e+00
1.069548028091309444e+00,4.572002053107150910e-01,1.731127454802228405e+00
1.068030508575430249e+00,4.923990368858749411e-01,1.712859319116279755e+00
1.071574667016885307e+00,5.219849238023080984e-01,1.693283314576493170e+00
1.077165561506008506e+00,5.282643831812354751e-01,1.672428432253067365e+00
1.017353187039109486e+00,5.708044974560626539e-01,1.650429766067085691e+00
1.032975380351391470e+00,5.928939905420729239e-01,1.627218257437949900e+00
1.010478268198062191e+00,5.861106403575915280e-01,1.602784641507329022e+00
9.714631616848079521e-01,6.310957586481842352e-01,1.577756519352879305e+00
9.103442790097734383e-01,6.189781904135658319e-01,1.529526812856554452e+00
9.103442790097734383e-01,6.189781904135658319e-01,1.529526812856554452e+00
8.552928879539958285e-01,6.480609240410013516e-01,1.466329119083268795e+00
8.552928879539958285e-01,6.480609240410013516e-01,1.466329119083268795e+00
8.299949301129583290e-01,7.014104175622570825e-01,1.403248572822677787e+00
8.299949301129583290e-01,7.014104175622570825e-01,1.403248572822677787e+00
8.149704137613564825e-01,7.324033305817001516e-01,1.369985518753915832e+00
8.111903696341113967e-01,7.245110381473212069e-01,1.335256449316876148e+00
7.686167848656206836e-01,7.622710332529010202e-01,1.299603869110486087e+00
7.256083343596571034e-01,8.189441044960066307e-01,1.234127261045571133e+00
7.411610793031229161e-01,8.328739886966373129e-01,1.191907851101229543e+00
7.115820019520887607e-01,8.285073745029359893e-01,1.152328873726705227e+00
7.115820019520887607e-01,8.285073745029359893e-01,1.152328873726705227e+00
6.204990631309649229e-01,8.434436835049002879e-01,1.074632367631409569e+00
6.204990631309649229e-01,8.434436835049002879e-01,1.074632367631409569e+00
6.180781473683065741e-01,8.717307970685891361e-01,9.983018305355630950e-01
6.159296899120570989e-01,8.861343391803413461e-01,9.607935608067537103e-01
6.159296899120570989e-01,8.861343391803413461e-01,9.607935608067537103e-01
6.194037890072029429e-01,9.122999362574043536e-01,9.234543574668975241e-01
5.707260617624312360e-01,9.119860486741387939e-01,8.867421588130668386e-01
5.432429149646986755e-01,8.853123777202190903e-01,8.503641417087615118e-01
4.961005972131867781e-01,8.763625677977833206e-01,8.142417814150662014e-01
4.863183421238142512e-01,8.879757446574475521e-01,7.791687143960720485e-01
4.337221683028808505e-01,8.920408938990759262e-01,7.450700887813483941e-01
4.357567831478781906e-01,8.701241836280213526e-01,7.120994908785420741e-01
4.089591057803829144e-01,8.932689159449237470e-01,6.803656172931179524e-01
3.649685824835011694e-01,8.982347481918480092e-01,6.498918171832428481e-01
3.639669316552988088e-01,8.975467936556185133e-01,6.210125835684424667e-01
3.631167933822706528e-01,9.204301691139606945e-01,5.932504260402743368e-01
3.660737525153905381e-01,9.282456196405496351e-01,5.671896296637771728e-01
3.243992851381486409e-01,9.218993171584741741e-01,5.426870984813969567e-01
3.098009894199915126e-01,9.260986356339512282e-01,5.199066397513905091e-01
3.575890580068544211e-01,9.286716988599348355e-01,4.983593869137223908e-01
3.332035973072449142e-01,8.920250489841587971e-01,4.788355371567711294e-01
2.674121843873091264e-01,8.705946863713900363e-01,4.442932612026589401e-01
2.674121843873091264e-01,8.705946863713900363e-01,4.442932612026589401e-01
2.092870200905208311e-01,9.414223136726501684e-01,4.195083637033387713e-01
1.803327252207782005e-01,9.187101458267260545e-01,4.037577464124408322e-01
1.123579024157411177e-01,9.237920812477465882e-01,3.908248250440847782e-01
1.123579024157411177e-01,9.237920812477465882e-01,3.908248250440847782e-01
9.335650968000452909e-02,9.352899148019822029e-01,3.793723263406922896e-01
8.759845749620512323e-02,9.406408890040510729e-01,3.694095718245479776e-01
7.237083583278797194e-02,1.013211793470799815e+00,3.609330974944330306e-01
4.637519908650028500e-02,1.002723235201701257e+00,3.538319287235302535e-01
-3.730655194228324478e-02,1.004525568460805207e+00,3.480329687587673804e-01
-3.646055544754925326e-02,1.023208920239838671e+00,3.445339919790536554e-01
-5.759152335716986176e-02,1.004981048899581175e+00,3.423072188489441614e-01
-8.534789162133782359e-02,9.823231820693778538e-01,3.415425466639082641e-01
-1.494990662946327209e-01,9.567275441918670076e-01,3.429824452834222548e-01
-1.771587843234159743e-01,9.452170850100273247e-01,3.459264621975988718e-01
-2.319511619846396366e-01,9.810659314757841365e-01,3.504805217974829579e-01
-2.684496452043144687e-01,9.720710677796083887e-01,3.567165003332429807e-01
-2.837740616077658040e-01,9.431187424830144161e-01,3.717831424818408004e-01
-2.837740616077658040e-01,9.431187424830144161e-01,3.717831424818408004e-01
-3.258621560454387223e-01,9.776665596541906922e-01,3.830190791919139137e-01
-3.403646536500309350e-01,9.648088570604135272e-01,3.946573431067980087e-01
-3.413586428508116333e-01,9.511320927521187407e-01,4.075159942470699681e-01
-3.630619877761456227e-01,9.184154385880224369e-01,4.214188353015946298e-01
-4.633862540797907825e-01,9.324906901109329960e-01,4.531696659745397260e-01
-4.633862540797907825e-01,9.324906901109329960e-01,4.531696659745397260e-01
-4.783246268953506575e-01,9.169163307093868287e-01,4.904747942358147483e-01
-4.783246268953506575e-01,9.169163307093868287e-01,4.904747942358147483e-01
-5.091089092909585334e-01,9.041087947432485672e-01,5.108932140835222846e-01
-5.538059654231152207e-01,7.756077522538117330e-01,5.572359317755815056e-01
-5.538059654231152207e-01,7.756077522538117330e-01,5.572359317755815056e-01
-6.070176433049284670e-01,7.797650552179461458e-01,5.821446807724743877e-01
-6.071116851663684866e-01,7.790934529225121974e-01,6.091834180285924383e-01
-6.391810786365308417e-01,7.908264016900765636e-01,6.368679113732043096e-01
-6.933391547781797559e-01,8.074558572962354797e-01,6.657839270938953335e-01
-7.152911927364394851e-01,8.118931534757385382e-01,6.957732732395069952e-01
-7.746936551091523349e-01,7.957225738327049491e-01,7.264607000540516113e-01
-8.286275411417404202e-01,7.663904047162860556e-01,7.577031492829834347e-01
-8.489201002833955956e-01,7.255200084719767295e-01,7.892449485646096941e-01
-8.683564636590996866e-01,7.028505840841380303e-01,8.214356368405816289e-01
-9.141088655025829679e-01,6.811026831983136853e-01,8.537480113747355492e-01
-9.202757817461320045e-01,6.375598648526126233e-01,8.868824926111672502e-01
-9.340988871245101688e-01,6.251867462278684062e-01,9.206644500760274852e-01
-9.674757653605383645e-01,5.737960447749106407e-01,9.894421847992967978e-01
-1.019166429972613752e+00,5.575987602344119054e-01,1.024504445746518666e+00
-1.019166429972613752e+00,5.575987602344119054e-01,1.024504445746518666e+00
-1.026964876192305143e+00,5.562425620769924084e-01,1.059828938461579106e+00
-1.012236627177762749e+00,5.118757559902984422e-01,1.095137788235067466e+00
-1.001790434325090517e+00,4.597302035787279584e-01,1.130631805455801553e+00
-1.056871768713560478e+00,4.415435524023070268e-01,1.200986361913691347e+00
-1.056871768713560478e+00,4.415435524023070268e-01,1.200986361913691347e+00
-1.070127511456467007e+00,4.575004396557126873e-01,1.235858053351189145e+00
-1.085738475085559429e+00,3.951804568480888902e-01,1.270780814899539424e+00
-1.091422386818855061e+00,3.493464736455195174e-01,1.338423412413659586e+00
-1.080258323722568470e+00,3.210495234291327882e-01,1.371566520193524319e+00
-1.080258323722568470e+00,3.210495234291327882e-01,1.371566520193524319e+00
-1.097092012614875323e+00,2.996280171687741301e-01,1.403618910956057952e+00
-1.104761046594242790e+00,2.946415391212673374e-01,1.434683149934263602e+00
-1.112441315263314356e+00,2.608949768587560669e-01,1.465206557812290589e+00
-1.139754808241795869e+00,2.205242202698071974e-01,1.494866192891872503e+00
-1.134485846291814148e+00,1.771921410509391670e-01,1.527190446633263754e+00
-1.160338894890144079e+00,1.390438446527976768e-01,1.580326399050095310e+00
-1.160338894890144079e+00,1.390438446527976768e-01,1.580326399050095310e+00
-1.167507963125885562e+00,1.511364188991488056e-01,1.606155756056410144e+00
-1.184016998075341665e+00,8.463749657992572506e-02,1.631370413981565237e+00
-1.156726452223837853e+00,7.094784723357470957e-02,1.657693236052602437e+00
-1.170237036064596836e+00,1.767273736575530538e-02,1.678758874525632550e+00
-1.209140127167510848e+00,2.684922698349591352e-02,1.699541081958700017e+00
-1.178169998234321003e+00,2.967419071634009795e-02,1.725286626199004303e+00
-1.182972136129571306e+00,-2.981030813082959086e-02,1.740266751604398587e+00
-1.189780401336245186e+00,-4.210832013591844780e-02,1.756380908363196269e+00
-1.209711483443132840e+00,-4.191317546672801431e-02,1.774799286726365111e+00
-1.192629754291628874e+00,-2.388918172935625139e-02,1.787225753078212076e+00
-1.212757300665532556e+00,-5.564214800503691077e-02,1.799178896864960686e+00
-1.186907126905153653e+00,-8.512520628361307240e-02,1.810114118113486992e+00
-1.215894751701498855e+00,-1.119069304077918020e-01,1.819729499121481853e+00
-1.243835172850348947e+00,-1.572841030702198661e-01,1.834848281217865917e+00
-1.239750869149904178e+00,-1.756693765898230675e-01,1.839711447429321689e+00
-1.239750869149904178e+00,-1.756693765898230675e-01,1.839711447429321689e+00
-1.242378816590453239e+00,-1.988501468800790151e-01,1.843760181912095453e+00
-1.219444409404712326e+00,-2.334939848139754304e-01,1.845416268427627848e+00
-1.205704613248247847e+00,-2.433148865460444399e-01,1.845086553661755557e+00
-1.151364216636150850e+00,-2.790608160677776062e-01,1.843674001670317253e+00
-1.113444831436094073e+00,-3.577515454597969824e-01,1.840045768043253371e+00
-1.127947736458879247e+00,-3.751710774494219081e-01,1.834175930524688969e+00
-1.126748211971135838e+00,-3.978061341032000930e-01,1.825353988926352811e+00
-1.076576060421881698e+00,-4.016581145602509673e-01,1.815497819020433168e+00
-1.093599442123033727e+00,-3.821501594472708208e-01,1.806478219626878046e+00
-1.111444654475076455e+00,-4.175530558599028774e-01,1.796176059108492096e+00
-1.137751163123442710e+00,-4.651525775472071800e-01,1.783033619828314320e+00
-1.140233356511714424e+00,-4.779098116317775369e-01,1.768057979217817266e+00
-1.112319936072312609e+00,-4.774171476987724705e-01,1.738960688471234084e+00
-1.097039186400422750e+00,-4.954365351772702097e-01,1.713509191857861769e+00
-1.073694221869620824e+00,-5.458806215167650855e-01,1.691852910123954778e+00
-1.053099297418921942e+00,-6.010105234636382576e-01,1.669071121635093968e+00
-1.053099297418921942e+00,-6.010105234636382576e-01,1.669071121635093968e+00
-1.077565361591374060e+00,-5.911547855554832864e-01,1.619107321736630523e+00
-1.029195163406371183e+00,-6.040708609092073633e-01,1.574351009322967343e+00
-1.000412546570245809e+00,-6.215009906956943109e-01,1.537734583767519370e+00
-1.000412546570245809e+00,-6.215009906956943109e-01,1.537734583767519370e+00
-1.000412546570245809e+00,-6.215009906956943109e-01,1.537734583767519370e+00
-9.782964820180336529e-01,-6.613369916978192320e-01,1.507608601702530748e+00
-9.823479574675554327e-01,-6.792027244874212499e-01,1.476703109678597414e+00
-9.881908180023162291e-01,-7.386323869714196411e-01,1.444810791523130078e+00
-9.293384580773895731e-01,-7.348821606274398288e-01,1.402315889366610557e+00
-9.143646916084605669e-01,-7.295323225800997013e-01,1.371880559286549728e+00
-9.069513722638901099e-01,-7.135411530971597083e-01,1.331876781168723545e+00
-8.697494788742264893e-01,-7.470606810443770618e-01,1.294462607782197905e+00
-8.524097338878113828e-01,-7.391129692315118183e-01,1.257962248985385889e+00
-8.210676118254989220e-01,-7.469958130906299010e-01,1.221777483282895815e+00
-8.334498104576546496e-01,-8.036228311439966854e-01,1.189173022517411304e+00
-8.020289649926936049e-01,-8.260094618779725284e-01,1.161521522278979424e+00
-7.594104774253001011e-01,-8.623057320786475799e-01,1.128161781934095442e+00
-7.402704502894453809e-01,-8.773395420871001882e-01,1.092242265060413331e+00
-7.460728229354213203e-01,-8.745901835451920237e-01,1.055291285011787261e+00
-7.586997271464885895e-01,-8.917754961967926386e-01,1.006526221840867485e+00
-7.759468796527240197e-01,-9.234602035904955208e-01,9.645907645265310304e-01
-7.345969804102508993e-01,-9.478787059514357516e-01,9.043946981137436225e-01
-7.345969804102508993e-01,-9.478787059514357516e-01,9.043946981137436225e-01
-6.918390327327323952e-01,-9.430953633253004176e-01,8.583340922187964184e-01
-6.696589290275070105e-01,-9.210209379632120497e-01,8.189691345076255402e-01
-6.386735584872922367e-01,-9.040419480501278304e-01,7.901161374632404977e-01
-5.588956058683707262e-01,-8.794723922798607374e-01,7.520466292995307001e-01
-5.027879970623446715e-01,-9.234220341158589918e-01,7.027873399655232278e-01
-5.027879970623446715e-01,-9.234220341158589918e-01,7.027873399655232278e-01
-5.105624428240317370e-01,-9.387075116577136003e-01,6.635097931070114141e-01
-4.961066342815722008e-01,-9.371841171949928384e-01,6.322978929745041166e-01
-4.681742151402898400e-01,-9.547853835902618824e-01,6.045391567515531195e-01
-4.448201867776890861e-01,-9.478839543843332605e-01,5.794781154132052636e-01
-4.124232741352177323e-01,-9.475806044132665251e-01,5.554965555071244010e-01
-3.537917601660414690e-01,-9.614989609683594063e-01,5.373300125462691090e-01
-3.009781392428040880e-01,-9.458036564989484862e-01,5.196494653844804246e-01
-2.760753552390298182e-01,-9.010364182719385884e-01,4.942330805171423758e-01
-2.557463898716459405e-01,-9.222217415798471540e-01,4.733720136576373694e-01
-2.240294951302388426e-01,-9.660089469586538025e-01,4.582834067576347370e-01
-2.113668442665501690e-01,-9.977326633935353906e-01,4.441735583209471816e-01
-2.098978305339671280e-01,-1.019403258684207003e+00,4.152396390154775574e-01
-1.678740368839972408e-01,-1.011041324731684288e+00,4.005532109561765197e-01
-1.407593950258022863e-01,-1.032276221279633255e+00,3.859890515738858552e-01
-1.407593950258022863e-01,-1.032276221279633255e+00,3.859890515738858552e-01
-1.205092190359401405e-01,-1.058942837299078121e+00,3.747879757316552318e-01
-7.507227286087721219e-02,-1.064892577442119848e+00,3.656941226179709070e-01
-3.316853739218133396e-02,-1.059654091277315802e+00,3.581484982308482112e-01
-2.822461781640252937e-02,-1.028552089798060232e+00,3.520700123855393104e-01
-1.815847699090542000e-02,-1.028583871874474198e+00,3.473115462623552196e-01
8.156625788679702088e-03,-1.010161075230162853e+00,3.448263472460975088e-01
8.580002764816631322e-02,-9.451236070265121025e-01,3.430554741654063267e-01
1.230171436064915330e-01,-9.120001858704025466e-01,3.458460218987423618e-01
2.130156063540389333e-01,-8.397054587338091958e-01,3.558124183296886844e-01
2.130156063540389333e-01,-8.397054587338091958e-01,3.558124183296886844e-01
2.570573538426622062e-01,-8.199700228564530402e-01,3.634160649587624414e-01
2.570573538426622062e-01,-8.199700228564530402e-01,3.634160649587624414e-01
2.962447145790942926e-01,-8.289373813299545368e-01,3.730357543238519424e-01
3.255977598666094930e-01,-8.294702648487738417e-01,3.848923389813942442e-01
3.654459137940992974e-01,-8.600950757449012940e-01,3.938868601848800055e-01
3.784058267483746407e-01,-8.832411558156628706e-01,4.106542105544895849e-01
3.871405584198855387e-01,-8.900502341049330024e-01,4.280811697919622572e-01
4.209216794371396508e-01,-8.859098991310869753e-01,4.423989303113042282e-01
4.466417745771543713e-01,-8.733343037937923992e-01,4.578445027818542901e-01
4.666003202610237710e-01,-8.708094832273193253e-01,4.826477878563692481e-01
4.665506717792786695e-01,-8.752534119626118603e-01,4.994047623161229632e-01
4.805733538540161165e-01,-8.647047403677654565e-01,5.270524720191414048e-01
5.498525559858946643e-01,-8.637755640542950086e-01,5.523730324606810349e-01
6.324850135962547526e-01,-8.408110361992436887e-01,5.780524185031586937e-01
6.431618346064102987e-01,-8.217879892765561634e-01,6.045780998745493573e-01
6.647930032570665837e-01,-8.023887555417605899e-01,6.318461894574249893e-01
6.904454331112505061e-01,-7.769567194356692408e-01,6.540131633582484394e-01
6.898175930727088456e-01,-8.000159916091760248e-01,6.802329350437582578e-01
6.909576563482460188e-01,-7.862483092986316535e-01,7.056455581563643165e-01
7.108193299666309972e-01,-7.628786029139149605e-01,7.340138174448453956e-01
6.855681936160790135e-01,-7.402264834468165189e-01,7.728327576182533187e-01
6.919129339525187383e-01,-7.266687102095797934e-01,8.004562379445174791e-01
7.221451088686905440e-01,-6.617416401008602289e-01,8.274200953965215044e-01
7.243109798541823574e-01,-6.545381150865641207e-01,8.574199767546709650e-01
8.269592935261899092e-01,-6.235917923547538155e-01,9.361418063110318322e-01
8.489588230654360190e-01,-6.014735619076879702e-01,9.643424917790750506e-01
8.958794883142354726e-01,-5.841769897536446265e-01,9.966300860949839358e-01
9.059194502282518213e-01,-5.383345219968923567e-01,1.030258973778893195e+00
9.382911044227943975e-01,-5.013559689607113290e-01,1.071817209068289811e+00
9.382911044227943975e-01,-5.013559689607113290e-01,1.071817209068289811e+00
9.850125042143040854e-01,-5.061920589877342280e-01,1.101810245031657143e+00
9.640518912061063483e-01,-4.428242796748282362e-01,1.141942274568614080e+00
9.705876099512182886e-01,-4.460222528377257856e-01,1.178890668299044542e+00
1.003454170670686763e+00,-3.999679052295675441e-01,1.214295193261895278e+00
1.042502956616841336e+00,-3.478600619602190136e-01,1.248577976642007759e+00
1.038672212398867645e+00,-3.187560399686732993e-01,1.282566959151786312e+00
1.100355663043071530e+00,-3.149490154838229250e-01,1.316147765555512716e+00
1.120904670302521167e+00,-3.265199420867400670e-01,1.339023120613680895e+00
1.099372286330059456e+00,-3.098888080495267316e-01,1.377798741912477087e+00
1.101668856240367589e+00,-2.992831610948877841e-01,1.411280982504720116e+00
1.108819445783629343e+00,-2.678839996550508862e-01,1.442361336222706569e+00
1.111683785739465913e+00,-2.279151850725815442e-01,1.472034572917404027e+00
1.076690339449996481e+00,-1.895541811340721028e-01,1.500650182185335746e+00
1.077059955528197444e+00,-1.805129091072609770e-01,1.527513712853623806e+00
1.074973019077452241e+00,-1.542150366545763096e-01,1.553404615776037501e+00
1.096765395684393019e+00,-1.179136986864317976e-01,1.578245436550907765e+00
1.148761037819571840e+00,-1.153145053921563329e-01,1.595075958864464960e+00
1.144031694106276253e+00,-8.522808489613595273e-02,1.647512206139713387e+00
1.144031694106276253e+00,-8.522808489613595273e-02,1.647512206139713387e+00
1.168238677743840270e+00,-4.069361355472170261e-02,1.670020585156430037e+00
1.184574727423263418e+00,5.327430849561426429e-02,1.700813193173068338e+00
1.184574727423263418e+00,5.327430849561426429e-02,1.700813193173068338e+00
1.177336870149040093e+00,8.883451385013918511e-02,1.725934232457463802e+00
1.169350485718021471e+00,9.666360911385069032e-02,1.745781000492790724e+00
1.196645216148704671e+00,9.334801050634791708e-02,1.762573436513115821e+00
1.218259199289472683e+00,9.766202083829549074e-02,1.777797460728590684e+00
1.191739241501950985e+00,1.485926043587272594e-01,1.790677269752574130e+00
1.226774419809648631e+00,1.821104532159946721e-01,1.801928615825933999e+00
1.191901808849607836e+00,2.135166366242363112e-01,1.818185120297788337e+00
1.161005218111861303e+00,2.618789349537707922e-01,1.824404740400766611e+00
1.172735192487406319e+00,2.560977863258891984e-01,1.828794297594542151e+00
1.172735192487406319e+00,2.560977863258891984e-01,1.828794297594542151e+00
1.156589167563051745e+00,2.698971854489076727e-01,1.831023915640468180e+00
1.152359113577962502e+00,3.050205752831648409e-01,1.830835896622645009e+00
1.152359113577962502e+00,3.050205752831648409e-01,1.830835896622645009e+00
1.137672583316000630e+00,3.141836120196841442e-01,1.828345811894813933e+00
1.109055336808000281e+00,4.024978909491577772e-01,1.817864932892977237e+00
1.109055336808000281e+00,4.024978909491577772e-01,1.817864932892977237e+00
1.101570651333197093e+00,3.971604462812749481e-01,1.809192747975797877e+00
1.061476478183943861e+00,4.346646998468451928e-01,1.798763619863662289e+00
1.027463233091991501e+00,4.236839211020408391e-01,1.786873482210123321e+00
1.022998093500005812e+00,4.478247401805541816e-01,1.772818666741941884e+00
9.839075999208141132e-01,4.938162940243822074e-01,1.757295161200260303e+00
1.003821161045855614e+00,5.213313603652259820e-01,1.740220433215978524e+00
9.874073908081381079e-01,5.546505534030016227e-01,1.721628992369362843e+00
9.703332900045745779e-01,5.537395599324966833e-01,1.706498512739502704e+00
9.738797134232670683e-01,5.707545387608237153e-01,1.682987414138427562e+00
9.693019488978213971e-01,5.753384757605456423e-01,1.659662382357752985e+00
9.649386186183191993e-01,5.957729577240055141e-01,1.610716676280161463e+00
9.649386186183191993e-01,5.957729577240055141e-01,1.610716676280161463e+00
9.645619659762123543e-01,5.918427372412444765e-01,1.584868188592756022e+00
9.605699312134059475e-01,6.322768977551539438e-01,1.566458176590116658e+00
9.115173706333091763e-01,6.744639260866939212e-01,1.502383631193391134e+00
9.041639619679640028e-01,6.627200471411128779e-01,1.472011866744452835e+00
8.634146582254733637e-01,7.125097032089833249e-01,1.441031836458688042e+00
8.711061529772715639e-01,7.777148025051026092e-01,1.408922580339164954e+00
8.711061529772715639e-01,7.777148025051026092e-01,1.408922580339164954e+00
8.491677986977606007e-01,7.599486842397629172e-01,1.375944482469421581e+00
7.976940027945782496e-01,7.683558680082138714e-01,1.341903007198091080e+00
8.101305015243153163e-01,8.086039531471918007e-01,1.271884997982166476e+00
8.043112258067751652e-01,7.751271607786717199e-01,1.247224420879484041e+00
7.615840203034121014e-01,7.977626847555041589e-01,1.164870088916527102e+00
7.855827131600970903e-01,8.285425466688391971e-01,1.127403644910034641e+00
7.855827131600970903e-01,8.285425466688391971e-01,1.127403644910034641e+00
7.855827131600970903e-01,8.285425466688391971e-01,1.127403644910034641e+00
7.595017122253188147e-01,8.538689530198836364e-01,1.090248490841516205e+00
7.346869650486356207e-01,8.301191324298493601e-01,1.060952822942339724e+00
7.126962614639411608e-01,8.610902310609789279e-01,1.020082418616149900e+00
6.932071988095490633e-01,8.567174620478887892e-01,9.824824354509904545e-01
6.920646685704430201e-01,8.371075127349651979e-01,9.461483732345394859e-01
6.841066557563152406e-01,8.536351491960394444e-01,9.106033869430983918e-01
7.441617126621508094e-01,8.728426032071173735e-01,8.756922763464844994e-01
7.582636001306456430e-01,9.107483385524025588e-01,8.414139095275907643e-01
6.935370669080501704e-01,9.018416537201540129e-01,8.079792716559189847e-01
6.557837532484661613e-01,9.451563718677150616e-01,7.430176128441322581e-01
6.297066914429599871e-01,9.442697496791038203e-01,7.119438426503055251e-01
6.069919350139986181e-01,9.686852751038850240e-01,6.584695798227880870e-01
5.402419058685876685e-01,9.888318814810502788e-01,6.266092602772015407e-01
4.693516242715948805e-01,9.821187536119118100e-01,6.036440990169147369e-01
4.194994760915115584e-01,9.959391579737379985e-01,5.737151944966789596e-01
3.744020251953470990e-01,1.014812251522813069e+00,5.472461277597487905e-01
3.406599343850054140e-01,9.972704522825267537e-01,5.232653965342264346e-01
3.140190547324970827e-01,1.002751404750187536e+00,5.004553044589205024e-01
2.942879785872604126e-01,1.022921844839222771e+00,4.791511480324004979e-01
2.255522499079277710e-01,1.010920890119244131e+00,4.433584908620359366e-01
2.255522499079277710e-01,1.010920890119244131e+00,4.433584908620359366e-01
1.700064982017481519e-01,1.022976166397231212e+00,4.254957747374749633e-01
1.490992173956212086e-01,1.039321518741386896e+00,4.101258043869248637e-01
1.586428129221709726e-01,1.041125562032412910e+00,3.967722959588857456e-01
1.286446248113619628e-01,1.027964995696404538e+00,3.858596815952827219e-01
7.392547183215700257e-02,9.809498146772281935e-01,3.679848185831556817e-01
4.115097957483630775e-02,9.470947827217550685e-01,3.614666488936037481e-01
2.710968827546771792e-02,9.679317520938949260e-01,3.565594781621087561e-01
1.795589063309538033e-02,9.797323541896065802e-01,3.529856449901094262e-01
1.795589063309538033e-02,9.797323541896065802e-01,3.529856449901094262e-01
-4.521336969509098802e-02,9.746977863861737701e-01,3.505473795320862562e-01
-3.917112701728462515e-02,9.455168377647977795e-01,3.496884015592348627e-01
-7.643141586247116648e-02,9.505329165123126423e-01,3.500222486041564829e-01
-1.065608663200871553e-01,9.997578112142575524e-01,3.516171373692248969e-01
-1.267288071172083253e-01,9.345047045670586972e-01,3.545115768120211119e-01
-1.444941921229632720e-01,9.214426206758151716e-01,3.583104368421777264e-01
-1.893087286526408675e-01,9.308270692114926081e-01,3.636529825256926141e-01
-2.580614704114773117e-01,9.028608193315015296e-01,3.703777636388407291e-01
-3.019049500997439961e-01,9.328874264907724978e-01,3.783579105166694490e-01
-3.356128612714181503e-01,9.326067079337442278e-01,3.876909017892466447e-01
-3.740937932151707224e-01,8.993172935305883131e-01,3.987581479517401939e-01
-3.948603740586562050e-01,8.922875781345096513e-01,4.110919561066678773e-01
-3.900845239037671885e-01,9.533783631378989210e-01,4.248832107930304858e-01
-4.036343839870911721e-01,9.279533397912931303e-01,4.399467991531187949e-01
-4.137850703859489165e-01,8.932776686762214924e-01,4.568929403465090688e-01
-4.782294776325820007e-01,8.408035210329999343e-01,4.950148578672489141e-01
-5.278480634860323040e-01,8.394573320384643988e-01,5.164287773352034261e-01
-5.432369609581527703e-01,8.369791485059077107e-01,5.390839762417560799e-01
-6.141876734970938001e-01,8.561977428300711068e-01,5.583000249090998013e-01
-6.141876734970938001e-01,8.561977428300711068e-01,5.583000249090998013e-01
-6.266748963627379876e-01,8.184535757135590339e-01,5.869606427947868799e-01
-6.270935852373090702e-01,8.196084945138459865e-01,6.145682813851864879e-01
-6.614206838697080926e-01,8.235026916957438603e-01,6.426074135465020820e-01
-6.842318356999417261e-01,7.812274410307316064e-01,6.712291320993502008e-01
-6.995792525521568050e-01,7.705642555814429251e-01,7.006267957353988773e-01
-7.796937724400740954e-01,6.785666863948464078e-01,7.589578589079822857e-01
-7.796937724400740954e-01,6.785666863948464078e-01,7.589578589079822857e-01
-7.785639368585740572e-01,6.424760703486100955e-01,7.917885978265978286e-01
-7.918086124296088713e-01,6.038642860573045779e-01,8.242918192635677599e-01
-7.958859525372367072e-01,5.752804404211636635e-01,8.435603021905518917e-01
-8.258129925978140440e-01,5.589479107143597858e-01,8.578421461503359380e-01
-8.285108369345560719e-01,5.394576169348117567e-01,9.042886320221406038e-01
-8.929930710843088093e-01,5.126222197812784209e-01,9.502947335935095774e-01
-8.975114316821469762e-01,5.145495943346263257e-01,9.893341673109441459e-01
-9.126654757844195887e-01,5.121267369318508456e-01,1.018976827700762922e+00
-9.419193209006373468e-01,4.916798553775610925e-01,1.048412576178360478e+00
-9.521634694034849522e-01,4.915311882325760218e-01,1.066985028866713092e+00
-9.915881332114748758e-01,4.087139635206821220e-01,1.089268274917157164e+00
-9.873566524131396349e-01,3.677484941600658863e-01,1.097383092347693712e+00
-9.873566524131396349e-01,3.677484941600658863e-01,1.097383092347693712e+00
-9.829839814782309615e-01,3.424917743256794544e-01,1.214274594167427335e+00
-9.829839814782309615e-01,3.424917743256794544e-01,1.214274594167427335e+00
-1.000235755049609265e+00,3.197117535497601137e-01,1.287786123813220218e+00
-1.029468327568825003e+00,3.283403938268660283e-01,1.337739984486796985e+00
-1.038768766988752423e+00,3.163077429527318962e-01,1.378809451331665104e+00
-9.936734981704402614e-01,2.757470072071472877e-01,1.416572392218136578e+00
-1.018925706984510349e+00,2.376928456732515238e-01,1.452282065920035503e+00
-1.066307874308443759e+00,2.164669918815400607e-01,1.486166010032953233e+00
-1.097418279453563184e+00,2.263987228997448586e-01,1.518727081003782509e+00
-1.095241129805877511e+00,1.831701190204441110e-01,1.549469233242579014e+00
-1.105270752885007424e+00,1.523399767661063331e-01,1.578586015656615826e+00
-1.142096199019791092e+00,1.447685406351885695e-01,1.606129987609261178e+00
-1.129613171061297772e+00,1.215549868768732722e-01,1.631891513387347503e+00
-1.209902545219543990e+00,4.655393189875302318e-02,1.678546698082566957e+00
-1.234547090416325599e+00,1.023945501529078400e-02,1.699550622167989911e+00
-1.266311283063611848e+00,-1.545252571241672625e-02,1.718898374612487956e+00
-1.266311283063611848e+00,-1.545252571241672625e-02,1.718898374612487956e+00
-1.245792989603338174e+00,-1.191412046071220754e-01,1.749642155949687972e+00
-1.245792989603338174e+00,-1.191412046071220754e-01,1.749642155949687972e+00
-1.247045540754194715e+00,-1.282518348269156838e-01,1.766359381022903463e+00
-1.258744875361495819e+00,-1.087357025443234648e-01,1.780504286723248786e+00
-1.256641290365023700e+00,-1.104968519844222175e-01,1.792952312777411628e+00
-1.251473426266682232e+00,-1.566786482111411083e-01,1.803680907917282639e+00
-1.259432197741869430e+00,-1.665800335928868392e-01,1.813252376634158836e+00
-1.247752340259828285e+00,-2.329959209157373701e-01,1.828334908975344009e+00
-1.247752340259828285e+00,-2.329959209157373701e-01,1.828334908975344009e+00
-1.241232552236441355e+00,-2.722449509622096864e-01,1.833877480261314918e+00
-1.202285396543579798e+00,-2.939296348312159801e-01,1.837939463084332203e+00
-1.162900080414660975e+00,-3.154729555753592596e-01,1.840276336034017080e+00
-1.149706969992684291e+00,-3.350080280778304220e-01,1.841237631636132965e+00
-1.115641694612214518e+00,-3.757402253395851766e-01,1.840571461927712038e+00
-1.135711753248754396e+00,-3.961398573798689537e-01,1.838816253101521525e+00
-1.126074833612370929e+00,-4.222335369015364215e-01,1.835073737387669546e+00
-1.152148013020355632e+00,-4.054406576952825358e-01,1.829333366937899941e+00
-1.127599661858246893e+00,-4.419223510001845101e-01,1.822199334134144477e+00
-1.119635183853772586e+00,-4.439216889003048117e-01,1.813308133494098362e+00
-1.085421795410360435e+00,-4.620148265209005900e-01,1.802558450864245820e+00
-1.097116336836273964e+00,-4.938231126876440613e-01,1.790538895828171162e+00
-1.082009549690860384e+00,-4.989736817827489235e-01,1.776696703477382844e+00
-1.037050960921441334e+00,-5.595995996621846436e-01,1.761353961072266161e+00
-1.023801388986755212e+00,-5.432750811276987335e-01,1.744860829090930432e+00
-1.030455652925333476e+00,-5.560011931451366296e-01,1.726695981548122205e+00
-1.046292520229919587e+00,-5.691599061353502798e-01,1.707595444949785435e+00
-1.016646000214902923e+00,-6.176281147940192451e-01,1.687444343831328464e+00
-1.036261456619618659e+00,-6.028018399936265759e-01,1.666255503219544742e+00
-1.029985272712171218e+00,-6.450306254428336272e-01,1.643688207152058656e+00
-1.040195156853801262e+00,-6.610804729712445038e-01,1.619678016302974255e+00
-1.048621666312338219e+00,-6.689809899847241059e-01,1.594929180689425685e+00
-1.036362442530404104e+00,-6.730116679102522426e-01,1.568527351349531251e+00
-1.016397324768709254e+00,-6.333391384757127707e-01,1.540669367234267506e+00
-9.726168142997120292e-01,-6.460308480263459163e-01,1.511505117564001521e+00
-9.641740816262482916e-01,-6.533901219305175978e-01,1.449149412472857668e+00
-9.323135852072943486e-01,-6.689299835707541719e-01,1.416145532098293192e+00
-9.336994645244134361e-01,-6.829385206418298049e-01,1.382299845571844266e+00
-9.336994645244134361e-01,-6.829385206418298049e-01,1.382299845571844266e+00
-8.759801318168946027e-01,-6.979164431322479878e-01,1.347464521095828038e+00
-8.461177386182716642e-01,-7.095917800309782253e-01,1.282709915054437877e+00
-8.493645097726050253e-01,-7.337648609425236890e-01,1.241120023169624220e+00
-8.375376131083431819e-01,-7.824503726389021585e-01,1.201608813809057708e+00
-8.375376131083431819e-01,-7.824503726389021585e-01,1.201608813809057708e+00
-8.291355187154300088e-01,-7.561589725395380102e-01,1.124324004967711454e+00
-8.291355187154300088e-01,-7.561589725395380102e-01,1.124324004967711454e+00
-7.281931137107811036e-01,-8.433511490574361336e-01,1.047866755345806533e+00
-6.805849584710508271e-01,-8.384138270923275904e-01,1.009909319628371938e+00
-6.673191112647054446e-01,-8.578729150379028612e-01,9.720992269294694843e-01
-6.673191112647054446e-01,-8.578729150379028612e-01,9.720992269294694843e-01
-6.601227150600155191e-01,-9.058304861098106509e-01,9.349930678207395429e-01
-6.246440535428623431e-01,-9.336876972462071489e-01,8.987018393612092870e-01
-6.162972155220947101e-01,-9.337302658312363057e-01,8.319667037174501845e-01
-6.162972155220947101e-01,-9.337302658312363057e-01,8.319667037174501845e-01
-5.844130213231875093e-01,-9.199562161556560369e-01,7.716704021094326071e-01
-5.815038829658488728e-01,-9.287173670072256249e-01,7.371789156000041476e-01
-5.815038829658488728e-01,-9.287173670072256249e-01,7.371789156000041476e-01
-5.555577300926909379e-01,-9.534174187089269337e-01,7.062971330774040490e-01
-5.167167853048920678e-01,-9.631279950943545387e-01,6.773732831787528941e-01
-5.071996305803415650e-01,-9.799763157799347146e-01,6.500348360302516948e-01
-4.794511895977756621e-01,-9.745433624638000225e-01,6.239804004745516108e-01
-4.276963779956823863e-01,-9.528904141032937813e-01,5.988553098166008448e-01
-3.777481917549624924e-01,-9.798770801360607852e-01,5.750104704022069857e-01
-3.834224553721958251e-01,-9.630922692797962981e-01,5.525809666702443668e-01
-3.535764920700105729e-01,-9.838525983123711516e-01,5.311947591593377815e-01
-3.053548296688316510e-01,-9.977249012529785244e-01,5.105776029494565327e-01
-2.699488523594819611e-01,-1.038478123962910615e+00,4.908194971688207286e-01
-2.500664799617265954e-01,-1.050250567050000861e+00,4.721113902227771497e-01
-2.360334945102016135e-01,-1.062264679879590945e+00,4.544594037051645219e-01
-2.047065430643251749e-01,-1.059461292203747407e+00,4.381434402968693576e-01
-2.170772641176970108e-01,-1.046502501589631651e+00,4.231612097389342853e-01
-1.798772393521967383e-01,-1.059879603139955107e+00,4.089358374221553349e-01
-1.572038822461124252e-01,-1.033085282166726460e+00,3.960013884330046974e-01
-1.193579261558828930e-01,-1.025188875165238267e+00,3.845252591767683303e-01
-4.545223986651662079e-02,-1.055126620233169943e+00,3.742682057882829039e-01
-3.910618438574038624e-02,-1.042889838750552745e+00,3.653270443112614507e-01
4.312203585785420734e-03,-1.033598654021403940e+00,3.581774829879386668e-01
6.028955910666425333e-02,-1.015217914353623740e+00,3.523217842884864281e-01
1.061949798143147078e-01,-1.022022289758997671e+00,3.477358714124857419e-01
8.685017968868227745e-02,-1.037393545228012748e+00,3.445290285554820642e-01
1.726827598093696459e-01,-1.047927628208503936e+00,3.432553802683473432e-01
2.035627673917481117e-01,-1.019104731859602264e+00,3.434997080127871194e-01
2.954784782421796541e-01,-9.627161953152738594e-01,3.492144952282602577e-01
2.954784782421796541e-01,-9.627161953152738594e-01,3.492144952282602577e-01
2.983761876957229386e-01,-9.215046795991558293e-01,3.544409777272107265e-01
3.320873008411637239e-01,-9.237082132103937582e-01,3.601835029194407900e-01
3.538962359605550279e-01,-9.049091356508229822e-01,3.703588393132064560e-01
3.900282390113746778e-01,-8.829103348640621185e-01,3.815792491125660213e-01
4.297340750825756062e-01,-8.789743905071025765e-01,3.945994800407902625e-01
4.310659634162475329e-01,-8.541947116378588722e-01,4.092402076961434432e-01
4.555378310771845407e-01,-8.580140932903791429e-01,4.257033280186000579e-01
4.891713414840322405e-01,-8.551654141300698564e-01,4.441839757876892558e-01
5.374388635522956426e-01,-8.522153243357166730e-01,4.641978707031578777e-01
5.491549230618471000e-01,-8.697261945500965874e-01,4.856889599432875348e-01
5.346155140131773065e-01,-8.373315394453622051e-01,5.085530370721293991e-01
5.207018074276500430e-01,-8.367922775027104576e-01,5.328814295277456425e-01
5.527329000590442964e-01,-8.536477225317679052e-01,5.586474521708177932e-01
5.821882603896868513e-01,-7.957444009027676568e-01,6.074568038051764152e-01
5.821882603896868513e-01,-7.957444009027676568e-01,6.074568038051764152e-01
6.291447318888830909e-01,-7.809533177668382953e-01,6.397483957578257163e-01
6.571282251315975209e-01,-7.277569129611913823e-01,6.708304781810464634e-01
7.546544599578519641e-01,-7.195907256866722612e-01,7.318864362548508362e-01
7.546544599578519641e-01,-7.195907256866722612e-01,7.318864362548508362e-01
7.559234030985768626e-01,-6.831150026994894375e-01,7.624989067208467475e-01
8.972546670140059133e-01,-6.489022390643056637e-01,8.253433624691843828e-01
8.822581042046048205e-01,-6.080723000936171241e-01,8.572232643927756301e-01
8.704220573861743970e-01,-5.994602539126040464e-01,8.894496856158974341e-01
8.742414932075975864e-01,-6.243063215902244778e-01,9.219266988184097178e-01
8.742414932075975864e-01,-6.243063215902244778e-01,9.219266988184097178e-01
9.031058303933502396e-01,-6.060845238536228807e-01,9.548673058393121194e-01
9.244462437517866338e-01,-5.799027098760405341e-01,9.878768217191747913e-01
9.418270570449790435e-01,-5.742066469572222331e-01,1.021323568627667155e+00
9.661689478530585129e-01,-5.438445850664528347e-01,1.055049972529556568e+00
9.896007823381173241e-01,-5.612368073138168656e-01,1.082039411879424762e+00
9.978716223139911801e-01,-5.158649708821331226e-01,1.120499204193190934e+00
1.049101466941589456e+00,-4.755083948417039852e-01,1.156205579700224417e+00
1.076775274859073761e+00,-4.441210553779478265e-01,1.190618957437823422e+00
1.097952680578059947e+00,-4.427835444325399217e-01,1.224615255803832126e+00
1.114993350152726048e+00,-4.174306627730305919e-01,1.258285449400995848e+00
1.103277714227542727e+00,-3.888927535962501403e-01,1.291659252749037590e+00
1.119680589055916942e+00,-3.887649690988042583e-01,1.324323070647889677e+00
1.126480496595037240e+00,-3.697887978894441874e-01,1.356217318225251933e+00
1.141587366705942186e+00,-3.843713348522421192e-01,1.387705916948942297e+00
1.156142389993356501e+00,-3.431136812084191190e-01,1.418564367007159044e+00
1.163064710001486146e+00,-3.209159279455355285e-01,1.448504053279971782e+00
1.179083318672616176e+00,-2.899113780899846282e-01,1.477514734055111356e+00
1.201495121311760617e+00,-2.790004926506536309e-01,1.505489191870261090e+00
1.193173390409171253e+00,-2.431119519807625751e-01,1.532905610425548959e+00
1.200308468763655823e+00,-1.898890067460862197e-01,1.559321360221152419e+00
1.196285062389605747e+00,-1.866392301425091604e-01,1.584745700103373345e+00
1.211305516769487944e+00,-1.973269692547948984e-01,1.609201872749406848e+00
1.168924625305928444e+00,-1.752885547484810680e-01,1.633093332422471899e+00
1.190058452643951714e+00,-1.589705522945377980e-01,1.655690931520003240e+00
1.179547127156970854e+00,-1.482756496859773676e-01,1.676907204388575767e+00
1.222804642060699054e+00,-1.180896637046076891e-01,1.697025824507400804e+00
1.165791128858762571e+00,-1.064633149310666160e-01,1.715954612473946206e+00
1.154067749137891896e+00,-5.325949745342899860e-02,1.733526505666445283e+00
1.127513393718586165e+00,-2.745581822194824440e-02,1.749638492651937494e+00
1.172894960848833934e+00,1.879639836780560083e-02,1.764400744862172132e+00
1.167677900025947402e+00,5.360999398710807051e-02,1.777061435593543015e+00
1.226077474200962580e+00,8.043385055394020045e-02,1.798339935068073991e+00
1.245309120249125767e+00,1.050395784486325840e-01,1.805880708803615509e+00
1.245309120249125767e+00,1.050395784486325840e-01,1.805880708803615509e+00
1.260099263042320006e+00,1.416248032311665794e-01,1.812120698229984894e+00
1.290243298201411370e+00,1.868870843327426201e-01,1.816896098856104702e+00
1.282261995297615087e+00,2.312304623851579310e-01,1.822206356076868428e+00
1.235106120313305356e+00,2.803376890639951435e-01,1.822265914774940265e+00
1.235106120313305356e+00,2.803376890639951435e-01,1.822265914774940265e+00
1.199877859449940631e+00,3.088340036523997689e-01,1.820872694626389565e+00
1.185547411884812163e+00,3.088082602670317867e-01,1.818278213645379893e+00
1.182856966737983351e+00,3.471066616142411410e-01,1.813428953565501045e+00
1.147798161077658197e+00,3.690645351494589721e-01,1.807627711626745626e+00
1.159564996205705745e+00,3.743475070436984020e-01,1.797290121607783675e+00
1.164279695655503932e+00,3.774953030009668975e-01,1.789844450613659710e+00
1.151472606040065738e+00,4.062115159809223663e-01,1.775498578594402410e+00
1.080161578075170103e+00,4.101571339027668683e-01,1.760875552266868871e+00
1.071544923098486146e+00,3.942897810723166585e-01,1.744917292596299463e+00
1.074593453580193536e+00,4.056394995812007132e-01,1.732751588838200352e+00
1.091688659673873518e+00,4.177852207744834345e-01,1.716513341689748673e+00
1.054363982992992055e+00,4.451233132925496161e-01,1.697395065813888548e+00
1.031074478470785261e+00,4.614244976021529832e-01,1.676330936514085934e+00
9.955178409723665078e-01,4.759581208768477456e-01,1.646014084773375519e+00
9.811938084123328352e-01,4.663580810188391323e-01,1.626171401159379082e+00
9.915204908101449277e-01,4.916564110112394692e-01,1.602225554553716069e+00
9.968013911646040892e-01,5.039016926212670500e-01,1.567508166146819093e+00
1.017665498074490360e+00,5.216434228310711241e-01,1.536108160171700598e+00
1.012674632510735417e+00,5.667506559430873780e-01,1.505332192783783940e+00
9.932452861925623600e-01,6.166154834232644433e-01,1.483691013147192095e+00
9.930444403317366664e-01,6.639252951421201754e-01,1.425162771618542212e+00
9.314758007977937959e-01,6.438113704866476050e-01,1.367361693377331822e+00
8.977903938715060539e-01,6.400783674994545702e-01,1.326478932138593247e+00
8.751894299143018197e-01,6.608684659606430811e-01,1.290124099770743271e+00
8.751894299143018197e-01,6.608684659606430811e-01,1.290124099770743271e+00
8.563925475255910191e-01,7.150240054545733415e-01,1.247817180854692509e+00
8.616128116475242349e-01,7.510385941559238887e-01,1.209920875202272761e+00
8.616128116475242349e-01,7.510385941559238887e-01,1.209920875202272761e+00
8.505759426051121563e-01,7.750357328174648508e-01,1.173744803048471175e+00
8.273172717113784769e-01,7.896293603187148902e-01,1.138270076033176315e+00
8.306917077393353166e-01,7.967918176589690038e-01,1.102550475018718057e+00
8.186170661749537780e-01,8.020248886919527642e-01,1.084751501583518518e+00
7.750747318597888125e-01,8.012223898392925037e-01,1.048159921117232996e+00
7.668359994610542962e-01,8.524920666838724514e-01,1.000625807472478312e+00
7.512513083140738290e-01,8.451946073895413303e-01,9.595849144878990655e-01
7.162202070999030834e-01,8.375703375225312941e-01,9.213941772827444199e-01
6.798843933829815667e-01,8.577072218523585923e-01,8.846294178544796827e-01
6.311496533899276784e-01,8.706395044019105134e-01,8.170953040358809316e-01
5.861181523216456579e-01,9.082166537799526429e-01,7.622909754764686241e-01
5.861181523216456579e-01,9.082166537799526429e-01,7.622909754764686241e-01
5.573418372079317340e-01,9.000116424002841953e-01,7.188094284374175746e-01
5.573418372079317340e-01,9.000116424002841953e-01,7.188094284374175746e-01
5.503556402912639367e-01,9.181131396975092951e-01,6.838164471424120761e-01
5.038575446687560966e-01,9.706648015034519128e-01,6.526924491849229737e-01
4.798858826323414428e-01,9.993717678521015779e-01,6.324863322813475408e-01
4.531211932146199661e-01,9.832388437593019281e-01,6.002192583363418210e-01
4.047837947881776088e-01,1.006552028830267176e+00,5.781875320698756093e-01
3.364721345710739997e-01,1.057513058457931976e+00,5.336036755480869642e-01
3.364721345710739997e-01,1.057513058457931976e+00,5.336036755480869642e-01
3.157262316702912353e-01,1.076425833771096574e+00,5.073087599177608098e-01
2.746835271095874886e-01,1.078427898611941327e+00,4.852994040079467442e-01
2.322945396550245289e-01,1.034430895365390457e+00,4.575836612593763841e-01
2.322945396550245289e-01,1.034430895365390457e+00,4.575836612593763841e-01
2.040311976901662272e-01,1.016353121534054438e+00,4.392714156093185940e-01
1.624753641046816910e-01,1.016271914895791273e+00,4.209492547641628946e-01
1.630764469263227823e-01,1.017554859934741485e+00,4.063121576788550349e-01
8.980245039379676497e-02,1.037776560375151202e+00,3.974881721773553811e-01
7.115339625189320838e-02,1.021655359487113834e+00,3.863565945088090481e-01
5.064906518851769457e-02,1.032704189303084163e+00,3.745621755791097574e-01
1.204034034941687051e-02,1.012667827956512889e+00,3.654613908303478431e-01
2.102432551683383957e-02,9.856767032138227247e-01,3.582421098704788309e-01
-7.534073553739754209e-03,9.885473437913577799e-01,3.543145339128780935e-01
1.228468111384661832e-02,1.000586971425938776e+00,3.488163126965768135e-01
-1.386487327837333285e-02,1.002421611318469186e+00,3.466550224597996777e-01
-5.881122616751194299e-02,9.834948864336915397e-01,3.456841776188997462e-01
-1.215039755677717048e-01,9.943361832947468226e-01,3.455286286608656998e-01
-1.103133761223002163e-01,9.969572954912985230e-01,3.477241180830121237e-01
-1.570918728768061490e-01,9.987710210810271105e-01,3.564461032857914602e-01
-1.901080585074191309e-01,1.000398299386622281e+00,3.617833293745595924e-01
-1.901080585074191309e-01,1.000398299386622281e+00,3.617833293745595924e-01
-2.220830295010236266e-01,1.026051860192781051e+00,3.712668800867109375e-01
-2.392993144219763557e-01,1.011863049622645949e+00,3.812907091197965115e-01
-2.815039418597536369e-01,1.027428401796218083e+00,3.900559399364830204e-01
-3.285168084152662593e-01,1.020424862897834295e+00,4.030755918490615541e-01
-4.033039939912562710e-01,9.777113843608719046e-01,4.170906219642063206e-01
-3.998559850844843333e-01,9.654648230193483283e-01,4.293742928528815894e-01
-4.324699266114943597e-01,8.916517504327046151e-01,4.582708291726771965e-01
-4.603467723007071410e-01,8.733009133905186294e-01,4.825228183553169625e-01
-4.603467723007071410e-01,8.733009133905186294e-01,4.825228183553169625e-01
-4.907897834033344009e-01,8.420829134338160271e-01,4.986494713491016473e-01
-5.517720258104295006e-01,8.697639415261224638e-01,5.248139553439236105e-01
-5.891578087666549113e-01,8.970153778953009471e-01,5.504814477542369078e-01
-6.128067377681297723e-01,8.880827395354521370e-01,5.760871251819790206e-01
-6.427719587318300176e-01,8.416189851328448324e-01,6.022886885479282748e-01
-6.736891064228346382e-01,8.268208525626523642e-01,6.297279913770824633e-01
-6.806457264992922251e-01,8.202836772832141632e-01,6.576696979370725282e-01
-7.104511046493648951e-01,8.017472405537267033e-01,6.869665490339147418e-01
-7.274671816864000107e-01,7.739674189290994821e-01,6.983424551984496187e-01
-7.619717384890353218e-01,7.460944748816628058e-01,7.410045449078920266e-01
-8.009237702654069535e-01,7.425886274049704472e-01,7.770164014025142674e-01
-8.283388574487174916e-01,7.032958273339655619e-01,8.112786660292137242e-01
-8.686983540852687424e-01,6.727674301715619309e-01,8.450765019606774064e-01
-9.298059177578408274e-01,6.349586225860688327e-01,9.033990931243427447e-01
-9.298059177578408274e-01,6.349586225860688327e-01,9.033990931243427447e-01
-9.189536889725999913e-01,5.771875907252999038e-01,9.450701480601261251e-01
-9.421802076986478536e-01,5.372172557284553562e-01,9.828354020637058985e-01
-9.521513648807820029e-01,5.218893522606189439e-01,1.019532273226287478e+00
-1.024587281726157428e+00,4.668661180681915046e-01,1.088239201247320764e+00
-1.024587281726157428e+00,4.668661180681915046e-01,1.088239201247320764e+00
-1.062662861032120931e+00,4.260229941253439456e-01,1.119058252162058009e+00
-1.093769501942934319e+00,3.939563973880209069e-01,1.149070569724347957e+00
-1.049926275568229039e+00,4.148136042818393321e-01,1.186426138480564108e+00
-1.053819834367869746e+00,4.046805434737856255e-01,1.218934975255433484e+00
-1.113990388268810694e+00,3.841943969499237999e-01,1.263607789561673300e+00
-1.153045820963415347e+00,3.762072565492881604e-01,1.302074663908264762e+00
-1.145067951920641924e+00,3.492231840802839105e-01,1.337805737057555344e+00
-1.172118960431342893e+00,3.349107438505181666e-01,1.371738660415936728e+00
-1.178149600946983178e+00,3.540367710777065913e-01,1.387797123321503401e+00
-1.164481266665089443e+00,2.955354241978531693e-01,1.429790638959543836e+00
-1.162153585755756557e+00,2.693947368857623204e-01,1.463989098147004064e+00
-1.178346690821721721e+00,2.684724568476003492e-01,1.494790604967219272e+00
-1.195526116649650028e+00,2.185730289969870233e-01,1.523981636507392157e+00
-1.172553596904766460e+00,2.137535667542839468e-01,1.551450544720094804e+00
-1.155689949937347416e+00,2.007361737076640562e-01,1.577568953181786915e+00
-1.166143647529145122e+00,1.680486432815339326e-01,1.602260916770652299e+00
-1.162824278218849150e+00,1.420512207110269098e-01,1.626235024504388837e+00
-1.183233039690087862e+00,1.296758177972551218e-01,1.642121695129429515e+00
-1.158247087126023311e+00,1.334004475324094274e-01,1.663817877300530101e+00
-1.183786343081254744e+00,7.182634133251944442e-02,1.688516410302817627e+00
-1.180657916768633520e+00,5.965704038957264643e-02,1.709625801654528932e+00
-1.188210125949618945e+00,6.156534856101107678e-02,1.728546706866505245e+00
-1.206408562878562796e+00,3.946904941525387206e-02,1.760904546143794214e+00
-1.206408562878562796e+00,3.946904941525387206e-02,1.760904546143794214e+00
-1.205418389635889209e+00,2.511212564214169995e-02,1.772221082450587737e+00
-1.183178557113115481e+00,5.131489402310960082e-03,1.786762048591346685e+00
-1.193810851238252813e+00,-3.326675459244724659e-02,1.798769542828445367e+00
-1.212352866264855500e+00,-8.224701892477020992e-02,1.806063712141479538e+00
-1.198665148400580138e+00,-1.658897619412613156e-01,1.816357911758259780e+00
-1.213582872626901787e+00,-2.041455083220250488e-01,1.824172265025043149e+00
-1.194180053489834359e+00,-2.247522834212051512e-01,1.829954718878936681e+00
-1.161217659313146466e+00,-3.122087314081198328e-01,1.833766479094908419e+00
-1.171167838618943025e+00,-3.333649746642914913e-01,1.836280848305262614e+00
-1.147475971783157522e+00,-3.207656098409226719e-01,1.836904516499564988e+00
-1.139775518496088491e+00,-3.861648259311167841e-01,1.835848525454285785e+00
-1.151401996578449660e+00,-4.314504874652510535e-01,1.833087532289391142e+00
-1.148876181182299172e+00,-4.216112435239228740e-01,1.823253564547990813e+00
-1.148876181182299172e+00,-4.216112435239228740e-01,1.823253564547990813e+00
-1.131225653017612132e+00,-4.365562755744629153e-01,1.812900995666632875e+00
-1.139706581905597593e+00,-4.223399008900553531e-01,1.801557368645868795e+00
-1.154614555064759518e+00,-4.642410799611570438e-01,1.788388222578818354e+00
-1.115511549529592861e+00,-4.808365478739199395e-01,1.774558730385019878e+00
-1.087468299647787795e+00,-5.185648100323401177e-01,1.759420674742176338e+00
-1.056749341408761866e+00,-5.221800724758804968e-01,1.743010414377097916e+00
-1.079122905587059700e+00,-5.405426521824970854e-01,1.723500313230575287e+00
-1.071338467117107118e+00,-5.409092939781642295e-01,1.702300927747836923e+00
-1.061363987340328663e+00,-5.421192010536600714e-01,1.678989836708530747e+00
-1.073901312392784302e+00,-5.675074711008019079e-01,1.654102407705840161e+00
-1.030586764351937967e+00,-5.735882665159269811e-01,1.627043368191314121e+00
-9.953793849397426508e-01,-5.251810820568415528e-01,1.597994593429805876e+00
-9.612501634488108682e-01,-5.069297456931867174e-01,1.567330102434198791e+00
-9.530592632106572593e-01,-5.071397172745925053e-01,1.535686337028685067e+00
-9.121031457332798853e-01,-5.113158452718755687e-01,1.503989695928374504e+00
-9.027570365573205358e-01,-4.627134163373188280e-01,1.473140978064905182e+00
-8.527916528394114959e-01,-4.584384962661904872e-01,1.442955268557106319e+00
-8.234093205086228107e-01,-4.241547962027469310e-01,1.414430105420056316e+00
-7.924031836963353337e-01,-3.745190220806477455e-01,1.388473329624811292e+00
-7.353989028871470435e-01,-3.217296672673586322e-01,1.365914047673333354e+00
-7.015601375199658207e-01,-2.628239253884873672e-01,1.345774622656111363e+00
-6.566328409693531487e-01,-2.299550176902213638e-01,1.329673870058588170e+00
-6.299256793059435644e-01,-2.181978648250128272e-01,1.316864104892433440e+00
-6.017473841961005210e-01,-1.794450249872196756e-01,1.307376414870066395e+00
-6.124028754652233175e-01,-1.877210323695452932e-01,1.300123863875972674e+00
-5.952276995662179049e-01,-1.765701263058774007e-01,1.295878815055160560e+00
-5.781110512163174509e-01,-1.801786443905583068e-01,1.293498284042804647e+00
-5.536865331435110171e-01,-1.877941498002503873e-01,1.292291163283035393e+00
-5.144631753551596187e-01,-2.098233820508742520e-01,1.291176308857313826e+00
-4.694718648050417720e-01,-1.918904283244169118e-01,1.289667398696869194e+00
-4.385269063455512484e-01,-1.979620238734793591e-01,1.287077445349263938e+00
-4.385269063455512484e-01,-1.979620238734793591e-01,1.287077445349263938e+00
-4.247337231179826866e-01,-1.925478765501125455e-01,1.283069792911872398e+00
-4.416932866676913649e-01,-2.160786131010389577e-01,1.278550567179030262e+00
-4.195168398175310176e-01,-1.798717854966403185e-01,1.272298926974898325e+00
-4.112259823008449500e-01,-2.369182420520508370e-01,1.265434637180787858e+00
-4.176129106910586031e-01,-2.496708411660507054e-01,1.257624379860516228e+00
-4.797651879948997555e-01,-2.496752002858934616e-01,1.249539468138964660e+00
-4.834416741113612415e-01,-2.769891003431457221e-01,1.241464233741907730e+00
-4.658433554548058741e-01,-2.768702781088510645e-01,1.233322866647001748e+00
-4.278736562915502195e-01,-2.840184374361782726e-01,1.225545978025336380e+00
-4.022858311735407200e-01,-3.297734710595178753e-01,1.219777431732554707e+00
-3.930022600373656028e-01,-3.340874598837185738e-01,1.211858977594421516e+00
-3.974938274649715275e-01,-3.358234217400269950e-01,1.205305029549157192e+00
-3.910983770900183787e-01,-3.099848988279530482e-01,1.199545063671051182e+00
-3.285964843522153900e-01,-3.101993385819747928e-01,1.194426138741081500e+00
-3.296646259999675976e-01,-2.760256093657039722e-01,1.189985810615527662e+00
-3.357143107712629582e-01,-2.399326719794869223e-01,1.186006397004931268e+00
-2.869126000120595377e-01,-2.559218115807189164e-01,1.182132722624444687e+00
-2.825083290102860523e-01,-2.391174521840754019e-01,1.178443786344846478e+00
-2.626383507861597688e-01,-2.271712296512495288e-01,1.175249858322777952e+00
-2.949021202027110045e-01,-2.334232069867270276e-01,1.172703746796089019e+00
-2.899522959488576301e-01,-2.195692582467066167e-01,1.170638352118072101e+00
-2.631207891695603873e-01,-2.091924381065080607e-01,1.169103822807050053e+00
-1.994446856531031653e-01,-2.294409496803198056e-01,1.167964809704554963e+00
-1.859376388826873838e-01,-2.274499382927803459e-01,1.167310740089554599e+00
-1.504809987730465204e-01,-1.515282285693778097e-01,1.166592792086079244e+00
-1.189487027013539783e-01,-1.470599634383848442e-01,1.166047268977526086e+00
-1.646152194841801197e-01,-7.021885489642243350e-02,1.165358078994544355e+00
-1.681965756477635798e-01,-7.020755517277094127e-02,1.164316014880349970e+00
-1.635164526815826025e-01,-1.070422101016199889e-01,1.162872953923965946e+00
-2.046954875882609215e-01,-7.593512779056590944e-02,1.160799328108074180e+00
-2.221642119360807688e-01,-1.110736968555971760e-01,1.157950011875034990e+00
-1.802238787678072662e-01,-1.088023762321840421e-01,1.155108597786998370e+00
-1.550114413833698079e-01,-8.943306570958121926e-02,1.151836744777393173e+00
-1.507003711192316242e-01,-9.148493105160672434e-02,1.148264038296029632e+00
-1.824098597600209426e-01,-1.136555240411307593e-01,1.144409594880623438e+00
-1.488614854823421541e-01,-9.487507785261692361e-02,1.140624995951480258e+00
-1.616223338821117239e-01,-8.453387079412043315e-02,1.136861151223900857e+00
-1.350174646462613537e-01,-8.036860951407910625e-02,1.133284261886598587e+00
-7.072595907736646537e-02,-7.588124599164712547e-02,1.128627739885536663e+00
-9.714551059146957213e-02,-9.096292083051796262e-02,1.124949575143152192e+00
-6.835829983227653672e-02,-8.457324109598440831e-02,1.122356946968544600e+00
-5.201917054929057482e-02,-1.293367043476940925e-01,1.120320964581944079e+00
-2.965042165040956967e-02,-1.087073272901363519e-01,1.118725060632267621e+00
-3.524151202091357210e-02,-1.061674028069362480e-01,1.117126994325301270e+00
-3.524151202091357210e-02,-1.061674028069362480e-01,1.117126994325301270e+00
-3.820027785579888091e-02,-1.115394211382301076e-01,1.115740117646052854e+00
-2.944575746883542136e-02,-5.297954392728613376e-02,1.114627100619102862e+00
2.484167345096224833e-03,-3.539893540271705358e-02,1.113503271601006928e+00
-6.606307186550926247e-04,-4.390516708582858918e-02,1.112601991887253172e+00
3.032882112170701833e-02,-7.727175163105892697e-02,1.111742322917085968e+00
1.320124935443256486e-02,-1.028920673847596029e-01,1.111066326035966778e+00
3.189994863329840419e-02,-1.206384063778493942e-01,1.110558006394602115e+00
4.458176489446662866e-02,-1.477730083481814116e-01,1.110276625047412091e+00
4.113633875950203217e-02,-1.164865347569686016e-01,1.110121316327591812e+00
4.746318332260448386e-02,-1.000917690382725489e-01,1.110038401769370298e+00
4.772775369013413510e-02,-6.154013793457548814e-02,1.109130019305514470e+00
7.678285092275036194e-02,-8.708314029447067339e-02,1.108587729234015384e+00
7.660381658867837507e-02,-8.204667832798535898e-02,1.108231015773185169e+00
7.482065230767573349e-02,-1.081833161159610202e-01,1.107801223744437902e+00
7.070921525854975687e-02,-6.637863690121149907e-02,1.107481178151446644e+00
1.091327859156032004e-01,-7.201153393683462633e-02,1.106884330048736098e+00
1.197802468456300867e-01,-7.128000970846276596e-02,1.106194984834024897e+00
1.307402254904901917e-01,-9.282191027896956326e-02,1.105150894511782278e+00
1.334424346287334251e-01,-1.063107437812352979e-01,1.103787974065171262e+00
1.225431543247937072e-01,-7.601805501736831616e-02,1.102176731943023347e+00
1.219275857709106459e-01,-7.806957605979487902e-02,1.100343349062869791e+00
1.054267964213256997e-01,-7.935792213178712029e-02,1.098428366611860163e+00
1.184047661393541756e-01,-6.841095132284970293e-02,1.096588744539640947e+00
1.127471972855711158e-01,-6.607891919091311850e-02,1.094785876226561872e+00
1.031984776433275408e-01,-6.477751330993881951e-02,1.093112749217540758e+00
8.114880337316777992e-02,-6.459186999027641263e-02,1.091454539652368716e+00
1.237535571949650581e-01,-5.196442340367365270e-02,1.090163802211154387e+00
1.308823323133350147e-01,-5.295737757018090935e-02,1.089044496316157407e+00
9.925754375721902723e-02,-1.025154957894531399e-02,1.088610832328670508e+00
9.973320132234327062e-02,-3.704014586140266796e-02,1.088475061383515463e+00
1.074549471850663601e-01,-3.920793101086085530e-02,1.088445550245767945e+00
9.695449448240126000e-02,-5.539652529541762294e-02,1.088531546037110997e+00
1.408009381167452667e-01,-3.367301253548307671e-02,1.088725853739277882e+00
1.766546245109752167e-01,-2.964730322863087797e-02,1.088925198529386407e+00
1.528885861995873119e-01,-1.500106634550908528e-02,1.089241259033861597e+00
1.607033064956298052e-01,2.356591790015518176e-02,1.089512059759444762e+00
1.114342275021384387e-01,1.915506318810197839e-03,1.089703035344523618e+00
1.177285677634361538e-01,-1.970401055076332827e-02,1.089942011587918369e+00
1.141134216380800537e-01,-6.339186212846431578e-02,1.090195007643436576e+00
1.145172100368971324e-01,-7.970288087476597172e-02,1.090592355487587595e+00
1.336490128286364487e-01,-8.376866907724171696e-02,1.090889425422142844e+00
1.536594514281921231e-01,-2.534452246545394055e-02,1.091166658051549110e+00
1.611133884471987188e-01,-4.503958796451938001e-03,1.091452573238971713e+00
1.595941759870570242e-01,9.691405830909564402e-04,1.091714756089410931e+00
1.853982158148922699e-01,-2.391109711520623266e-02,1.091863685736223610e+00
1.682560391296570868e-01,-6.660240447123647045e-02,1.092028463240618308e+00
1.692939043256268539e-01,-8.510831675854725609e-02,1.092149539574944317e+00
1.495657783738054136e-01,-5.648948028320187331e-02,1.092246941317517317e+00
1.791616652907864482e-01,-2.952262142547010595e-02,1.091826894081718624e+00
1.757519163755317249e-01,-1.308763538858700309e-02,1.091210350604136181e+00
1.383123427067880218e-01,-3.536199673356160006e-02,1.090499915114648166e+00
1.417034256271382520e-01,-3.720920014107550328e-02,1.089818240668752214e+00
1.385071058049820725e-01,-2.387737631740084743e-02,1.088830758326141401e+00
1.894160981905282370e-01,-5.527827612800630119e-02,1.087636809911781688e+00
1.855312340750190636e-01,-6.741937221254716561e-02,1.086421463863832315e+00
1.758802695372331804e-01,-3.497906896186709497e-02,1.084427441130371816e+00
1.758802695372331804e-01,-3.497906896186709497e-02,1.084427441130371816e+00
2.015664469012444782e-01,-5.859043721974308006e-02,1.083167631506607220e+00
2.040411695848311502e-01,-2.762724809095935471e-02,1.081737468999299567e+00
1.692682192580013956e-01,-4.228886880801843717e-02,1.079897963738167377e+00
1.619542981818420102e-01,-5.067903149389006712e-02,1.077416309399234828e+00
1.893326964309890170e-01,-9.770120000811245708e-02,1.074554715342555200e+00
2.185054817597098242e-01,-1.147394162431481096e-01,1.071166013840325837e+00
2.322842928219358838e-01,-1.232513449304492997e-01,1.067408407037410134e+00
2.389303286725594500e-01,-1.104040591717343200e-01,1.063109826017510695e+00
2.304161715816190614e-01,-1.116419566542174585e-01,1.058519838431721372e+00
2.560933351980341222e-01,-1.087940632999040563e-01,1.053296965174621347e+00
2.657402709944799990e-01,-7.732233285481510121e-02,1.047621167773908457e+00
2.772972554958263447e-01,-7.524208486321454226e-02,1.041455792420450388e+00
2.691426718102898352e-01,-6.704854610577548613e-02,1.037036941283721703e+00
2.317850518651741742e-01,-6.671861005164506087e-02,1.028679754504173482e+00
2.548046680663761943e-01,-4.252137188836219162e-02,1.020546354120024590e+00
2.359899342585828341e-01,-6.374600065358677903e-02,1.013887177607409651e+00
2.317523936709356969e-01,-5.490621619069081805e-02,1.004088919916726663e+00
2.255945657511670976e-01,-4.064430436279925507e-02,9.984626569977668176e-01
2.015459687070777217e-01,-3.042470119484361885e-02,9.933551176438227825e-01
2.095482863106407079e-01,-3.782002326830609384e-02,9.904055487135752234e-01
2.229240019938529549e-01,-3.695905289087466489e-02,9.883023581835976845e-01
1.752155105459196061e-01,-2.848816254661824116e-02,9.621795840348368323e-01
1.447007519435192235e-01,-2.065071694750868214e-02,9.446278994061999557e-01
1.641345177937005295e-01,-9.380042266375888255e-03,9.302739784601820050e-01
2.245658230854930548e-01,1.054862878338348221e-02,9.167433202765158384e-01
2.158745248847513121e-01,3.169631751279997078e-02,9.029062703906785003e-01
2.423282340598863771e-01,1.375250627196629438e-03,8.886889855695403462e-01
2.238900178337046853e-01,-2.999385046924471498e-04,8.741647294062275808e-01
2.196735855680097826e-01,1.779783235784554440e-02,8.591246505931426913e-01
1.962019973394094341e-01,1.701682988780487890e-02,8.435143611417262877e-01
1.876946372426399334e-01,6.068012996692630570e-03,8.273832204898259324e-01
1.701715369609356487e-01,5.565511970529752467e-04,8.107579970378282486e-01
1.815235781954656069e-01,-1.645140586844566662e-03,7.938095325168902372e-01
1.999093012571900585e-01,-2.736119078949034514e-02,7.760870288429025932e-01
1.408263073085536665e-01,-1.106004846479547409e-02,7.578204232086853676e-01
1.444344055154172246e-01,-1.074119963066006052e-02,7.393169787832432061e-01
1.625444804959046696e-01,3.984376979150038023e-02,7.200941877459459128e-01
1.193811867306408397e-01,5.444083021142637202e-02,7.003372682331610033e-01
7.972440548771267399e-02,4.809734063069295851e-02,6.798695041673457062e-01
6.058606045128846901e-02,-9.373145552497578331e-03,6.419901567478030202e-01
6.058606045128846901e-02,-9.373145552497578331e-03,6.419901567478030202e-01
7.060792517064240492e-02,-3.433077343911892110e-03,6.171798807558630529e-01
9.400204578455587101e-02,4.153011266723514658e-03,5.936749609084588375e-01
1.264703229785073546e-01,-5.254789492158984734e-03,5.701451833260351432e-01
1.616121416222532359e-01,-9.566452006714128847e-03,5.463459764957945275e-01
1.332583550593413602e-01,1.062164453882384792e-02,5.220786607959284620e-01
1.560873659298292193e-01,-5.084410636399191302e-03,4.971326845576497511e-01
1.347218958447929660e-01,8.903908637966067435e-03,4.715580867166043744e-01
1.657316386944133746e-01,3.186349549497327627e-02,4.454017580370888130e-01
1.706131800927518927e-01,1.113784090401205226e-02,4.185022045272344116e-01
1.519721444564962332e-01,-2.260286417599719974e-02,3.909061571468611662e-01
1.809674304807100398e-01,-4.308971197318325203e-02,3.627135575566329262e-01
1.912319220520836416e-01,-2.449274064432190035e-03,3.337673216794678210e-01
1.710102719282184935e-01,-2.712925661930654098e-02,3.042570113457385705e-01
1.803343973569422054e-01,-9.056382716858374718e-03,2.740967386429213337e-01
2.157382595171387085e-01,-5.705392000808702513e-02,2.430967080730658259e-01
2.490158222514574637e-01,-4.463565665026814067e-02,2.115758328575373937e-01
2.525097768350065830e-01,-3.857034730170900289e-02,1.796727519595514300e-01
2.065611694952316779e-01,-2.910075899452619491e-02,1.470746647230925797e-01
