-1.914399311524657768e-02,6.920557111216016355e-02,7.661210598803464000e-02
-2.274884268145781208e-02,6.406936305768773376e-02,5.352716121094519552e-02
-2.365196020861633566e-02,4.767205632690001832e-02,2.818038192301167144e-02
-2.365196020861633566e-02,4.767205632690001832e-02,2.818038192301167144e-02
-5.505149473562537255e-02,5.716861888430636168e-02,2.049055730895293220e-02
-9.522097493619210984e-02,6.339448567661495892e-02,5.130133463233477187e-02
-1.749175604291194619e-01,8.209849748465600228e-02,1.407871864589603783e-01
-3.334829534054035705e-01,1.043196582108756321e-01,2.255311714478384633e-01
-4.424945693467135510e-01,9.483548001607421118e-02,2.881055166252015076e-01
-5.506416938208841261e-01,6.606968899261836392e-02,3.222966953523783151e-01
-5.506416938208841261e-01,6.606968899261836392e-02,3.222966953523783151e-01
-7.316274852770234816e-01,-3.208431721926637004e-02,3.868597836881275120e-01
-8.450275177214241484e-01,-1.171305874676602521e-01,4.142760584594378237e-01
-1.014042159133536236e+00,-2.791061305888544730e-01,4.435616286604189829e-01
-1.088041409183955865e+00,-4.302140617646196263e-01,4.642923081529898299e-01
-1.164897564196406332e+00,-6.206960331133644093e-01,4.917987541604278978e-01
-1.170155591053421595e+00,-7.859000441281107641e-01,5.241186528254312416e-01
-1.161748120917291960e+00,-9.423668036822716587e-01,5.149987060312143372e-01
-1.168666148641092306e+00,-1.003617780340300580e+00,5.274509733957184476e-01
-1.106306906117475508e+00,-1.186142788064586062e+00,5.253146290752788161e-01
-9.808816018415288385e-01,-1.399456716062980277e+00,5.468262253352002000e-01
-8.281791167854041236e-01,-1.542979727495092046e+00,5.530867943542349119e-01
-6.223322492723751820e-01,-1.614181750807113236e+00,5.859025734712391964e-01
-4.164321806403516457e-01,-1.621399554731463466e+00,6.450198684648295044e-01
-1.880381991949365839e-01,-1.565603459350481952e+00,7.290893893667096393e-01
6.289164401093974566e-02,-1.528271379999499358e+00,7.627547372823534344e-01
2.449809088389784673e-01,-1.416992577428354050e+00,8.323610429746517436e-01
4.186801749242713422e-01,-1.245861992194195134e+00,9.001860511921297991e-01
5.466151884377938863e-01,-1.098730755688522631e+00,9.505279060228785104e-01
6.534691248815516218e-01,-9.534126928451467364e-01,9.531970566881632356e-01
7.173512085497230073e-01,-7.669703830638393560e-01,9.410387919755665020e-01
7.519184171951506235e-01,-6.268899142148053327e-01,9.301014330185816137e-01
7.609265058545091609e-01,-4.992233703386442789e-01,8.956153117970804267e-01
7.522376692584129554e-01,-3.526057307853389666e-01,8.469254287398508829e-01
7.284540884379763215e-01,-2.627444547952088039e-01,8.165596414246490964e-01
6.934005617603100635e-01,-1.704823351653742269e-01,7.318879577747928744e-01
6.393049836822657372e-01,-9.447504593462451028e-02,6.661813434370510434e-01
5.962018390254596456e-01,-6.182481588621908941e-02,6.255823586057066565e-01
5.567305810026557111e-01,-5.275412275363131065e-02,5.933495261832107959e-01
4.938710568134312417e-01,-6.371873051408485922e-02,5.396714758319666183e-01
4.530390717010092660e-01,-8.845328876931689288e-02,5.065829115015408890e-01
4.530390717010092660e-01,-8.845328876931689288e-02,5.065829115015408890e-01
4.030679538272823881e-01,-1.450580771232657384e-01,4.711216446039918626e-01
3.813598549898921664e-01,-1.945122728900642861e-01,4.485210458587539639e-01
3.587771270319348171e-01,-2.335917651849671040e-01,4.323768690552323157e-01
3.338303693097987579e-01,-2.831703097787492407e-01,3.910557203825180128e-01
3.083929107124478430e-01,-3.545332763927036557e-01,3.402748120187939485e-01
3.083929107124478430e-01,-3.545332763927036557e-01,3.402748120187939485e-01
3.013446681253831860e-01,-4.154358045603754324e-01,2.821917879330272383e-01
2.995003543029035598e-01,-4.814427959084820463e-01,1.838098037737933010e-01
3.189740123224484303e-01,-4.952706700062631251e-01,1.236778420622340058e-01
3.297185990812544487e-01,-5.159640233596062275e-01,8.391138703421112399e-02
3.455599689655772244e-01,-5.218092111122765164e-01,3.266406649656136002e-02
3.794571777463852658e-01,-5.134857734850039046e-01,-6.384707733341626890e-04
3.794571777463852658e-01,-5.134857734850039046e-01,-6.384707733341626890e-04
4.031175942820374170e-01,-4.981189924989155027e-01,-2.501943437005151732e-02
4.298339804512599227e-01,-4.968261382831493655e-01,-6.199844835038151314e-02
4.676506832427241300e-01,-4.675293143077736135e-01,-1.016481249285329236e-01
4.959940367764514302e-01,-4.425114520961476172e-01,-1.311229494295971243e-01
5.208467698984783345e-01,-4.202405329676142109e-01,-1.431123217538430303e-01
5.826390053418943893e-01,-3.656621696257119081e-01,-2.624244673788564963e-01
5.826390053418943893e-01,-3.656621696257119081e-01,-2.624244673788564963e-01
6.419463832958650640e-01,-3.067495682536284796e-01,-4.058442845283192213e-01
6.601261644997833411e-01,-2.832532566051025325e-01,-4.877788478486855817e-01
6.601261644997833411e-01,-2.832532566051025325e-01,-4.877788478486855817e-01
6.644906858303362140e-01,-2.650291684405498005e-01,-5.100844583587333947e-01
7.000781802392967990e-01,-2.274234128418097522e-01,-6.179267792191822650e-01
7.221639452673432880e-01,-1.971589086942723557e-01,-7.119999537497335718e-01
7.385902141697667789e-01,-1.808567794114463723e-01,-7.635046959127589350e-01
7.557693726973986337e-01,-1.503687451719444290e-01,-8.136601429176316680e-01
7.561635902641012930e-01,-1.419576858151850862e-01,-8.397272396816685136e-01
7.634469358120983262e-01,-1.086625517939721203e-01,-8.776166333692865251e-01
7.601890586207565859e-01,-1.007943484930343969e-01,-9.018121919956441079e-01
7.554767378002511524e-01,-8.389287639260854801e-02,-9.248558116749024949e-01
7.554767378002511524e-01,-8.389287639260854801e-02,-9.248558116749024949e-01
7.523061413853266988e-01,-6.680843278436883470e-02,-9.477999021028101767e-01
7.538326768589433957e-01,-7.022528436261737950e-02,-9.733455246488494916e-01
7.610876711469113376e-01,-6.286385275971843878e-02,-9.789289753315676412e-01
7.603062895169808710e-01,-4.859833066799147672e-02,-9.851555919652672522e-01
7.802067092840518914e-01,-4.215019405969736704e-02,-9.992244528451054153e-01
7.812101368601286344e-01,-3.528719324806687402e-02,-1.009859859435089380e+00
7.812101368601286344e-01,-3.528719324806687402e-02,-1.009859859435089380e+00
7.691664428455839975e-01,-4.652217998679435140e-02,-9.984291394641976458e-01
7.729093287044789262e-01,-4.513040135568825717e-02,-1.015579182975615335e+00
7.769596520751563817e-01,-4.398066338501289974e-02,-1.022632465448422900e+00
7.336945214611670929e-01,-6.430982703559412483e-02,-1.035528444401451642e+00
7.768476205205473439e-01,-5.101333351495433710e-02,-1.044687126426651513e+00
7.791779634708950741e-01,-6.855670773493831305e-02,-1.065624689040153061e+00
8.128001086219900362e-01,-9.554805884915584802e-02,-1.082605642145648916e+00
8.128001086219900362e-01,-9.554805884915584802e-02,-1.082605642145648916e+00
8.048791774925276865e-01,-1.095116185640853251e-01,-1.097482146605300857e+00
8.064910256371325969e-01,-1.001647191393674752e-01,-1.100244448117049467e+00
8.281753816989163575e-01,-7.633495380741853187e-02,-1.105790758642804184e+00
8.284362327838061812e-01,-8.566452822372778997e-02,-1.103666284651099394e+00
8.051438958991641304e-01,-7.971528138490882598e-02,-1.100344796095153121e+00
8.051438958991641304e-01,-7.971528138490882598e-02,-1.100344796095153121e+00
8.361487260741122807e-01,-5.522308079804291725e-03,-1.054987274593836677e+00
8.413634363416503392e-01,7.370358595123797929e-03,-1.028258401364136043e+00
8.539808657020211413e-01,4.822736599818695791e-03,-1.002736639254700801e+00
8.694718986908139824e-01,2.193543339233509221e-02,-9.780583645047523644e-01
8.884329529776241463e-01,2.340716427720843096e-02,-9.481777198100752591e-01
8.900644318423326373e-01,2.014360383733649826e-02,-9.213781964412729453e-01
9.281108785853656729e-01,1.684501445134814826e-02,-8.740851375012608226e-01
9.361186870264075477e-01,1.665837171838822905e-02,-8.531573135988728129e-01
9.673245787582185340e-01,8.283229538220757485e-03,-8.196902941467709702e-01
9.673245787582185340e-01,8.283229538220757485e-03,-8.196902941467709702e-01
9.893642125104755713e-01,-3.152283109518343694e-03,-7.795917303799630993e-01
9.892581533968293206e-01,-2.100012233856150823e-02,-7.413209202996194902e-01
9.892581533968293206e-01,-2.100012233856150823e-02,-7.413209202996194902e-01
9.889734854318924517e-01,-3.682608441304106861e-02,-7.086740421198735040e-01
9.933040523874612227e-01,-1.181348707817114208e-01,-5.728284213702057315e-01
9.933040523874612227e-01,-1.181348707817114208e-01,-5.728284213702057315e-01
9.933040523874612227e-01,-1.181348707817114208e-01,-5.728284213702057315e-01
9.797093544418831179e-01,-1.483186459136822954e-01,-4.980940636292764956e-01
9.643137179727520047e-01,-1.945706288428127595e-01,-3.413474613459894780e-01
9.517566201747947874e-01,-2.117433795512846662e-01,-2.722817220507765534e-01
9.517566201747947874e-01,-2.117433795512846662e-01,-2.722817220507765534e-01
9.488427757183026667e-01,-2.227920076641095315e-01,-1.798036161408896882e-01
9.390625792177622611e-01,-2.353042555170018479e-01,-1.180355393490819249e-01
9.299450001000529875e-01,-2.369407658040856290e-01,-6.239211662628691563e-02
9.375448591184818437e-01,-2.386627073573267255e-01,2.302879992601049308e-02
9.269521733146321996e-01,-2.296164384988364504e-01,6.300641967031815616e-02
9.263723926234054273e-01,-2.220840355151229295e-01,1.062698774704331911e-01
9.142354777461763060e-01,-2.073400042079008854e-01,1.707749188569718246e-01
9.119858919361265581e-01,-1.925011441215563335e-01,2.116195230170319352e-01
9.325481897220226912e-01,-1.819685873475312687e-01,2.464615954340880766e-01
9.316112170498699330e-01,-1.547558027471699904e-01,2.979108521525315467e-01
9.334086890904916833e-01,-1.485531720171824333e-01,3.314140728680337600e-01
9.491236783160309498e-01,-1.268579002641825049e-01,4.115831566596699909e-01
9.491236783160309498e-01,-1.268579002641825049e-01,4.115831566596699909e-01
9.487339529209414257e-01,-1.192998348490342531e-01,4.487134155351790166e-01
9.480436089551205203e-01,-1.161296991585696742e-01,4.777147680376019889e-01
9.561509201948619197e-01,-1.139069380102118723e-01,5.113115714027727243e-01
9.498798734774236419e-01,-1.149415843337908971e-01,5.290298158718430566e-01
9.424628276629387624e-01,-1.172410956349617533e-01,5.685467626317075585e-01
9.284929855067175497e-01,-1.168891416642188208e-01,6.137096588353803117e-01
9.309947574772537982e-01,-1.227559552714783953e-01,6.482383738876654755e-01
9.210712252311491488e-01,-1.242490934314073592e-01,6.793411917232919928e-01
8.850099133236805082e-01,-1.397115346447329598e-01,7.644213534881274530e-01
8.673140064807165484e-01,-1.432950369465331997e-01,8.049489107011158495e-01
8.673140064807165484e-01,-1.432950369465331997e-01,8.049489107011158495e-01
8.503152081160397779e-01,-1.468835952348032936e-01,8.573705846126896679e-01
8.403918164947583591e-01,-1.468762228367813116e-01,8.741202548426615371e-01
8.171112469972757753e-01,-1.491276731200170680e-01,9.442916575191035999e-01
7.908216552252255171e-01,-1.359331360998365656e-01,9.998712599198079642e-01
7.797493990575282696e-01,-1.227273849200515576e-01,1.022318004619167109e+00
7.752010487196663302e-01,-1.189364302553681668e-01,1.028905340486110154e+00
7.752010487196663302e-01,-1.189364302553681668e-01,1.028905340486110154e+00
7.552295663009361837e-01,-9.779976062332729203e-02,1.019825921751534192e+00
7.573271020539702469e-01,-9.951810090652354890e-02,1.010447196084613530e+00
7.554791028161973454e-01,-8.786765597607867906e-02,1.027998390726574840e+00
7.568900502396482821e-01,-8.353308683744349594e-02,1.027277907778835431e+00
7.603355982898227783e-01,-6.706947292488862900e-02,1.039737461013710451e+00
7.603355982898227783e-01,-6.706947292488862900e-02,1.039737461013710451e+00
7.693687139017807430e-01,-5.638572060094203253e-02,1.063752978776405511e+00
7.769510800670333950e-01,-4.742396911958571271e-02,1.072356883518912118e+00
7.769510800670333950e-01,-4.742396911958571271e-02,1.072356883518912118e+00
7.821006448315380721e-01,-5.070425904686554769e-02,1.045582206719553486e+00
7.838398626409113223e-01,-4.721266930554651048e-02,1.034830292563885479e+00
7.897634736560087410e-01,-4.686898171767828192e-02,1.007586569460840797e+00
7.918245637769565359e-01,-4.839670583646663027e-02,9.918417759962665503e-01
7.940716922771405839e-01,-4.587913399786104629e-02,9.659480432758998925e-01
7.934919123321478862e-01,-5.044827170134555394e-02,9.452423726381011804e-01
7.984788857874871582e-01,-5.051135212518131218e-02,9.297438928177780282e-01
7.975861155209373887e-01,-4.966249663964512895e-02,9.152637774503016299e-01
7.961326284681915499e-01,-4.456216290060331653e-02,8.984899538397634888e-01
7.994837007275574781e-01,-3.188071820447900551e-02,8.732052965910607201e-01
8.035930321421794753e-01,-3.218122787517579964e-02,8.673333157024083473e-01
8.035930321421794753e-01,-3.218122787517579964e-02,8.673333157024083473e-01
8.074846799161956579e-01,-2.623344333750386032e-02,8.584202617874998609e-01
8.059772775309723691e-01,-2.343678639695377652e-02,8.261701019391388678e-01
8.201838110115591274e-01,-1.706757284811814823e-02,7.865127569355917503e-01
8.251412963943937084e-01,-1.265023792635740912e-02,7.528112418582425525e-01
8.295529829775560859e-01,-4.333389866425556292e-03,6.956410066795966074e-01
8.295529829775560859e-01,-4.333389866425556292e-03,6.956410066795966074e-01
8.317591545590069524e-01,-2.008382497184546533e-03,6.332529025126216737e-01
8.351439098406665540e-01,6.065315306668782325e-03,5.820752746554627155e-01
8.362679519124435190e-01,2.292111681613705904e-03,5.447671885478135856e-01
8.358889884988484065e-01,5.492804818577230741e-03,5.270863953160815907e-01
8.441150793625979976e-01,1.040695029034365005e-02,4.706038006423601816e-01
8.475989131717828196e-01,5.394266279102912648e-03,4.232490123956186845e-01
8.503660652032309919e-01,5.149256920556621875e-03,3.689393519781768438e-01
8.596370705679117208e-01,1.287696864833219948e-02,3.061171248463144812e-01
8.612614211283682319e-01,1.077065704549267505e-02,2.372911439612835627e-01
8.674382355497836095e-01,8.480835576964915884e-03,1.893724746120916125e-01
8.741220444300521475e-01,1.323674006701028999e-02,1.342423996227352923e-01
8.799479314321020373e-01,6.991313926641085780e-03,9.312086869129176936e-02
8.883495061910614554e-01,9.714629504456898795e-03,5.258861119045803167e-02
8.912403955827074009e-01,1.117507221137547732e-02,-5.896561527782302053e-03
9.074061098297759864e-01,1.572339395396578007e-02,-9.396041623901012219e-02
9.074061098297759864e-01,1.572339395396578007e-02,-9.396041623901012219e-02
9.109581697177294712e-01,2.417737105627422098e-02,-1.556330148948861236e-01
9.146644037543513184e-01,2.102112988540640048e-02,-1.986799345469959510e-01
9.115088947532773433e-01,2.208586835108653987e-02,-2.439164643767756380e-01
9.233688228110833451e-01,2.789735550816750329e-02,-2.928534215647432548e-01
9.243599839104387206e-01,2.217609756549825117e-02,-3.348343515112895963e-01
9.228522863416080968e-01,2.168935843189277041e-02,-3.959558125301811393e-01
9.215922793811959224e-01,2.554983160229225281e-02,-4.423567999224174430e-01
9.201244830423043197e-01,2.035353728347931435e-02,-5.178049795731338723e-01
9.201244830423043197e-01,2.035353728347931435e-02,-5.178049795731338723e-01
9.101643344586064499e-01,2.988829660407509720e-02,-5.538369752431993032e-01
9.148672704772961017e-01,3.091504169905805177e-02,-5.808104349268575772e-01
9.174316766512812249e-01,3.386511962799040876e-02,-6.149667171092874085e-01
9.189375834068163051e-01,4.310919098467035082e-02,-6.581920368847936631e-01
9.204450834019213268e-01,3.810099531161039582e-02,-7.067646395087990863e-01
9.341494553568036041e-01,3.578967436291478205e-02,-7.429352374454633035e-01
9.298162403565406464e-01,4.314468845252759921e-02,-7.775698870263951790e-01
9.298162403565406464e-01,4.314468845252759921e-02,-7.775698870263951790e-01
9.387256149613184553e-01,4.361848268554799346e-02,-8.381421396161649051e-01
9.439432630767775612e-01,4.951514518396962078e-02,-8.773276662717196528e-01
9.340928218178072839e-01,3.956842576211219709e-02,-9.205717468789487157e-01
9.294911376154264548e-01,3.996836771457819987e-02,-9.513134260906276340e-01
9.336855688833360922e-01,4.445285007768511043e-02,-9.874103387886027372e-01
9.245623787643583169e-01,2.460229281611668942e-02,-1.051011877457106225e+00
9.245623787643583169e-01,2.460229281611668942e-02,-1.051011877457106225e+00
9.933731297925844084e-01,1.885263933864613547e-03,-1.069517245160095609e+00
9.947849146200548054e-01,-6.548201988821368558e-03,-1.087520614509252415e+00
9.824828336603514956e-01,-2.051195168255897511e-03,-1.090269386897910975e+00
9.813448740168476681e-01,-2.290511039580732378e-02,-1.086250674475182310e+00
9.752560503593785679e-01,-2.733674856880922294e-02,-1.087340276619925383e+00
9.752560503593785679e-01,-2.733674856880922294e-02,-1.087340276619925383e+00
9.702212218047394643e-01,-2.882326571796150691e-02,-1.084370507895783708e+00
9.627421443204089435e-01,-4.487835930446028299e-02,-1.081678007446469580e+00
9.541322133867701227e-01,-6.221431432244235032e-02,-1.088251993672592510e+00
9.595451838536633860e-01,-6.079202954973840500e-02,-1.073101419190609418e+00
9.944862889940239148e-01,-7.767598449615442657e-02,-1.037496638809841665e+00
1.018741678263715311e+00,-1.045477410146393171e-01,-9.851846997486615187e-01
1.018457522175789665e+00,-1.028316446637220355e-01,-9.804596422658196087e-01
9.917124411739012269e-01,-1.133040103418495315e-01,-9.694470835314300539e-01
1.012097066421099534e+00,-1.210116932882753515e-01,-9.522963601745045858e-01
1.007039454822336033e+00,-1.295757426142200297e-01,-9.282583306096519049e-01
1.001340820439957868e+00,-1.303750397671369632e-01,-9.102086822910545605e-01
9.959804087894944535e-01,-1.281257073966495796e-01,-8.583649968828243049e-01
9.999771428619458336e-01,-1.375477917912026615e-01,-8.126977723782702334e-01
9.884055780484931608e-01,-1.431279799630206517e-01,-7.487049505269207650e-01
9.878999007491362505e-01,-1.433802826581460077e-01,-7.457773274353209914e-01
9.913904328466026650e-01,-1.562494075136685034e-01,-7.068920000308699381e-01
9.852562886892480831e-01,-1.689656024870393458e-01,-6.658055258696072842e-01
9.857842367086663282e-01,-1.732821842505888610e-01,-6.294215421118665166e-01
9.845373375766142132e-01,-1.805482140266925495e-01,-5.557269674855460639e-01
9.949125309826611918e-01,-1.925875764611999774e-01,-5.259123761662225505e-01
9.931607599086174076e-01,-1.967319898397937306e-01,-4.755675147426744465e-01
1.006902386493108814e+00,-2.132186818035842479e-01,-3.852876362554877865e-01
9.955703827086223034e-01,-2.123298606659524412e-01,-3.463281291735505474e-01
1.016241148885962398e+00,-2.224364382429516174e-01,-2.989698199979833326e-01
1.009380233396579118e+00,-2.104111198736363653e-01,-2.436423929327398985e-01
1.016962769990617188e+00,-2.156914668014611736e-01,-1.414081644430383033e-01
1.016962769990617188e+00,-2.156914668014611736e-01,-1.414081644430383033e-01
1.023832329328705715e+00,-2.120999700491006945e-01,-1.174932571858374880e-01
1.023832329328705715e+00,-2.120999700491006945e-01,-1.174932571858374880e-01
1.032996834423122845e+00,-2.135373391103973506e-01,-5.289161551307723641e-02
1.026459092879621338e+00,-2.228042429254486201e-01,-1.788426904038587992e-02
1.034664789944319541e+00,-2.301772018348633153e-01,4.373937613380649014e-02
1.033747242945067146e+00,-2.357406796048808761e-01,9.073662344836883054e-02
1.014249856116735682e+00,-2.304931421178873230e-01,1.408697777854353017e-01
1.027298447691298966e+00,-2.446885107031166462e-01,1.824069402203878365e-01
1.002303261964216929e+00,-2.493859333305480375e-01,2.352912726798314091e-01
1.002303261964216929e+00,-2.493859333305480375e-01,2.352912726798314091e-01
9.802287141006076343e-01,-2.512344071049811833e-01,3.095752691342039675e-01
9.802287141006076343e-01,-2.512344071049811833e-01,3.095752691342039675e-01
9.668590281872527781e-01,-2.579877626819660486e-01,3.523416345715195130e-01
9.568847560870225033e-01,-2.572162706912277663e-01,3.989278537077782238e-01
9.493841777729061793e-01,-2.501812184315404530e-01,4.625122581396600707e-01
9.449823908212554580e-01,-2.394980856605119224e-01,5.398939362048015278e-01
9.480726509787621437e-01,-2.236927603359190331e-01,5.966349938656244634e-01
9.480726509787621437e-01,-2.236927603359190331e-01,5.966349938656244634e-01
9.349192762230464915e-01,-2.072619178806285323e-01,6.694034199422547182e-01
9.326382866330610311e-01,-2.023508698121547766e-01,6.907456014170436642e-01
9.263152276807334884e-01,-1.947126880727955422e-01,7.024015325338497373e-01
9.203173715351465889e-01,-1.878654669871137051e-01,7.276840015701838693e-01
9.123420645396121964e-01,-1.796511905561177513e-01,7.455569176500812523e-01
9.123420645396121964e-01,-1.796511905561177513e-01,7.455569176500812523e-01
9.053889138032895634e-01,-1.594417021050754391e-01,8.128453566950065712e-01
8.954570616545927120e-01,-1.431862521491829021e-01,8.415430203714472368e-01
8.954570616545927120e-01,-1.431862521491829021e-01,8.415430203714472368e-01
8.906645356016880122e-01,-1.338662156602422604e-01,8.720154993727027293e-01
8.890598270153395877e-01,-1.290099776159853717e-01,9.092224538371831422e-01
8.821649677726246530e-01,-1.208463503343500112e-01,9.615084514667451288e-01
8.834263601202709815e-01,-1.167530162135440586e-01,9.721468489381807077e-01
8.787484397838110084e-01,-1.102223994443971289e-01,1.000951523111888619e+00
8.689178085526083617e-01,-1.017269713764972078e-01,1.035857239930043860e+00
8.689178085526083617e-01,-1.017269713764972078e-01,1.035857239930043860e+00
8.673887032787381823e-01,-1.019837831512105664e-01,1.038970063355740603e+00
8.589072410345084396e-01,-9.893421254162129697e-02,1.042917164723109025e+00
8.520318784879534757e-01,-8.952833876716574657e-02,1.078269134525169370e+00
8.520318784879534757e-01,-8.952833876716574657e-02,1.078269134525169370e+00
8.382099755540298736e-01,-7.423257234770902491e-02,1.053504276048994326e+00
8.354900319257990704e-01,-7.138744653291730080e-02,1.059041726657013127e+00
8.290311959860442448e-01,-6.467402662316928952e-02,1.054620090996112092e+00
8.328350461715112729e-01,-5.434018535263294980e-02,1.042879382188784732e+00
8.310050194976870142e-01,-4.860102289838927336e-02,1.036025727487249526e+00
8.245830769859854303e-01,-4.357809372556815247e-02,1.018517246621812866e+00
8.291650362671370011e-01,-3.877690730616017295e-02,1.013969528140881815e+00
8.255199081299000596e-01,-1.576261077074710831e-02,9.547989998287731428e-01
8.255199081299000596e-01,-1.576261077074710831e-02,9.547989998287731428e-01
8.324125807616679085e-01,-1.734009972800342608e-02,9.275131104441456387e-01
8.358846124597416605e-01,-9.994581189155860024e-03,9.023365601210410203e-01
8.358846124597416605e-01,-9.994581189155860024e-03,9.023365601210410203e-01
8.350993095034483504e-01,-4.454199164339679717e-03,8.827069507194321707e-01
8.398394179204361487e-01,8.861449041107409552e-03,8.536853342696052449e-01
8.473807782035769343e-01,2.294194395024919814e-02,7.624486930895857384e-01
8.532209009940678879e-01,2.983876239080539283e-02,7.296928618990520254e-01
8.532209009940678879e-01,2.983876239080539283e-02,7.296928618990520254e-01
8.710789879157483373e-01,4.569798943822593607e-02,6.691316428179331366e-01
8.710789879157483373e-01,4.569798943822593607e-02,6.691316428179331366e-01
8.741792345471275372e-01,5.018608039927716785e-02,6.378025902349999665e-01
8.807578026049657227e-01,5.007038449935263813e-02,6.052242609113014371e-01
8.878251786866717676e-01,6.247662079780407635e-02,5.621764014255687947e-01
8.974633869500039385e-01,6.070475197966531539e-02,5.158844042574991517e-01
9.043513482623186661e-01,6.540331020951439811e-02,4.682741157455406755e-01
9.043513482623186661e-01,6.540331020951439811e-02,4.682741157455406755e-01
9.078724018033291765e-01,6.703803557603549290e-02,4.090028824667522045e-01
9.307684855847030425e-01,8.049523187093904353e-02,3.248663871279207083e-01
9.391883640262060906e-01,8.925008025208217011e-02,2.912462858837508439e-01
9.445253421489938628e-01,9.198218193272143794e-02,2.398530498211404738e-01
9.528652768325592826e-01,9.075046520430898878e-02,2.003526758940115948e-01
9.528652768325592826e-01,9.075046520430898878e-02,2.003526758940115948e-01
9.647824888639648933e-01,8.877992308651871944e-02,1.188628415659786774e-01
9.793669285134377622e-01,8.929941020012860387e-02,3.302700560549773345e-02
9.793669285134377622e-01,8.929941020012860387e-02,3.302700560549773345e-02
9.935052642372236287e-01,8.667005988868749233e-02,-5.381403230540415805e-02
9.981813795689279400e-01,8.461063301014745686e-02,-1.010740399761145547e-01
1.005053180909483368e+00,8.221971370429931314e-02,-1.634504566888665411e-01
1.005053180909483368e+00,8.221971370429931314e-02,-1.634504566888665411e-01
1.015299481710495888e+00,7.728498182690918261e-02,-2.793979807175469565e-01
1.013026441597888239e+00,8.282964104764242719e-02,-3.440471032100708149e-01
1.026889494126067781e+00,7.850541872584942960e-02,-3.931748990206341832e-01
1.027765614880313150e+00,7.937996601844315991e-02,-4.253940294544130141e-01
1.033452179738622911e+00,7.127402603934551717e-02,-5.097523657010961662e-01
1.033452179738622911e+00,7.127402603934551717e-02,-5.097523657010961662e-01
1.050619288947732377e+00,6.801532664709242226e-02,-6.109549142605418259e-01
1.042467277384369506e+00,6.487486675273923531e-02,-6.955902320586448973e-01
1.045814336742060480e+00,5.481131937654090680e-02,-7.249584107139259714e-01
1.045814336742060480e+00,5.481131937654090680e-02,-7.249584107139259714e-01
1.056415827931823870e+00,5.223167542337184277e-02,-7.549651290300419815e-01
1.056415827931823870e+00,5.223167542337184277e-02,-7.549651290300419815e-01
1.072825827018045519e+00,5.470112478589311128e-02,-8.071933650221703171e-01
1.072825827018045519e+00,5.470112478589311128e-02,-8.071933650221703171e-01
1.092436719328123473e+00,7.040051792758074412e-02,-8.494710517086578871e-01
1.106417062232689430e+00,5.897422321993793515e-02,-8.745834238902635560e-01
1.104398180945203700e+00,6.200703537635368634e-02,-9.065638445114450050e-01
1.104398180945203700e+00,6.200703537635368634e-02,-9.065638445114450050e-01
1.137614068856390270e+00,5.399240765957923766e-02,-9.913383120935640447e-01
1.138426986552658837e+00,5.609353970611652418e-02,-1.014452578140569772e+00
1.149612993064095701e+00,4.048537226202938294e-02,-1.036182942473855562e+00
1.149612993064095701e+00,4.048537226202938294e-02,-1.036182942473855562e+00
1.122833494857719661e+00,4.566544091854959908e-02,-1.081179462140556158e+00
1.104158137678968199e+00,4.372532486363096826e-02,-1.106323982005521289e+00
1.124188832655572901e+00,2.534885864658838889e-02,-1.098980791771337673e+00
1.137586943070806322e+00,2.282466301355695962e-02,-1.103777230775872864e+00
1.137586943070806322e+00,2.282466301355695962e-02,-1.103777230775872864e+00
1.143916399248303462e+00,1.619641135557686393e-02,-1.100560354877670788e+00
1.143916399248303462e+00,1.619641135557686393e-02,-1.100560354877670788e+00
1.135627042214270910e+00,1.129000828163428082e-02,-1.099205886223119766e+00
1.135841878031035534e+00,7.340556116117041147e-03,-1.100926009202403133e+00
1.132479437513266518e+00,1.247119947368444809e-02,-1.106877854221991697e+00
1.132479437513266518e+00,1.247119947368444809e-02,-1.106877854221991697e+00
1.135559816261937804e+00,4.159458567128723749e-03,-1.110398965771997482e+00
1.158717754158167246e+00,1.303236643078926893e-02,-1.060929361681355987e+00
1.158717754158167246e+00,1.303236643078926893e-02,-1.060929361681355987e+00
1.165879558008152905e+00,2.144645516915232031e-02,-1.036086793723536958e+00
1.179804474557589744e+00,1.553117207192602350e-02,-1.018360021588364139e+00
1.182544063689897840e+00,2.174415742806918433e-02,-9.988397672625703994e-01
1.185675352684766537e+00,2.051578033992348254e-02,-9.522945868392189706e-01
1.176926413584699738e+00,1.999050678450733573e-02,-9.149724525853287771e-01
1.176926413584699738e+00,1.999050678450733573e-02,-9.149724525853287771e-01
1.170401624535648555e+00,-2.710103215692635098e-02,-8.732931185581097600e-01
1.170401624535648555e+00,-2.710103215692635098e-02,-8.732931185581097600e-01
1.191260251832573669e+00,-7.500954735026957310e-02,-7.528218383292053506e-01
1.178607751418539351e+00,-8.980430954802601229e-02,-7.375223643876835933e-01
1.187572687487609802e+00,-1.433556251282418759e-01,-6.368573317431115433e-01
1.191547032099868897e+00,-1.788916428560032301e-01,-5.642037177403549375e-01
1.191547032099868897e+00,-1.788916428560032301e-01,-5.642037177403549375e-01
1.172664464695464259e+00,-1.820546322086926405e-01,-5.295192991781187963e-01
1.154075128996352451e+00,-2.090085599127226856e-01,-4.779338460215519779e-01
1.139080841397863475e+00,-2.421391648817151354e-01,-3.953732768281263410e-01
1.139080841397863475e+00,-2.421391648817151354e-01,-3.953732768281263410e-01
1.131386215357614411e+00,-2.662161184298289518e-01,-2.930136555670547205e-01
1.131386215357614411e+00,-2.662161184298289518e-01,-2.930136555670547205e-01
1.122991944355858251e+00,-2.952268237994052358e-01,-2.018701293366833849e-01
1.122930595947464028e+00,-3.044564742653653178e-01,-1.831010012219081995e-01
1.122930595947464028e+00,-3.044564742653653178e-01,-1.831010012219081995e-01
1.128028817324246091e+00,-3.230306274570640679e-01,-1.242474228650058132e-01
1.125847264548009985e+00,-3.328950726911715230e-01,-5.844313462336675480e-02
1.125847264548009985e+00,-3.328950726911715230e-01,-5.844313462336675480e-02
1.122495543352041159e+00,-3.384379518296672384e-01,-5.205882663142091804e-04
1.108490359268232028e+00,-3.360469472845963312e-01,4.165980744493320148e-02
1.086268090141883746e+00,-3.197825406092776879e-01,8.968848858581029981e-02
1.073069783501839458e+00,-3.243166464825633644e-01,1.241997145174449924e-01
1.075559679350847286e+00,-3.270335815581963956e-01,1.609994598612746464e-01
1.056443993082011534e+00,-3.063884274896516713e-01,2.233093638693834926e-01
1.033938418721700669e+00,-2.988935514903678370e-01,2.361830794906832065e-01
1.002775834230316132e+00,-2.622284955382819249e-01,3.130016749176304791e-01
1.002775834230316132e+00,-2.622284955382819249e-01,3.130016749176304791e-01
9.871244672123300479e-01,-2.426021950638699576e-01,3.673392995667494332e-01
9.677300240133965836e-01,-2.281046266609356443e-01,4.120882475685960222e-01
9.594300214768540780e-01,-2.033154700748929788e-01,4.772073741628494736e-01
9.430472175848386707e-01,-1.985239396585534721e-01,5.197162742000256408e-01
9.065860376952172839e-01,-1.662988283407939583e-01,5.948238230621446521e-01
9.065860376952172839e-01,-1.662988283407939583e-01,5.948238230621446521e-01
8.881956366376465573e-01,-1.561364759967960869e-01,6.825805162451762387e-01
8.743044872426589675e-01,-1.395905704937673852e-01,7.457543257024497052e-01
8.645601482579415853e-01,-1.366300532156325687e-01,8.258394418769373635e-01
8.553754405241602576e-01,-1.315291299004073544e-01,8.606167798894376331e-01
8.478662089495840881e-01,-1.370726414145827798e-01,8.881501768232999972e-01
8.441065592216733249e-01,-1.367977656128315511e-01,9.167407428129312752e-01
8.374601503057063079e-01,-1.381237106880597310e-01,9.633769485632310836e-01
8.293245611323353250e-01,-1.454077583688264674e-01,9.825655696722179755e-01
8.288084570962946929e-01,-1.486562867469357896e-01,9.997302329262269804e-01
8.219429665666748708e-01,-1.369892662384652460e-01,1.019774651426772705e+00
8.177303285178669778e-01,-1.399316394105542816e-01,1.014975930205652244e+00
8.211858352683188977e-01,-1.344315247135071112e-01,1.015588252677390724e+00
8.157377249909930628e-01,-1.158290760635352495e-01,1.029847205594449422e+00
8.130078213192278858e-01,-1.127852449811338198e-01,1.017856910827235728e+00
8.107530273398499965e-01,-1.014883269090389867e-01,1.023010064373210959e+00
8.084698519471472666e-01,-8.005456895625145952e-02,1.018237141856501715e+00
8.064070107566816414e-01,-7.335933548336259769e-02,1.039401001438856831e+00
8.053948588724691993e-01,-6.157443871245346645e-02,1.053593236631256147e+00
8.007022597509503292e-01,-4.409613123020936915e-02,1.043506149120663196e+00
7.981294480255156643e-01,-3.032174123016011941e-02,1.023675135570768946e+00
7.981294480255156643e-01,-3.032174123016011941e-02,1.023675135570768946e+00
7.986079246812723964e-01,-1.487468798131823255e-02,1.013599301716488377e+00
7.994862499041717196e-01,-1.501687896951814025e-02,9.951002222095985950e-01
8.056542111778455251e-01,-6.706546256014682406e-03,9.859422408964060303e-01
7.986805760997408576e-01,1.449672837742860265e-03,9.592168859073253451e-01
8.050404909013358923e-01,-3.236597970868729940e-03,9.506095220337922314e-01
8.053507783732923864e-01,6.990389359387179369e-04,9.034309042868580164e-01
8.012989781653271359e-01,9.671701061282803047e-03,8.694892604535466862e-01
8.013618826149879748e-01,4.745953939133053245e-03,8.324343435353558363e-01
8.018725998627448392e-01,1.001716234145964488e-02,7.960295819775283777e-01
8.092618254342716089e-01,1.352070345759510961e-02,7.566420827990882891e-01
8.094229180735877938e-01,1.614573717404903241e-02,7.068464678986544625e-01
8.218640492343275428e-01,2.090026085719675145e-02,6.718304745887112572e-01
8.321073266839245086e-01,3.206477773924182317e-02,6.232824530316604106e-01
8.380327759862284953e-01,3.002074541471988142e-02,5.920589517132303081e-01
8.480822314440987775e-01,3.480266903460930983e-02,5.508731906993806771e-01
8.511565813289148075e-01,4.348342060712741264e-02,5.111734372744922705e-01
8.568935838890738843e-01,3.526335205288615854e-02,4.771723372983967537e-01
8.568935838890738843e-01,3.526335205288615854e-02,4.771723372983967537e-01
8.734468975498284049e-01,4.787966269683870124e-02,4.054624380798778072e-01
8.828790678305779016e-01,5.348562038517937212e-02,3.719357765323690335e-01
8.907171443982588865e-01,5.670758049147030244e-02,3.328663797716505668e-01
8.971072807388621451e-01,5.816451716648011333e-02,3.092631330343272866e-01
8.971072807388621451e-01,5.816451716648011333e-02,3.092631330343272866e-01
9.139002796121303840e-01,5.493034842402300111e-02,2.089430217833830872e-01
9.170808790035341884e-01,5.864671771543057688e-02,1.594592505920443548e-01
9.199867154159329097e-01,5.629901259799252600e-02,1.035600366803609979e-01
9.292252948957733238e-01,5.800738168891474145e-02,5.595054196195452939e-02
9.481198801557659817e-01,5.788359641528659227e-02,-1.273330119558670030e-02
9.534397370453384646e-01,5.286998120660092726e-02,-7.996186503017291280e-02
9.613894423569413483e-01,5.545763505327909459e-02,-1.360194685518409663e-01
9.648591065458437255e-01,4.232227131420249200e-02,-1.987294190063638444e-01
9.648591065458437255e-01,4.232227131420249200e-02,-1.987294190063638444e-01
9.852933480678587319e-01,4.179452478974421403e-02,-3.139736042784526671e-01
9.852933480678587319e-01,4.179452478974421403e-02,-3.139736042784526671e-01
9.970534089496057017e-01,4.437994577901754889e-02,-3.789389659329787108e-01
1.007526859632946747e+00,4.513843978119373018e-02,-4.582121678534928355e-01
1.021931546462200746e+00,4.041816106601141267e-02,-5.068597256137087337e-01
1.021931546462200746e+00,4.041816106601141267e-02,-5.068597256137087337e-01
1.028450204137090207e+00,4.087695438617337806e-02,-5.242571475327187924e-01
1.040079862313846526e+00,4.038018524280390098e-02,-5.582675727841737157e-01
1.046189187964865708e+00,3.186347097622250352e-02,-6.090866297188847200e-01
1.049599153206930868e+00,2.957058208814433362e-02,-6.408251435418677033e-01
1.056749924015272235e+00,2.482688245263585392e-02,-6.771689909934677232e-01
1.057026816296793514e+00,1.826714036824601817e-02,-7.237758336203909959e-01
1.056755236850424717e+00,1.053222641175944642e-02,-7.565469186096795973e-01
1.058541865074108967e+00,-1.065673607550724974e-02,-8.024263658710191205e-01
1.069778777356268584e+00,-1.642981245535323626e-02,-8.379234557042232190e-01
1.069778777356268584e+00,-1.642981245535323626e-02,-8.379234557042232190e-01
1.052819621082148327e+00,-3.194651125977477496e-02,-9.012791929680370462e-01
1.052819621082148327e+00,-3.194651125977477496e-02,-9.012791929680370462e-01
1.040316495947807507e+00,-5.177681795945444226e-02,-9.466726781737678786e-01
1.040316495947807507e+00,-5.177681795945444226e-02,-9.466726781737678786e-01
1.046400864092406069e+00,-5.099029214816604150e-02,-9.874311039449696903e-01
1.032728404680638645e+00,-5.409041988938304707e-02,-1.033341877246638063e+00
1.003336005659708041e+00,-6.487337280760931135e-02,-1.074004410791703057e+00
9.489576290971725170e-01,-7.774132225992176626e-02,-1.077419857688458604e+00
9.777891170428588685e-01,-4.439913725603546885e-02,-1.082319875400286069e+00
9.814200348442236876e-01,-6.585486028373629952e-02,-1.107823876922866324e+00
9.784351450381288950e-01,-7.917319788231987066e-02,-1.125639716356455766e+00
9.853651978291655400e-01,-7.722398261436892730e-02,-1.126316092232791943e+00
9.853651978291655400e-01,-7.722398261436892730e-02,-1.126316092232791943e+00
1.020918033037766071e+00,-1.065724088331724551e-01,-1.102051774033424580e+00
1.010195123180420707e+00,-1.274460484587071063e-01,-1.106635793035172011e+00
1.010195123180420707e+00,-1.274460484587071063e-01,-1.106635793035172011e+00
1.017474438388501268e+00,-1.477294575027819634e-01,-1.093835384696853597e+00
1.024005605110289485e+00,-1.498991573304447600e-01,-1.089787558626429842e+00
1.036823146967079445e+00,-1.506107841969725747e-01,-1.080177580388982372e+00
1.030911886874450900e+00,-1.703319439507877397e-01,-1.063612024647750287e+00
1.052579610298431056e+00,-1.745808574328648333e-01,-1.069100048444142415e+00
1.057876419688639658e+00,-1.811847410531263469e-01,-1.039348645038998820e+00
1.054289002636917161e+00,-1.885877534023244484e-01,-9.993473383580075975e-01
1.050293086131413922e+00,-1.908246262425124518e-01,-9.600760475553469231e-01
1.048024865860424759e+00,-1.915582510881986555e-01,-9.225506532738719789e-01
1.043499615835577599e+00,-2.038878336216487508e-01,-9.001952938466402099e-01
1.030682502121234689e+00,-2.004188512078828865e-01,-8.651638848279132876e-01
1.020031491217487041e+00,-1.915597605801630798e-01,-8.205875846469905532e-01
1.004738226867758710e+00,-1.841819130071287169e-01,-7.199254915779719211e-01
1.004738226867758710e+00,-1.841819130071287169e-01,-7.199254915779719211e-01
9.973874125667825385e-01,-1.853515166417619431e-01,-6.787316134013523516e-01
1.006620577321369892e+00,-1.783715292012985343e-01,-6.089264221723359460e-01
9.965808426251809848e-01,-1.916339914679132672e-01,-5.144474081394543319e-01
9.817059332913017355e-01,-1.965336319261903608e-01,-4.490649505391558494e-01
9.729590062812959461e-01,-2.071054449419484633e-01,-4.258875517041139647e-01
9.908565187850512102e-01,-2.260625477200733091e-01,-4.026463908200356157e-01
9.817003209145535036e-01,-2.336272418436081966e-01,-3.767338249590374555e-01
9.817003209145535036e-01,-2.336272418436081966e-01,-3.767338249590374555e-01
9.736853236697815550e-01,-2.402816711401158378e-01,-3.510675939850257388e-01
9.769127821629954855e-01,-2.481068621867298096e-01,-3.136369621808909325e-01
9.713786178692255247e-01,-2.614161877302749737e-01,-2.873403280624556300e-01
9.627592055673971361e-01,-2.570748070296955401e-01,-2.597766470095946856e-01
9.482815838294980093e-01,-2.455919249606816901e-01,-1.865145622921998980e-01
9.630856601582635790e-01,-2.517139656685685178e-01,-1.426272038263460551e-01
9.600917148880779850e-01,-2.513559443603698429e-01,-1.023931357094004652e-01
9.490392233629573182e-01,-2.373393896250508006e-01,-3.330674164090464962e-02
9.391628322636437209e-01,-2.385768167891972047e-01,1.194547723686843407e-02
9.587025204440746684e-01,-2.349588155388931399e-01,7.388642941520409679e-02
9.534333205498264352e-01,-2.270785489518454825e-01,1.234392193680714511e-01
9.450511805524189901e-01,-2.153032043441181487e-01,1.963981505289129070e-01
9.406181757822990042e-01,-2.064487392727689385e-01,2.590481669574585810e-01
9.406181757822990042e-01,-2.064487392727689385e-01,2.590481669574585810e-01
9.433172255719317612e-01,-2.016677421944281789e-01,3.288694796658643837e-01
9.433172255719317612e-01,-2.016677421944281789e-01,3.288694796658643837e-01
9.501966687614818996e-01,-1.967501179719396143e-01,3.694038265469442028e-01
9.472009777910320727e-01,-2.011471716945403276e-01,4.407768832569993744e-01
9.374384391245197401e-01,-1.912289571248564357e-01,4.828848690311404734e-01
9.374384391245197401e-01,-1.912289571248564357e-01,4.828848690311404734e-01
9.347336304525976081e-01,-2.020069365521519056e-01,5.291371540227299830e-01
9.347336304525976081e-01,-2.020069365521519056e-01,5.291371540227299830e-01
9.328427740659694933e-01,-2.035795366721160349e-01,6.007303958068372918e-01
9.180954822732194653e-01,-1.973964544053165016e-01,6.822173774570102767e-01
9.180954822732194653e-01,-1.973964544053165016e-01,6.822173774570102767e-01
9.086307654365940456e-01,-1.952606617510438680e-01,7.589099375339575237e-01
8.913566370774742564e-01,-1.985322830601169153e-01,8.286211020934739491e-01
8.913566370774742564e-01,-1.985322830601169153e-01,8.286211020934739491e-01
8.888290328061259071e-01,-1.925179643881498870e-01,8.772415656403417250e-01
8.793527112835636261e-01,-1.942390850792412027e-01,9.066886114816857800e-01
8.728469787544453906e-01,-1.966600211098505357e-01,9.279383735114737908e-01
8.685208722738810838e-01,-1.852133253327822582e-01,9.255476992416259430e-01
8.612675740052412321e-01,-1.821378374569030401e-01,9.366435416222980148e-01
8.456643893857818117e-01,-1.623372222049780933e-01,9.427126947391333278e-01
8.410404775448259151e-01,-1.529583678938381541e-01,9.766869397947237630e-01
8.410404775448259151e-01,-1.529583678938381541e-01,9.766869397947237630e-01
8.405527571129713937e-01,-1.477858949479736173e-01,9.814093064830151647e-01
8.337480078358880942e-01,-1.192933716508211561e-01,1.020624890337630042e+00
8.315139259468732336e-01,-1.073981046054263144e-01,1.036605313994503064e+00
8.315139259468732336e-01,-1.073981046054263144e-01,1.036605313994503064e+00
8.328359114282105624e-01,-8.983911116414991516e-02,1.055699120473233554e+00
8.298249020435184420e-01,-8.599831226234794235e-02,1.061667485590613857e+00
8.278685515587298482e-01,-6.227999874708187167e-02,1.049542998907635694e+00
8.261242042709879829e-01,-6.769289402213837792e-02,1.047033581274833036e+00
8.305670508782296846e-01,-5.924559538332169889e-02,1.058677531209681888e+00
8.305670508782296846e-01,-5.924559538332169889e-02,1.058677531209681888e+00
8.290315950090609842e-01,-4.788617269814418598e-02,1.037243989632306684e+00
8.347876087709550363e-01,-4.808969519291059203e-02,1.020805060948401621e+00
8.377242739200886357e-01,-3.741620205042808095e-02,9.883435697639011419e-01
8.377242739200886357e-01,-3.741620205042808095e-02,9.883435697639011419e-01
8.367320641186768437e-01,-4.178380274073503764e-02,9.437911380010755025e-01
8.451067310401965127e-01,-4.014509561270371285e-02,9.198802573753751544e-01
8.528159691502187334e-01,-3.347157296404242727e-02,8.860873509483417898e-01
8.602605298399264022e-01,-3.096875981404528105e-02,8.592526076619302344e-01
8.602605298399264022e-01,-3.096875981404528105e-02,8.592526076619302344e-01
8.690053243013466933e-01,-2.446600555005665201e-02,8.036096656111788583e-01
8.690053243013466933e-01,-2.446600555005665201e-02,8.036096656111788583e-01
8.672756517055999481e-01,-2.007785122179763654e-02,7.863165263940899985e-01
8.717704502447236603e-01,-7.273081919097659775e-03,7.411458049214515453e-01
8.831442750413023290e-01,-1.192579130180178651e-02,7.099113214950556472e-01
8.875718394234503039e-01,-6.398292858413687223e-03,6.722686449167537548e-01
8.969053353984696164e-01,9.796629349568715395e-03,6.341604095215244152e-01
8.957775790701497654e-01,1.061233682104749387e-02,5.975030984709086557e-01
9.053966156790950182e-01,1.258437255322530576e-02,5.601118695507542045e-01
9.140532749146164093e-01,2.784180281883353453e-02,5.105820743510648407e-01
9.183734926104605290e-01,2.815971162773869482e-02,4.700835992624446402e-01
9.202843875048035693e-01,2.225179971737055451e-02,4.098815530830917098e-01
9.264756975440747722e-01,3.689094523004020354e-02,3.548140531852893020e-01
9.344872477478317618e-01,4.181273055772520564e-02,3.113497575088874925e-01
9.356517047214332194e-01,3.935896947461537537e-02,2.716168603109968549e-01
9.430514985935688488e-01,4.408561193769625075e-02,1.916843956980148755e-01
9.510778717824590611e-01,4.595353867281411209e-02,1.430662042456368466e-01
9.510778717824590611e-01,4.595353867281411209e-02,1.430662042456368466e-01
9.620830822403978466e-01,5.255906593714294861e-02,9.579811621781697539e-02
9.633678974335054823e-01,5.726765412899262331e-02,5.852540926127162285e-02
9.737631133394044625e-01,5.402398607177019002e-02,1.330953249076899207e-02
9.867454053648027079e-01,6.112289922354981891e-02,-6.624510186920910815e-02
9.944369044806897762e-01,5.777824951867913117e-02,-1.202329160287099741e-01
1.003933235233908094e+00,5.263662235525015665e-02,-1.562966701386598600e-01
1.009815872051861296e+00,6.058262356636737178e-02,-2.049523382267500193e-01
1.014960262104653621e+00,5.326346902917460102e-02,-2.648115341822712687e-01
1.016874571766459345e+00,5.343943581473855481e-02,-3.164429426226598729e-01
1.025602448505763764e+00,4.743798162249886208e-02,-3.843206321432669492e-01
1.027258841165030079e+00,4.595970358664390465e-02,-4.153604254359508641e-01
1.029126372829228142e+00,4.366410886106143752e-02,-4.520963562606980513e-01
1.041457657478398025e+00,4.369373697197155570e-02,-5.468903913959302088e-01
1.045743644065045164e+00,4.063297607959165392e-02,-6.080017937630040059e-01
1.043902714576510071e+00,4.148094456890238230e-02,-6.477861606576658104e-01
1.053279086989972857e+00,3.384627978299575846e-02,-6.695504258295607025e-01
1.053279086989972857e+00,3.384627978299575846e-02,-6.695504258295607025e-01
1.062097799673724197e+00,2.413553438236872017e-02,-7.615651309053205198e-01
1.061986160652628186e+00,2.160308438748622870e-02,-8.202867523144869999e-01
1.083966329642456872e+00,1.948522902144822141e-02,-8.855337214069357588e-01
1.083966329642456872e+00,1.948522902144822141e-02,-8.855337214069357588e-01
1.083966329642456872e+00,1.948522902144822141e-02,-8.855337214069357588e-01
1.097922508407444209e+00,1.399485766741466117e-02,-9.127084607898068302e-01
1.095604044083990924e+00,9.437819385936123406e-03,-9.625866517812712297e-01
1.095199236352206507e+00,1.113648913016724445e-02,-9.608183467781877818e-01
1.098909908011314718e+00,1.331060800677127259e-02,-9.875241749038708994e-01
1.099127496217332967e+00,5.167379491790972251e-03,-9.958435906956032424e-01
1.127624937005297090e+00,5.586320651811204491e-03,-1.024791183259739613e+00
1.149582852908720421e+00,5.514146299601882517e-03,-1.049477449130441942e+00
1.149435977406789933e+00,-1.148119638116090052e-02,-1.058990914023940855e+00
1.135467723497549652e+00,-1.090646671793549585e-02,-1.090280473601555444e+00
1.135467723497549652e+00,-1.090646671793549585e-02,-1.090280473601555444e+00
1.131963647405957785e+00,-1.630238135110256142e-02,-1.094395892525989566e+00
1.132670258860858814e+00,-1.288492521739649510e-02,-1.102628786561341334e+00
1.135508808434847028e+00,-1.785231899373142597e-02,-1.120406871139678184e+00
1.134481538088095487e+00,-8.015409963999318987e-03,-1.133714752598715680e+00
1.129347038439282525e+00,-9.663658173987555583e-03,-1.133940092462221383e+00
1.144963077882535707e+00,-1.888504725660357722e-02,-1.116665055490125180e+00
1.141427919228018117e+00,-5.090989063477088100e-02,-1.103719061032834903e+00
1.141427919228018117e+00,-5.090989063477088100e-02,-1.103719061032834903e+00
1.131686425399422102e+00,-8.395219574269052742e-02,-1.108230978555087676e+00
1.141051005282137432e+00,-1.023553473392244811e-01,-1.086761267949338139e+00
1.117796492436477385e+00,-1.011821819544392598e-01,-1.058499095285634795e+00
1.122363953803819259e+00,-1.244889312803396653e-01,-1.006510587982553107e+00
1.116386100783720137e+00,-1.703977046240551796e-01,-9.569392131282065117e-01
1.116386100783720137e+00,-1.703977046240551796e-01,-9.569392131282065117e-01
1.111495058560108440e+00,-1.923502068300002310e-01,-8.991791842278424873e-01
1.116382611666685509e+00,-1.936822164610051689e-01,-8.610315400279388021e-01
1.123724155224497645e+00,-2.271632740743231293e-01,-7.977944770509270977e-01
1.130922964690212806e+00,-2.451254905738552980e-01,-7.737980934902632946e-01
1.126286063025800477e+00,-2.638097202198034230e-01,-7.475150955828329113e-01
1.127384885869477715e+00,-2.876877119216993961e-01,-7.014948818395849717e-01
1.139565623324712007e+00,-3.034931673487126225e-01,-6.866109869884431394e-01
1.143660239752728902e+00,-3.175603352011442393e-01,-6.517203851144539595e-01
1.141991573997365839e+00,-3.241961053221587563e-01,-6.178497516401976197e-01
1.157196892010605271e+00,-3.306977358450858273e-01,-5.863349674378126597e-01
1.153432766178550617e+00,-3.331116734013652159e-01,-5.581627504877976209e-01
1.124409595020705810e+00,-3.235284944590733347e-01,-4.732714101289671182e-01
1.120149320358950984e+00,-3.149491982543761170e-01,-4.093004411647558349e-01
1.111155917128833659e+00,-3.012176593104716749e-01,-3.657922342134973248e-01
1.111155917128833659e+00,-3.012176593104716749e-01,-3.657922342134973248e-01
1.128219679267386644e+00,-2.983011269855238567e-01,-3.206896767241887436e-01
1.124224232608893148e+00,-2.928670399468200625e-01,-2.820078237934487420e-01
1.125143377040641823e+00,-2.812643462797028704e-01,-2.419411415782723451e-01
1.126416035633494017e+00,-2.789545757578566487e-01,-2.013440667583169807e-01
1.113406792241910859e+00,-2.796918526991388765e-01,-1.840989355089050206e-01
1.116837392615872337e+00,-2.781406553851593633e-01,-1.326090398351136013e-01
1.081576221308509833e+00,-2.720999680215873684e-01,-5.521007270582965754e-02
1.077270906341821100e+00,-2.899933078011434073e-01,3.349810786654196237e-02
1.057062153503721458e+00,-2.903943078248518717e-01,1.012919837725020644e-01
1.057062153503721458e+00,-2.903943078248518717e-01,1.012919837725020644e-01
1.024001292291100818e+00,-2.866568336258805694e-01,1.785161310649952815e-01
1.024001292291100818e+00,-2.866568336258805694e-01,1.785161310649952815e-01
1.014556139881564123e+00,-2.944802905881643840e-01,2.554502283479424540e-01
9.964772648192363746e-01,-2.829513296837057879e-01,3.141776030492934302e-01
9.956745918839489118e-01,-2.824448784948801472e-01,3.168482568016314227e-01
9.655781520617078284e-01,-2.831895891099230345e-01,4.225662839240258983e-01
9.533694556230184469e-01,-2.768933169191000188e-01,4.653670384459874243e-01
9.366467976927947969e-01,-2.686686334006794241e-01,5.087147447506209508e-01
9.297372445527470886e-01,-2.626336232076380006e-01,5.375955086532940852e-01
9.023678028647628135e-01,-2.383201190933148805e-01,6.383211426194986826e-01
9.023678028647628135e-01,-2.383201190933148805e-01,6.383211426194986826e-01
8.890988759980407163e-01,-2.153470741275067546e-01,6.644001653028697163e-01
8.744698277946061360e-01,-2.061613255476850148e-01,7.017499949879671961e-01
8.737260044971485451e-01,-1.993727559115768821e-01,7.359897283135468093e-01
8.617439517514844383e-01,-1.766564840788939494e-01,7.718773106312257770e-01
8.600409071873820199e-01,-1.734491509177772395e-01,7.890502991327524862e-01
8.485333163511278309e-01,-1.655404310985005012e-01,8.222622205928695749e-01
8.478252725615460506e-01,-1.612516685832196817e-01,8.406814353854074051e-01
8.446531082025439119e-01,-1.494966003492927131e-01,8.742143054286337644e-01
8.436739939774300368e-01,-1.450757754701021696e-01,8.789010433601835981e-01
8.419901511030553065e-01,-1.254180618172200390e-01,8.939645214590611344e-01
8.403260188919003948e-01,-1.200332486961316336e-01,9.220154309037899010e-01
8.409256010688820338e-01,-1.126301017211954192e-01,9.357103342634786047e-01
8.441774055404502874e-01,-1.032779431019306832e-01,9.528305574653379573e-01
8.392409250957217903e-01,-8.961435810158369097e-02,9.861402287641785058e-01
8.382989504342697185e-01,-9.241269120458971142e-02,1.013784329915839777e+00
8.334656754493777742e-01,-8.918523851291397520e-02,1.021077605660916987e+00
8.387957256364839687e-01,-9.083831453841959003e-02,1.034264769812247797e+00
8.337134848424546663e-01,-9.124063050122643848e-02,1.028588583575722470e+00
8.337134848424546663e-01,-9.124063050122643848e-02,1.028588583575722470e+00
8.258719368160348795e-01,-9.020310553607027715e-02,1.035352712480761106e+00
8.216642712805888316e-01,-8.224053913284654072e-02,1.045896400527505765e+00
8.158926981368879172e-01,-8.786179191175677583e-02,1.039576440462552487e+00
8.118288082526946559e-01,-9.083862135788949022e-02,1.010224400417536472e+00
8.085156008437942576e-01,-8.819764602369324635e-02,1.009747944243420958e+00
7.996054394955042222e-01,-8.383104603789662268e-02,1.014756986415225271e+00
7.919070242843384566e-01,-7.893110825698324007e-02,1.005707643356041014e+00
7.872115915611815895e-01,-7.265244100889348133e-02,1.012221163296302517e+00
7.811619910560021474e-01,-6.540198307820797863e-02,9.669728425546715300e-01
7.863088618629482385e-01,-6.456446078234963359e-02,9.329262784205082371e-01
7.897309520252804305e-01,-5.478415514913837631e-02,9.044099106776088970e-01
7.905710326655712716e-01,-5.813683205855105229e-02,8.925083992578161096e-01
7.993763499986659138e-01,-5.383466353334136201e-02,8.320244024260540217e-01
8.033775852851067212e-01,-3.696560837314519926e-02,7.917430331395400867e-01
8.139851440244451064e-01,-3.355977975757629128e-02,7.557853622818813122e-01
8.183456734028660140e-01,-2.165909638182784286e-02,7.367801195358980593e-01
8.183174320195448770e-01,-2.052623921323014355e-02,7.200130679311197435e-01
8.359861735438894881e-01,-5.465878547149749522e-03,6.774174098798607657e-01
8.359861735438894881e-01,-5.465878547149749522e-03,6.774174098798607657e-01
8.598526867296799603e-01,9.679112019342676898e-03,6.486627699339925224e-01
8.811320670817308631e-01,1.742530973966185254e-02,5.959455993099461724e-01
8.811320670817308631e-01,1.742530973966185254e-02,5.959455993099461724e-01
8.990071844633066300e-01,2.074523133652848156e-02,5.515739237162831099e-01
9.218191184439241681e-01,3.157908006503913623e-02,5.100296083371286260e-01
9.295112318610032620e-01,3.219461186564405442e-02,4.945087900750110288e-01
9.423881643886099502e-01,4.744091878128649242e-02,4.182949511058521308e-01
9.496410721650634379e-01,3.998535740215805601e-02,3.774468995640217761e-01
9.555855187040928067e-01,4.212257092000545183e-02,3.276108147955562044e-01
9.631491584930781391e-01,3.651711168343615976e-02,2.100939209958432308e-01
9.739647657248731161e-01,3.276117043134492424e-02,1.733649212932055761e-01
9.773566587763378166e-01,3.601186674381751107e-02,1.052952739195245485e-01
9.773566587763378166e-01,3.601186674381751107e-02,1.052952739195245485e-01
9.769439309792244952e-01,2.661182495899129530e-02,5.669672815050070397e-02
9.824128106643771341e-01,2.260021470924471546e-02,-1.516050256723497705e-02
9.824128106643771341e-01,2.260021470924471546e-02,-1.516050256723497705e-02
9.992906677008048799e-01,9.784418906986730100e-03,-1.395337467219364413e-01
1.003970583841115927e+00,1.305479178947017461e-02,-1.991201963175389666e-01
1.003970583841115927e+00,1.305479178947017461e-02,-1.991201963175389666e-01
9.997987556167704515e-01,5.088287374982724057e-03,-2.569964878056488766e-01
9.979644306570889523e-01,-6.085648204034854042e-04,-3.016878735871423856e-01
9.966567063574466312e-01,-3.298404891706612635e-03,-3.810378156213078960e-01
9.939954268376929303e-01,-1.897760391083437234e-02,-4.326112163042517000e-01
1.002550012410627245e+00,-1.805635543319066005e-02,-4.800723141379334424e-01
1.004578574777381661e+00,-2.185449841513369823e-02,-5.292664335720226321e-01
1.007682755595714630e+00,-2.820654322025480110e-02,-5.352855100572311287e-01
1.013525552604277680e+00,-2.285458139494640425e-02,-5.847326992493910858e-01
1.016744813427503669e+00,-2.557515341739554499e-02,-6.346322445291496805e-01
1.008069176539160283e+00,-3.490045168061963604e-02,-6.705141468110412672e-01
1.012864329161273558e+00,-3.589042502562861392e-02,-7.425546290458688858e-01
1.012864329161273558e+00,-3.589042502562861392e-02,-7.425546290458688858e-01
1.003315487363304559e+00,-4.235901844923740944e-02,-8.002924848738878216e-01
1.003315487363304559e+00,-4.235901844923740944e-02,-8.002924848738878216e-01
1.026402817991599603e+00,-4.853807492074545260e-02,-8.606626031753561445e-01
1.019416722177714840e+00,-4.518177556045941540e-02,-8.807222370384059085e-01
1.011868791310839510e+00,-4.658572658914525433e-02,-9.377447187478847868e-01
1.029766100958272146e+00,-5.473241466661125931e-02,-9.660681934925602343e-01
1.029766100958272146e+00,-5.473241466661125931e-02,-9.660681934925602343e-01
1.021564435740706989e+00,-5.828087994450643905e-02,-1.001024641570326557e+00
1.021999999215002619e+00,-6.140914158154952424e-02,-1.021638544021023609e+00
1.005035348892233893e+00,-5.953470578358476678e-02,-1.061021113384282399e+00
1.004215531705502595e+00,-6.957069981978711293e-02,-1.090967968208263805e+00
9.977172093369915951e-01,-5.767460632640309531e-02,-1.090487617283286026e+00
1.014650265543429519e+00,-6.073640678090093392e-02,-1.099393688803767200e+00
1.014650265543429519e+00,-6.073640678090093392e-02,-1.099393688803767200e+00
1.014650265543429519e+00,-6.073640678090093392e-02,-1.099393688803767200e+00
9.995366401321851280e-01,-6.684764806762340250e-02,-1.099959047440362658e+00
9.564819084889191192e-01,-8.633652184066106794e-02,-1.084848000744065510e+00
8.724640320052252651e-01,-9.183769412434876489e-02,-1.069528781664967676e+00
8.060725922410023614e-01,-1.177185194594364548e-01,-1.060246705667728495e+00
8.060725922410023614e-01,-1.177185194594364548e-01,-1.060246705667728495e+00
8.246448229357042914e-01,-1.194573391592041317e-01,-1.039887453402000839e+00
8.461298068827391994e-01,-1.534361004651330629e-01,-1.017776152227850339e+00
8.891945595576784545e-01,-1.604856099337770570e-01,-1.005823662298311438e+00
9.366145870603488355e-01,-1.631738866673274335e-01,-9.997232203807269180e-01
1.016585115394883942e+00,-1.996527775919645087e-01,-9.473136246118312176e-01
1.061023772330392134e+00,-2.064522634467030326e-01,-9.253454401523476536e-01
1.110589991446495173e+00,-2.368236876943355940e-01,-8.838984413695653020e-01
1.160581526552916465e+00,-2.418541764229023561e-01,-8.428900759930383346e-01
1.169449882520560591e+00,-2.690619304563666159e-01,-8.253314293112287148e-01
1.171325918003339739e+00,-2.785904168874011044e-01,-8.073723196863366036e-01
1.170589295087592241e+00,-2.851603561392372366e-01,-7.900448856915620599e-01
1.146965827321414055e+00,-2.966423290680660907e-01,-7.553089895652471686e-01
1.122181066964545781e+00,-3.050319053829097515e-01,-7.258578664396266866e-01
1.095636396426580950e+00,-2.951932878772228763e-01,-6.846541964947457926e-01
1.049407060085502330e+00,-3.069941926511882690e-01,-5.952179514483202372e-01
1.049407060085502330e+00,-3.069941926511882690e-01,-5.952179514483202372e-01
1.005484970175969828e+00,-2.909390670805022117e-01,-5.096761967193320642e-01
9.780772538260883442e-01,-2.802020219138034451e-01,-4.603034511238284776e-01
9.539182798291123699e-01,-2.679958765569717127e-01,-3.963368774536451533e-01
9.368427969686097256e-01,-2.440753037187546326e-01,-3.366479849013436221e-01
8.891392361948030620e-01,-2.210470265283180358e-01,-2.473173346808595630e-01
8.761436870712624447e-01,-1.964580502474576329e-01,-1.495486983075517418e-01
8.761436870712624447e-01,-1.964580502474576329e-01,-1.495486983075517418e-01
8.670695681053813830e-01,-1.916087525743220554e-01,-1.128087026745922400e-01
8.670695681053813830e-01,-1.916087525743220554e-01,-1.128087026745922400e-01
8.783928619808132332e-01,-1.843397366700645357e-01,-5.797457335134328926e-02
8.793363672742854353e-01,-1.883153504491059949e-01,-2.661589913484402672e-02
8.854040230597798322e-01,-1.868092981406059006e-01,9.118199606118537748e-03
8.909881695637158483e-01,-1.880522906615560430e-01,4.505840266450178433e-02
8.978971948152558724e-01,-1.984511289303148296e-01,7.500373284406769425e-02
9.212408511122506249e-01,-2.115286935416096359e-01,1.057379937477622156e-01
9.287693839748173419e-01,-2.274071072491062606e-01,1.518737755700061698e-01
9.359820637040869862e-01,-2.379264305404100166e-01,1.905718277484860779e-01
9.439416715031121452e-01,-2.491105091137074679e-01,2.277960710663657906e-01
9.662779723881759208e-01,-2.699048332066315559e-01,2.867257262227964065e-01
9.652460406828953232e-01,-2.783618246278120600e-01,3.231020684021337352e-01
9.667217586033038934e-01,-2.894590738709676980e-01,3.649187302380518250e-01
9.697146703554396785e-01,-2.986751519796849164e-01,4.025635969398366210e-01
9.654571836189466127e-01,-3.070726804053645065e-01,4.833492730924992542e-01
9.654571836189466127e-01,-3.070726804053645065e-01,4.833492730924992542e-01
9.615542631074781577e-01,-2.998472804165154826e-01,5.776310308597280008e-01
9.530417021919669329e-01,-2.889492981905508184e-01,6.276027667795855969e-01
9.364789022147920194e-01,-2.754685728954084367e-01,6.691201632852389336e-01
9.256001955749798560e-01,-2.720404406350069859e-01,7.097269140182972391e-01
9.256001955749798560e-01,-2.720404406350069859e-01,7.097269140182972391e-01
9.226250792527570521e-01,-2.621340752112362726e-01,7.406224384294290974e-01
9.049814595331929779e-01,-2.408075964794571255e-01,7.983544175646526408e-01
8.948680406093761919e-01,-2.245487771069610283e-01,8.160084491524814965e-01
8.808239741021532954e-01,-1.966633227096657721e-01,8.696989502268993588e-01
8.702656764412809443e-01,-1.727376459783204199e-01,9.033812313254684367e-01
8.638371831171877124e-01,-1.587373875343103813e-01,9.088245894114995727e-01
8.649767040323408374e-01,-1.364369238336385348e-01,9.268114386173228469e-01
8.649767040323408374e-01,-1.364369238336385348e-01,9.268114386173228469e-01
8.594297951098942567e-01,-1.310777585230362974e-01,9.462491846170723031e-01
8.574983381666875237e-01,-1.210125830522781332e-01,9.618622553356145355e-01
8.543561233966792123e-01,-1.101726754881713344e-01,9.739927462271932290e-01
8.539283938316430955e-01,-1.019935928585740947e-01,9.827072683427723332e-01
8.582725919690904481e-01,-9.902618025776326049e-02,1.000746992381895017e+00
8.576161798716375184e-01,-9.321482274873917062e-02,1.033088661450491497e+00
8.591304274078873648e-01,-8.064128496334238561e-02,1.041561199826162243e+00
8.603393720032842529e-01,-8.357265901556773513e-02,1.037913423703544336e+00
8.606123132099903206e-01,-8.233251291170186337e-02,1.040544599356917788e+00
8.608047604236048755e-01,-8.335308565729647456e-02,1.057613910023466719e+00
8.600964662607788469e-01,-8.582908725798568672e-02,1.077382019734794527e+00
8.600964662607788469e-01,-8.582908725798568672e-02,1.077382019734794527e+00
8.729007167420648194e-01,-9.263184198308721529e-02,1.077745736557708334e+00
8.729007167420648194e-01,-9.263184198308721529e-02,1.077745736557708334e+00
8.828672900818732572e-01,-1.010067541985031764e-01,1.076239534214498805e+00
8.905617374844374545e-01,-1.100843332472825897e-01,1.069049317073807570e+00
8.963165225059943619e-01,-1.107714901385360717e-01,1.065749173664202409e+00
9.012283678024414213e-01,-1.073401918425195001e-01,1.058347393870685771e+00
9.038251520224561686e-01,-1.042926366740434541e-01,1.030934529106233066e+00
9.059853329974423275e-01,-1.009710696273476149e-01,1.000915140556692506e+00
8.996896061327724903e-01,-9.391379933248142353e-02,9.513156380940963608e-01
8.993063416029356549e-01,-8.564276917429791691e-02,9.083978973891955189e-01
8.939985688151039778e-01,-7.989330433461541703e-02,8.646851981196410630e-01
8.828934760753207600e-01,-7.062361618786974771e-02,8.205826394138389102e-01
8.767932374084855818e-01,-6.265924554085269826e-02,7.779333026294873443e-01
8.571503518707661584e-01,-3.909280102163894405e-02,6.966748789208949688e-01
8.482095566957390531e-01,-2.863045348900621762e-02,6.355994420480645113e-01
8.454616727704274970e-01,-2.140197444514320424e-02,5.976678511569702978e-01
8.454616727704274970e-01,-2.140197444514320424e-02,5.976678511569702978e-01
8.330923555718245943e-01,-1.472136174936328201e-03,4.743025673080869531e-01
8.330923555718245943e-01,-1.472136174936328201e-03,4.743025673080869531e-01
8.352200512136827015e-01,4.955899868654363438e-03,4.350108645197583446e-01
8.372104018845716311e-01,1.794200612849133208e-02,3.900334006425341671e-01
8.414810871517561797e-01,3.080579857523256526e-02,3.447922091406664391e-01
8.404621570440967693e-01,3.940211184765331914e-02,3.093153849860436067e-01
8.618319482889302829e-01,6.061206536120618965e-02,2.664559210715446436e-01
8.803850849714044413e-01,8.048073783437872941e-02,2.077778927047271018e-01
8.803850849714044413e-01,8.048073783437872941e-02,2.077778927047271018e-01
9.019861737288833448e-01,9.291268321517102968e-02,1.587400662748053026e-01
9.091774047916222345e-01,9.343666664929856092e-02,1.114899029272983649e-01
9.235628682038561355e-01,9.725979374674895150e-02,6.596126910386533593e-02
9.382481928198087573e-01,9.854196210530549727e-02,1.321128625906221876e-02
9.400010998515531124e-01,9.858408176624669506e-02,-2.690307629522555033e-03
9.680409123276231265e-01,9.972268261365127562e-02,-7.665286795691024502e-02
9.712437355037440989e-01,9.149465750515364815e-02,-1.437559926031115876e-01
9.844149379278079870e-01,8.510188113809533106e-02,-1.834607214110794693e-01
9.858620051964158693e-01,7.441162570025178224e-02,-2.396965786871889936e-01
9.997859344745869681e-01,6.420144537105858251e-02,-3.142222866937827153e-01
1.008325128152027794e+00,5.495056893099756895e-02,-3.592169959892697051e-01
1.009018417353210406e+00,4.694143570414835431e-02,-4.149782932446733907e-01
1.012907762805868028e+00,3.444998337852919756e-02,-4.634175770399530103e-01
1.010009650700250727e+00,2.856285217578377264e-02,-5.015099627710747354e-01
1.015024590294388629e+00,2.643135771866637548e-02,-5.467872878027667527e-01
1.012659788350440904e+00,1.595016531611800209e-02,-5.665748431698179877e-01
1.015445449037603032e+00,1.114224140712922681e-02,-6.009287274552719271e-01
1.012001686641156084e+00,1.889266629944720902e-02,-6.225270282723734949e-01
1.011650530863723363e+00,1.205788199202564512e-02,-6.512431998281267287e-01
1.010797321290286543e+00,1.723495507055275780e-02,-6.834453973730576504e-01
1.009587534007555298e+00,2.632177068164008246e-02,-7.044251371837524367e-01
1.004044555441294895e+00,2.186679377107986211e-02,-7.480674126356984255e-01
1.009497367497122378e+00,2.284732549789720429e-02,-7.876196748913271151e-01
1.010018567895631714e+00,-3.188994492969417921e-02,-8.370390773045482957e-01
1.009138168992065987e+00,-4.059139940941374619e-02,-8.729578808022822045e-01
1.027638232101940163e+00,-3.761934289535776715e-02,-9.630587635228983201e-01
1.045210620809771784e+00,-2.689304679142705962e-02,-9.795067819122940111e-01
1.050534604984210807e+00,-2.333851465286194971e-02,-1.008819060901047893e+00
1.050534604984210807e+00,-2.333851465286194971e-02,-1.008819060901047893e+00
1.056215521247836353e+00,-5.469374388085888883e-03,-1.045271159155784169e+00
1.083055963421547530e+00,1.133743796100935425e-02,-1.072835526143121054e+00
1.110152545774251376e+00,2.057753878558994665e-02,-1.089001397178926522e+00
1.104605927190420722e+00,3.002656691285385607e-02,-1.125458580056815983e+00
1.106286736197312104e+00,3.800458113142665684e-02,-1.136343719314285350e+00
1.113363152207845763e+00,3.513990046701186143e-02,-1.141760146187910108e+00
1.113363152207845763e+00,3.513990046701186143e-02,-1.141760146187910108e+00
1.110717127199077670e+00,1.365636117518132485e-02,-1.132611410408170372e+00
1.120043661320482942e+00,1.436110672001192183e-02,-1.142370472029484940e+00
1.144419009061188097e+00,3.215671101502943011e-03,-1.129583057827514780e+00
1.144419009061188097e+00,3.215671101502943011e-03,-1.129583057827514780e+00
1.146186541172568685e+00,-7.990731815292820284e-03,-1.116370526817335174e+00
1.139183138764220393e+00,-3.535374349662202820e-03,-1.099324577854106977e+00
1.148176372707617299e+00,-2.949557271015392987e-02,-1.046374117009207128e+00
1.148176372707617299e+00,-2.949557271015392987e-02,-1.046374117009207128e+00
1.142842900049944488e+00,-6.647826152141907141e-02,-9.524297279257816218e-01
1.130894542506742484e+00,-8.070882497792815358e-02,-9.304918349014509316e-01
1.130894542506742484e+00,-8.070882497792815358e-02,-9.304918349014509316e-01
1.129465286601834206e+00,-9.699821669080756215e-02,-9.051218336656118302e-01
1.124191526553778964e+00,-1.270140102457775755e-01,-8.744572427383556779e-01
1.116982896133019043e+00,-1.447679749814108907e-01,-8.378385920190886127e-01
1.126073701971476604e+00,-1.724302025812723405e-01,-8.102425251974230136e-01
1.120309829094795484e+00,-1.965659766910553830e-01,-7.752939181335890551e-01
1.104599965812132600e+00,-2.124775567759228379e-01,-7.217102871789163876e-01
1.095982821646028782e+00,-2.143775219997159365e-01,-6.828346561220390853e-01
1.107889412456944056e+00,-2.446761355715402209e-01,-6.567185018677328401e-01
1.099980219577910923e+00,-2.636119332522273706e-01,-6.339125804656787766e-01
1.082716250323988882e+00,-2.611807673631966198e-01,-5.908644726182192830e-01
1.068215480186199384e+00,-2.716736249887117260e-01,-5.625662306495272658e-01
1.059021282678335618e+00,-2.759293160344564177e-01,-5.188566234283239487e-01
1.071626750023477959e+00,-2.750396935543981125e-01,-4.695500902083262207e-01
1.059739323916319975e+00,-2.877612855741449316e-01,-4.417321073021051037e-01
1.059245080385970095e+00,-2.874379279339340232e-01,-4.149287238608180273e-01
1.066707869961164068e+00,-2.775015232295914847e-01,-3.682336952986455803e-01
1.066855758869893478e+00,-2.780611874983657805e-01,-3.418628046908320228e-01
1.067343342538322526e+00,-2.763923939511025440e-01,-3.063326385608643454e-01
1.082979101634918839e+00,-2.654564537294981097e-01,-2.431349421666237076e-01
1.082979793805738167e+00,-2.580791126056037887e-01,-2.010058346343514546e-01
1.081258829746339467e+00,-2.480908649780764197e-01,-1.726566491474121889e-01
1.071692267576269231e+00,-2.226334147233128002e-01,-1.265771602756766423e-01
1.065981863522910800e+00,-2.189780275262980525e-01,-8.105496679520728109e-02
1.086118230653521088e+00,-2.143856656300984764e-01,-3.560055766662716809e-02
1.074720417289336760e+00,-1.997697240935568941e-01,2.230103164966298207e-02
1.078770758614091774e+00,-2.095836102383107080e-01,7.675923144531514308e-02
1.078770758614091774e+00,-2.095836102383107080e-01,7.675923144531514308e-02
1.067053031649346728e+00,-1.993883336261292327e-01,1.536195811688499113e-01
1.058624833938323295e+00,-2.079342457216636630e-01,2.063496427838983627e-01
1.045103719993355496e+00,-2.027559303211288189e-01,2.407511654483104058e-01
1.038185307140212510e+00,-1.893171804969865368e-01,3.002367683412646149e-01
1.021812740092016503e+00,-1.859961500405666879e-01,3.564998790469599554e-01
1.006165517825749367e+00,-1.767028594638838379e-01,4.029861028655096211e-01
9.897212615860797591e-01,-1.667641350998440020e-01,4.588932943906738893e-01
9.762878307069771111e-01,-1.547459115746993019e-01,5.252745314644341468e-01
9.598199348789649976e-01,-1.473554145120944681e-01,5.724407119099343966e-01
9.428657875824574264e-01,-1.300393193996476626e-01,6.185110765785061249e-01
9.259729624499816181e-01,-1.297011654791520863e-01,6.540397050328965456e-01
9.152964790244300097e-01,-1.199438274307790542e-01,7.130908692067594590e-01
9.021034258748348300e-01,-1.117748940449340422e-01,7.388418166122300290e-01
8.793146844994973454e-01,-1.204369076145143519e-01,8.111042965590297138e-01
8.793146844994973454e-01,-1.204369076145143519e-01,8.111042965590297138e-01
8.644372888682477774e-01,-1.077792059540388370e-01,8.532564806829282533e-01
8.574834709867006355e-01,-1.130428388059818573e-01,8.692806041424060437e-01
8.473311136177342773e-01,-1.130868878131953831e-01,8.856986989802343446e-01
8.473311136177342773e-01,-1.130868878131953831e-01,8.856986989802343446e-01
8.477674396817991287e-01,-1.158318216693341174e-01,9.200275303183220732e-01
8.438034116738606372e-01,-1.274637442489523487e-01,9.407678007824360478e-01
8.434843161785064991e-01,-1.307897297129873848e-01,9.443225418594380915e-01
8.458609933744007936e-01,-1.325212728297158749e-01,9.655992492313033582e-01
8.416819236628898526e-01,-1.303516280303166075e-01,9.884051705780567687e-01
8.416819236628898526e-01,-1.303516280303166075e-01,9.884051705780567687e-01
8.415333069178667635e-01,-1.244399087211851274e-01,9.878433119550618091e-01
8.426998382888439831e-01,-1.226443654207317324e-01,9.993871685868870314e-01
8.489947325957740709e-01,-1.085790817893775018e-01,1.003901678737661118e+00
8.472227763400704825e-01,-1.041748482881904303e-01,1.013388715600089363e+00
8.472513056269708187e-01,-9.409300015867733125e-02,1.039075274546878092e+00
8.511914559690287874e-01,-8.322265651809980513e-02,1.039476783857913089e+00
8.520802463815582151e-01,-7.636938804513121459e-02,1.030490357756373321e+00
8.509131789898265463e-01,-6.893005798166758347e-02,1.030269741114164583e+00
8.482945697447992206e-01,-5.239212673548714755e-02,1.034517841688137096e+00
8.443444042748240452e-01,-4.971505447242471898e-02,1.035030805713080149e+00
8.470961187703361928e-01,-4.649211106580928426e-02,1.023038526156228256e+00
8.410915980314540574e-01,-2.875356036883378735e-02,9.935983172605975522e-01
8.380044112175424331e-01,-2.547450618464867228e-02,9.757930946603647904e-01
8.319427174539808512e-01,-1.842614719885596331e-02,9.629584621503692876e-01
8.285019086166744984e-01,-1.126951213247630312e-02,9.255340425729775555e-01
8.245675202092417333e-01,-3.132258279838359694e-03,9.036313919435781106e-01
8.243183064321841780e-01,-3.276110037120083529e-04,8.744951279459897142e-01
8.137917177517509648e-01,6.507518593007393520e-03,8.576039757101495686e-01
8.132835435155548742e-01,1.600556607467977857e-02,8.238483990378920874e-01
8.073281154514605484e-01,2.225948105400956181e-02,7.934382283409202596e-01
8.017622848214348563e-01,3.502729251315978010e-02,7.525889082466330482e-01
8.029486468607274219e-01,3.982048521822402487e-02,7.551107503374094865e-01
7.987691963172958154e-01,4.380546940189929128e-02,7.246040068852679372e-01
8.044704111023102122e-01,4.862456817899715733e-02,6.767154280321590054e-01
8.076793604381241609e-01,5.175979252233237071e-02,6.438346036395202754e-01
8.118655910873185944e-01,5.437830021952735904e-02,6.136156818422885406e-01
8.235447313472245012e-01,6.132009058046117983e-02,5.617027849670080952e-01
8.364195239103933144e-01,4.676045937381650280e-02,5.186974237970123358e-01
8.384693779778276124e-01,3.931092654100379336e-02,4.774580764552853740e-01
8.581870875339604465e-01,3.451122001136093520e-02,3.671751090343106649e-01
8.581870875339604465e-01,3.451122001136093520e-02,3.671751090343106649e-01
8.746823210216078115e-01,3.160710963730224698e-02,2.556332506617994826e-01
8.880402697902757270e-01,3.169007803531452561e-02,2.118944145057918838e-01
8.880402697902757270e-01,3.169007803531452561e-02,2.118944145057918838e-01
8.999313097273570206e-01,3.105212349578974698e-02,1.739041023786356277e-01
9.166662334396654677e-01,3.009529922883769776e-02,1.241458135077596059e-01
9.362565631414904166e-01,1.233931602204652207e-02,3.689184133203861349e-02
9.431488883593754924e-01,-4.188406103562481927e-03,-1.260538709118569703e-02
9.431488883593754924e-01,-4.188406103562481927e-03,-1.260538709118569703e-02
9.555739948112442761e-01,-2.950147611921714874e-04,-3.983631889148127325e-02
9.603048168643483207e-01,-9.621618247781901084e-03,-8.469915687634500812e-02
9.711036526112938327e-01,-6.007661622939249740e-03,-1.392603481112405506e-01
9.670429249768018876e-01,-2.285666192012503206e-02,-1.820145271693885403e-01
9.744552594119361144e-01,-2.153158029692471900e-02,-2.169057834396094786e-01
9.780594181942273702e-01,-2.131307113513952745e-02,-2.741567690836509974e-01
9.850708519698223586e-01,-1.834018261268869146e-02,-3.191118097518918506e-01
9.799242477403855567e-01,-7.526380628179764332e-03,-3.699669762465573331e-01
9.958732103570955285e-01,-2.391138929563663140e-03,-4.376208137422174516e-01
9.959076796030764678e-01,3.324580085371998256e-03,-4.786894673761761809e-01
1.012802732056845345e+00,6.013108983152604115e-03,-5.339122118602147582e-01
1.010699864344388077e+00,8.163095117250350474e-03,-5.887146169043691035e-01
1.006634880266992216e+00,7.776926516293355268e-03,-6.326519762282540871e-01
1.008946962734176722e+00,3.933337531515760516e-03,-6.833174487723766566e-01
9.946293430756097953e-01,-2.004912719052530379e-03,-7.580741594789572879e-01
9.946293430756097953e-01,-2.004912719052530379e-03,-7.580741594789572879e-01
1.004111197565843216e+00,-9.457675828169252383e-03,-7.924596833908883475e-01
9.953467696500915007e-01,-1.583984521801774445e-02,-8.347063670798159363e-01
1.007322766130543057e+00,-1.789158697444104967e-02,-8.817381192621026598e-01
9.928294750090594922e-01,-2.799925207307991937e-03,-9.213960390993644056e-01
9.919707174130735217e-01,1.685827810149101436e-03,-9.527024942801975982e-01
1.022175215433350548e+00,-1.945636806748844011e-02,-9.956820541627426913e-01
1.022175215433350548e+00,-1.945636806748844011e-02,-9.956820541627426913e-01
1.037807316054686124e+00,-2.410777194166119353e-02,-1.008130576273992718e+00
1.037807316054686124e+00,-2.410777194166119353e-02,-1.008130576273992718e+00
1.031118767569781713e+00,-4.398089831095623736e-02,-1.020990783513749500e+00
1.028088513186560693e+00,-6.274910725335168526e-02,-1.030352407040465934e+00
1.028088513186560693e+00,-6.274910725335168526e-02,-1.030352407040465934e+00
1.023490652881609675e+00,-5.839385229006514161e-02,-1.026067851174391254e+00
1.017179212617528528e+00,-7.374136293784945562e-02,-1.027069519069531811e+00
1.017204922835982517e+00,-8.549223842958679487e-02,-1.051912329048083627e+00
1.015075895026460895e+00,-1.090107824274763465e-01,-1.059256406602403278e+00
1.015075895026460895e+00,-1.090107824274763465e-01,-1.059256406602403278e+00
1.027330652638520414e+00,-1.108829061378500680e-01,-1.069142523597953920e+00
1.025605540526673964e+00,-1.132906067563394792e-01,-1.087354187542422856e+00
1.010604425716708388e+00,-1.189885283614404571e-01,-1.090914240029623672e+00
1.014255482167373046e+00,-1.366711836140482306e-01,-1.089199998422538451e+00
1.024475698915696231e+00,-1.498025392693232705e-01,-1.058441093566471647e+00
1.025353361501030625e+00,-1.673495667608528026e-01,-1.046034707214437587e+00
1.025353361501030625e+00,-1.673495667608528026e-01,-1.046034707214437587e+00
1.021880562450803387e+00,-1.622728414094928850e-01,-9.917375098014812318e-01
1.021880562450803387e+00,-1.622728414094928850e-01,-9.917375098014812318e-01
1.039760509148178969e+00,-1.748071198008952221e-01,-9.422067139343847098e-01
1.037188393907493511e+00,-1.731396920906271841e-01,-9.145428234609168650e-01
1.028663321868517722e+00,-1.638141513109657721e-01,-8.757132660131859980e-01
1.037659531862478168e+00,-1.665202573592870494e-01,-8.126435979621035033e-01
1.034813955205167613e+00,-1.714573410379413021e-01,-7.757363565121526694e-01
1.038571303090649378e+00,-1.610138160529552831e-01,-7.078812261162966690e-01
1.038571303090649378e+00,-1.610138160529552831e-01,-7.078812261162966690e-01
1.042028182886528764e+00,-1.560981662575098017e-01,-6.853772513787685927e-01
1.036592221689055515e+00,-1.505194205523530115e-01,-6.258222807999053172e-01
1.057272620809121877e+00,-1.615081974837154766e-01,-5.649582511967826681e-01
1.057272620809121877e+00,-1.615081974837154766e-01,-5.649582511967826681e-01
1.054807779077935992e+00,-1.642756687082129463e-01,-4.914858999897673830e-01
1.053758783603901072e+00,-1.763345614038507037e-01,-4.532266551747130556e-01
1.050532378490885987e+00,-1.750323190122746175e-01,-4.110557103841832594e-01
1.047611015148622871e+00,-1.827767727731053060e-01,-3.916766342632924114e-01
1.037747238601214539e+00,-1.928047847881187993e-01,-3.702721673891707921e-01
1.026411174960489614e+00,-2.052291815906223671e-01,-3.291769269827679589e-01
1.014520024109363927e+00,-2.073981715357674505e-01,-2.748333042319056618e-01
1.025371601136616517e+00,-2.267288974815023506e-01,-2.283982107654813354e-01
1.025857412839681793e+00,-2.275921507112124986e-01,-2.262814949410929810e-01
1.003350790378112922e+00,-2.290108528265477894e-01,-1.129021433782598921e-01
9.923075029715960893e-01,-2.403289448746659118e-01,-7.173642039672499526e-02
9.930803642884539206e-01,-2.370830802814920535e-01,-5.576937498739335808e-02
9.857891935009072126e-01,-2.476990444685557291e-01,-1.292426025754028068e-02
9.829607919033194197e-01,-2.422199841997363101e-01,1.115305718625620723e-01
9.837206911599607473e-01,-2.406196709023484814e-01,1.852644587168101042e-01
9.767843161877874936e-01,-2.478850996184154276e-01,2.246953889669711657e-01
9.767843161877874936e-01,-2.478850996184154276e-01,2.246953889669711657e-01
9.806289495269921996e-01,-2.400730088206992907e-01,2.547232945225736400e-01
9.798999080210307744e-01,-2.387379967481081666e-01,3.056786545372351394e-01
9.707451119987622334e-01,-2.420852143565866976e-01,3.097299094466088865e-01
9.633885428604143097e-01,-2.350146305804997338e-01,3.624574210630637783e-01
9.530793630805293182e-01,-2.246722245060899237e-01,4.163915724221141645e-01
9.601678361465765255e-01,-2.331527325275077334e-01,4.336737969145604277e-01
9.400739022421875646e-01,-2.161635642644795519e-01,5.180542106862773277e-01
9.384588079663890303e-01,-2.049900641896287012e-01,5.680817120072313431e-01
9.384588079663890303e-01,-2.049900641896287012e-01,5.680817120072313431e-01
9.444697597438089787e-01,-2.049707937752233422e-01,5.824797119155794567e-01
9.288763787001995675e-01,-1.858477577171379347e-01,6.639626069759764215e-01
9.222594280794709221e-01,-1.849093577777928821e-01,6.995123111351218004e-01
9.143095979616552293e-01,-1.765773039035278824e-01,7.306688659764141169e-01
9.094829571857194761e-01,-1.637462814355706286e-01,7.842364982940526197e-01
9.057039162900792917e-01,-1.633467600285057886e-01,7.945419473645964903e-01
8.967216953870075224e-01,-1.583924621224924445e-01,8.390615129998487687e-01
8.923021765678771366e-01,-1.565328259861756555e-01,8.523009907439376143e-01
8.831632289548708714e-01,-1.518778146043695820e-01,9.021297000839448854e-01
8.751413539983402545e-01,-1.484807649837283083e-01,9.203527345575314156e-01
8.698465452584677182e-01,-1.450178986121768154e-01,9.355707313180477991e-01
8.630869681375463731e-01,-1.412702734124907933e-01,9.530509243438480826e-01
8.587463968916034807e-01,-1.385077951184476852e-01,9.786991017199391241e-01
8.560898586341287864e-01,-1.262796809234829065e-01,1.021714947331338941e+00
8.560898586341287864e-01,-1.262796809234829065e-01,1.021714947331338941e+00
8.537133399122670552e-01,-1.215842513861806889e-01,1.026600445028566622e+00
8.540692800051743472e-01,-1.043099889847064615e-01,1.057862597226477464e+00
8.540692800051743472e-01,-1.043099889847064615e-01,1.057862597226477464e+00
8.492734522934249908e-01,-9.461312543200400826e-02,1.064905506219966602e+00
8.492734522934249908e-01,-9.461312543200400826e-02,1.064905506219966602e+00
8.439609921804505088e-01,-9.555760719961524374e-02,1.059960284456359814e+00
8.362643068516029121e-01,-7.776434978821125665e-02,1.059977320556739988e+00
8.362643068516029121e-01,-7.776434978821125665e-02,1.059977320556739988e+00
8.369088944824742970e-01,-8.244056724277322445e-02,1.058259749412822082e+00
8.357719709929952723e-01,-6.992516245741095537e-02,1.059884891800717099e+00
8.351163777363588281e-01,-6.658550511100587432e-02,1.056836949102169410e+00
8.307592930107245977e-01,-5.768223928785283505e-02,1.032702687535984154e+00
8.283107420668177623e-01,-5.106798041374219221e-02,1.011416924897380554e+00
8.279509486580625133e-01,-4.798095158843571073e-02,9.950038889005019538e-01
8.270160712345477894e-01,-3.795873302993534038e-02,9.395775351416529864e-01
8.281847428660754629e-01,-3.244338607183000489e-02,9.157311060019339699e-01
8.284950566178159725e-01,-2.812783552404787141e-02,8.962409107744431225e-01
8.383801743281211749e-01,-1.797935944047589218e-02,8.520325762133923453e-01
8.397229990536492217e-01,-1.157610705471458917e-02,8.132288343201419245e-01
8.403087613070533424e-01,2.253938242969953654e-03,7.727363097434052364e-01
8.465017527678900811e-01,4.712856360387363691e-03,7.493713150857215233e-01
8.494456203740768929e-01,1.094856605275439099e-02,7.207756219778653772e-01
8.552329905422502154e-01,1.928906872377091075e-02,6.425442942227630461e-01
8.552329905422502154e-01,1.928906872377091075e-02,6.425442942227630461e-01
8.643932125257713928e-01,2.162334431446613289e-02,6.154202318702172159e-01
8.650765538535083454e-01,3.138428542098036650e-02,5.879684572686233457e-01
8.758270943940922315e-01,3.180522061620104368e-02,4.827154019220293302e-01
8.825950135741827962e-01,4.148427585217569213e-02,4.399237769603756565e-01
8.854555686038760864e-01,3.907732264328875327e-02,4.051449736118742373e-01
8.854555686038760864e-01,3.907732264328875327e-02,4.051449736118742373e-01
8.934498050141460590e-01,4.132689817990917169e-02,3.669388763259959219e-01
8.991288384437555736e-01,5.050181463419643746e-02,3.227241802729980957e-01
9.014052452821439410e-01,4.652937799636158028e-02,2.721564470952620440e-01
9.114759425379932445e-01,5.019221148761357498e-02,2.369722077941767424e-01
9.217782093867864512e-01,5.991582676257373175e-02,1.889990776536458195e-01
9.315997356055117917e-01,5.627418875612340277e-02,1.453983040406599259e-01
9.365053789785886540e-01,5.356576325795753268e-02,1.122481533097592493e-01
9.443968091765700956e-01,6.463649478261027093e-02,6.658901256822083448e-02
9.535689015403315816e-01,5.646531673870061607e-02,2.832303946559994179e-02
9.655653152463868905e-01,5.758188850059208636e-02,-2.023141959447682936e-02
9.716251293559962088e-01,5.468907874463901919e-02,-4.617767455133294646e-02
9.793189327920184262e-01,4.850410013584290081e-02,-1.936082799483020978e-01
9.793189327920184262e-01,4.850410013584290081e-02,-1.936082799483020978e-01
9.800545697839588843e-01,4.907492461996805500e-02,-2.309205179212270309e-01
9.895650583352517682e-01,4.111302357983193101e-02,-3.384579482600009737e-01
9.870677404772658647e-01,3.109693886874456345e-02,-4.054775590209525604e-01
9.620067443904813942e-01,3.020839764927262319e-02,-4.736977822272592231e-01
9.258055333593382397e-01,4.531925508708449513e-03,-4.672608542264121145e-01
9.035000800721920688e-01,-1.151708540360719957e-02,-5.096482347139594804e-01
8.768457312713301421e-01,1.236176584787312960e-02,-4.648128729629523725e-01
8.258792934427188204e-01,1.048344156667237181e-01,-4.814553351722249963e-01
8.142803075196566320e-01,1.727852949850371689e-01,-5.140774252331585803e-01
7.737287264434264955e-01,3.031324276617301527e-01,-5.706233625182517422e-01
7.931985828429292118e-01,4.261586883008868787e-01,-6.167663422763195458e-01
8.079458992682065910e-01,5.203178078606038870e-01,-6.780744272230897485e-01
8.535903602856125261e-01,6.497329947480212642e-01,-7.496385249846818644e-01
8.943175082892749206e-01,7.356472799926696560e-01,-8.064835688039482253e-01
9.440005581278214652e-01,8.094014449039994563e-01,-8.200593707157893819e-01
1.040707585611536867e+00,8.882420032738462812e-01,-8.612295405880641130e-01
1.130459941483275665e+00,9.637234699891902290e-01,-8.816172760133961228e-01
1.216247207614986170e+00,1.000453432648036989e+00,-8.944856096977960025e-01
1.255707029348443360e+00,9.784440383189958457e-01,-8.518607278517780212e-01
1.341044818857880072e+00,1.009247465483181339e+00,-8.559580160038450236e-01
1.403322505693183508e+00,9.439811552602338507e-01,-7.660087689042901493e-01
1.400480582428764276e+00,8.344327468686317806e-01,-6.671751591274603932e-01
1.380653269095209357e+00,7.303139179783848522e-01,-5.437388335405102247e-01
1.342210861781698572e+00,6.404879463837926945e-01,-4.703478840217961143e-01
1.286366060069566331e+00,4.973246854016145080e-01,-3.099089412605597893e-01
1.235409416648267200e+00,3.974479083294846227e-01,-1.792983167133269384e-01
1.179463471086175108e+00,3.057104801329258992e-01,-8.692768878737722194e-02
1.025606699152285639e+00,1.163034212747035417e-01,9.609751448076526981e-03
9.725949219273535284e-01,8.166389534201531908e-02,1.036516128797607822e-02
8.657785299737981166e-01,-3.850823158594710027e-03,-1.250097589754620153e-02
7.794902178595390918e-01,-4.659033575663659027e-02,-8.238891071863689575e-02
7.794902178595390918e-01,-4.659033575663659027e-02,-8.238891071863689575e-02
7.096181166903119397e-01,-9.019039544828830191e-02,-1.003343702717438973e-01
6.350420022535911979e-01,-9.354288821684203503e-02,-1.688701184030198810e-01
5.886486693612416055e-01,-9.012886802429689870e-02,-2.075422536945666641e-01
5.547646919710167435e-01,-6.931325268471688617e-02,-2.477681690238595913e-01
5.171223192407243818e-01,-4.370096990423792682e-02,-2.708437585622667787e-01
5.168677161930596009e-01,-3.482873846916964555e-03,-2.764425926119807309e-01
5.226720674255560528e-01,4.255730524038223161e-02,-2.717629874033657966e-01
5.215130034642527779e-01,1.103097820583163607e-01,-2.624059638772283654e-01
5.352012383349886715e-01,1.665759045192742316e-01,-2.372812205486192205e-01
5.446356650977693947e-01,2.075823500372180885e-01,-2.333738838682555272e-01
5.710411563295449966e-01,2.975525985726332756e-01,-1.908983774052879501e-01
5.906705378104246673e-01,3.512124921322965498e-01,-1.665496758277321687e-01
6.096146413777719930e-01,3.918049746182959425e-01,-1.489716042484503511e-01
6.340369505611972434e-01,4.363572312838139844e-01,-1.327162017041961239e-01
6.401983676632280185e-01,4.575740627443692365e-01,-1.255994978890133118e-01
6.564610556004655262e-01,4.724452798965431133e-01,-1.368197876659950352e-01
6.682477838341980281e-01,4.929090587627972808e-01,-1.502557988790683974e-01
6.670250403108650694e-01,4.891660695672013781e-01,-1.617630149387858374e-01
6.606382801445842556e-01,4.775138290075661707e-01,-1.500868326098273864e-01
6.623384813997288401e-01,4.676860446642911451e-01,-1.306797361565363302e-01
6.463017776475533660e-01,4.454992916822724247e-01,-1.154807204287636585e-01
6.318903820163919161e-01,4.165875593544499100e-01,-9.838009150547775972e-02
6.109593779777937606e-01,3.764520572558699985e-01,-6.697901343371287508e-02
5.807336177963294821e-01,3.418842029695141616e-01,-5.807947856541064574e-02
5.563853075832547734e-01,3.069406690098479551e-01,-2.888749153847284395e-02
5.171693218660694535e-01,2.625964048394945904e-01,-1.304729259377050699e-02
4.931605243446933740e-01,2.305484388139391327e-01,-1.088503846492117066e-02
4.703784284478081390e-01,1.943564110260670719e-01,-1.390477686266431215e-02
4.284986525049648831e-01,1.523646115656213662e-01,-4.225911606122364356e-02
3.993422549233742180e-01,1.325625996063449497e-01,-7.886394492849445326e-02
3.742952929790517302e-01,1.056708411549894255e-01,-8.021529889253106727e-02
3.416528058206481089e-01,8.641607190504008162e-02,-9.595912878623059916e-02
3.185261959918367913e-01,6.922261794035612648e-02,-9.945006571040998500e-02
2.971270576878977110e-01,6.399806219853208800e-02,-1.180651222622765006e-01
2.749207115714341065e-01,6.051330659551294039e-02,-1.170129996673764106e-01
2.574825284882337195e-01,6.099786511657476901e-02,-1.258459244189597259e-01
2.390865023373403009e-01,6.812543272809279404e-02,-1.264398304024788866e-01
2.214124539142731107e-01,7.805582272918967779e-02,-1.134197415033507406e-01
2.156933932707623403e-01,9.631285682433807227e-02,-9.450887224660008135e-02
2.016780899512425340e-01,1.312311167540859413e-01,-7.601567660309402341e-02
2.007610623397050598e-01,1.555839528487940049e-01,-5.946978719204553537e-02
2.021382590497045606e-01,1.827756785418616914e-01,-4.650965503904321008e-02
2.018391561311186633e-01,2.007663744633106651e-01,-4.541234932380405764e-02
2.054478962351477256e-01,2.178824806459337404e-01,-5.135937009098081457e-02
2.054478962351477256e-01,2.178824806459337404e-01,-5.135937009098081457e-02
2.121224583399893282e-01,2.442303057433750091e-01,-4.731559405370192734e-02
2.164132069836219308e-01,2.521795552142571117e-01,-5.554276949132502111e-02
2.202139556962054434e-01,2.645298814100774942e-01,-4.648148711873480859e-02
2.213757181970430477e-01,2.689064118901871026e-01,-4.964114624703326595e-02
2.263228520270806898e-01,2.649744500167285355e-01,-4.484486479493489386e-02
2.187032801154840667e-01,2.611381244301762550e-01,-3.939725061676117857e-02
2.114233358097694637e-01,2.483262517295480032e-01,-3.829614551499475883e-02
2.052038338598206058e-01,2.248700690016696979e-01,-3.579291755539586173e-02
1.884820273816698866e-01,2.105033495853513292e-01,-3.118798953287397341e-02
1.784590703499819575e-01,1.948764740872459544e-01,-1.648335043356326246e-02
1.678636600447672156e-01,1.765870680661200398e-01,-7.060226963270653522e-03
1.583854570964540742e-01,1.664248697721914805e-01,-1.679148049543752880e-03
1.450749867355344003e-01,1.501278690309003905e-01,-1.230867610325842021e-03
1.334179561753460752e-01,1.304406678775578698e-01,2.136879164392656988e-03
1.223429078383930640e-01,1.178818422339011490e-01,4.295161950456004296e-03
1.054339622902186052e-01,1.022206020815379646e-01,1.706895012283275032e-03
9.698838720389160728e-02,9.217574185561103195e-02,-1.398874821524877590e-02
8.281517149216709173e-02,8.249303713322464482e-02,-2.930247093163922470e-02
6.709212324681010364e-02,7.829483813144330617e-02,-4.266737180802048640e-02
5.397506157163397406e-02,6.879077871752044271e-02,-5.484849240723938674e-02
4.545564895437964603e-02,6.982580998847394416e-02,-6.389420844601230443e-02
3.320672230464344343e-02,6.660043737015644560e-02,-6.339485604063317681e-02
2.033858717015851400e-02,7.216515324070156556e-02,-6.792440900089390110e-02
7.058904264439630309e-03,6.943110628830853615e-02,-6.339133465469558304e-02
-3.263014204581532983e-03,7.516664987937059228e-02,-7.640121892583343066e-02
-1.152100049819000660e-02,8.042047102032409689e-02,-6.617684161688096312e-02
-1.637566719488037573e-02,8.630304063557669991e-02,-6.326846272085213940e-02
-2.481272712977014919e-02,1.014672289576240283e-01,-3.258494974457255833e-02
-2.940946960798255377e-02,1.136717069683785275e-01,-1.361744710506860093e-02
-3.532295303963080280e-02,1.243765437476540420e-01,-4.591049966859543641e-03
-2.382863700295378973e-02,1.278220083294343556e-01,2.703220526003479590e-03
-2.732164015661161377e-02,1.412731595301830456e-01,-3.740109279718774327e-04
-2.655115461504745436e-02,1.450356028276271747e-01,4.812756466258786420e-03
-2.306083639330223228e-02,1.469340412685418151e-01,6.545785239584087090e-03
-2.153675644254754440e-02,1.496351420807677801e-01,4.548367415031140740e-03
-1.817161670326508313e-02,1.597540854316886472e-01,5.108333417900394469e-04
-1.161828412249397979e-02,1.591704364599464960e-01,5.023983158984567793e-03
-1.073573685328460536e-02,1.515202833253923853e-01,6.960394131621368274e-03
-1.009670477288453563e-02,1.482730453666235848e-01,1.521124089690001346e-02
-5.201690722762867050e-03,1.351588650666969704e-01,1.214514723815455013e-02
-4.652395064826378782e-03,1.242115355252393916e-01,1.609029787339515127e-02
-9.248794968683565071e-03,1.161417067094440980e-01,1.464174419527838888e-02
-4.034427316355395157e-03,1.014879801310608898e-01,1.434184688796583812e-02
-6.221294178494688257e-03,8.273405773798656049e-02,1.638463838612324447e-02
-6.221294178494688257e-03,8.273405773798656049e-02,1.638463838612324447e-02
-1.152582199541388533e-02,7.300342356041883418e-02,1.610203903498401423e-02
-2.025349682232788218e-02,6.743716877014338529e-02,1.901849778245780220e-02
-2.116742548105075838e-02,5.442899301536129053e-02,4.685385633167979229e-03
-2.779977793367265082e-02,4.828129973899424748e-02,-8.150758692954932286e-03
-4.058021871563859129e-02,4.501081925966936986e-02,-7.093989396646790263e-03
-5.219862734533494558e-02,3.985570291562676865e-02,-6.292540462215251429e-03
-5.808661516654708284e-02,3.645462667514051680e-02,-2.163284674483419504e-02
-6.772761960133119596e-02,2.946531805775337576e-02,-3.041140227000947716e-02
-7.759385912824218190e-02,2.780935635593491731e-02,-2.497246130146184295e-02
-8.757679606446039378e-02,3.069532933274784700e-02,-2.167888534670368850e-02
-1.020720038529105422e-01,3.231511773310604546e-02,-3.043783496334894617e-02
-1.020720038529105422e-01,3.231511773310604546e-02,-3.043783496334894617e-02
-1.078817029230939029e-01,3.365901993024103533e-02,-3.179634043329920834e-02
-1.152518040476480099e-01,3.948347795868981103e-02,-4.274573862164287447e-02
-1.222073854015263833e-01,4.528456472555249246e-02,-6.114504059586299556e-02
-1.308436102525531164e-01,5.304209780486870973e-02,-8.816251971496109896e-02
-1.308665147435977283e-01,6.468206548945742984e-02,-1.014959717731656608e-01
-1.396230678043379470e-01,6.881356908475098899e-02,-1.142678797820375625e-01
-1.449333319079179061e-01,8.502774945455737754e-02,-1.191045596597729295e-01
-1.439712411864683128e-01,8.935357066831527140e-02,-1.224581708423935905e-01
-1.404797414714090975e-01,9.431787807398772649e-02,-1.256955341623257061e-01
-1.403195431480587230e-01,9.453797386633605582e-02,-1.258434748246543278e-01
-1.403143133247833629e-01,9.455247117394903478e-02,-1.258506215709475073e-01
-1.403143948035461552e-01,9.454855204487799814e-02,-1.258513927846646452e-01
-1.403173052253917086e-01,9.454972622817600647e-02,-1.258498372008758082e-01
-1.403220904360878152e-01,9.454917173148029430e-02,-1.258533533257093773e-01
-1.403125188882038410e-01,9.455157211696527120e-02,-1.258533095602441809e-01
-1.403194702538993199e-01,9.454555370948031223e-02,-1.258519648828836102e-01
-1.403169142367048094e-01,9.454961174873445506e-02,-1.258547626677452846e-01
-1.403169843180483989e-01,9.455066574224206544e-02,-1.258510902769788831e-01
-1.403198239104008205e-01,9.455046016547841159e-02,-1.258504506702808057e-01
-1.403153819830666726e-01,9.454707824660121829e-02,-1.258484561315615646e-01
-1.403141875362472479e-01,9.454808766235657524e-02,-1.258475944808210567e-01
-1.403233766875477129e-01,9.455056564187928891e-02,-1.258694316772468458e-01
-1.403211516300422179e-01,9.455022278483142528e-02,-1.258626193750783107e-01
-1.403132961374545518e-01,9.454970374548612999e-02,-1.258593968393340312e-01
-1.403064603035186486e-01,9.455016581793161679e-02,-1.258585003434988525e-01
-1.403167682257798476e-01,9.455180222079001551e-02,-1.258587385888332300e-01
-1.403128809701347235e-01,9.454322877823391480e-02,-1.258590957419155887e-01
-1.403190244110936735e-01,9.454818407504556044e-02,-1.258593915810638786e-01
-1.403166999102195556e-01,9.455115255205456815e-02,-1.258598748456082050e-01
-1.403199498226416486e-01,9.454877710691247938e-02,-1.258604161769061314e-01
-1.403180014344361515e-01,9.454679795598718017e-02,-1.258609151960873584e-01
-1.403191899681575372e-01,9.454773315390367638e-02,-1.258613879092578269e-01
-1.403147311058919600e-01,9.454768725573629851e-02,-1.258617038267313415e-01
-1.403139369313837204e-01,9.454392158912977573e-02,-1.258624231821832695e-01
-1.403249540302400067e-01,9.455182079647271587e-02,-1.258629514811883676e-01
-1.403161262706771328e-01,9.454841641701157429e-02,-1.258631912359483573e-01
-1.403124645592455366e-01,9.455570049831853174e-02,-1.258638573119276183e-01
-1.403224742860382790e-01,9.455175202927224021e-02,-1.258643741020666895e-01
-1.403228113738908545e-01,9.454828220960297125e-02,-1.258650450451944680e-01
-1.403179412109895330e-01,9.454443142188227733e-02,-1.258619161345426729e-01
-1.403179412109895330e-01,9.454443142188227733e-02,-1.258619161345426729e-01
-1.403147121644288675e-01,9.454882112510273884e-02,-1.258688882070262416e-01
-1.403124772735177272e-01,9.454899277591674589e-02,-1.258680166898363817e-01
-1.403113330182534924e-01,9.454619793588023291e-02,-1.258679996583024208e-01
-1.403107655705848611e-01,9.454680290753315897e-02,-1.258682442722550976e-01
-1.403200045783452032e-01,9.455191171402152484e-02,-1.258686817485538678e-01
-1.403132802587956640e-01,9.454555742964447507e-02,-1.258693197689564613e-01
-1.403191688865571551e-01,9.455075807543883437e-02,-1.258699213439188058e-01
-1.403111854016522719e-01,9.455128692298205018e-02,-1.258704785529893011e-01
-1.403157545200148792e-01,9.454512818687815789e-02,-1.258711808271035237e-01
-1.403198456596046195e-01,9.454333840314615989e-02,-1.258718471431989616e-01
-1.403124231596339089e-01,9.454431412564492931e-02,-1.258724207981989640e-01
-1.403137130574015623e-01,9.455415045349581382e-02,-1.258731333034159294e-01
-1.403198111077107457e-01,9.454516543926716476e-02,-1.258736794810351722e-01
-1.403146517527223136e-01,9.455073504181846222e-02,-1.258742963119498792e-01
-1.403117751526849477e-01,9.454027652418062200e-02,-1.258750892198462479e-01
-1.403107263405625471e-01,9.454915313687005385e-02,-1.258755996847829295e-01
-1.403153940742100925e-01,9.454918470211483295e-02,-1.258759710241627305e-01
-1.403231387588426970e-01,9.455073160661388310e-02,-1.258766209213575682e-01
